transaction_id,amount,log_amount,fee_ratio,hour_of_day,is_night,is_weekend,tx_type_code,tx_count_1h,tx_count_24h,sum_amount_1h,sum_amount_24h,amount_to_hist_avg,cashout_velocity_ratio,p2p_inflow_count_1h,time_since_last_tx,balance_depletion_ratio,structuring_proximity,in_degree,out_degree,degree_ratio,pagerank,ego_clustering_coef,in_cycle_3,shortest_path_to_flagged,pattern_id,pattern_code,is_fraud,is_anomaly,scenario_id
e1000000-0000-0000-0000-000000000001,1481.0,7.3011,0.0,8,0,0,3,1,3,1481.0,3110.1,1.0,0.02,0,86400.0,0.938,0.9408,14,14,1.0,0.008,0.045,0,99,1,NORMAL_TRANSACTION,0,0,NORMAL_BASELINE
e1000000-0000-0000-0000-000000000002,2763.03,7.9244,0.0,8,0,0,3,1,3,2763.03,5802.36,1.0,0.02,0,86400.0,0.119,0.8895,7,22,0.348,0.008,0.045,0,99,1,NORMAL_TRANSACTION,0,0,NORMAL_BASELINE
e1000000-0000-0000-0000-000000000003,3013.74,8.0113,0.0,8,0,0,3,1,3,3013.74,6328.85,1.0,0.02,0,86400.0,0.088,0.8795,6,15,0.438,0.008,0.045,0,99,1,NORMAL_TRANSACTION,0,0,NORMAL_BASELINE
e1000000-0000-0000-0000-000000000004,640.73,6.4642,0.0078,8,0,0,0,1,3,640.73,1345.53,1.0,0.02,0,86400.0,0.027,0.9744,17,17,1.0,0.008,0.045,0,99,1,NORMAL_TRANSACTION,0,0,NORMAL_BASELINE
e1000000-0000-0000-0000-000000000005,3076.6,8.0319,0.0016,8,0,0,0,1,3,3076.6,6460.86,1.0,0.02,0,86400.0,0.172,0.8769,14,21,0.682,0.008,0.045,0,99,1,NORMAL_TRANSACTION,0,0,NORMAL_BASELINE
e1000000-0000-0000-0000-000000000006,4213.02,8.3462,0.0012,9,0,0,0,1,3,4213.02,8847.34,1.0,0.02,0,86400.0,0.245,0.8315,15,22,0.696,0.008,0.045,0,99,1,NORMAL_TRANSACTION,0,0,NORMAL_BASELINE
e1000000-0000-0000-0000-000000000007,3966.17,8.2858,0.0013,9,0,0,0,1,3,3966.17,8328.96,1.0,0.02,0,86400.0,1.0,0.8414,10,12,0.846,0.008,0.045,0,99,1,NORMAL_TRANSACTION,0,0,NORMAL_BASELINE
e1000000-0000-0000-0000-000000000008,2311.8,7.7462,0.0,9,0,0,3,1,3,2311.8,4854.78,1.0,0.02,0,86400.0,0.069,0.9075,14,14,1.0,0.008,0.045,0,99,1,NORMAL_TRANSACTION,0,0,NORMAL_BASELINE
e1000000-0000-0000-0000-000000000009,1200.44,7.0913,0.0042,9,0,0,0,1,3,1200.44,2520.92,1.0,0.02,0,86400.0,0.049,0.952,13,25,0.538,0.008,0.045,0,99,1,NORMAL_TRANSACTION,0,0,NORMAL_BASELINE
e1000000-0000-0000-0000-000000000010,3001.67,8.0073,0.0149,9,0,0,2,1,3,3001.67,6303.51,1.0,0.02,0,86400.0,0.113,0.8799,14,17,0.833,0.008,0.045,0,99,1,NORMAL_TRANSACTION,0,0,NORMAL_BASELINE
e1000000-0000-0000-0000-000000000011,3846.47,8.2552,0.0013,9,0,0,0,1,3,3846.47,8077.59,1.0,0.02,0,86400.0,0.241,0.8461,11,22,0.522,0.008,0.045,0,99,1,NORMAL_TRANSACTION,0,0,NORMAL_BASELINE
e1000000-0000-0000-0000-000000000012,3535.81,8.171,0.0,9,0,0,1,1,3,3535.81,7425.2,1.0,0.02,0,86400.0,0.006,0.8586,13,11,1.167,0.008,0.045,0,99,1,NORMAL_TRANSACTION,0,0,NORMAL_BASELINE
e1000000-0000-0000-0000-000000000013,4227.61,8.3496,0.0012,10,0,0,0,1,3,4227.61,8877.98,1.0,0.02,0,86400.0,1.0,0.8309,11,16,0.706,0.008,0.045,0,99,1,NORMAL_TRANSACTION,0,0,NORMAL_BASELINE
e1000000-0000-0000-0000-000000000014,2626.89,7.8739,0.0019,10,0,0,0,1,3,2626.89,5516.47,1.0,0.02,0,86400.0,0.38,0.8949,13,14,0.933,0.008,0.045,0,99,1,NORMAL_TRANSACTION,0,0,NORMAL_BASELINE
e1000000-0000-0000-0000-000000000015,4457.55,8.4026,0.0149,10,0,0,2,1,3,4457.55,9360.86,1.0,0.02,0,86400.0,0.874,0.8217,12,24,0.52,0.008,0.045,0,99,1,NORMAL_TRANSACTION,0,0,NORMAL_BASELINE
e1000000-0000-0000-0000-000000000016,2322.48,7.7508,0.0149,10,0,0,2,1,3,2322.48,4877.21,1.0,0.02,0,86400.0,0.089,0.9071,10,15,0.688,0.008,0.045,0,99,1,NORMAL_TRANSACTION,0,0,NORMAL_BASELINE
e1000000-0000-0000-0000-000000000017,179.49,5.1957,0.0,10,0,0,3,1,3,179.49,376.93,1.0,0.02,0,86400.0,0.03,0.9928,10,18,0.579,0.008,0.045,0,99,1,NORMAL_TRANSACTION,0,0,NORMAL_BASELINE
e1000000-0000-0000-0000-000000000018,4699.92,8.4555,0.0,11,0,0,1,1,3,4699.92,9869.83,1.0,0.02,0,86400.0,0.013,0.812,20,19,1.05,0.008,0.045,0,99,1,NORMAL_TRANSACTION,0,0,NORMAL_BASELINE
e1000000-0000-0000-0000-000000000019,9301.91,9.1381,0.0,11,0,0,1,1,3,9301.91,19534.01,1.0,0.02,0,86400.0,0.027,0.6279,7,10,0.727,0.008,0.045,0,99,1,NORMAL_TRANSACTION,0,0,NORMAL_BASELINE
e1000000-0000-0000-0000-000000000020,709.64,6.5662,0.0,11,0,0,3,1,3,709.64,1490.24,1.108,0.02,0,8695.0,0.03,0.9716,17,17,1.0,0.008,0.045,0,99,1,NORMAL_TRANSACTION,0,0,NORMAL_BASELINE
e1000000-0000-0000-0000-000000000021,795.01,6.6796,0.0063,11,0,0,0,1,3,795.01,1669.52,1.0,0.02,0,86400.0,0.026,0.9682,11,22,0.522,0.008,0.045,0,99,1,NORMAL_TRANSACTION,0,0,NORMAL_BASELINE
e1000000-0000-0000-0000-000000000022,1500.82,7.3144,0.0033,11,0,0,0,1,3,1500.82,3151.72,1.888,0.02,0,357.0,0.049,0.94,11,22,0.522,0.008,0.045,0,99,1,NORMAL_TRANSACTION,0,0,NORMAL_BASELINE
e1000000-0000-0000-0000-000000000023,2805.34,7.9396,0.0018,11,0,0,0,1,3,2805.34,5891.21,1.0,0.02,0,86400.0,0.775,0.8878,13,13,1.0,0.008,0.045,0,99,1,NORMAL_TRANSACTION,0,0,NORMAL_BASELINE
e1000000-0000-0000-0000-000000000024,3026.7,8.0156,0.0017,11,0,0,0,1,3,3026.7,6356.07,1.0,0.02,0,86400.0,0.104,0.8789,13,15,0.875,0.008,0.045,0,99,1,NORMAL_TRANSACTION,0,0,NORMAL_BASELINE
e1000000-0000-0000-0000-000000000025,7788.1,8.9605,0.0,11,0,0,1,1,3,7788.1,16355.01,1.0,0.02,0,86400.0,0.02,0.6885,17,5,3.0,0.008,0.045,0,99,1,NORMAL_TRANSACTION,0,0,NORMAL_BASELINE
e1000000-0000-0000-0000-000000000026,2217.86,7.7047,0.0149,11,0,0,2,1,3,2217.86,4657.51,1.0,0.02,0,86400.0,0.095,0.9113,12,12,1.0,0.008,0.045,0,99,1,NORMAL_TRANSACTION,0,0,NORMAL_BASELINE
e1000000-0000-0000-0000-000000000027,2383.41,7.7767,0.0149,11,0,0,2,1,3,2383.41,5005.16,1.0,0.02,0,86400.0,0.212,0.9047,16,18,0.895,0.008,0.045,0,99,1,NORMAL_TRANSACTION,0,0,NORMAL_BASELINE
e1000000-0000-0000-0000-000000000028,1743.61,7.4643,0.0029,11,0,0,0,1,3,1743.61,3661.58,1.0,0.02,0,86400.0,0.106,0.9303,15,20,0.762,0.008,0.045,0,99,1,NORMAL_TRANSACTION,0,0,NORMAL_BASELINE
e1000000-0000-0000-0000-000000000029,1594.36,7.3749,0.0,11,0,0,3,1,3,1594.36,3348.16,0.518,0.02,0,10660.0,0.089,0.9362,14,21,0.682,0.008,0.045,0,99,1,NORMAL_TRANSACTION,0,0,NORMAL_BASELINE
e1000000-0000-0000-0000-000000000030,7416.54,8.9116,0.0,11,0,0,1,1,3,7416.54,15574.73,1.0,0.02,0,86400.0,0.013,0.7033,8,12,0.692,0.008,0.045,0,99,1,NORMAL_TRANSACTION,0,0,NORMAL_BASELINE
e1000000-0000-0000-0000-000000000031,2431.33,7.7966,0.0,12,0,0,3,1,3,2431.33,5105.79,2.118,0.02,0,2985.0,0.079,0.9027,11,22,0.522,0.008,0.045,0,99,1,NORMAL_TRANSACTION,0,0,NORMAL_BASELINE
e1000000-0000-0000-0000-000000000032,200.0,5.3033,0.0,12,0,0,4,1,3,200.0,420.0,1.0,0.02,0,86400.0,0.01,0.992,9,18,0.526,0.008,0.045,0,99,1,NORMAL_TRANSACTION,0,0,NORMAL_BASELINE
e1000000-0000-0000-0000-000000000033,9758.04,9.1859,0.0,12,0,0,1,1,3,9758.04,20491.88,1.049,0.02,0,6099.0,0.028,0.6097,7,10,0.727,0.008,0.045,0,99,1,NORMAL_TRANSACTION,0,0,NORMAL_BASELINE
e1000000-0000-0000-0000-000000000034,5450.25,8.6036,0.0149,12,0,0,2,1,3,5450.25,11445.52,1.0,0.02,0,86400.0,1.0,0.782,11,16,0.706,0.008,0.045,0,99,1,NORMAL_TRANSACTION,0,0,NORMAL_BASELINE
e1000000-0000-0000-0000-000000000035,308.86,5.7361,0.0,12,0,0,3,1,3,308.86,648.61,1.0,0.02,0,86400.0,0.034,0.9876,15,20,0.762,0.008,0.045,0,99,1,NORMAL_TRANSACTION,0,0,NORMAL_BASELINE
e1000000-0000-0000-0000-000000000036,500.0,6.2166,0.0,12,0,0,4,1,3,500.0,1050.0,1.0,0.02,0,86400.0,0.019,0.98,13,19,0.7,0.008,0.045,0,99,1,NORMAL_TRANSACTION,0,0,NORMAL_BASELINE
e1000000-0000-0000-0000-000000000037,4854.42,8.4879,0.0149,13,0,0,2,1,3,4854.42,10194.28,1.152,0.02,0,14193.0,0.282,0.8058,15,22,0.696,0.008,0.045,0,99,1,NORMAL_TRANSACTION,0,0,NORMAL_BASELINE
e1000000-0000-0000-0000-000000000038,1451.56,7.2811,0.0,13,0,0,3,1,3,1451.56,3048.28,1.0,0.02,0,86400.0,0.088,0.9419,13,11,1.167,0.008,0.045,0,99,1,NORMAL_TRANSACTION,0,0,NORMAL_BASELINE
e1000000-0000-0000-0000-000000000039,6121.08,8.7197,0.0149,13,0,0,2,1,3,6121.08,12854.27,1.0,0.02,0,86400.0,0.216,0.7552,11,15,0.75,0.008,0.045,0,99,1,NORMAL_TRANSACTION,0,0,NORMAL_BASELINE
e1000000-0000-0000-0000-000000000040,2890.69,7.9696,0.0,13,0,0,1,1,3,2890.69,6070.45,1.0,0.02,0,86400.0,0.01,0.8844,16,16,1.0,0.008,0.045,0,99,1,NORMAL_TRANSACTION,0,0,NORMAL_BASELINE
e1000000-0000-0000-0000-000000000041,1226.35,7.1126,0.0041,13,0,0,0,1,3,1226.35,2575.34,1.0,0.02,0,86400.0,0.087,0.9509,17,15,1.125,0.008,0.045,0,99,1,NORMAL_TRANSACTION,0,0,NORMAL_BASELINE
e1000000-0000-0000-0000-000000000042,1553.11,7.3487,0.0032,14,0,0,0,1,3,1553.11,3261.53,1.0,0.02,0,86400.0,0.047,0.9379,11,16,0.706,0.008,0.045,0,99,1,NORMAL_TRANSACTION,0,0,NORMAL_BASELINE
e1000000-0000-0000-0000-000000000043,3424.9,8.1391,0.0149,14,0,0,2,1,3,3424.9,7192.29,1.0,0.02,0,86400.0,0.129,0.863,9,16,0.588,0.008,0.045,0,99,1,NORMAL_TRANSACTION,0,0,NORMAL_BASELINE
e1000000-0000-0000-0000-000000000044,1244.25,7.1271,0.004,14,0,0,0,1,3,1244.25,2612.93,1.0,0.02,0,86400.0,0.115,0.9502,13,18,0.737,0.008,0.045,0,99,1,NORMAL_TRANSACTION,0,0,NORMAL_BASELINE
e1000000-0000-0000-0000-000000000045,6624.4,8.7987,0.0149,14,0,0,2,1,3,6624.4,13911.24,1.215,0.02,0,7332.0,1.0,0.735,11,16,0.706,0.008,0.045,0,99,1,NORMAL_TRANSACTION,0,0,NORMAL_BASELINE
e1000000-0000-0000-0000-000000000046,575.87,6.3576,0.0,14,0,0,3,1,3,575.87,1209.33,1.0,0.02,0,86400.0,0.02,0.977,14,23,0.625,0.008,0.045,0,99,1,NORMAL_TRANSACTION,0,0,NORMAL_BASELINE
e1000000-0000-0000-0000-000000000047,1938.56,7.5702,0.0026,15,0,0,0,1,3,1938.56,4070.98,1.0,0.02,0,86400.0,0.204,0.9225,12,18,0.684,0.008,0.045,0,99,1,NORMAL_TRANSACTION,0,0,NORMAL_BASELINE
e1000000-0000-0000-0000-000000000048,7768.09,8.9579,0.0,15,0,0,1,1,3,7768.09,16312.99,1.0,0.02,0,86400.0,0.017,0.6893,14,10,1.364,0.008,0.045,0,99,1,NORMAL_TRANSACTION,0,0,NORMAL_BASELINE
e1000000-0000-0000-0000-000000000049,4038.44,8.3039,0.0012,15,0,0,0,1,3,4038.44,8480.72,3.246,0.02,0,2403.0,0.372,0.8385,13,18,0.737,0.008,0.045,0,99,1,NORMAL_TRANSACTION,0,0,NORMAL_BASELINE
e1000000-0000-0000-0000-000000000050,8143.62,9.0051,0.0,15,0,0,1,1,3,8143.62,17101.6,1.0,0.02,0,86400.0,0.019,0.6743,16,11,1.417,0.008,0.045,0,99,1,NORMAL_TRANSACTION,0,0,NORMAL_BASELINE
e1000000-0000-0000-0000-000000000051,3332.72,8.1118,0.0,15,0,0,1,1,3,3332.72,6998.71,1.0,0.02,0,86400.0,0.007,0.8667,18,18,1.0,0.008,0.045,0,99,1,NORMAL_TRANSACTION,0,0,NORMAL_BASELINE
e1000000-0000-0000-0000-000000000052,345.28,5.8472,0.0,15,0,0,3,1,3,345.28,725.09,1.0,0.02,0,86400.0,0.016,0.9862,9,17,0.556,0.008,0.045,0,99,1,NORMAL_TRANSACTION,0,0,NORMAL_BASELINE
e1000000-0000-0000-0000-000000000053,2048.08,7.6251,0.0024,16,0,0,0,1,3,2048.08,4300.97,1.0,0.02,0,86400.0,0.07,0.9181,8,16,0.529,0.008,0.045,0,99,1,NORMAL_TRANSACTION,0,0,NORMAL_BASELINE
e1000000-0000-0000-0000-000000000054,822.34,6.7134,0.0,16,0,0,3,1,3,822.34,1726.91,0.522,0.02,0,14382.0,0.027,0.9671,11,22,0.522,0.008,0.045,0,99,1,NORMAL_TRANSACTION,0,0,NORMAL_BASELINE
e1000000-0000-0000-0000-000000000055,2913.74,7.9775,0.0017,16,0,0,0,1,3,2913.74,6118.85,1.0,0.02,0,86400.0,0.086,0.8835,12,15,0.812,0.008,0.045,0,99,1,NORMAL_TRANSACTION,0,0,NORMAL_BASELINE
e1000000-0000-0000-0000-000000000056,1254.09,7.135,0.0,16,0,0,3,1,3,1254.09,2633.59,1.0,0.02,0,86400.0,0.05,0.9498,17,15,1.125,0.008,0.045,0,99,1,NORMAL_TRANSACTION,0,0,NORMAL_BASELINE
e1000000-0000-0000-0000-000000000057,2298.94,7.7406,0.0,16,0,0,3,1,3,2298.94,4827.77,1.0,0.02,0,86400.0,0.264,0.908,10,17,0.611,0.008,0.045,0,99,1,NORMAL_TRANSACTION,0,0,NORMAL_BASELINE
e1000000-0000-0000-0000-000000000058,1840.96,7.5186,0.0,16,0,0,3,1,3,1840.96,3866.02,1.0,0.02,0,86400.0,0.278,0.9264,16,18,0.895,0.008,0.045,0,99,1,NORMAL_TRANSACTION,0,0,NORMAL_BASELINE
e1000000-0000-0000-0000-000000000059,6647.01,8.8021,0.0,16,0,0,1,1,3,6647.01,13958.72,1.0,0.02,0,86400.0,0.038,0.7341,12,16,0.765,0.008,0.045,0,99,1,NORMAL_TRANSACTION,0,0,NORMAL_BASELINE
e1000000-0000-0000-0000-000000000060,1639.1,7.4025,0.0,16,0,0,3,1,3,1639.1,3442.11,1.0,0.02,0,86400.0,0.073,0.9344,16,20,0.81,0.008,0.045,0,99,1,NORMAL_TRANSACTION,0,0,NORMAL_BASELINE
e1000000-0000-0000-0000-000000000061,1281.08,7.1562,0.0039,17,0,0,0,1,3,1281.08,2690.27,1.0,0.02,0,86400.0,0.541,0.9488,15,17,0.889,0.008,0.045,0,99,1,NORMAL_TRANSACTION,0,0,NORMAL_BASELINE
e1000000-0000-0000-0000-000000000062,9801.86,9.1904,0.0,17,0,0,1,1,3,9801.86,20583.91,1.0,0.02,0,86400.0,0.018,0.6079,7,10,0.727,0.008,0.045,0,99,1,NORMAL_TRANSACTION,0,0,NORMAL_BASELINE
e1000000-0000-0000-0000-000000000063,1522.31,7.3286,0.0033,17,0,0,0,1,3,1522.31,3196.85,0.662,0.02,0,3698.0,0.175,0.9391,10,17,0.611,0.008,0.045,0,99,1,NORMAL_TRANSACTION,0,0,NORMAL_BASELINE
e1000000-0000-0000-0000-000000000064,926.6,6.8326,0.0149,17,0,0,2,1,3,926.6,1945.86,1.0,0.02,0,86400.0,0.042,0.9629,10,15,0.688,0.008,0.045,0,99,1,NORMAL_TRANSACTION,0,0,NORMAL_BASELINE
e1000000-0000-0000-0000-000000000065,1559.89,7.353,0.0,17,0,0,3,1,3,1559.89,3275.77,4.518,0.02,0,6157.0,0.073,0.9376,9,17,0.556,0.008,0.045,0,99,1,NORMAL_TRANSACTION,0,0,NORMAL_BASELINE
e1000000-0000-0000-0000-000000000066,2675.38,7.8922,0.0019,17,0,0,0,1,3,2675.38,5618.3,1.0,0.02,0,86400.0,0.117,0.893,10,20,0.524,0.008,0.045,0,99,1,NORMAL_TRANSACTION,0,0,NORMAL_BASELINE
e1000000-0000-0000-0000-000000000067,434.83,6.0773,0.0,18,0,0,3,1,3,434.83,913.14,1.0,0.02,0,86400.0,0.093,0.9826,12,13,0.929,0.008,0.045,0,99,1,NORMAL_TRANSACTION,0,0,NORMAL_BASELINE
e1000000-0000-0000-0000-000000000068,846.6,6.7424,0.0149,18,0,0,2,1,3,846.6,1777.86,1.47,0.02,0,12136.0,0.03,0.9661,14,23,0.625,0.008,0.045,0,99,1,NORMAL_TRANSACTION,0,0,NORMAL_BASELINE
e1000000-0000-0000-0000-000000000069,6121.95,8.7198,0.0,18,0,0,1,1,3,6121.95,12856.09,1.0,0.02,0,86400.0,0.015,0.7551,11,11,1.0,0.008,0.045,0,99,1,NORMAL_TRANSACTION,0,0,NORMAL_BASELINE
e1000000-0000-0000-0000-000000000070,2451.17,7.8047,0.0149,18,0,0,2,1,3,2451.17,5147.46,1.0,0.02,0,86400.0,0.311,0.902,9,14,0.667,0.008,0.045,0,99,1,NORMAL_TRANSACTION,0,0,NORMAL_BASELINE
e1000000-0000-0000-0000-000000000071,178.41,5.1897,0.0,18,0,0,3,1,3,178.41,374.66,1.0,0.02,0,86400.0,0.006,0.9929,15,11,1.333,0.008,0.045,0,99,1,NORMAL_TRANSACTION,0,0,NORMAL_BASELINE
e1000000-0000-0000-0000-000000000072,1659.0,7.4146,0.003,18,0,0,0,1,3,1659.0,3483.9,0.901,0.02,0,8519.0,0.25,0.9336,16,18,0.895,0.008,0.045,0,99,1,NORMAL_TRANSACTION,0,0,NORMAL_BASELINE
e1000000-0000-0000-0000-000000000073,3401.43,8.1322,0.0,18,0,0,1,1,3,3401.43,7143.0,0.357,0.02,0,21305.0,0.01,0.8639,7,10,0.727,0.008,0.045,0,99,1,NORMAL_TRANSACTION,0,0,NORMAL_BASELINE
e1000000-0000-0000-0000-000000000074,1622.79,7.3925,0.0031,19,0,0,0,1,3,1622.79,3407.86,0.607,0.02,0,4496.0,0.071,0.9351,10,20,0.524,0.008,0.045,0,99,1,NORMAL_TRANSACTION,0,0,NORMAL_BASELINE
e1000000-0000-0000-0000-000000000075,6812.52,8.8267,0.0149,20,0,0,2,1,3,6812.52,14306.29,1.0,0.02,0,86400.0,0.233,0.7275,13,19,0.7,0.008,0.045,0,99,1,NORMAL_TRANSACTION,0,0,NORMAL_BASELINE
e1000000-0000-0000-0000-000000000076,2584.8,7.8578,0.0149,20,0,0,2,1,3,2584.8,5428.08,1.0,0.02,0,86400.0,0.086,0.8966,17,18,0.947,0.008,0.045,0,99,1,NORMAL_TRANSACTION,0,0,NORMAL_BASELINE
e1000000-0000-0000-0000-000000000077,2197.56,7.6956,0.0023,20,0,0,0,1,3,2197.56,4614.88,1.0,0.02,0,86400.0,0.095,0.9121,14,21,0.682,0.008,0.045,0,99,1,NORMAL_TRANSACTION,0,0,NORMAL_BASELINE
e1000000-0000-0000-0000-000000000078,7035.66,8.8589,0.0,20,0,0,1,1,3,7035.66,14774.89,1.0,0.02,0,86400.0,0.016,0.7186,6,13,0.5,0.008,0.045,0,99,1,NORMAL_TRANSACTION,0,0,NORMAL_BASELINE
e1000000-0000-0000-0000-000000000079,1491.61,7.3083,0.0,20,0,0,3,1,3,1491.61,3132.38,0.639,0.02,0,32192.0,0.083,0.9403,14,21,0.682,0.008,0.045,0,99,1,NORMAL_TRANSACTION,0,0,NORMAL_BASELINE
e1000000-0000-0000-0000-000000000080,100.0,4.6151,0.0,20,0,0,4,1,3,100.0,210.0,1.0,0.02,0,86400.0,0.006,0.996,13,42,0.326,0.008,0.045,0,99,1,NORMAL_TRANSACTION,0,0,NORMAL_BASELINE
e1000000-0000-0000-0000-000000000081,4803.53,8.4773,0.0,20,0,0,1,1,3,4803.53,10087.41,0.785,0.02,0,9017.0,0.012,0.8079,11,11,1.0,0.008,0.045,0,99,1,NORMAL_TRANSACTION,0,0,NORMAL_BASELINE
e1000000-0000-0000-0000-000000000082,2361.25,7.7674,0.0149,20,0,0,2,1,3,2361.25,4958.62,1.0,0.02,0,86400.0,0.153,0.9055,11,16,0.706,0.008,0.045,0,99,1,NORMAL_TRANSACTION,0,0,NORMAL_BASELINE
e1000000-0000-0000-0000-000000000083,3548.11,8.1745,0.0149,21,0,0,2,1,3,3548.11,7451.03,1.727,0.02,0,632.0,0.198,0.8581,14,21,0.682,0.008,0.045,0,99,1,NORMAL_TRANSACTION,0,0,NORMAL_BASELINE
e1000000-0000-0000-0000-000000000084,2693.93,7.8991,0.0019,21,0,0,0,1,3,2693.93,5657.25,1.0,0.02,0,86400.0,0.085,0.8922,10,25,0.423,0.008,0.045,0,99,1,NORMAL_TRANSACTION,0,0,NORMAL_BASELINE
e1000000-0000-0000-0000-000000000085,2483.87,7.818,0.002,21,0,0,0,1,3,2483.87,5216.13,1.939,0.02,0,14585.0,1.0,0.9006,15,17,0.889,0.008,0.045,0,99,1,NORMAL_TRANSACTION,0,0,NORMAL_BASELINE
e1000000-0000-0000-0000-000000000086,1845.2,7.5209,0.0149,21,0,0,2,1,3,1845.2,3874.92,0.301,0.02,0,26476.0,0.065,0.9262,11,15,0.75,0.008,0.045,0,99,1,NORMAL_TRANSACTION,0,0,NORMAL_BASELINE
e1000000-0000-0000-0000-000000000087,1381.52,7.2317,0.0,21,0,0,3,1,3,1381.52,2901.19,0.713,0.02,0,22180.0,0.145,0.9447,12,18,0.684,0.008,0.045,0,99,1,NORMAL_TRANSACTION,0,0,NORMAL_BASELINE
e1000000-0000-0000-0000-000000000088,4436.83,8.3979,0.0011,21,0,0,0,1,3,4436.83,9317.34,2.545,0.02,0,34656.0,0.269,0.8225,15,20,0.762,0.008,0.045,0,99,1,NORMAL_TRANSACTION,0,0,NORMAL_BASELINE
e1000000-0000-0000-0000-000000000089,304.29,5.7213,0.0,21,0,0,3,1,3,304.29,639.01,0.149,0.02,0,21371.0,0.01,0.9878,8,16,0.529,0.008,0.045,0,99,1,NORMAL_TRANSACTION,0,0,NORMAL_BASELINE
e1000000-0000-0000-0000-000000000090,4159.21,8.3333,0.0,8,0,1,1,1,3,4159.21,8734.34,1.0,0.02,0,86400.0,0.009,0.8336,13,13,1.0,0.008,0.045,0,99,1,NORMAL_TRANSACTION,0,0,NORMAL_BASELINE
e1000000-0000-0000-0000-000000000091,1640.62,7.4034,0.0,8,0,1,1,1,3,1640.62,3445.3,0.221,0.02,0,72884.0,0.003,0.9344,8,12,0.692,0.008,0.045,0,99,1,NORMAL_TRANSACTION,0,0,NORMAL_BASELINE
e1000000-0000-0000-0000-000000000092,50.0,3.9318,0.0,8,0,1,4,1,3,50.0,105.0,1.0,0.02,0,86400.0,0.004,0.998,10,17,0.611,0.008,0.045,0,99,1,NORMAL_TRANSACTION,0,0,NORMAL_BASELINE
e1000000-0000-0000-0000-000000000093,1744.38,7.4647,0.0,8,0,1,3,1,3,1744.38,3663.2,1.0,0.02,0,86400.0,0.184,0.9302,8,18,0.474,0.008,0.045,0,99,1,NORMAL_TRANSACTION,0,0,NORMAL_BASELINE
e1000000-0000-0000-0000-000000000094,100.0,4.6151,0.0,8,0,1,4,1,3,100.0,210.0,1.0,0.02,0,86400.0,0.017,0.996,12,17,0.722,0.008,0.045,0,99,1,NORMAL_TRANSACTION,0,0,NORMAL_BASELINE
e1000000-0000-0000-0000-000000000095,2051.95,7.627,0.0024,8,0,1,0,1,3,2051.95,4309.1,1.0,0.02,0,86400.0,0.423,0.9179,9,11,0.833,0.008,0.045,0,99,1,NORMAL_TRANSACTION,0,0,NORMAL_BASELINE
e1000000-0000-0000-0000-000000000096,1132.47,7.033,0.0149,8,0,1,2,1,3,1132.47,2378.19,1.0,0.02,0,86400.0,0.036,0.9547,15,14,1.067,0.008,0.045,0,99,1,NORMAL_TRANSACTION,0,0,NORMAL_BASELINE
e1000000-0000-0000-0000-000000000097,1645.32,7.4063,0.0,8,0,1,3,1,3,1645.32,3455.17,1.0,0.02,0,86400.0,0.055,0.9342,12,23,0.542,0.008,0.045,0,99,1,NORMAL_TRANSACTION,0,0,NORMAL_BASELINE
e1000000-0000-0000-0000-000000000098,2300.88,7.7415,0.0022,8,0,1,0,1,3,2300.88,4831.85,1.0,0.02,0,86400.0,0.54,0.908,17,18,0.947,0.008,0.045,0,99,1,NORMAL_TRANSACTION,0,0,NORMAL_BASELINE
e1000000-0000-0000-0000-000000000099,2762.23,7.9242,0.0149,8,0,1,2,1,3,2762.23,5800.68,0.917,0.02,0,86638.0,0.081,0.8895,6,15,0.438,0.008,0.045,0,99,1,NORMAL_TRANSACTION,0,0,NORMAL_BASELINE
e1000000-0000-0000-0000-000000000100,2627.69,7.8742,0.0019,8,0,1,0,1,3,2627.69,5518.15,26.277,0.02,0,1947.0,0.443,0.8949,12,17,0.722,0.008,0.045,0,99,1,NORMAL_TRANSACTION,0,0,NORMAL_BASELINE
e1000000-0000-0000-0000-000000000101,3902.33,8.2696,0.0149,9,0,1,2,1,3,3902.33,8194.89,5.78,0.02,0,78843.0,0.162,0.8439,17,17,1.0,0.008,0.045,0,99,1,NORMAL_TRANSACTION,0,0,NORMAL_BASELINE
e1000000-0000-0000-0000-000000000102,7720.9,8.9518,0.0,9,0,1,1,1,3,7720.9,16213.89,1.856,0.02,0,3863.0,0.016,0.6912,13,13,1.0,0.008,0.045,0,99,1,NORMAL_TRANSACTION,0,0,NORMAL_BASELINE
e1000000-0000-0000-0000-000000000103,3919.12,8.2739,0.0013,9,0,1,0,1,3,3919.12,8230.15,1.418,0.02,0,90383.0,0.168,0.8432,7,22,0.348,0.008,0.045,0,99,1,NORMAL_TRANSACTION,0,0,NORMAL_BASELINE
e1000000-0000-0000-0000-000000000104,918.59,6.8239,0.0,9,0,1,3,1,3,918.59,1929.04,1.0,0.02,0,86400.0,0.39,0.9633,13,24,0.56,0.008,0.045,0,99,1,NORMAL_TRANSACTION,0,0,NORMAL_BASELINE
e1000000-0000-0000-0000-000000000105,2750.48,7.9199,0.0018,9,0,1,0,1,3,2750.48,5776.01,1.657,0.02,0,43883.0,0.289,0.89,12,18,0.684,0.008,0.045,0,99,1,NORMAL_TRANSACTION,0,0,NORMAL_BASELINE
e1000000-0000-0000-0000-000000000106,5137.79,8.5446,0.0,9,0,1,1,1,3,5137.79,10789.36,1.0,0.02,0,86400.0,0.019,0.7945,14,12,1.154,0.008,0.045,0,99,1,NORMAL_TRANSACTION,0,0,NORMAL_BASELINE
e1000000-0000-0000-0000-000000000107,1478.24,7.2993,0.0,9,0,1,3,1,3,1478.24,3104.3,1.0,0.02,0,86400.0,0.263,0.9409,12,15,0.812,0.008,0.045,0,99,1,NORMAL_TRANSACTION,0,0,NORMAL_BASELINE
e1000000-0000-0000-0000-000000000108,2766.09,7.9256,0.0,9,0,1,3,1,3,2766.09,5808.79,1.0,0.02,0,86400.0,1.0,0.8894,9,22,0.435,0.008,0.045,0,99,1,NORMAL_TRANSACTION,0,0,NORMAL_BASELINE
e1000000-0000-0000-0000-000000000109,3596.93,8.1881,0.0014,9,0,1,0,1,3,3596.93,7553.55,1.0,0.02,0,86400.0,0.139,0.8561,13,17,0.778,0.008,0.045,0,99,1,NORMAL_TRANSACTION,0,0,NORMAL_BASELINE
e1000000-0000-0000-0000-000000000110,334.68,5.8162,0.0,9,0,1,3,1,3,334.68,702.83,1.0,0.02,0,86400.0,0.044,0.9866,14,9,1.5,0.008,0.045,0,99,1,NORMAL_TRANSACTION,0,0,NORMAL_BASELINE
e1000000-0000-0000-0000-000000000111,4288.77,8.364,0.0012,9,0,1,0,1,3,4288.77,9006.42,13.886,0.02,0,75187.0,0.471,0.8284,15,20,0.762,0.008,0.045,0,99,1,NORMAL_TRANSACTION,0,0,NORMAL_BASELINE
e1000000-0000-0000-0000-000000000112,3376.82,8.125,0.0015,9,0,1,0,1,3,3376.82,7091.32,1.306,0.02,0,48900.0,0.113,0.8649,17,18,0.947,0.008,0.045,0,99,1,NORMAL_TRANSACTION,0,0,NORMAL_BASELINE
e1000000-0000-0000-0000-000000000113,2107.2,7.6536,0.0,9,0,1,3,1,3,2107.2,4425.12,0.73,0.02,0,4082.0,0.062,0.9157,6,15,0.438,0.008,0.045,0,99,1,NORMAL_TRANSACTION,0,0,NORMAL_BASELINE
e1000000-0000-0000-0000-000000000114,1493.43,7.3095,0.0,9,0,1,3,1,3,1493.43,3136.2,1.0,0.02,0,86400.0,0.084,0.9403,14,20,0.714,0.008,0.045,0,99,1,NORMAL_TRANSACTION,0,0,NORMAL_BASELINE
e1000000-0000-0000-0000-000000000115,742.62,6.6115,0.0067,9,0,1,0,1,3,742.62,1559.5,1.044,0.02,0,56271.0,0.026,0.9703,14,23,0.625,0.008,0.045,0,99,1,NORMAL_TRANSACTION,0,0,NORMAL_BASELINE
e1000000-0000-0000-0000-000000000116,5292.04,8.5741,0.0149,10,0,1,2,1,3,5292.04,11113.28,1.0,0.02,0,86400.0,0.59,0.7883,8,21,0.409,0.008,0.045,0,99,1,NORMAL_TRANSACTION,0,0,NORMAL_BASELINE
e1000000-0000-0000-0000-000000000117,1854.11,7.5257,0.0,10,0,1,3,1,3,1854.11,3893.63,1.0,0.02,0,86400.0,0.056,0.9258,12,13,0.929,0.008,0.045,0,99,1,NORMAL_TRANSACTION,0,0,NORMAL_BASELINE
e1000000-0000-0000-0000-000000000118,3181.45,8.0654,0.0,10,0,1,3,1,3,3181.45,6681.05,0.929,0.02,0,70791.0,0.12,0.8727,9,16,0.588,0.008,0.045,0,99,1,NORMAL_TRANSACTION,0,0,NORMAL_BASELINE
e1000000-0000-0000-0000-000000000119,3164.3,8.06,0.0016,10,0,1,0,1,3,3164.3,6645.03,0.794,0.02,0,48253.0,0.112,0.8734,11,15,0.75,0.008,0.045,0,99,1,NORMAL_TRANSACTION,0,0,NORMAL_BASELINE
e1000000-0000-0000-0000-000000000120,3325.09,8.1096,0.0149,10,0,1,2,1,3,3325.09,6982.69,1.0,0.02,0,86400.0,0.236,0.867,9,9,1.0,0.008,0.045,0,99,1,NORMAL_TRANSACTION,0,0,NORMAL_BASELINE
e1000000-0000-0000-0000-000000000121,2227.46,7.7091,0.0,10,0,1,3,1,3,2227.46,4677.67,12.485,0.02,0,58101.0,0.069,0.9109,15,11,1.333,0.008,0.045,0,99,1,NORMAL_TRANSACTION,0,0,NORMAL_BASELINE
e1000000-0000-0000-0000-000000000122,857.34,6.755,0.0058,11,0,1,0,1,3,857.34,1800.41,1.0,0.02,0,86400.0,0.033,0.9657,13,26,0.519,0.008,0.045,0,99,1,NORMAL_TRANSACTION,0,0,NORMAL_BASELINE
e1000000-0000-0000-0000-000000000123,1970.21,7.5864,0.0,11,0,1,3,1,3,1970.21,4137.44,0.856,0.02,0,9635.0,0.463,0.9212,17,18,0.947,0.008,0.045,0,99,1,NORMAL_TRANSACTION,0,0,NORMAL_BASELINE
e1000000-0000-0000-0000-000000000124,634.91,6.4551,0.0079,11,0,1,0,1,3,634.91,1333.31,1.0,0.02,0,86400.0,0.034,0.9746,10,14,0.733,0.008,0.045,0,99,1,NORMAL_TRANSACTION,0,0,NORMAL_BASELINE
e1000000-0000-0000-0000-000000000125,3215.09,8.0759,0.0016,11,0,1,0,1,3,3215.09,6751.69,6.43,0.02,0,80867.0,0.125,0.8714,13,19,0.7,0.008,0.045,0,99,1,NORMAL_TRANSACTION,0,0,NORMAL_BASELINE
e1000000-0000-0000-0000-000000000126,1100.49,7.0044,0.0,11,0,1,3,1,3,1100.49,2311.03,1.0,0.02,0,86400.0,0.079,0.956,7,21,0.364,0.008,0.045,0,99,1,NORMAL_TRANSACTION,0,0,NORMAL_BASELINE
e1000000-0000-0000-0000-000000000127,6307.76,8.7497,0.0149,11,0,1,2,1,3,6307.76,13246.3,3.402,0.02,0,5329.0,0.189,0.7477,12,13,0.929,0.008,0.045,0,99,1,NORMAL_TRANSACTION,0,0,NORMAL_BASELINE
e1000000-0000-0000-0000-000000000128,992.55,6.9013,0.0,11,0,1,3,1,3,992.55,2084.36,0.567,0.02,0,10343.0,0.041,0.9603,17,17,1.0,0.008,0.045,0,99,1,NORMAL_TRANSACTION,0,0,NORMAL_BASELINE
e1000000-0000-0000-0000-000000000129,2095.5,7.648,0.0,12,0,1,3,1,3,2095.5,4400.55,0.954,0.02,0,56089.0,0.09,0.9162,14,21,0.682,0.008,0.045,0,99,1,NORMAL_TRANSACTION,0,0,NORMAL_BASELINE
e1000000-0000-0000-0000-000000000130,3991.01,8.2921,0.0013,12,0,1,0,1,3,3991.01,8381.12,3.325,0.02,0,96207.0,0.161,0.8404,13,25,0.538,0.008,0.045,0,99,1,NORMAL_TRANSACTION,0,0,NORMAL_BASELINE
e1000000-0000-0000-0000-000000000131,1413.26,7.2544,0.0,12,0,1,3,1,3,1413.26,2967.85,0.862,0.02,0,70855.0,0.063,0.9435,16,20,0.81,0.008,0.045,0,99,1,NORMAL_TRANSACTION,0,0,NORMAL_BASELINE
e1000000-0000-0000-0000-000000000132,3176.38,8.0638,0.0,12,0,1,3,1,3,3176.38,6670.4,1.224,0.02,0,846.0,0.128,0.8729,13,25,0.538,0.008,0.045,0,99,1,NORMAL_TRANSACTION,0,0,NORMAL_BASELINE
e1000000-0000-0000-0000-000000000133,765.07,6.6413,0.0065,12,0,1,0,1,3,765.07,1606.65,0.4,0.02,0,70197.0,0.088,0.9694,10,17,0.611,0.008,0.045,0,99,1,NORMAL_TRANSACTION,0,0,NORMAL_BASELINE
e1000000-0000-0000-0000-000000000134,2314.51,7.7474,0.0022,12,0,1,0,1,3,2314.51,4860.47,1.0,0.02,0,86400.0,0.082,0.9074,15,21,0.727,0.008,0.045,0,99,1,NORMAL_TRANSACTION,0,0,NORMAL_BASELINE
e1000000-0000-0000-0000-000000000135,2010.13,7.6065,0.0025,13,0,1,0,1,3,2010.13,4221.27,1.474,0.02,0,15050.0,0.339,0.9196,12,17,0.722,0.008,0.045,0,99,1,NORMAL_TRANSACTION,0,0,NORMAL_BASELINE
e1000000-0000-0000-0000-000000000136,731.43,6.5964,0.0068,13,0,1,0,1,3,731.43,1536.0,0.161,0.02,0,86683.0,0.042,0.9707,15,22,0.696,0.008,0.045,0,99,1,NORMAL_TRANSACTION,0,0,NORMAL_BASELINE
e1000000-0000-0000-0000-000000000137,833.95,6.7274,0.0,13,0,1,3,1,3,833.95,1751.3,1.0,0.02,0,86400.0,0.026,0.9666,17,19,0.9,0.008,0.045,0,99,1,NORMAL_TRANSACTION,0,0,NORMAL_BASELINE
e1000000-0000-0000-0000-000000000138,5672.08,8.6435,0.0149,13,0,1,2,1,3,5672.08,11911.37,3.837,0.02,0,13408.0,1.0,0.7731,12,15,0.812,0.008,0.045,0,99,1,NORMAL_TRANSACTION,0,0,NORMAL_BASELINE
e1000000-0000-0000-0000-000000000139,7181.39,8.8794,0.0,13,0,1,1,1,3,7181.39,15080.92,1.528,0.02,0,94874.0,0.019,0.7127,20,19,1.05,0.008,0.045,0,99,1,NORMAL_TRANSACTION,0,0,NORMAL_BASELINE
e1000000-0000-0000-0000-000000000140,200.0,5.3033,0.0,13,0,1,4,1,3,200.0,420.0,0.315,0.02,0,8530.0,0.011,0.992,10,14,0.733,0.008,0.045,0,99,1,NORMAL_TRANSACTION,0,0,NORMAL_BASELINE
e1000000-0000-0000-0000-000000000141,3865.07,8.26,0.0013,13,0,1,0,1,3,3865.07,8116.65,1.277,0.02,0,93726.0,0.133,0.8454,13,15,0.875,0.008,0.045,0,99,1,NORMAL_TRANSACTION,0,0,NORMAL_BASELINE
e1000000-0000-0000-0000-000000000142,2519.45,7.8322,0.002,13,0,1,0,1,3,2519.45,5290.85,1.595,0.02,0,2775.0,0.425,0.8992,12,17,0.722,0.008,0.045,0,99,1,NORMAL_TRANSACTION,0,0,NORMAL_BASELINE
e1000000-0000-0000-0000-000000000143,3119.26,8.0457,0.0016,13,0,1,0,1,3,3119.26,6550.45,1.406,0.02,0,94498.0,0.133,0.8752,12,12,1.0,0.008,0.045,0,99,1,NORMAL_TRANSACTION,0,0,NORMAL_BASELINE
e1000000-0000-0000-0000-000000000144,2364.46,7.7687,0.0,13,0,1,3,1,3,2364.46,4965.37,0.596,0.02,0,103283.0,1.0,0.9054,10,12,0.846,0.008,0.045,0,99,1,NORMAL_TRANSACTION,0,0,NORMAL_BASELINE
e1000000-0000-0000-0000-000000000145,8899.36,9.0938,0.0,14,0,1,1,1,3,8899.36,18688.66,1.143,0.02,0,95146.0,0.023,0.644,17,5,3.0,0.008,0.045,0,99,1,NORMAL_TRANSACTION,0,0,NORMAL_BASELINE
e1000000-0000-0000-0000-000000000146,7702.35,8.9494,0.0,14,0,1,1,1,3,7702.35,16174.94,2.665,0.02,0,87415.0,0.026,0.6919,16,16,1.0,0.008,0.045,0,99,1,NORMAL_TRANSACTION,0,0,NORMAL_BASELINE
e1000000-0000-0000-0000-000000000147,5002.26,8.5178,0.0,14,0,1,1,1,3,5002.26,10504.75,1.0,0.02,0,86400.0,0.008,0.7999,10,13,0.786,0.008,0.045,0,99,1,NORMAL_TRANSACTION,0,0,NORMAL_BASELINE
e1000000-0000-0000-0000-000000000148,8851.45,9.0884,0.0,14,0,1,1,1,3,8851.45,18588.05,1.0,0.02,0,86400.0,0.041,0.6459,12,13,0.929,0.008,0.045,0,99,1,NORMAL_TRANSACTION,0,0,NORMAL_BASELINE
e1000000-0000-0000-0000-000000000149,1914.54,7.5578,0.0026,14,0,1,0,1,3,1914.54,4020.53,1.691,0.02,0,21650.0,0.06,0.9234,15,14,1.067,0.008,0.045,0,99,1,NORMAL_TRANSACTION,0,0,NORMAL_BASELINE
e1000000-0000-0000-0000-000000000150,1710.72,7.4453,0.0,14,0,1,1,1,3,1710.72,3592.51,0.313,0.02,0,63703.0,0.004,0.9316,11,11,1.0,0.008,0.045,0,99,1,NORMAL_TRANSACTION,0,0,NORMAL_BASELINE
e1000000-0000-0000-0000-000000000151,1891.19,7.5455,0.0,14,0,1,1,1,3,1891.19,3971.5,0.368,0.02,0,18712.0,0.007,0.9244,14,12,1.154,0.008,0.045,0,99,1,NORMAL_TRANSACTION,0,0,NORMAL_BASELINE
e1000000-0000-0000-0000-000000000152,254.4,5.5428,0.0,14,0,1,0,1,3,254.4,534.24,0.76,0.02,0,17940.0,0.034,0.9898,14,9,1.5,0.008,0.045,0,99,1,NORMAL_TRANSACTION,0,0,NORMAL_BASELINE
e1000000-0000-0000-0000-000000000153,7736.18,8.9538,0.0149,14,0,1,2,1,3,7736.18,16245.98,9.277,0.02,0,5774.0,0.242,0.6906,17,19,0.9,0.008,0.045,0,99,1,NORMAL_TRANSACTION,0,0,NORMAL_BASELINE
e1000000-0000-0000-0000-000000000154,2235.02,7.7125,0.0022,14,0,1,0,1,3,2235.02,4693.54,1.782,0.02,0,80848.0,0.089,0.9106,17,15,1.125,0.008,0.045,0,99,1,NORMAL_TRANSACTION,0,0,NORMAL_BASELINE
e1000000-0000-0000-0000-000000000155,1364.94,7.2196,0.0037,14,0,1,0,1,3,1364.94,2866.37,0.636,0.02,0,9932.0,0.059,0.9454,14,21,0.682,0.008,0.045,0,99,1,NORMAL_TRANSACTION,0,0,NORMAL_BASELINE
e1000000-0000-0000-0000-000000000156,500.0,6.2166,0.0,14,0,1,4,1,3,500.0,1050.0,0.525,0.02,0,76400.0,0.023,0.98,9,17,0.556,0.008,0.045,0,99,1,NORMAL_TRANSACTION,0,0,NORMAL_BASELINE
e1000000-0000-0000-0000-000000000157,2453.04,7.8055,0.002,14,0,1,0,1,3,2453.04,5151.38,0.464,0.02,0,17378.0,0.273,0.9019,8,21,0.409,0.008,0.045,0,99,1,NORMAL_TRANSACTION,0,0,NORMAL_BASELINE
e1000000-0000-0000-0000-000000000158,2688.96,7.8973,0.0149,15,0,1,2,1,3,2688.96,5646.82,1.0,0.02,0,86400.0,0.132,0.8924,10,16,0.647,0.008,0.045,0,99,1,NORMAL_TRANSACTION,0,0,NORMAL_BASELINE
e1000000-0000-0000-0000-000000000159,4075.2,8.3129,0.0012,15,0,1,0,1,3,4075.2,8557.92,1.0,0.02,0,86400.0,0.284,0.837,9,18,0.526,0.008,0.045,0,99,1,NORMAL_TRANSACTION,0,0,NORMAL_BASELINE
e1000000-0000-0000-0000-000000000160,1884.32,7.5419,0.0,15,0,1,3,1,3,1884.32,3957.07,10.498,0.02,0,102747.0,0.313,0.9246,10,18,0.579,0.008,0.045,0,99,1,NORMAL_TRANSACTION,0,0,NORMAL_BASELINE
e1000000-0000-0000-0000-000000000161,2972.07,7.9974,0.0017,15,0,1,0,1,3,2972.07,6241.35,1.0,0.02,0,86400.0,0.631,0.8811,13,16,0.824,0.008,0.045,0,99,1,NORMAL_TRANSACTION,0,0,NORMAL_BASELINE
e1000000-0000-0000-0000-000000000162,2143.62,7.6707,0.0023,15,0,1,0,1,3,2143.62,4501.6,0.554,0.02,0,2083.0,0.239,0.9143,8,21,0.409,0.008,0.045,0,99,1,NORMAL_TRANSACTION,0,0,NORMAL_BASELINE
e1000000-0000-0000-0000-000000000163,3190.68,8.0683,0.0,15,0,1,3,1,3,3190.68,6700.43,1.718,0.02,0,15050.0,0.124,0.8724,13,19,0.7,0.008,0.045,0,99,1,NORMAL_TRANSACTION,0,0,NORMAL_BASELINE
e1000000-0000-0000-0000-000000000164,4167.48,8.3353,0.0,15,0,1,1,1,3,4167.48,8751.71,1.0,0.02,0,86400.0,0.011,0.8333,11,10,1.091,0.008,0.045,0,99,1,NORMAL_TRANSACTION,0,0,NORMAL_BASELINE
e1000000-0000-0000-0000-000000000165,658.61,6.4916,0.0076,15,0,1,0,1,3,658.61,1383.08,0.717,0.02,0,23593.0,0.28,0.9737,13,24,0.56,0.008,0.045,0,99,1,NORMAL_TRANSACTION,0,0,NORMAL_BASELINE
e1000000-0000-0000-0000-000000000166,1995.27,7.599,0.0,15,0,1,3,1,3,1995.27,4190.07,1.0,0.02,0,86400.0,0.075,0.9202,14,19,0.75,0.008,0.045,0,99,1,NORMAL_TRANSACTION,0,0,NORMAL_BASELINE
e1000000-0000-0000-0000-000000000167,20.0,3.0445,0.0,16,0,1,4,1,3,20.0,42.0,1.0,0.02,0,86400.0,0.038,0.9992,12,16,0.765,0.008,0.045,0,99,1,NORMAL_TRANSACTION,0,0,NORMAL_BASELINE
e1000000-0000-0000-0000-000000000168,9624.01,9.1721,0.0,16,0,1,1,1,3,9624.01,20210.42,1.62,0.02,0,9937.0,0.026,0.615,20,19,1.05,0.008,0.045,0,99,1,NORMAL_TRANSACTION,0,0,NORMAL_BASELINE
e1000000-0000-0000-0000-000000000169,1669.45,7.4208,0.003,16,0,1,0,1,3,1669.45,3505.85,0.681,0.02,0,78953.0,0.212,0.9332,9,14,0.667,0.008,0.045,0,99,1,NORMAL_TRANSACTION,0,0,NORMAL_BASELINE
e1000000-0000-0000-0000-000000000170,4130.41,8.3264,0.0012,16,0,1,0,1,3,4130.41,8673.86,0.927,0.02,0,107428.0,0.81,0.8348,12,24,0.52,0.008,0.045,0,99,1,NORMAL_TRANSACTION,0,0,NORMAL_BASELINE
e1000000-0000-0000-0000-000000000171,1468.06,7.2924,0.0034,16,0,1,0,1,3,1468.06,3082.93,1.0,0.02,0,86400.0,0.051,0.9413,12,22,0.565,0.008,0.045,0,99,1,NORMAL_TRANSACTION,0,0,NORMAL_BASELINE
e1000000-0000-0000-0000-000000000172,1362.09,7.2175,0.0,17,0,1,1,1,3,1362.09,2860.39,1.0,0.02,0,86400.0,0.003,0.9455,16,12,1.308,0.008,0.045,0,99,1,NORMAL_TRANSACTION,0,0,NORMAL_BASELINE
e1000000-0000-0000-0000-000000000173,2856.7,7.9578,0.0018,17,0,1,0,1,3,2856.7,5999.07,2.596,0.02,0,20490.0,0.204,0.8857,7,21,0.364,0.008,0.045,0,99,1,NORMAL_TRANSACTION,0,0,NORMAL_BASELINE
e1000000-0000-0000-0000-000000000174,2461.59,7.809,0.002,17,0,1,0,1,3,2461.59,5169.34,1.411,0.02,0,32770.0,0.26,0.9015,8,18,0.474,0.008,0.045,0,99,1,NORMAL_TRANSACTION,0,0,NORMAL_BASELINE
e1000000-0000-0000-0000-000000000175,2886.38,7.9681,0.0017,17,0,1,0,1,3,2886.38,6061.4,1.093,0.02,0,93534.0,0.266,0.8845,13,18,0.737,0.008,0.045,0,99,1,NORMAL_TRANSACTION,0,0,NORMAL_BASELINE
e1000000-0000-0000-0000-000000000176,2208.25,7.7004,0.0,17,0,1,3,1,3,2208.25,4637.32,0.787,0.02,0,107708.0,0.61,0.9117,13,13,1.0,0.008,0.045,0,99,1,NORMAL_TRANSACTION,0,0,NORMAL_BASELINE
e1000000-0000-0000-0000-000000000177,1033.02,6.9412,0.0,17,0,1,3,1,3,1033.02,2169.34,2.376,0.02,0,84138.0,0.221,0.9587,12,13,0.929,0.008,0.045,0,99,1,NORMAL_TRANSACTION,0,0,NORMAL_BASELINE
e1000000-0000-0000-0000-000000000178,4303.2,8.3673,0.0012,17,0,1,0,1,3,4303.2,9036.72,2.467,0.02,0,10457.0,0.171,0.8279,17,15,1.125,0.008,0.045,0,99,1,NORMAL_TRANSACTION,0,0,NORMAL_BASELINE
e1000000-0000-0000-0000-000000000179,3859.1,8.2584,0.0013,17,0,1,0,1,3,3859.1,8104.11,1.0,0.02,0,86400.0,0.182,0.8456,13,13,1.0,0.008,0.045,0,99,1,NORMAL_TRANSACTION,0,0,NORMAL_BASELINE
e1000000-0000-0000-0000-000000000180,4378.78,8.3848,0.0011,17,0,1,0,1,3,4378.78,9195.44,1.854,0.02,0,74579.0,0.284,0.8248,11,16,0.706,0.008,0.045,0,99,1,NORMAL_TRANSACTION,0,0,NORMAL_BASELINE
e1000000-0000-0000-0000-000000000181,4132.56,8.3269,0.0149,17,0,1,2,1,3,4132.56,8678.38,1.0,0.02,0,86400.0,0.169,0.8347,11,16,0.706,0.008,0.045,0,99,1,NORMAL_TRANSACTION,0,0,NORMAL_BASELINE
e1000000-0000-0000-0000-000000000182,858.17,6.756,0.0,17,0,1,3,1,3,858.17,1802.16,0.33,0.02,0,283.0,0.034,0.9657,17,15,1.125,0.008,0.045,0,99,1,NORMAL_TRANSACTION,0,0,NORMAL_BASELINE
e1000000-0000-0000-0000-000000000183,529.28,6.2734,0.0,17,0,1,3,1,3,529.28,1111.49,0.178,0.02,0,8390.0,0.112,0.9788,13,16,0.824,0.008,0.045,0,99,1,NORMAL_TRANSACTION,0,0,NORMAL_BASELINE
e1000000-0000-0000-0000-000000000184,7706.55,8.95,0.0,17,0,1,1,1,3,7706.55,16183.76,1.455,0.02,0,13249.0,0.026,0.6917,16,16,1.0,0.008,0.045,0,99,1,NORMAL_TRANSACTION,0,0,NORMAL_BASELINE
e1000000-0000-0000-0000-000000000185,2984.91,8.0017,0.0017,17,0,1,0,1,3,2984.91,6268.31,1.0,0.02,0,86400.0,0.154,0.8806,16,14,1.133,0.008,0.045,0,99,1,NORMAL_TRANSACTION,0,0,NORMAL_BASELINE
e1000000-0000-0000-0000-000000000186,456.44,6.1256,0.0,18,0,1,0,1,3,456.44,958.52,0.632,0.02,0,29573.0,0.016,0.9817,14,23,0.625,0.008,0.045,0,99,1,NORMAL_TRANSACTION,0,0,NORMAL_BASELINE
e1000000-0000-0000-0000-000000000187,4126.23,8.3254,0.0149,18,0,1,2,1,3,4126.23,8665.08,1.0,0.02,0,86400.0,0.539,0.835,9,18,0.526,0.008,0.045,0,99,1,NORMAL_TRANSACTION,0,0,NORMAL_BASELINE
e1000000-0000-0000-0000-000000000188,763.36,6.639,0.0065,18,0,1,0,1,3,763.36,1603.06,0.181,0.02,0,115526.0,0.337,0.9695,11,16,0.706,0.008,0.045,0,99,1,NORMAL_TRANSACTION,0,0,NORMAL_BASELINE
e1000000-0000-0000-0000-000000000189,849.12,6.7454,0.0059,18,0,1,0,1,3,849.12,1783.15,0.125,0.02,0,80947.0,0.029,0.966,13,19,0.7,0.008,0.045,0,99,1,NORMAL_TRANSACTION,0,0,NORMAL_BASELINE
e1000000-0000-0000-0000-000000000190,6654.23,8.8032,0.0,18,0,1,1,1,3,6654.23,13973.88,1.0,0.02,0,86400.0,0.019,0.7338,8,18,0.474,0.008,0.045,0,99,1,NORMAL_TRANSACTION,0,0,NORMAL_BASELINE
e1000000-0000-0000-0000-000000000191,1731.24,7.4572,0.0,18,0,1,3,1,3,1731.24,3635.6,1.0,0.02,0,86400.0,0.306,0.9308,14,16,0.882,0.008,0.045,0,99,1,NORMAL_TRANSACTION,0,0,NORMAL_BASELINE
e1000000-0000-0000-0000-000000000192,3039.84,8.0199,0.0016,19,0,1,0,1,3,3039.84,6383.66,1.0,0.02,0,86400.0,0.127,0.8784,8,18,0.474,0.008,0.045,0,99,1,NORMAL_TRANSACTION,0,0,NORMAL_BASELINE
e1000000-0000-0000-0000-000000000193,4021.18,8.2996,0.0149,19,0,1,2,1,3,4021.18,8444.48,0.938,0.02,0,15996.0,0.126,0.8392,17,19,0.9,0.008,0.045,0,99,1,NORMAL_TRANSACTION,0,0,NORMAL_BASELINE
e1000000-0000-0000-0000-000000000194,3036.1,8.0187,0.0,19,0,1,3,1,3,3036.1,6375.81,1.945,0.02,0,26463.0,0.126,0.8786,17,17,1.0,0.008,0.045,0,99,1,NORMAL_TRANSACTION,0,0,NORMAL_BASELINE
e1000000-0000-0000-0000-000000000195,4336.22,8.375,0.0012,19,0,1,0,1,3,4336.22,9106.06,1.555,0.02,0,24338.0,0.175,0.8266,13,25,0.538,0.008,0.045,0,99,1,NORMAL_TRANSACTION,0,0,NORMAL_BASELINE
e1000000-0000-0000-0000-000000000196,2395.08,7.7816,0.0021,19,0,1,0,1,3,2395.08,5029.67,0.558,0.02,0,10096.0,0.469,0.9042,12,24,0.52,0.008,0.045,0,99,1,NORMAL_TRANSACTION,0,0,NORMAL_BASELINE
e1000000-0000-0000-0000-000000000197,395.35,5.9823,0.0,19,0,1,3,1,3,395.35,830.24,0.147,0.02,0,15456.0,0.019,0.9842,10,16,0.647,0.008,0.045,0,99,1,NORMAL_TRANSACTION,0,0,NORMAL_BASELINE
e1000000-0000-0000-0000-000000000198,3107.25,8.0418,0.0,19,0,1,3,1,3,3107.25,6525.23,1.536,0.02,0,36335.0,0.326,0.8757,12,18,0.684,0.008,0.045,0,99,1,NORMAL_TRANSACTION,0,0,NORMAL_BASELINE
e1000000-0000-0000-0000-000000000199,1155.19,7.0529,0.0,19,0,1,1,1,3,1155.19,2425.9,1.0,0.02,0,86400.0,0.005,0.9538,15,16,0.941,0.008,0.045,0,99,1,NORMAL_TRANSACTION,0,0,NORMAL_BASELINE
e1000000-0000-0000-0000-000000000200,3637.05,8.1992,0.0014,19,0,1,0,1,3,3637.05,7637.81,0.949,0.02,0,3028.0,0.124,0.8545,13,19,0.7,0.008,0.045,0,99,1,NORMAL_TRANSACTION,0,0,NORMAL_BASELINE
e1000000-0000-0000-0000-000000000201,7844.5,8.9677,0.0,19,0,1,1,1,3,7844.5,16473.45,1.01,0.02,0,101457.0,0.017,0.6862,14,10,1.364,0.008,0.045,0,99,1,NORMAL_TRANSACTION,0,0,NORMAL_BASELINE
e1000000-0000-0000-0000-000000000202,233.24,5.4563,0.0,20,0,1,0,1,3,233.24,489.8,0.084,0.02,0,38306.0,0.238,0.9907,9,22,0.435,0.008,0.045,0,99,1,NORMAL_TRANSACTION,0,0,NORMAL_BASELINE
e1000000-0000-0000-0000-000000000203,9705.43,9.1805,0.0,20,0,1,1,1,3,9705.43,20381.4,1.459,0.02,0,5169.0,0.028,0.6118,8,18,0.474,0.008,0.045,0,99,1,NORMAL_TRANSACTION,0,0,NORMAL_BASELINE
e1000000-0000-0000-0000-000000000204,4012.49,8.2974,0.0149,20,0,1,2,1,3,4012.49,8426.23,0.985,0.02,0,18125.0,0.279,0.8395,9,18,0.526,0.008,0.045,0,99,1,NORMAL_TRANSACTION,0,0,NORMAL_BASELINE
e1000000-0000-0000-0000-000000000205,2515.87,7.8308,0.0,20,0,1,3,1,3,2515.87,5283.33,1.0,0.02,0,86400.0,0.878,0.8994,9,18,0.526,0.008,0.045,0,99,1,NORMAL_TRANSACTION,0,0,NORMAL_BASELINE
e1000000-0000-0000-0000-000000000206,3141.36,8.0527,0.0,20,0,1,3,1,3,3141.36,6596.86,2.095,0.02,0,1536.0,1.0,0.8743,9,22,0.435,0.008,0.045,0,99,1,NORMAL_TRANSACTION,0,0,NORMAL_BASELINE
e1000000-0000-0000-0000-000000000207,5705.01,8.6493,0.0149,20,0,1,2,1,3,5705.01,11980.52,2.713,0.02,0,11930.0,0.603,0.7718,8,18,0.474,0.008,0.045,0,99,1,NORMAL_TRANSACTION,0,0,NORMAL_BASELINE
e1000000-0000-0000-0000-000000000208,1446.67,7.2777,0.0,20,0,1,3,1,3,1446.67,3038.01,0.358,0.02,0,1913.0,0.101,0.9421,9,18,0.526,0.008,0.045,0,99,1,NORMAL_TRANSACTION,0,0,NORMAL_BASELINE
e1000000-0000-0000-0000-000000000209,2091.68,7.6462,0.0,20,0,1,3,1,3,2091.68,4392.53,1.019,0.02,0,45024.0,0.431,0.9163,9,11,0.833,0.008,0.045,0,99,1,NORMAL_TRANSACTION,0,0,NORMAL_BASELINE
e1000000-0000-0000-0000-000000000210,230.07,5.4427,0.0,20,0,1,3,1,3,230.07,483.15,0.781,0.02,0,22216.0,0.03,0.9908,14,9,1.5,0.008,0.045,0,99,1,NORMAL_TRANSACTION,0,0,NORMAL_BASELINE
e1000000-0000-0000-0000-000000000211,9212.03,9.1284,0.0,21,0,1,1,1,3,9212.03,19345.26,1.309,0.02,0,88439.0,0.021,0.6315,6,13,0.5,0.008,0.045,0,99,1,NORMAL_TRANSACTION,0,0,NORMAL_BASELINE
e1000000-0000-0000-0000-000000000212,4142.01,8.3292,0.0012,21,0,1,0,1,3,4142.01,8698.22,1.576,0.02,0,40469.0,0.121,0.8343,6,15,0.438,0.008,0.045,0,99,1,NORMAL_TRANSACTION,0,0,NORMAL_BASELINE
e1000000-0000-0000-0000-000000000213,260.84,5.5677,0.0,21,0,1,0,1,3,260.84,547.76,0.304,0.02,0,36369.0,0.01,0.9896,13,26,0.519,0.008,0.045,0,99,1,NORMAL_TRANSACTION,0,0,NORMAL_BASELINE
e1000000-0000-0000-0000-000000000214,1172.48,7.0677,0.0043,21,0,1,0,1,3,1172.48,2462.21,0.509,0.02,0,21702.0,0.046,0.9531,13,19,0.7,0.008,0.045,0,99,1,NORMAL_TRANSACTION,0,0,NORMAL_BASELINE
e1000000-0000-0000-0000-000000000215,3103.62,8.0406,0.0,21,0,1,3,1,3,3103.62,6517.6,1.453,0.02,0,37741.0,0.729,0.8759,17,18,0.947,0.008,0.045,0,99,1,NORMAL_TRANSACTION,0,0,NORMAL_BASELINE
e1000000-0000-0000-0000-000000000216,6369.77,8.7595,0.0149,21,0,1,2,1,3,6369.77,13376.52,1.0,0.02,0,86400.0,0.268,0.7452,18,13,1.357,0.008,0.045,0,99,1,NORMAL_TRANSACTION,0,0,NORMAL_BASELINE
e1000000-0000-0000-0000-000000000217,2823.0,7.9459,0.0,21,0,1,3,1,3,2823.0,5928.3,0.939,0.02,0,2315.0,0.083,0.8871,6,15,0.438,0.008,0.045,0,99,1,NORMAL_TRANSACTION,0,0,NORMAL_BASELINE
e1000000-0000-0000-0000-000000000218,2165.05,7.6807,0.0023,8,0,1,0,1,3,2165.05,4546.61,1.45,0.02,0,80025.0,0.122,0.9134,14,20,0.714,0.008,0.045,0,99,1,NORMAL_TRANSACTION,0,0,NORMAL_BASELINE
e1000000-0000-0000-0000-000000000219,4194.16,8.3417,0.0012,8,0,1,0,1,3,4194.16,8807.74,3.42,0.02,0,152061.0,0.297,0.8322,17,15,1.125,0.008,0.045,0,99,1,NORMAL_TRANSACTION,0,0,NORMAL_BASELINE
e1000000-0000-0000-0000-000000000220,1557.06,7.3512,0.0032,8,0,1,0,1,3,1557.06,3269.83,1.0,0.02,0,86400.0,0.056,0.9377,7,13,0.571,0.008,0.045,0,99,1,NORMAL_TRANSACTION,0,0,NORMAL_BASELINE
e1000000-0000-0000-0000-000000000221,7720.14,8.9517,0.0149,8,0,1,2,1,3,7720.14,16212.29,3.592,0.02,0,133719.0,0.337,0.6912,10,20,0.524,0.008,0.045,0,99,1,NORMAL_TRANSACTION,0,0,NORMAL_BASELINE
e1000000-0000-0000-0000-000000000222,3868.61,8.2609,0.0,8,0,1,1,1,3,3868.61,8124.08,1.0,0.02,0,86400.0,0.011,0.8453,9,11,0.833,0.008,0.045,0,99,1,NORMAL_TRANSACTION,0,0,NORMAL_BASELINE
e1000000-0000-0000-0000-000000000223,545.8,6.3041,0.0,8,0,1,3,1,3,545.8,1146.18,0.29,0.02,0,126966.0,0.23,0.9782,15,17,0.889,0.008,0.045,0,99,1,NORMAL_TRANSACTION,0,0,NORMAL_BASELINE
e1000000-0000-0000-0000-000000000224,9457.41,9.1547,0.0,8,0,1,1,1,3,9457.41,19860.56,2.691,0.02,0,64505.0,0.035,0.6217,14,12,1.154,0.008,0.045,0,99,1,NORMAL_TRANSACTION,0,0,NORMAL_BASELINE
e1000000-0000-0000-0000-000000000225,5590.63,8.629,0.0149,8,0,1,2,1,3,5590.63,11740.32,10.0,0.02,0,40999.0,0.213,0.7764,13,26,0.519,0.008,0.045,0,99,1,NORMAL_TRANSACTION,0,0,NORMAL_BASELINE
e1000000-0000-0000-0000-000000000226,1548.88,7.3459,0.0032,8,0,1,0,1,3,1548.88,3252.65,1.0,0.02,0,86400.0,1.0,0.938,13,17,0.778,0.008,0.045,0,99,1,NORMAL_TRANSACTION,0,0,NORMAL_BASELINE
e1000000-0000-0000-0000-000000000227,3056.8,8.0255,0.0016,8,0,1,0,1,3,3056.8,6419.28,0.763,0.02,0,1258.0,0.133,0.8777,10,20,0.524,0.008,0.045,0,99,1,NORMAL_TRANSACTION,0,0,NORMAL_BASELINE
e1000000-0000-0000-0000-000000000228,6933.56,8.8443,0.0,8,0,1,1,1,3,6933.56,14560.48,1.0,0.02,0,86400.0,0.017,0.7227,5,10,0.545,0.008,0.045,0,99,1,NORMAL_TRANSACTION,0,0,NORMAL_BASELINE
e1000000-0000-0000-0000-000000000229,100.0,4.6151,0.0,8,0,1,4,1,3,100.0,210.0,0.043,0.02,0,170127.0,0.003,0.996,14,14,1.0,0.008,0.045,0,99,1,NORMAL_TRANSACTION,0,0,NORMAL_BASELINE
e1000000-0000-0000-0000-000000000230,5835.51,8.6719,0.0149,8,0,1,2,1,3,5835.51,12254.57,4.961,0.02,0,124946.0,0.2,0.7666,8,16,0.529,0.008,0.045,0,99,1,NORMAL_TRANSACTION,0,0,NORMAL_BASELINE
e1000000-0000-0000-0000-000000000231,884.03,6.7856,0.0,8,0,1,3,1,3,884.03,1856.46,0.265,0.02,0,84686.0,0.038,0.9646,7,22,0.348,0.008,0.045,0,99,1,NORMAL_TRANSACTION,0,0,NORMAL_BASELINE
e1000000-0000-0000-0000-000000000232,3515.4,8.1652,0.0014,8,0,1,0,1,3,3515.4,7382.34,1.171,0.02,0,169948.0,0.132,0.8594,14,17,0.833,0.008,0.045,0,99,1,NORMAL_TRANSACTION,0,0,NORMAL_BASELINE
e1000000-0000-0000-0000-000000000233,4128.23,8.3258,0.0012,9,0,1,0,1,3,4128.23,8669.28,1.0,0.02,0,86400.0,0.256,0.8349,9,20,0.476,0.008,0.045,0,99,1,NORMAL_TRANSACTION,0,0,NORMAL_BASELINE
e1000000-0000-0000-0000-000000000234,500.0,6.2166,0.0,9,0,1,4,1,3,500.0,1050.0,0.203,0.02,0,41797.0,0.117,0.98,17,18,0.947,0.008,0.045,0,99,1,NORMAL_TRANSACTION,0,0,NORMAL_BASELINE
e1000000-0000-0000-0000-000000000235,3285.95,8.0977,0.0015,9,0,1,0,1,3,3285.95,6900.49,0.795,0.02,0,56291.0,0.134,0.8686,11,16,0.706,0.008,0.045,0,99,1,NORMAL_TRANSACTION,0,0,NORMAL_BASELINE
e1000000-0000-0000-0000-000000000236,1285.4,7.1596,0.0039,9,0,1,0,1,3,1285.4,2699.34,0.511,0.02,0,47191.0,0.449,0.9486,9,18,0.526,0.008,0.045,0,99,1,NORMAL_TRANSACTION,0,0,NORMAL_BASELINE
e1000000-0000-0000-0000-000000000237,3056.01,8.0252,0.0,9,0,1,3,1,3,3056.01,6417.62,1.0,0.02,0,86400.0,0.358,0.8778,16,13,1.214,0.008,0.045,0,99,1,NORMAL_TRANSACTION,0,0,NORMAL_BASELINE
e1000000-0000-0000-0000-000000000238,1069.27,6.9757,0.0047,9,0,1,0,1,3,1069.27,2245.47,0.392,0.02,0,4626.0,0.037,0.9572,8,16,0.529,0.008,0.045,0,99,1,NORMAL_TRANSACTION,0,0,NORMAL_BASELINE
e1000000-0000-0000-0000-000000000239,3506.58,8.1627,0.0014,9,0,1,0,1,3,3506.58,7363.82,0.945,0.02,0,84266.0,0.124,0.8597,11,15,0.75,0.008,0.045,0,99,1,NORMAL_TRANSACTION,0,0,NORMAL_BASELINE
e1000000-0000-0000-0000-000000000240,2682.67,7.8949,0.0,10,0,1,3,1,3,2682.67,5633.61,1.848,0.02,0,159205.0,0.163,0.8927,13,11,1.167,0.008,0.045,0,99,1,NORMAL_TRANSACTION,0,0,NORMAL_BASELINE
e1000000-0000-0000-0000-000000000241,1236.16,7.1206,0.004,10,0,1,0,1,3,1236.16,2595.94,0.3,0.02,0,57705.0,0.161,0.9506,9,18,0.526,0.008,0.045,0,99,1,NORMAL_TRANSACTION,0,0,NORMAL_BASELINE
e1000000-0000-0000-0000-000000000242,2336.6,7.7569,0.0,10,0,1,3,1,3,2336.6,4906.86,1.0,0.02,0,86400.0,0.186,0.9065,5,14,0.4,0.008,0.045,0,99,1,NORMAL_TRANSACTION,0,0,NORMAL_BASELINE
e1000000-0000-0000-0000-000000000243,3171.38,8.0622,0.0,10,0,1,3,1,3,3171.38,6659.9,1.603,0.02,0,62103.0,0.227,0.8731,7,21,0.364,0.008,0.045,0,99,1,NORMAL_TRANSACTION,0,0,NORMAL_BASELINE
e1000000-0000-0000-0000-000000000244,2211.4,7.7018,0.0,10,0,1,3,1,3,2211.4,4643.94,1.594,0.02,0,152233.0,0.072,0.9115,11,22,0.522,0.008,0.045,0,99,1,NORMAL_TRANSACTION,0,0,NORMAL_BASELINE
e1000000-0000-0000-0000-000000000245,2329.98,7.754,0.0,10,0,1,1,1,3,2329.98,4892.96,0.263,0.02,0,72780.0,0.011,0.9068,12,13,0.929,0.008,0.045,0,99,1,NORMAL_TRANSACTION,0,0,NORMAL_BASELINE
e1000000-0000-0000-0000-000000000246,1890.15,7.5449,0.0026,10,0,1,0,1,3,1890.15,3969.32,0.845,0.02,0,7578.0,0.072,0.9244,13,26,0.519,0.008,0.045,0,99,1,NORMAL_TRANSACTION,0,0,NORMAL_BASELINE
e1000000-0000-0000-0000-000000000247,1348.08,7.2072,0.0037,11,0,1,0,1,3,1348.08,2830.97,0.363,0.02,0,5974.0,0.055,0.9461,11,16,0.706,0.008,0.045,0,99,1,NORMAL_TRANSACTION,0,0,NORMAL_BASELINE
e1000000-0000-0000-0000-000000000248,2246.27,7.7175,0.0149,11,0,1,2,1,3,2246.27,4717.17,0.372,0.02,0,158920.0,0.544,0.9101,11,16,0.706,0.008,0.045,0,99,1,NORMAL_TRANSACTION,0,0,NORMAL_BASELINE
e1000000-0000-0000-0000-000000000249,7240.09,8.8875,0.0149,11,0,1,2,1,3,7240.09,15204.19,2.478,0.02,0,412.0,0.296,0.7104,11,16,0.706,0.008,0.045,0,99,1,NORMAL_TRANSACTION,0,0,NORMAL_BASELINE
e1000000-0000-0000-0000-000000000250,2328.05,7.7532,0.0021,11,0,1,0,1,3,2328.05,4888.91,1.345,0.02,0,58683.0,0.412,0.9069,14,16,0.882,0.008,0.045,0,99,1,NORMAL_TRANSACTION,0,0,NORMAL_BASELINE
e1000000-0000-0000-0000-000000000251,2533.21,7.8376,0.0149,11,0,1,2,1,3,2533.21,5319.74,1.631,0.02,0,161813.0,0.077,0.8987,11,16,0.706,0.008,0.045,0,99,1,NORMAL_TRANSACTION,0,0,NORMAL_BASELINE
e1000000-0000-0000-0000-000000000252,1150.48,7.0488,0.0043,11,0,1,0,1,3,1150.48,2416.01,0.387,0.02,0,48720.0,0.034,0.954,6,15,0.438,0.008,0.045,0,99,1,NORMAL_TRANSACTION,0,0,NORMAL_BASELINE
e1000000-0000-0000-0000-000000000253,4202.55,8.3437,0.0012,11,0,1,0,1,3,4202.55,8825.36,1.089,0.02,0,63863.0,0.199,0.8319,13,13,1.0,0.008,0.045,0,99,1,NORMAL_TRANSACTION,0,0,NORMAL_BASELINE
e1000000-0000-0000-0000-000000000254,1997.72,7.6003,0.0,11,0,1,1,1,3,1997.72,4195.21,1.729,0.02,0,57359.0,0.009,0.9201,15,16,0.941,0.008,0.045,0,99,1,NORMAL_TRANSACTION,0,0,NORMAL_BASELINE
e1000000-0000-0000-0000-000000000255,7677.65,8.9462,0.0149,11,0,1,2,1,3,7677.65,16123.07,1.0,0.02,0,86400.0,1.0,0.6929,14,23,0.625,0.008,0.045,0,99,1,NORMAL_TRANSACTION,0,0,NORMAL_BASELINE
e1000000-0000-0000-0000-000000000256,9229.97,9.1303,0.0,11,0,1,1,1,3,9229.97,19382.94,1.651,0.02,0,4407.0,0.042,0.6308,12,13,0.929,0.008,0.045,0,99,1,NORMAL_TRANSACTION,0,0,NORMAL_BASELINE
e1000000-0000-0000-0000-000000000257,899.43,6.8029,0.0149,11,0,1,2,1,3,899.43,1888.8,0.223,0.02,0,1703.0,0.042,0.964,13,13,1.0,0.008,0.045,0,99,1,NORMAL_TRANSACTION,0,0,NORMAL_BASELINE
e1000000-0000-0000-0000-000000000258,6381.26,8.7613,0.0,11,0,1,1,1,3,6381.26,13400.65,1.0,0.02,0,86400.0,0.018,0.7447,16,10,1.545,0.008,0.045,0,99,1,NORMAL_TRANSACTION,0,0,NORMAL_BASELINE
e1000000-0000-0000-0000-000000000259,1003.15,6.9119,0.0,12,0,1,3,1,3,1003.15,2106.62,1.0,0.02,0,86400.0,0.374,0.9599,15,8,1.778,0.008,0.045,0,99,1,NORMAL_TRANSACTION,0,0,NORMAL_BASELINE
e1000000-0000-0000-0000-000000000260,833.6,6.727,0.006,12,0,1,0,1,3,833.6,1750.56,0.208,0.02,0,3520.0,0.034,0.9667,11,16,0.706,0.008,0.045,0,99,1,NORMAL_TRANSACTION,0,0,NORMAL_BASELINE
e1000000-0000-0000-0000-000000000261,7118.42,8.8706,0.0149,12,0,1,2,1,3,7118.42,14948.68,2.642,0.02,0,142421.0,0.225,0.7153,10,25,0.423,0.008,0.045,0,99,1,NORMAL_TRANSACTION,0,0,NORMAL_BASELINE
e1000000-0000-0000-0000-000000000262,6196.89,8.732,0.0149,12,0,1,2,1,3,6196.89,13013.47,1.0,0.02,0,86400.0,0.182,0.7521,14,22,0.652,0.008,0.045,0,99,1,NORMAL_TRANSACTION,0,0,NORMAL_BASELINE
e1000000-0000-0000-0000-000000000263,7454.93,8.9168,0.0149,12,0,1,2,1,3,7454.93,15655.35,2.751,0.02,0,17022.0,0.527,0.7018,17,15,1.125,0.008,0.045,0,99,1,NORMAL_TRANSACTION,0,0,NORMAL_BASELINE
e1000000-0000-0000-0000-000000000264,6541.09,8.786,0.0,12,0,1,1,1,3,6541.09,13736.29,1.85,0.02,0,183809.0,0.011,0.7384,13,11,1.167,0.008,0.045,0,99,1,NORMAL_TRANSACTION,0,0,NORMAL_BASELINE
e1000000-0000-0000-0000-000000000265,1840.16,7.5182,0.0,13,0,1,3,1,3,1840.16,3864.34,9.201,0.02,0,175009.0,0.094,0.9264,9,18,0.526,0.008,0.045,0,99,1,NORMAL_TRANSACTION,0,0,NORMAL_BASELINE
e1000000-0000-0000-0000-000000000266,4908.39,8.4989,0.0149,13,0,1,2,1,3,4908.39,10307.62,2.121,0.02,0,11420.0,0.168,0.8037,8,16,0.529,0.008,0.045,0,99,1,NORMAL_TRANSACTION,0,0,NORMAL_BASELINE
e1000000-0000-0000-0000-000000000267,192.96,5.2677,0.0,13,0,1,3,1,3,192.96,405.22,0.16,0.02,0,16222.0,0.006,0.9923,14,14,1.0,0.008,0.045,0,99,1,NORMAL_TRANSACTION,0,0,NORMAL_BASELINE
e1000000-0000-0000-0000-000000000268,6237.13,8.7384,0.0,13,0,1,1,1,3,6237.13,13097.97,0.938,0.02,0,161081.0,0.036,0.7505,12,16,0.765,0.008,0.045,0,99,1,NORMAL_TRANSACTION,0,0,NORMAL_BASELINE
e1000000-0000-0000-0000-000000000269,3004.88,8.0083,0.0017,13,0,1,0,1,3,3004.88,6310.25,1.191,0.02,0,16019.0,0.129,0.8798,7,22,0.348,0.008,0.045,0,99,1,NORMAL_TRANSACTION,0,0,NORMAL_BASELINE
e1000000-0000-0000-0000-000000000270,2596.08,7.8621,0.0,13,0,1,3,1,3,2596.08,5451.77,1.419,0.02,0,19079.0,0.146,0.8962,14,20,0.714,0.008,0.045,0,99,1,NORMAL_TRANSACTION,0,0,NORMAL_BASELINE
e1000000-0000-0000-0000-000000000271,9983.36,9.2088,0.0,13,0,1,1,1,3,9983.36,20965.06,1.393,0.02,0,76505.0,0.027,0.6007,20,19,1.05,0.008,0.045,0,99,1,NORMAL_TRANSACTION,0,0,NORMAL_BASELINE
e1000000-0000-0000-0000-000000000272,858.7,6.7566,0.0058,13,0,1,0,1,3,858.7,1803.27,0.463,0.02,0,65973.0,0.036,0.9657,17,17,1.0,0.008,0.045,0,99,1,NORMAL_TRANSACTION,0,0,NORMAL_BASELINE
e1000000-0000-0000-0000-000000000273,222.28,5.4084,0.0,13,0,1,0,1,3,222.28,466.79,0.084,0.02,0,1609.0,0.01,0.9911,7,22,0.348,0.008,0.045,0,99,1,NORMAL_TRANSACTION,0,0,NORMAL_BASELINE
e1000000-0000-0000-0000-000000000274,762.29,6.6376,0.0066,13,0,1,0,1,3,762.29,1600.81,1.0,0.02,0,86400.0,0.089,0.9695,8,17,0.5,0.008,0.045,0,99,1,NORMAL_TRANSACTION,0,0,NORMAL_BASELINE
e1000000-0000-0000-0000-000000000275,394.76,5.9808,0.0,13,0,1,3,1,3,394.76,829.0,0.128,0.02,0,145887.0,0.024,0.9842,15,20,0.762,0.008,0.045,0,99,1,NORMAL_TRANSACTION,0,0,NORMAL_BASELINE
e1000000-0000-0000-0000-000000000276,2925.88,7.9817,0.0,13,0,1,1,1,3,2925.88,6144.35,0.36,0.02,0,60646.0,0.007,0.883,6,13,0.5,0.008,0.045,0,99,1,NORMAL_TRANSACTION,0,0,NORMAL_BASELINE
e1000000-0000-0000-0000-000000000277,3837.51,8.2528,0.0013,13,0,1,0,1,3,3837.51,8058.77,0.93,0.02,0,17878.0,0.238,0.8465,9,20,0.476,0.008,0.045,0,99,1,NORMAL_TRANSACTION,0,0,NORMAL_BASELINE
e1000000-0000-0000-0000-000000000278,2969.15,7.9964,0.0,14,0,1,3,1,3,2969.15,6235.22,1.925,0.02,0,68154.0,0.146,0.8812,10,16,0.647,0.008,0.045,0,99,1,NORMAL_TRANSACTION,0,0,NORMAL_BASELINE
e1000000-0000-0000-0000-000000000279,2293.68,7.7383,0.0,14,0,1,3,1,3,2293.68,4816.73,3.125,0.02,0,75419.0,0.49,0.9083,12,13,0.929,0.008,0.045,0,99,1,NORMAL_TRANSACTION,0,0,NORMAL_BASELINE
e1000000-0000-0000-0000-000000000280,1647.62,7.4077,0.0149,14,0,1,2,1,3,1647.62,3460.0,1.0,0.02,0,86400.0,0.077,0.9341,16,20,0.81,0.008,0.045,0,99,1,NORMAL_TRANSACTION,0,0,NORMAL_BASELINE
e1000000-0000-0000-0000-000000000281,3043.91,8.0212,0.0,14,0,1,3,1,3,3043.91,6392.21,1.327,0.02,0,68880.0,0.32,0.8782,12,18,0.684,0.008,0.045,0,99,1,NORMAL_TRANSACTION,0,0,NORMAL_BASELINE
e1000000-0000-0000-0000-000000000282,5379.04,8.5905,0.0149,14,0,1,2,1,3,5379.04,11295.98,2.58,0.02,0,4515.0,0.303,0.7848,14,20,0.714,0.008,0.045,0,99,1,NORMAL_TRANSACTION,0,0,NORMAL_BASELINE
e1000000-0000-0000-0000-000000000283,1022.64,6.9311,0.0,14,0,1,3,1,3,1022.64,2147.54,1.0,0.02,0,86400.0,0.069,0.9591,15,15,1.0,0.008,0.045,0,99,1,NORMAL_TRANSACTION,0,0,NORMAL_BASELINE
e1000000-0000-0000-0000-000000000284,7482.82,8.9205,0.0,15,0,1,1,1,3,7482.82,15713.92,1.777,0.02,0,88443.0,0.019,0.7007,11,11,1.0,0.008,0.045,0,99,1,NORMAL_TRANSACTION,0,0,NORMAL_BASELINE
e1000000-0000-0000-0000-000000000285,802.58,6.6891,0.0062,15,0,1,0,1,3,802.58,1685.42,0.301,0.02,0,90976.0,0.034,0.9679,12,12,1.0,0.008,0.045,0,99,1,NORMAL_TRANSACTION,0,0,NORMAL_BASELINE
e1000000-0000-0000-0000-000000000286,2255.39,7.7215,0.0,15,0,1,3,1,3,2255.39,4736.32,0.946,0.02,0,185730.0,0.201,0.9098,16,18,0.895,0.008,0.045,0,99,1,NORMAL_TRANSACTION,0,0,NORMAL_BASELINE
e1000000-0000-0000-0000-000000000287,4264.5,8.3583,0.0012,15,0,1,0,1,3,4264.5,8955.45,2.753,0.02,0,24912.0,1.0,0.8294,13,17,0.778,0.008,0.045,0,99,1,NORMAL_TRANSACTION,0,0,NORMAL_BASELINE
e1000000-0000-0000-0000-000000000288,6225.2,8.7365,0.0149,15,0,1,2,1,3,6225.2,13072.92,4.086,0.02,0,90405.0,0.196,0.751,15,14,1.067,0.008,0.045,0,99,1,NORMAL_TRANSACTION,0,0,NORMAL_BASELINE
e1000000-0000-0000-0000-000000000289,2117.41,7.6584,0.0149,15,0,1,2,1,3,2117.41,4446.56,0.728,0.02,0,424.0,1.0,0.9153,13,17,0.778,0.008,0.045,0,99,1,NORMAL_TRANSACTION,0,0,NORMAL_BASELINE
e1000000-0000-0000-0000-000000000290,2133.26,7.6659,0.0023,16,0,1,0,1,3,2133.26,4479.85,1.295,0.02,0,5602.0,0.1,0.9147,16,20,0.81,0.008,0.045,0,99,1,NORMAL_TRANSACTION,0,0,NORMAL_BASELINE
e1000000-0000-0000-0000-000000000291,2980.84,8.0003,0.0017,16,0,1,0,1,3,2980.84,6259.76,1.0,0.02,0,86400.0,0.142,0.8808,8,15,0.562,0.008,0.045,0,99,1,NORMAL_TRANSACTION,0,0,NORMAL_BASELINE
e1000000-0000-0000-0000-000000000292,3144.14,8.0536,0.0,16,0,1,3,1,3,3144.14,6602.69,1.055,0.02,0,109620.0,0.105,0.8742,17,18,0.947,0.008,0.045,0,99,1,NORMAL_TRANSACTION,0,0,NORMAL_BASELINE
e1000000-0000-0000-0000-000000000293,1925.96,7.5637,0.0026,16,0,1,0,1,3,1925.96,4044.52,1.262,0.02,0,100506.0,0.086,0.923,16,20,0.81,0.008,0.045,0,99,1,NORMAL_TRANSACTION,0,0,NORMAL_BASELINE
e1000000-0000-0000-0000-000000000294,867.02,6.7662,0.0058,16,0,1,0,1,3,867.02,1820.74,0.243,0.02,0,98041.0,0.154,0.9653,12,15,0.812,0.008,0.045,0,99,1,NORMAL_TRANSACTION,0,0,NORMAL_BASELINE
e1000000-0000-0000-0000-000000000295,1986.33,7.5945,0.0025,16,0,1,0,1,3,1986.33,4171.29,1.095,0.02,0,96085.0,0.335,0.9205,12,17,0.722,0.008,0.045,0,99,1,NORMAL_TRANSACTION,0,0,NORMAL_BASELINE
e1000000-0000-0000-0000-000000000296,3469.62,8.1521,0.0149,16,0,1,2,1,3,3469.62,7286.2,1.762,0.02,0,25818.0,0.815,0.8612,17,18,0.947,0.008,0.045,0,99,1,NORMAL_TRANSACTION,0,0,NORMAL_BASELINE
e1000000-0000-0000-0000-000000000297,2546.28,7.8428,0.0149,16,0,1,2,1,3,2546.28,5347.19,1.098,0.02,0,4366.0,0.226,0.8981,16,18,0.895,0.008,0.045,0,99,1,NORMAL_TRANSACTION,0,0,NORMAL_BASELINE
e1000000-0000-0000-0000-000000000298,500.0,6.2166,0.0,16,0,1,4,1,3,500.0,1050.0,0.242,0.02,0,23464.0,0.03,0.98,13,11,1.167,0.008,0.045,0,99,1,NORMAL_TRANSACTION,0,0,NORMAL_BASELINE
e1000000-0000-0000-0000-000000000299,1381.39,7.2316,0.0036,16,0,1,0,1,3,1381.39,2900.92,1.491,0.02,0,169494.0,0.063,0.9447,10,15,0.688,0.008,0.045,0,99,1,NORMAL_TRANSACTION,0,0,NORMAL_BASELINE
e1000000-0000-0000-0000-000000000300,2481.23,7.8169,0.0,16,0,1,3,1,3,2481.23,5210.58,0.852,0.02,0,174386.0,0.073,0.9008,12,15,0.812,0.008,0.045,0,99,1,NORMAL_TRANSACTION,0,0,NORMAL_BASELINE
e1000000-0000-0000-0000-000000000301,3996.09,8.2933,0.0013,16,0,1,0,1,3,3996.09,8391.79,2.614,0.02,0,100254.0,0.46,0.8402,10,17,0.611,0.008,0.045,0,99,1,NORMAL_TRANSACTION,0,0,NORMAL_BASELINE
e1000000-0000-0000-0000-000000000302,896.44,6.7995,0.0,17,0,1,3,1,3,896.44,1882.52,1.0,0.02,0,86400.0,0.026,0.9641,10,14,0.733,0.008,0.045,0,99,1,NORMAL_TRANSACTION,0,0,NORMAL_BASELINE
e1000000-0000-0000-0000-000000000303,2726.61,7.9112,0.0018,17,0,1,0,1,3,2726.61,5725.88,0.858,0.02,0,72735.0,0.19,0.8909,9,18,0.526,0.008,0.045,0,99,1,NORMAL_TRANSACTION,0,0,NORMAL_BASELINE
e1000000-0000-0000-0000-000000000304,7223.94,8.8853,0.0149,17,0,1,2,1,3,7223.94,15170.27,9.16,0.02,0,91277.0,1.0,0.711,13,24,0.56,0.008,0.045,0,99,1,NORMAL_TRANSACTION,0,0,NORMAL_BASELINE
e1000000-0000-0000-0000-000000000305,5815.55,8.6685,0.0149,17,0,1,2,1,3,5815.55,12212.66,2.169,0.02,0,25328.0,0.759,0.7674,9,18,0.526,0.008,0.045,0,99,1,NORMAL_TRANSACTION,0,0,NORMAL_BASELINE
e1000000-0000-0000-0000-000000000306,100.0,4.6151,0.0,17,0,1,4,1,3,100.0,210.0,0.05,0.02,0,71689.0,0.004,0.996,13,19,0.7,0.008,0.045,0,99,1,NORMAL_TRANSACTION,0,0,NORMAL_BASELINE
e1000000-0000-0000-0000-000000000307,20.0,3.0445,0.0,17,0,1,4,1,3,20.0,42.0,0.02,0.02,0,15943.0,0.001,0.9992,9,18,0.526,0.008,0.045,0,99,1,NORMAL_TRANSACTION,0,0,NORMAL_BASELINE
e1000000-0000-0000-0000-000000000308,2341.56,7.759,0.0,17,0,1,3,1,3,2341.56,4917.28,1.008,0.02,0,197222.0,0.09,0.9063,10,15,0.688,0.008,0.045,0,99,1,NORMAL_TRANSACTION,0,0,NORMAL_BASELINE
e1000000-0000-0000-0000-000000000309,4078.6,8.3138,0.0012,17,0,1,0,1,3,4078.6,8565.06,2.146,0.02,0,29040.0,1.0,0.8369,9,18,0.526,0.008,0.045,0,99,1,NORMAL_TRANSACTION,0,0,NORMAL_BASELINE
e1000000-0000-0000-0000-000000000310,3907.62,8.2709,0.0149,17,0,1,2,1,3,3907.62,8206.0,0.509,0.02,0,22073.0,1.0,0.8437,14,23,0.625,0.008,0.045,0,99,1,NORMAL_TRANSACTION,0,0,NORMAL_BASELINE
e1000000-0000-0000-0000-000000000311,4057.28,8.3085,0.0012,17,0,1,0,1,3,4057.28,8520.29,1.359,0.02,0,85633.0,0.209,0.8377,16,14,1.133,0.008,0.045,0,99,1,NORMAL_TRANSACTION,0,0,NORMAL_BASELINE
e1000000-0000-0000-0000-000000000312,3178.9,8.0646,0.0016,17,0,1,0,1,3,3178.9,6675.69,0.513,0.02,0,18164.0,0.093,0.8728,14,22,0.652,0.008,0.045,0,99,1,NORMAL_TRANSACTION,0,0,NORMAL_BASELINE
e1000000-0000-0000-0000-000000000313,5979.8,8.6963,0.0,17,0,1,1,1,3,5979.8,12557.58,1.0,0.02,0,86400.0,0.011,0.7608,13,10,1.273,0.008,0.045,0,99,1,NORMAL_TRANSACTION,0,0,NORMAL_BASELINE
e1000000-0000-0000-0000-000000000314,1946.2,7.5741,0.0026,18,0,1,0,1,3,1946.2,4087.02,1.0,0.02,0,86400.0,0.258,0.9222,13,12,1.077,0.008,0.045,0,99,1,NORMAL_TRANSACTION,0,0,NORMAL_BASELINE
e1000000-0000-0000-0000-000000000315,2493.96,7.822,0.002,18,0,1,0,1,3,2493.96,5237.32,0.755,0.02,0,116726.0,0.094,0.9002,9,16,0.588,0.008,0.045,0,99,1,NORMAL_TRANSACTION,0,0,NORMAL_BASELINE
e1000000-0000-0000-0000-000000000316,1804.75,7.4987,0.0028,18,0,1,0,1,3,1804.75,3789.98,0.595,0.02,0,8342.0,0.06,0.9278,17,18,0.947,0.008,0.045,0,99,1,NORMAL_TRANSACTION,0,0,NORMAL_BASELINE
e1000000-0000-0000-0000-000000000317,3547.62,8.1743,0.0014,18,0,1,0,1,3,3547.62,7450.0,1.533,0.02,0,107698.0,0.125,0.8581,15,21,0.727,0.008,0.045,0,99,1,NORMAL_TRANSACTION,0,0,NORMAL_BASELINE
e1000000-0000-0000-0000-000000000318,746.76,6.6171,0.0149,18,0,1,2,1,3,746.76,1568.2,0.365,0.02,0,27920.0,0.023,0.9701,11,16,0.706,0.008,0.045,0,99,1,NORMAL_TRANSACTION,0,0,NORMAL_BASELINE
e1000000-0000-0000-0000-000000000319,772.27,6.6506,0.0,19,0,1,3,1,3,772.27,1621.77,1.0,0.02,0,86400.0,0.023,0.9691,16,13,1.214,0.008,0.045,0,99,1,NORMAL_TRANSACTION,0,0,NORMAL_BASELINE
e1000000-0000-0000-0000-000000000320,2257.0,7.7222,0.0022,19,0,1,0,1,3,2257.0,4739.7,1.103,0.02,0,81249.0,1.0,0.9097,9,22,0.435,0.008,0.045,0,99,1,NORMAL_TRANSACTION,0,0,NORMAL_BASELINE
e1000000-0000-0000-0000-000000000321,6316.35,8.7511,0.0149,19,0,1,2,1,3,6316.35,13264.34,2.229,0.02,0,21869.0,0.216,0.7473,8,16,0.529,0.008,0.045,0,99,1,NORMAL_TRANSACTION,0,0,NORMAL_BASELINE
e1000000-0000-0000-0000-000000000322,2812.09,7.942,0.0,19,0,1,3,1,3,2812.09,5905.39,0.799,0.02,0,5378.0,0.145,0.8875,16,14,1.133,0.008,0.045,0,99,1,NORMAL_TRANSACTION,0,0,NORMAL_BASELINE
e1000000-0000-0000-0000-000000000323,3211.65,8.0749,0.0016,19,0,1,0,1,3,3211.65,6744.47,3.112,0.02,0,100422.0,0.533,0.8715,10,18,0.579,0.008,0.045,0,99,1,NORMAL_TRANSACTION,0,0,NORMAL_BASELINE
e1000000-0000-0000-0000-000000000324,1833.31,7.5144,0.0027,19,0,1,0,1,3,1833.31,3849.95,0.316,0.02,0,6492.0,1.0,0.9267,14,23,0.625,0.008,0.045,0,99,1,NORMAL_TRANSACTION,0,0,NORMAL_BASELINE
e1000000-0000-0000-0000-000000000325,3278.99,8.0956,0.0015,19,0,1,0,1,3,3278.99,6885.88,1.94,0.02,0,21086.0,0.136,0.8688,17,17,1.0,0.008,0.045,0,99,1,NORMAL_TRANSACTION,0,0,NORMAL_BASELINE
e1000000-0000-0000-0000-000000000326,874.8,6.7751,0.0,19,0,1,3,1,3,874.8,1837.08,0.427,0.02,0,15839.0,0.037,0.965,12,12,1.0,0.008,0.045,0,99,1,NORMAL_TRANSACTION,0,0,NORMAL_BASELINE
e1000000-0000-0000-0000-000000000327,7116.84,8.8704,0.0149,19,0,1,2,1,3,7116.84,14945.36,3.311,0.02,0,32699.0,0.272,0.7153,13,26,0.519,0.008,0.045,0,99,1,NORMAL_TRANSACTION,0,0,NORMAL_BASELINE
e1000000-0000-0000-0000-000000000328,1551.86,7.3479,0.0032,20,0,1,0,1,3,1551.86,3258.91,0.723,0.02,0,12194.0,0.178,0.9379,10,17,0.611,0.008,0.045,0,99,1,NORMAL_TRANSACTION,0,0,NORMAL_BASELINE
e1000000-0000-0000-0000-000000000329,1813.7,7.5037,0.0,20,0,1,3,1,3,1813.7,3808.77,0.37,0.02,0,27106.0,0.057,0.9275,10,25,0.423,0.008,0.045,0,99,1,NORMAL_TRANSACTION,0,0,NORMAL_BASELINE
e1000000-0000-0000-0000-000000000330,3773.78,8.2361,0.0013,20,0,1,0,1,3,3773.78,7924.94,1.298,0.02,0,19629.0,0.213,0.849,14,20,0.714,0.008,0.045,0,99,1,NORMAL_TRANSACTION,0,0,NORMAL_BASELINE
e1000000-0000-0000-0000-000000000331,5729.56,8.6536,0.0,20,0,1,1,1,3,5729.56,12032.08,1.481,0.02,0,42782.0,0.017,0.7708,9,11,0.833,0.008,0.045,0,99,1,NORMAL_TRANSACTION,0,0,NORMAL_BASELINE
e1000000-0000-0000-0000-000000000332,2266.64,7.7265,0.0,20,0,1,3,1,3,2266.64,4759.94,0.69,0.02,0,3799.0,0.117,0.9093,16,14,1.133,0.008,0.045,0,99,1,NORMAL_TRANSACTION,0,0,NORMAL_BASELINE
e1000000-0000-0000-0000-000000000333,1563.28,7.3552,0.0032,20,0,1,0,1,3,1563.28,3282.89,1.744,0.02,0,11777.0,0.046,0.9375,10,14,0.733,0.008,0.045,0,99,1,NORMAL_TRANSACTION,0,0,NORMAL_BASELINE
e1000000-0000-0000-0000-000000000334,797.17,6.6823,0.0063,20,0,1,0,1,3,797.17,1674.06,0.512,0.02,0,43520.0,0.029,0.9681,7,13,0.571,0.008,0.045,0,99,1,NORMAL_TRANSACTION,0,0,NORMAL_BASELINE
e1000000-0000-0000-0000-000000000335,2629.51,7.8749,0.0019,20,0,1,0,1,3,2629.51,5521.97,1.503,0.02,0,179004.0,0.397,0.8948,16,18,0.895,0.008,0.045,0,99,1,NORMAL_TRANSACTION,0,0,NORMAL_BASELINE
e1000000-0000-0000-0000-000000000336,2615.81,7.8697,0.0019,20,0,1,0,1,3,2615.81,5493.2,1.289,0.02,0,33106.0,0.463,0.8954,14,16,0.882,0.008,0.045,0,99,1,NORMAL_TRANSACTION,0,0,NORMAL_BASELINE
e1000000-0000-0000-0000-000000000337,2861.44,7.9594,0.0,20,0,1,3,1,3,2861.44,6009.02,0.958,0.02,0,31438.0,0.135,0.8855,13,13,1.0,0.008,0.045,0,99,1,NORMAL_TRANSACTION,0,0,NORMAL_BASELINE
e1000000-0000-0000-0000-000000000338,20.0,3.0445,0.0,20,0,1,4,1,3,20.0,42.0,1.0,0.02,0,86400.0,0.003,0.9992,17,15,1.125,0.008,0.045,0,99,1,NORMAL_TRANSACTION,0,0,NORMAL_BASELINE
e1000000-0000-0000-0000-000000000339,2535.72,7.8386,0.002,20,0,1,0,1,3,2535.72,5325.01,1.087,0.02,0,11536.0,0.097,0.8986,10,15,0.688,0.008,0.045,0,99,1,NORMAL_TRANSACTION,0,0,NORMAL_BASELINE
e1000000-0000-0000-0000-000000000340,4336.34,8.375,0.0,20,0,1,1,1,3,4336.34,9106.31,0.68,0.02,0,32012.0,0.012,0.8265,16,10,1.545,0.008,0.045,0,99,1,NORMAL_TRANSACTION,0,0,NORMAL_BASELINE
e1000000-0000-0000-0000-000000000341,1705.85,7.4424,0.0,20,0,1,1,1,3,1705.85,3582.28,0.377,0.02,0,131570.0,0.003,0.9318,8,12,0.692,0.008,0.045,0,99,1,NORMAL_TRANSACTION,0,0,NORMAL_BASELINE
e1000000-0000-0000-0000-000000000342,1093.88,6.9984,0.0,20,0,1,3,1,3,1093.88,2297.15,0.294,0.02,0,12378.0,0.143,0.9562,9,18,0.526,0.008,0.045,0,99,1,NORMAL_TRANSACTION,0,0,NORMAL_BASELINE
e1000000-0000-0000-0000-000000000343,3096.05,8.0382,0.0016,21,0,1,0,1,3,3096.05,6501.71,1.021,0.02,0,8731.0,0.117,0.8762,9,16,0.588,0.008,0.045,0,99,1,NORMAL_TRANSACTION,0,0,NORMAL_BASELINE
e1000000-0000-0000-0000-000000000344,2709.92,7.905,0.0018,21,0,1,0,1,3,2709.92,5690.83,1.16,0.02,0,38429.0,0.215,0.8916,5,14,0.4,0.008,0.045,0,99,1,NORMAL_TRANSACTION,0,0,NORMAL_BASELINE
e1000000-0000-0000-0000-000000000345,5155.12,8.5479,0.0,21,0,1,1,1,3,5155.12,10825.75,1.237,0.02,0,106324.0,0.013,0.7938,11,10,1.091,0.008,0.045,0,99,1,NORMAL_TRANSACTION,0,0,NORMAL_BASELINE
e1000000-0000-0000-0000-000000000346,2477.52,7.8154,0.0,21,0,1,3,1,3,2477.52,5202.79,0.644,0.02,0,214681.0,0.155,0.9009,11,22,0.522,0.008,0.045,0,99,1,NORMAL_TRANSACTION,0,0,NORMAL_BASELINE
e1000000-0000-0000-0000-000000000347,2657.23,7.8854,0.0149,21,0,1,2,1,3,2657.23,5580.18,6.365,0.02,0,114391.0,0.143,0.8937,10,14,0.733,0.008,0.045,0,99,1,NORMAL_TRANSACTION,0,0,NORMAL_BASELINE
e1000000-0000-0000-0000-000000000348,968.81,6.8771,0.0,21,0,1,3,1,3,968.81,2034.5,0.486,0.02,0,105854.0,0.037,0.9612,14,19,0.75,0.008,0.045,0,99,1,NORMAL_TRANSACTION,0,0,NORMAL_BASELINE
e1000000-0000-0000-0000-000000000349,2824.07,7.9463,0.0,21,0,1,3,1,3,2824.07,5930.55,1.228,0.02,0,128378.0,0.31,0.887,15,20,0.762,0.008,0.045,0,99,1,NORMAL_TRANSACTION,0,0,NORMAL_BASELINE
e1000000-0000-0000-0000-000000000350,9053.12,9.111,0.0,21,0,1,1,1,3,9053.12,19011.55,1.942,0.02,0,918.0,0.023,0.6379,11,10,1.091,0.008,0.045,0,99,1,NORMAL_TRANSACTION,0,0,NORMAL_BASELINE
e1000000-0000-0000-0000-000000000351,518.91,6.2537,0.0096,21,0,1,0,1,3,518.91,1089.71,0.164,0.02,0,905.0,0.033,0.9792,11,22,0.522,0.008,0.045,0,99,1,NORMAL_TRANSACTION,0,0,NORMAL_BASELINE
e1000000-0000-0000-0000-000000000352,1140.49,7.0401,0.0044,21,0,1,0,1,3,1140.49,2395.03,0.272,0.02,0,95448.0,0.036,0.9544,17,19,0.9,0.008,0.045,0,99,1,NORMAL_TRANSACTION,0,0,NORMAL_BASELINE
e1000000-0000-0000-0000-000000000353,2078.89,7.6401,0.0024,21,0,1,0,1,3,2078.89,4365.67,0.678,0.02,0,16706.0,0.145,0.9168,9,18,0.526,0.008,0.045,0,99,1,NORMAL_TRANSACTION,0,0,NORMAL_BASELINE
e1000000-0000-0000-0000-000000000354,3595.08,8.1876,0.0149,21,0,1,2,1,3,3595.08,7549.67,71.902,0.02,0,135044.0,0.267,0.8562,10,17,0.611,0.008,0.045,0,99,1,NORMAL_TRANSACTION,0,0,NORMAL_BASELINE
e1000000-0000-0000-0000-000000000355,2802.23,7.9385,0.0018,8,0,0,0,1,3,2802.23,5884.68,1.039,0.02,0,55524.0,0.082,0.8879,12,15,0.812,0.008,0.045,0,99,1,NORMAL_TRANSACTION,0,0,NORMAL_BASELINE
e1000000-0000-0000-0000-000000000356,505.07,6.2267,0.0149,8,0,0,2,1,3,505.07,1060.65,0.153,0.02,0,127634.0,0.053,0.9798,8,18,0.474,0.008,0.045,0,99,1,NORMAL_TRANSACTION,0,0,NORMAL_BASELINE
e1000000-0000-0000-0000-000000000357,1998.29,7.6005,0.0,8,0,0,1,1,3,1998.29,4196.41,0.397,0.02,0,69002.0,0.003,0.9201,13,11,1.167,0.008,0.045,0,99,1,NORMAL_TRANSACTION,0,0,NORMAL_BASELINE
e1000000-0000-0000-0000-000000000358,2723.5,7.91,0.0,8,0,0,3,1,3,2723.5,5719.35,0.79,0.02,0,153206.0,0.094,0.8911,13,15,0.875,0.008,0.045,0,99,1,NORMAL_TRANSACTION,0,0,NORMAL_BASELINE
e1000000-0000-0000-0000-000000000359,2433.61,7.7975,0.0021,8,0,0,0,1,3,2433.61,5110.58,0.738,0.02,0,146681.0,0.271,0.9027,8,21,0.409,0.008,0.045,0,99,1,NORMAL_TRANSACTION,0,0,NORMAL_BASELINE
e1000000-0000-0000-0000-000000000360,3247.1,8.0858,0.0,8,0,0,1,1,3,3247.1,6818.91,0.905,0.02,0,41447.0,0.006,0.8701,8,12,0.692,0.008,0.045,0,99,1,NORMAL_TRANSACTION,0,0,NORMAL_BASELINE
e1000000-0000-0000-0000-000000000361,50.0,3.9318,0.0,8,0,0,4,1,3,50.0,105.0,0.018,0.02,0,829.0,0.001,0.998,12,15,0.812,0.008,0.045,0,99,1,NORMAL_TRANSACTION,0,0,NORMAL_BASELINE
e1000000-0000-0000-0000-000000000362,3380.18,8.126,0.0015,8,0,0,0,1,3,3380.18,7098.38,4.922,0.02,0,53576.0,0.173,0.8648,9,18,0.526,0.008,0.045,0,99,1,NORMAL_TRANSACTION,0,0,NORMAL_BASELINE
e1000000-0000-0000-0000-000000000363,2920.33,7.9798,0.0,8,0,0,3,1,3,2920.33,6132.69,1.41,0.02,0,128009.0,0.602,0.8832,9,11,0.833,0.008,0.045,0,99,1,NORMAL_TRANSACTION,0,0,NORMAL_BASELINE
e1000000-0000-0000-0000-000000000364,869.68,6.7693,0.0149,8,0,0,2,1,3,869.68,1826.33,0.319,0.02,0,140507.0,0.08,0.9652,13,18,0.737,0.008,0.045,0,99,1,NORMAL_TRANSACTION,0,0,NORMAL_BASELINE
e1000000-0000-0000-0000-000000000365,4167.09,8.3352,0.0012,8,0,0,0,1,3,4167.09,8750.89,1.371,0.02,0,135016.0,0.174,0.8333,8,18,0.474,0.008,0.045,0,99,1,NORMAL_TRANSACTION,0,0,NORMAL_BASELINE
e1000000-0000-0000-0000-000000000366,1491.31,7.3081,0.0149,8,0,0,2,1,3,1491.31,3131.75,0.848,0.02,0,48644.0,0.247,0.9403,10,18,0.579,0.008,0.045,0,99,1,NORMAL_TRANSACTION,0,0,NORMAL_BASELINE
e1000000-0000-0000-0000-000000000367,3120.64,8.0461,0.0,8,0,0,3,1,3,3120.64,6553.34,1.446,0.02,0,68760.0,0.134,0.8752,7,22,0.348,0.008,0.045,0,99,1,NORMAL_TRANSACTION,0,0,NORMAL_BASELINE
e1000000-0000-0000-0000-000000000368,2986.26,8.0021,0.0,8,0,0,3,1,3,2986.26,6271.15,1.222,0.02,0,65899.0,0.314,0.8805,12,18,0.684,0.008,0.045,0,99,1,NORMAL_TRANSACTION,0,0,NORMAL_BASELINE
e1000000-0000-0000-0000-000000000369,1765.1,7.4765,0.0028,8,0,0,0,1,3,1765.1,3706.71,0.542,0.02,0,86520.0,0.066,0.9294,14,17,0.833,0.008,0.045,0,99,1,NORMAL_TRANSACTION,0,0,NORMAL_BASELINE
e1000000-0000-0000-0000-000000000370,1986.0,7.5944,0.0149,9,0,0,2,1,3,1986.0,4170.6,0.416,0.02,0,78981.0,0.481,0.9206,11,16,0.706,0.008,0.045,0,99,1,NORMAL_TRANSACTION,0,0,NORMAL_BASELINE
e1000000-0000-0000-0000-000000000371,2430.83,7.7964,0.0021,9,0,0,0,1,3,2430.83,5104.74,0.795,0.02,0,83846.0,0.284,0.9028,16,13,1.214,0.008,0.045,0,99,1,NORMAL_TRANSACTION,0,0,NORMAL_BASELINE
e1000000-0000-0000-0000-000000000372,3733.25,8.2253,0.0013,9,0,0,0,1,3,3733.25,7839.83,1.556,0.02,0,44172.0,0.143,0.8507,10,15,0.688,0.008,0.045,0,99,1,NORMAL_TRANSACTION,0,0,NORMAL_BASELINE
e1000000-0000-0000-0000-000000000373,1607.87,7.3833,0.0,9,0,0,3,1,3,1607.87,3376.53,0.608,0.02,0,62654.0,1.0,0.9357,13,17,0.778,0.008,0.045,0,99,1,NORMAL_TRANSACTION,0,0,NORMAL_BASELINE
e1000000-0000-0000-0000-000000000374,430.53,6.0673,0.0,9,0,0,3,1,3,430.53,904.11,0.221,0.02,0,53607.0,0.057,0.9828,13,12,1.077,0.008,0.045,0,99,1,NORMAL_TRANSACTION,0,0,NORMAL_BASELINE
e1000000-0000-0000-0000-000000000375,500.0,6.2166,0.0,9,0,0,4,1,3,500.0,1050.0,0.137,0.02,0,84103.0,0.018,0.98,11,15,0.75,0.008,0.045,0,99,1,NORMAL_TRANSACTION,0,0,NORMAL_BASELINE
e1000000-0000-0000-0000-000000000376,1257.74,7.1379,0.0149,9,0,0,2,1,3,1257.74,2641.25,0.479,0.02,0,254651.0,0.182,0.9497,13,14,0.933,0.008,0.045,0,99,1,NORMAL_TRANSACTION,0,0,NORMAL_BASELINE
e1000000-0000-0000-0000-000000000377,2434.66,7.798,0.0021,9,0,0,0,1,3,2434.66,5112.79,1.16,0.02,0,51362.0,1.0,0.9026,9,22,0.435,0.008,0.045,0,99,1,NORMAL_TRANSACTION,0,0,NORMAL_BASELINE
e1000000-0000-0000-0000-000000000378,514.3,6.2447,0.0,9,0,0,3,1,3,514.3,1080.03,0.155,0.02,0,168654.0,0.036,0.9794,9,9,1.0,0.008,0.045,0,99,1,NORMAL_TRANSACTION,0,0,NORMAL_BASELINE
e1000000-0000-0000-0000-000000000379,1955.28,7.5788,0.0,9,0,0,3,1,3,1955.28,4106.09,1.007,0.02,0,503.0,0.283,0.9218,13,14,0.933,0.008,0.045,0,99,1,NORMAL_TRANSACTION,0,0,NORMAL_BASELINE
e1000000-0000-0000-0000-000000000380,6532.54,8.7847,0.0149,9,0,0,2,1,3,6532.54,13718.33,2.078,0.02,0,49549.0,0.249,0.7387,13,26,0.519,0.008,0.045,0,99,1,NORMAL_TRANSACTION,0,0,NORMAL_BASELINE
e1000000-0000-0000-0000-000000000381,4086.34,8.3156,0.0012,9,0,0,0,1,3,4086.34,8581.31,1.63,0.02,0,144991.0,1.0,0.8365,13,13,1.0,0.008,0.045,0,99,1,NORMAL_TRANSACTION,0,0,NORMAL_BASELINE
e1000000-0000-0000-0000-000000000382,1206.59,7.0964,0.0,10,0,0,3,1,3,1206.59,2533.84,0.296,0.02,0,167026.0,0.036,0.9517,12,13,0.929,0.008,0.045,0,99,1,NORMAL_TRANSACTION,0,0,NORMAL_BASELINE
e1000000-0000-0000-0000-000000000383,518.25,6.2524,0.0,10,0,0,3,1,3,518.25,1088.33,0.227,0.02,0,45006.0,0.033,0.9793,11,22,0.522,0.008,0.045,0,99,1,NORMAL_TRANSACTION,0,0,NORMAL_BASELINE
e1000000-0000-0000-0000-000000000384,3675.31,8.2097,0.0149,10,0,0,2,1,3,3675.31,7718.15,1.988,0.02,0,63682.0,0.62,0.853,12,17,0.722,0.008,0.045,0,99,1,NORMAL_TRANSACTION,0,0,NORMAL_BASELINE
e1000000-0000-0000-0000-000000000385,7704.97,8.9498,0.0149,10,0,0,2,1,3,7704.97,16180.44,1.21,0.02,0,131228.0,0.324,0.6918,18,13,1.357,0.008,0.045,0,99,1,NORMAL_TRANSACTION,0,0,NORMAL_BASELINE
e1000000-0000-0000-0000-000000000386,6991.42,8.8526,0.0149,10,0,0,2,1,3,6991.42,14681.98,2.662,0.02,0,59651.0,1.0,0.7203,9,18,0.526,0.008,0.045,0,99,1,NORMAL_TRANSACTION,0,0,NORMAL_BASELINE
e1000000-0000-0000-0000-000000000387,5151.44,8.5472,0.0149,10,0,0,2,1,3,5151.44,10818.02,1.152,0.02,0,53562.0,1.0,0.7939,14,23,0.625,0.008,0.045,0,99,1,NORMAL_TRANSACTION,0,0,NORMAL_BASELINE
e1000000-0000-0000-0000-000000000388,8977.73,9.1026,0.0,10,0,0,1,1,3,8977.73,18853.23,6.591,0.02,0,148880.0,0.021,0.6409,16,12,1.308,0.008,0.045,0,99,1,NORMAL_TRANSACTION,0,0,NORMAL_BASELINE
e1000000-0000-0000-0000-000000000389,4211.43,8.3458,0.0,10,0,0,1,1,3,4211.43,8844.0,0.607,0.02,0,93955.0,0.01,0.8315,5,10,0.545,0.008,0.045,0,99,1,NORMAL_TRANSACTION,0,0,NORMAL_BASELINE
e1000000-0000-0000-0000-000000000390,1961.79,7.5821,0.0,10,0,0,3,1,3,1961.79,4119.76,0.618,0.02,0,141926.0,0.079,0.9215,13,25,0.538,0.008,0.045,0,99,1,NORMAL_TRANSACTION,0,0,NORMAL_BASELINE
e1000000-0000-0000-0000-000000000391,3384.86,8.1274,0.0015,10,0,0,0,1,3,3384.86,7108.21,1.18,0.02,0,47913.0,0.236,0.8646,9,18,0.526,0.008,0.045,0,99,1,NORMAL_TRANSACTION,0,0,NORMAL_BASELINE
e1000000-0000-0000-0000-000000000392,3081.11,8.0334,0.0016,11,0,0,0,1,3,3081.11,6470.33,1.05,0.02,0,2176.0,0.125,0.8768,13,25,0.538,0.008,0.045,0,99,1,NORMAL_TRANSACTION,0,0,NORMAL_BASELINE
e1000000-0000-0000-0000-000000000393,20.0,3.0445,0.0,11,0,0,4,1,3,20.0,42.0,0.031,0.02,0,148593.0,0.001,0.9992,14,23,0.625,0.008,0.045,0,99,1,NORMAL_TRANSACTION,0,0,NORMAL_BASELINE
e1000000-0000-0000-0000-000000000394,2730.94,7.9128,0.0018,11,0,0,0,1,3,2730.94,5734.97,1.178,0.02,0,9413.0,0.117,0.8908,7,22,0.348,0.008,0.045,0,99,1,NORMAL_TRANSACTION,0,0,NORMAL_BASELINE
e1000000-0000-0000-0000-000000000395,797.01,6.6821,0.0063,11,0,0,0,1,3,797.01,1673.72,0.364,0.02,0,77949.0,0.048,0.9681,15,20,0.762,0.008,0.045,0,99,1,NORMAL_TRANSACTION,0,0,NORMAL_BASELINE
e1000000-0000-0000-0000-000000000396,315.74,5.7581,0.0,11,0,0,0,1,3,315.74,663.05,0.133,0.02,0,551.0,0.014,0.9874,7,22,0.348,0.008,0.045,0,99,1,NORMAL_TRANSACTION,0,0,NORMAL_BASELINE
e1000000-0000-0000-0000-000000000397,883.6,6.7851,0.0057,11,0,0,0,1,3,883.6,1855.56,0.188,0.02,0,64702.0,0.026,0.9647,14,22,0.652,0.008,0.045,0,99,1,NORMAL_TRANSACTION,0,0,NORMAL_BASELINE
e1000000-0000-0000-0000-000000000398,3830.42,8.251,0.0013,11,0,0,0,1,3,3830.42,8043.88,1.033,0.02,0,8305.0,0.146,0.8468,13,26,0.519,0.008,0.045,0,99,1,NORMAL_TRANSACTION,0,0,NORMAL_BASELINE
e1000000-0000-0000-0000-000000000399,1574.92,7.3626,0.0032,11,0,0,0,1,3,1574.92,3307.33,1.073,0.02,0,155240.0,0.054,0.937,12,22,0.565,0.008,0.045,0,99,1,NORMAL_TRANSACTION,0,0,NORMAL_BASELINE
e1000000-0000-0000-0000-000000000400,3557.18,8.177,0.0014,12,0,0,0,1,3,3557.18,7470.08,2.032,0.02,0,152065.0,0.755,0.8577,13,16,0.824,0.008,0.045,0,99,1,NORMAL_TRANSACTION,0,0,NORMAL_BASELINE
e1000000-0000-0000-0000-000000000401,3811.37,8.246,0.0013,12,0,0,0,1,3,3811.37,8003.88,1.394,0.02,0,11557.0,0.146,0.8475,10,15,0.688,0.008,0.045,0,99,1,NORMAL_TRANSACTION,0,0,NORMAL_BASELINE
e1000000-0000-0000-0000-000000000402,50.0,3.9318,0.0,12,0,0,4,1,3,50.0,105.0,0.018,0.02,0,12971.0,0.006,0.998,16,13,1.214,0.008,0.045,0,99,1,NORMAL_TRANSACTION,0,0,NORMAL_BASELINE
e1000000-0000-0000-0000-000000000403,5453.99,8.6043,0.0,12,0,0,1,1,3,5453.99,11453.38,1.136,0.02,0,59120.0,0.016,0.7818,9,11,0.833,0.008,0.045,0,99,1,NORMAL_TRANSACTION,0,0,NORMAL_BASELINE
e1000000-0000-0000-0000-000000000404,1970.76,7.5867,0.0,12,0,0,3,1,3,1970.76,4138.6,1.572,0.02,0,80300.0,0.421,0.9212,12,13,0.929,0.008,0.045,0,99,1,NORMAL_TRANSACTION,0,0,NORMAL_BASELINE
e1000000-0000-0000-0000-000000000405,3200.32,8.0713,0.0,12,0,0,1,1,3,3200.32,6720.67,1.0,0.02,0,86400.0,0.006,0.872,14,9,1.5,0.008,0.045,0,99,1,NORMAL_TRANSACTION,0,0,NORMAL_BASELINE
e1000000-0000-0000-0000-000000000406,2780.93,7.9309,0.0018,13,0,0,0,1,3,2780.93,5839.95,1.043,0.02,0,92431.0,0.081,0.8888,6,15,0.438,0.008,0.045,0,99,1,NORMAL_TRANSACTION,0,0,NORMAL_BASELINE
e1000000-0000-0000-0000-000000000407,3767.6,8.2345,0.0,13,0,0,1,1,3,3767.6,7911.96,0.589,0.02,0,82880.0,0.008,0.8493,6,13,0.5,0.008,0.045,0,99,1,NORMAL_TRANSACTION,0,0,NORMAL_BASELINE
e1000000-0000-0000-0000-000000000408,2602.6,7.8647,0.0149,13,0,0,2,1,3,2602.6,5465.46,0.854,0.02,0,57633.0,0.098,0.8959,9,16,0.588,0.008,0.045,0,99,1,NORMAL_TRANSACTION,0,0,NORMAL_BASELINE
e1000000-0000-0000-0000-000000000409,699.1,6.5512,0.0072,13,0,0,0,1,3,699.1,1468.11,0.185,0.02,0,102128.0,0.031,0.972,10,20,0.524,0.008,0.045,0,99,1,NORMAL_TRANSACTION,0,0,NORMAL_BASELINE
e1000000-0000-0000-0000-000000000410,6694.98,8.8093,0.0149,13,0,0,2,1,3,6694.98,14059.46,3.638,0.02,0,11356.0,0.42,0.7322,11,22,0.522,0.008,0.045,0,99,1,NORMAL_TRANSACTION,0,0,NORMAL_BASELINE
e1000000-0000-0000-0000-000000000411,6550.02,8.7874,0.0,13,0,0,1,1,3,6550.02,13755.04,1.965,0.02,0,249545.0,0.013,0.738,18,18,1.0,0.008,0.045,0,99,1,NORMAL_TRANSACTION,0,0,NORMAL_BASELINE
e1000000-0000-0000-0000-000000000412,1622.92,7.3926,0.0,13,0,0,3,1,3,1622.92,3408.13,0.544,0.02,0,76257.0,0.077,0.9351,8,15,0.562,0.008,0.045,0,99,1,NORMAL_TRANSACTION,0,0,NORMAL_BASELINE
e1000000-0000-0000-0000-000000000413,1141.79,7.0412,0.0044,13,0,0,0,1,3,1141.79,2397.76,0.406,0.02,0,531.0,0.072,0.9543,11,22,0.522,0.008,0.045,0,99,1,NORMAL_TRANSACTION,0,0,NORMAL_BASELINE
e1000000-0000-0000-0000-000000000414,3726.39,8.2235,0.0013,13,0,0,0,1,3,3726.39,7825.42,1.259,0.02,0,1451.0,0.141,0.8509,9,16,0.588,0.008,0.045,0,99,1,NORMAL_TRANSACTION,0,0,NORMAL_BASELINE
e1000000-0000-0000-0000-000000000415,3553.73,8.176,0.0014,13,0,0,0,1,3,3553.73,7462.83,3.019,0.02,0,61485.0,0.128,0.8579,7,13,0.571,0.008,0.045,0,99,1,NORMAL_TRANSACTION,0,0,NORMAL_BASELINE
e1000000-0000-0000-0000-000000000416,411.37,6.0219,0.0,13,0,0,3,1,3,411.37,863.88,0.25,0.02,0,191070.0,0.014,0.9835,12,23,0.542,0.008,0.045,0,99,1,NORMAL_TRANSACTION,0,0,NORMAL_BASELINE
e1000000-0000-0000-0000-000000000417,500.0,6.2166,0.0,13,0,0,4,1,3,500.0,1050.0,0.285,0.02,0,64738.0,0.021,0.98,12,12,1.0,0.008,0.045,0,99,1,NORMAL_TRANSACTION,0,0,NORMAL_BASELINE
e1000000-0000-0000-0000-000000000418,1903.16,7.5518,0.0,13,0,0,3,1,3,1903.16,3996.64,0.603,0.02,0,2559.0,0.083,0.9239,10,20,0.524,0.008,0.045,0,99,1,NORMAL_TRANSACTION,0,0,NORMAL_BASELINE
e1000000-0000-0000-0000-000000000419,3262.99,8.0907,0.0015,13,0,0,0,1,3,3262.99,6852.28,1.113,0.02,0,68459.0,0.115,0.8695,15,21,0.727,0.008,0.045,0,99,1,NORMAL_TRANSACTION,0,0,NORMAL_BASELINE
e1000000-0000-0000-0000-000000000420,1148.27,7.0469,0.0,14,0,0,3,1,3,1148.27,2411.37,0.488,0.02,0,7359.0,0.244,0.9541,13,16,0.824,0.008,0.045,0,99,1,NORMAL_TRANSACTION,0,0,NORMAL_BASELINE
e1000000-0000-0000-0000-000000000421,3256.71,8.0888,0.0149,14,0,0,2,1,3,3256.71,6839.09,32.567,0.02,0,234816.0,0.203,0.8697,13,42,0.326,0.008,0.045,0,99,1,NORMAL_TRANSACTION,0,0,NORMAL_BASELINE
e1000000-0000-0000-0000-000000000422,2766.78,7.9258,0.0018,14,0,0,0,1,3,2766.78,5810.24,0.811,0.02,0,67956.0,0.095,0.8893,8,16,0.529,0.008,0.045,0,99,1,NORMAL_TRANSACTION,0,0,NORMAL_BASELINE
e1000000-0000-0000-0000-000000000423,1568.43,7.3585,0.0,14,0,0,3,1,3,1568.43,3293.7,0.48,0.02,0,177441.0,0.091,0.9373,15,22,0.696,0.008,0.045,0,99,1,NORMAL_TRANSACTION,0,0,NORMAL_BASELINE
e1000000-0000-0000-0000-000000000424,2884.61,7.9675,0.0,14,0,0,3,1,3,2884.61,6057.68,0.801,0.02,0,21759.0,0.121,0.8846,8,18,0.474,0.008,0.045,0,99,1,NORMAL_TRANSACTION,0,0,NORMAL_BASELINE
e1000000-0000-0000-0000-000000000425,4863.08,8.4896,0.0,14,0,0,1,1,3,4863.08,10212.47,0.715,0.02,0,96792.0,0.022,0.8055,12,13,0.929,0.008,0.045,0,99,1,NORMAL_TRANSACTION,0,0,NORMAL_BASELINE
e1000000-0000-0000-0000-000000000426,1874.46,7.5366,0.0,14,0,0,3,1,3,1874.46,3936.37,0.512,0.02,0,156279.0,0.367,0.925,12,24,0.52,0.008,0.045,0,99,1,NORMAL_TRANSACTION,0,0,NORMAL_BASELINE
e1000000-0000-0000-0000-000000000427,3719.14,8.2215,0.0013,14,0,0,0,1,3,3719.14,7810.19,2.041,0.02,0,61408.0,0.276,0.8512,10,17,0.611,0.008,0.045,0,99,1,NORMAL_TRANSACTION,0,0,NORMAL_BASELINE
e1000000-0000-0000-0000-000000000428,4468.12,8.4049,0.0011,14,0,0,0,1,3,4468.12,9383.05,1.79,0.02,0,159632.0,1.0,0.8213,11,16,0.706,0.008,0.045,0,99,1,NORMAL_TRANSACTION,0,0,NORMAL_BASELINE
e1000000-0000-0000-0000-000000000429,9936.46,9.2041,0.0,14,0,0,1,1,3,9936.46,20866.57,2.469,0.02,0,24015.0,0.017,0.6025,13,11,1.167,0.008,0.045,0,99,1,NORMAL_TRANSACTION,0,0,NORMAL_BASELINE
e1000000-0000-0000-0000-000000000430,1180.15,7.0742,0.0,14,0,0,3,1,3,1180.15,2478.32,0.545,0.02,0,19658.0,1.0,0.9528,9,22,0.435,0.008,0.045,0,99,1,NORMAL_TRANSACTION,0,0,NORMAL_BASELINE
e1000000-0000-0000-0000-000000000431,438.91,6.0866,0.0,14,0,0,3,1,3,438.91,921.71,0.132,0.02,0,2907.0,0.015,0.9824,8,16,0.529,0.008,0.045,0,99,1,NORMAL_TRANSACTION,0,0,NORMAL_BASELINE
e1000000-0000-0000-0000-000000000432,1318.2,7.1848,0.0,14,0,0,3,1,3,1318.2,2768.22,0.446,0.02,0,12855.0,0.053,0.9473,13,25,0.538,0.008,0.045,0,99,1,NORMAL_TRANSACTION,0,0,NORMAL_BASELINE
e1000000-0000-0000-0000-000000000433,1707.07,7.4431,0.0029,15,0,0,0,1,3,1707.07,3584.85,0.755,0.02,0,23660.0,0.157,0.9317,13,18,0.737,0.008,0.045,0,99,1,NORMAL_TRANSACTION,0,0,NORMAL_BASELINE
e1000000-0000-0000-0000-000000000434,5398.02,8.594,0.0149,15,0,0,2,1,3,5398.02,11335.84,269.901,0.02,0,169475.0,1.0,0.7841,12,16,0.765,0.008,0.045,0,99,1,NORMAL_TRANSACTION,0,0,NORMAL_BASELINE
e1000000-0000-0000-0000-000000000435,1488.93,7.3065,0.0034,15,0,0,0,1,3,1488.93,3126.75,0.91,0.02,0,77932.0,0.058,0.9404,13,19,0.7,0.008,0.045,0,99,1,NORMAL_TRANSACTION,0,0,NORMAL_BASELINE
e1000000-0000-0000-0000-000000000436,877.75,6.7785,0.0057,15,0,0,0,1,3,877.75,1843.28,0.464,0.02,0,83589.0,0.041,0.9649,16,20,0.81,0.008,0.045,0,99,1,NORMAL_TRANSACTION,0,0,NORMAL_BASELINE
e1000000-0000-0000-0000-000000000437,1520.93,7.3277,0.0149,15,0,0,2,1,3,1520.93,3193.95,0.445,0.02,0,12989.0,0.045,0.9392,14,22,0.652,0.008,0.045,0,99,1,NORMAL_TRANSACTION,0,0,NORMAL_BASELINE
e1000000-0000-0000-0000-000000000438,917.59,6.8228,0.0054,15,0,0,0,1,3,917.59,1926.94,0.455,0.02,0,90501.0,0.045,0.9633,10,16,0.647,0.008,0.045,0,99,1,NORMAL_TRANSACTION,0,0,NORMAL_BASELINE
e1000000-0000-0000-0000-000000000439,5897.13,8.6824,0.0,15,0,0,1,1,3,5897.13,12383.97,1.0,0.02,0,86400.0,0.012,0.7641,12,8,1.444,0.008,0.045,0,99,1,NORMAL_TRANSACTION,0,0,NORMAL_BASELINE
e1000000-0000-0000-0000-000000000440,1084.87,6.9901,0.0046,15,0,0,0,1,3,1084.87,2278.23,0.882,0.02,0,69522.0,0.032,0.9566,10,14,0.733,0.008,0.045,0,99,1,NORMAL_TRANSACTION,0,0,NORMAL_BASELINE
e1000000-0000-0000-0000-000000000441,5994.21,8.6987,0.0,15,0,0,1,1,3,5994.21,12587.84,0.718,0.02,0,178424.0,0.015,0.7602,17,5,3.0,0.008,0.045,0,99,1,NORMAL_TRANSACTION,0,0,NORMAL_BASELINE
e1000000-0000-0000-0000-000000000442,4215.87,8.3468,0.0012,15,0,0,0,1,3,4215.87,8853.33,1.172,0.02,0,194263.0,0.163,0.8314,13,17,0.778,0.008,0.045,0,99,1,NORMAL_TRANSACTION,0,0,NORMAL_BASELINE
e1000000-0000-0000-0000-000000000443,286.28,5.6605,0.0,15,0,0,3,1,3,286.28,601.19,0.094,0.02,0,6917.0,0.01,0.9885,15,21,0.727,0.008,0.045,0,99,1,NORMAL_TRANSACTION,0,0,NORMAL_BASELINE
e1000000-0000-0000-0000-000000000444,8296.32,9.0237,0.0,15,0,0,1,1,3,8296.32,17422.27,2.592,0.02,0,11440.0,0.015,0.6681,14,9,1.5,0.008,0.045,0,99,1,NORMAL_TRANSACTION,0,0,NORMAL_BASELINE
e1000000-0000-0000-0000-000000000445,1256.87,7.1372,0.004,15,0,0,0,1,3,1256.87,2639.43,0.338,0.02,0,20689.0,0.439,0.9497,9,18,0.526,0.008,0.045,0,99,1,NORMAL_TRANSACTION,0,0,NORMAL_BASELINE
e1000000-0000-0000-0000-000000000446,3763.87,8.2335,0.0013,15,0,0,0,1,3,3763.87,7904.13,2.042,0.02,0,15591.0,0.228,0.8494,15,20,0.762,0.008,0.045,0,99,1,NORMAL_TRANSACTION,0,0,NORMAL_BASELINE
e1000000-0000-0000-0000-000000000447,4321.39,8.3716,0.0012,16,0,0,0,1,3,4321.39,9074.92,1.595,0.02,0,3803.0,1.0,0.8271,12,16,0.765,0.008,0.045,0,99,1,NORMAL_TRANSACTION,0,0,NORMAL_BASELINE
e1000000-0000-0000-0000-000000000448,4812.18,8.4791,0.0,16,0,0,1,1,3,4812.18,10105.58,0.762,0.02,0,5901.0,0.022,0.8075,12,13,0.929,0.008,0.045,0,99,1,NORMAL_TRANSACTION,0,0,NORMAL_BASELINE
e1000000-0000-0000-0000-000000000449,2661.01,7.8868,0.0,16,0,0,3,1,3,2661.01,5588.12,0.844,0.02,0,6167.0,1.0,0.8936,11,16,0.706,0.008,0.045,0,99,1,NORMAL_TRANSACTION,0,0,NORMAL_BASELINE
e1000000-0000-0000-0000-000000000450,1221.12,7.1083,0.0,16,0,0,3,1,3,1221.12,2564.35,0.38,0.02,0,6607.0,0.239,0.9512,12,24,0.52,0.008,0.045,0,99,1,NORMAL_TRANSACTION,0,0,NORMAL_BASELINE
e1000000-0000-0000-0000-000000000451,516.86,6.2497,0.0,16,0,0,3,1,3,516.86,1085.41,0.175,0.02,0,15711.0,0.02,0.9793,10,15,0.688,0.008,0.045,0,99,1,NORMAL_TRANSACTION,0,0,NORMAL_BASELINE
e1000000-0000-0000-0000-000000000452,2278.92,7.7319,0.0,17,0,0,1,1,3,2278.92,4785.73,0.372,0.02,0,70444.0,0.006,0.9088,11,10,1.091,0.008,0.045,0,99,1,NORMAL_TRANSACTION,0,0,NORMAL_BASELINE
e1000000-0000-0000-0000-000000000453,1771.37,7.4801,0.0,17,0,0,1,1,3,1771.37,3719.88,0.217,0.02,0,161294.0,0.005,0.9291,8,18,0.474,0.008,0.045,0,99,1,NORMAL_TRANSACTION,0,0,NORMAL_BASELINE
e1000000-0000-0000-0000-000000000454,2944.89,7.9882,0.0149,17,0,0,2,1,3,2944.89,6184.27,1.429,0.02,0,175430.0,0.374,0.8822,9,14,0.667,0.008,0.045,0,99,1,NORMAL_TRANSACTION,0,0,NORMAL_BASELINE
e1000000-0000-0000-0000-000000000455,941.87,6.8489,0.0053,17,0,0,0,1,3,941.87,1977.93,0.352,0.02,0,88950.0,0.167,0.9623,12,15,0.812,0.008,0.045,0,99,1,NORMAL_TRANSACTION,0,0,NORMAL_BASELINE
e1000000-0000-0000-0000-000000000456,2858.45,7.9584,0.0017,17,0,0,0,1,3,2858.45,6002.74,1.399,0.02,0,75897.0,0.431,0.8857,16,18,0.895,0.008,0.045,0,99,1,NORMAL_TRANSACTION,0,0,NORMAL_BASELINE
e1000000-0000-0000-0000-000000000457,3147.15,8.0546,0.0,17,0,0,1,1,3,3147.15,6609.02,0.587,0.02,0,75035.0,0.009,0.8741,16,10,1.545,0.008,0.045,0,99,1,NORMAL_TRANSACTION,0,0,NORMAL_BASELINE
e1000000-0000-0000-0000-000000000458,6064.15,8.7103,0.0,17,0,0,1,1,3,6064.15,12734.72,0.941,0.02,0,102111.0,0.035,0.7574,12,16,0.765,0.008,0.045,0,99,1,NORMAL_TRANSACTION,0,0,NORMAL_BASELINE
e1000000-0000-0000-0000-000000000459,3027.69,8.0159,0.0017,17,0,0,0,1,3,3027.69,6358.15,1.428,0.02,0,21804.0,0.13,0.8789,7,22,0.348,0.008,0.045,0,99,1,NORMAL_TRANSACTION,0,0,NORMAL_BASELINE
e1000000-0000-0000-0000-000000000460,3601.63,8.1894,0.0014,17,0,0,0,1,3,3601.63,7563.42,2.129,0.02,0,32523.0,0.597,0.8559,10,18,0.579,0.008,0.045,0,99,1,NORMAL_TRANSACTION,0,0,NORMAL_BASELINE
e1000000-0000-0000-0000-000000000461,1889.62,7.5447,0.0026,17,0,0,0,1,3,1889.62,3968.2,1.173,0.02,0,9671.0,0.074,0.9244,13,19,0.7,0.008,0.045,0,99,1,NORMAL_TRANSACTION,0,0,NORMAL_BASELINE
e1000000-0000-0000-0000-000000000462,1435.68,7.2701,0.0,17,0,0,1,1,3,1435.68,3014.93,0.238,0.02,0,3082.0,0.004,0.9426,8,18,0.474,0.008,0.045,0,99,1,NORMAL_TRANSACTION,0,0,NORMAL_BASELINE
e1000000-0000-0000-0000-000000000463,1217.17,7.1051,0.0041,17,0,0,0,1,3,1217.17,2556.06,0.327,0.02,0,21823.0,0.046,0.9513,13,26,0.519,0.008,0.045,0,99,1,NORMAL_TRANSACTION,0,0,NORMAL_BASELINE
e1000000-0000-0000-0000-000000000464,2525.86,7.8347,0.0,18,0,0,3,1,3,2525.86,5304.31,1.66,0.02,0,22355.0,0.087,0.899,12,22,0.565,0.008,0.045,0,99,1,NORMAL_TRANSACTION,0,0,NORMAL_BASELINE
e1000000-0000-0000-0000-000000000465,1889.7,7.5447,0.0026,18,0,0,0,1,3,1889.7,3968.37,0.746,0.02,0,17038.0,0.119,0.9244,11,22,0.522,0.008,0.045,0,99,1,NORMAL_TRANSACTION,0,0,NORMAL_BASELINE
e1000000-0000-0000-0000-000000000466,239.04,5.4808,0.0,18,0,0,3,1,3,239.04,501.98,0.062,0.02,0,79525.0,0.008,0.9904,10,25,0.423,0.008,0.045,0,99,1,NORMAL_TRANSACTION,0,0,NORMAL_BASELINE
e1000000-0000-0000-0000-000000000467,2480.35,7.8166,0.0,18,0,0,3,1,3,2480.35,5208.73,0.352,0.02,0,29071.0,0.104,0.9008,18,13,1.357,0.008,0.045,0,99,1,NORMAL_TRANSACTION,0,0,NORMAL_BASELINE
e1000000-0000-0000-0000-000000000468,1378.69,7.2296,0.0,18,0,0,3,1,3,1378.69,2895.25,0.962,0.02,0,20609.0,0.295,0.9449,12,13,0.929,0.008,0.045,0,99,1,NORMAL_TRANSACTION,0,0,NORMAL_BASELINE
e1000000-0000-0000-0000-000000000469,2158.92,7.6778,0.0,18,0,0,3,1,3,2158.92,4533.73,0.889,0.02,0,250263.0,0.121,0.9136,14,21,0.682,0.008,0.045,0,99,1,NORMAL_TRANSACTION,0,0,NORMAL_BASELINE
e1000000-0000-0000-0000-000000000470,1095.22,6.9996,0.0,18,0,0,3,1,3,1095.22,2299.96,0.663,0.02,0,2659.0,0.043,0.9562,13,19,0.7,0.008,0.045,0,99,1,NORMAL_TRANSACTION,0,0,NORMAL_BASELINE
e1000000-0000-0000-0000-000000000471,3098.77,8.0391,0.0,18,0,0,3,1,3,3098.77,6507.42,11.349,0.02,0,164783.0,0.41,0.876,14,9,1.5,0.008,0.045,0,99,1,NORMAL_TRANSACTION,0,0,NORMAL_BASELINE
e1000000-0000-0000-0000-000000000472,4144.94,8.3299,0.0012,18,0,0,0,1,3,4144.94,8704.37,1.346,0.02,0,37631.0,0.462,0.8342,8,21,0.409,0.008,0.045,0,99,1,NORMAL_TRANSACTION,0,0,NORMAL_BASELINE
e1000000-0000-0000-0000-000000000473,3636.54,8.1991,0.0014,18,0,0,0,1,3,3636.54,7636.73,1.08,0.02,0,110575.0,0.149,0.8545,11,16,0.706,0.008,0.045,0,99,1,NORMAL_TRANSACTION,0,0,NORMAL_BASELINE
e1000000-0000-0000-0000-000000000474,1061.5,6.9684,0.0,18,0,0,3,1,3,1061.5,2229.15,0.447,0.02,0,1491.0,0.059,0.9575,14,21,0.682,0.008,0.045,0,99,1,NORMAL_TRANSACTION,0,0,NORMAL_BASELINE
e1000000-0000-0000-0000-000000000475,2574.28,7.8537,0.0,18,0,0,3,1,3,2574.28,5405.99,0.684,0.02,0,170744.0,0.088,0.897,13,19,0.7,0.008,0.045,0,99,1,NORMAL_TRANSACTION,0,0,NORMAL_BASELINE
e1000000-0000-0000-0000-000000000476,4367.14,8.3821,0.0011,19,0,0,0,1,3,4367.14,9170.99,2.949,0.02,0,298405.0,1.0,0.8253,14,14,1.0,0.008,0.045,0,99,1,NORMAL_TRANSACTION,0,0,NORMAL_BASELINE
e1000000-0000-0000-0000-000000000477,1727.53,7.455,0.0,19,0,0,3,1,3,1727.53,3627.81,2.266,0.02,0,104665.0,0.203,0.9309,8,17,0.5,0.008,0.045,0,99,1,NORMAL_TRANSACTION,0,0,NORMAL_BASELINE
e1000000-0000-0000-0000-000000000478,7173.15,8.8782,0.0149,19,0,0,2,1,3,7173.15,15063.61,2.548,0.02,0,8727.0,1.0,0.7131,12,24,0.52,0.008,0.045,0,99,1,NORMAL_TRANSACTION,0,0,NORMAL_BASELINE
e1000000-0000-0000-0000-000000000479,1453.23,7.2822,0.0034,19,0,0,0,1,3,1453.23,3051.78,0.747,0.02,0,34822.0,0.21,0.9419,13,14,0.933,0.008,0.045,0,99,1,NORMAL_TRANSACTION,0,0,NORMAL_BASELINE
e1000000-0000-0000-0000-000000000480,1622.43,7.3923,0.0,19,0,0,1,1,3,1622.43,3407.1,0.166,0.02,0,266903.0,0.003,0.9351,7,10,0.727,0.008,0.045,0,99,1,NORMAL_TRANSACTION,0,0,NORMAL_BASELINE
e1000000-0000-0000-0000-000000000481,4254.73,8.356,0.0012,19,0,0,0,1,3,4254.73,8934.93,1.562,0.02,0,16065.0,0.172,0.8298,13,25,0.538,0.008,0.045,0,99,1,NORMAL_TRANSACTION,0,0,NORMAL_BASELINE
e1000000-0000-0000-0000-000000000482,794.74,6.6793,0.0,19,0,0,3,1,3,794.74,1668.95,0.536,0.02,0,79413.0,0.03,0.9682,14,19,0.75,0.008,0.045,0,99,1,NORMAL_TRANSACTION,0,0,NORMAL_BASELINE
e1000000-0000-0000-0000-000000000483,8161.1,9.0073,0.0,19,0,0,1,1,3,8161.1,17138.31,1.037,0.02,0,108098.0,0.022,0.6736,20,19,1.05,0.008,0.045,0,99,1,NORMAL_TRANSACTION,0,0,NORMAL_BASELINE
e1000000-0000-0000-0000-000000000484,742.87,6.6119,0.0149,19,0,0,2,1,3,742.87,1560.03,0.334,0.02,0,6927.0,0.032,0.9703,7,22,0.348,0.008,0.045,0,99,1,NORMAL_TRANSACTION,0,0,NORMAL_BASELINE
e1000000-0000-0000-0000-000000000485,5047.59,8.5269,0.0,19,0,0,1,1,3,5047.59,10599.94,0.85,0.02,0,211081.0,0.01,0.7981,13,13,1.0,0.008,0.045,0,99,1,NORMAL_TRANSACTION,0,0,NORMAL_BASELINE
e1000000-0000-0000-0000-000000000486,2702.41,7.9023,0.0019,19,0,0,0,1,3,2702.41,5675.06,1.0,0.02,0,86400.0,0.114,0.8919,11,14,0.8,0.008,0.045,0,99,1,NORMAL_TRANSACTION,0,0,NORMAL_BASELINE
e1000000-0000-0000-0000-000000000487,2516.7,7.8311,0.002,20,0,0,0,1,3,2516.7,5285.07,1.591,0.02,0,5342.0,0.098,0.8993,13,19,0.7,0.008,0.045,0,99,1,NORMAL_TRANSACTION,0,0,NORMAL_BASELINE
e1000000-0000-0000-0000-000000000488,846.63,6.7424,0.0,20,0,0,3,1,3,846.63,1777.92,0.373,0.02,0,99434.0,0.199,0.9661,17,18,0.947,0.008,0.045,0,99,1,NORMAL_TRANSACTION,0,0,NORMAL_BASELINE
e1000000-0000-0000-0000-000000000489,3481.86,8.1556,0.0014,20,0,0,0,1,3,3481.86,7311.91,1.057,0.02,0,5333.0,0.388,0.8607,8,21,0.409,0.008,0.045,0,99,1,NORMAL_TRANSACTION,0,0,NORMAL_BASELINE
e1000000-0000-0000-0000-000000000490,1834.0,7.5148,0.0027,20,0,0,0,1,3,1834.0,3851.4,0.605,0.02,0,13418.0,0.81,0.9266,11,16,0.706,0.008,0.045,0,99,1,NORMAL_TRANSACTION,0,0,NORMAL_BASELINE
e1000000-0000-0000-0000-000000000491,2130.03,7.6644,0.0023,20,0,0,0,1,3,2130.03,4473.06,0.904,0.02,0,11415.0,0.271,0.9148,9,14,0.667,0.008,0.045,0,99,1,NORMAL_TRANSACTION,0,0,NORMAL_BASELINE
e1000000-0000-0000-0000-000000000492,1925.84,7.5636,0.0,20,0,0,3,1,3,1925.84,4044.26,1.037,0.02,0,8329.0,0.066,0.923,12,22,0.565,0.008,0.045,0,99,1,NORMAL_TRANSACTION,0,0,NORMAL_BASELINE
e1000000-0000-0000-0000-000000000493,578.96,6.363,0.0,20,0,0,3,1,3,578.96,1215.82,0.345,0.02,0,23608.0,0.036,0.9768,13,42,0.326,0.008,0.045,0,99,1,NORMAL_TRANSACTION,0,0,NORMAL_BASELINE
e1000000-0000-0000-0000-000000000494,493.18,6.2029,0.0,20,0,0,3,1,3,493.18,1035.68,0.363,0.02,0,44487.0,0.025,0.9803,9,18,0.526,0.008,0.045,0,99,1,NORMAL_TRANSACTION,0,0,NORMAL_BASELINE
e1000000-0000-0000-0000-000000000495,1199.3,7.0903,0.0,20,0,0,3,1,3,1199.3,2518.53,1.011,0.02,0,43.0,0.061,0.952,9,18,0.526,0.008,0.045,0,99,1,NORMAL_TRANSACTION,0,0,NORMAL_BASELINE
e1000000-0000-0000-0000-000000000496,747.6,6.6182,0.0067,21,0,0,0,1,3,747.6,1569.96,0.348,0.02,0,22268.0,0.069,0.9701,13,18,0.737,0.008,0.045,0,99,1,NORMAL_TRANSACTION,0,0,NORMAL_BASELINE
e1000000-0000-0000-0000-000000000497,3528.33,8.1689,0.0014,21,0,0,0,1,3,3528.33,7409.49,1.426,0.02,0,85698.0,0.388,0.8589,15,20,0.762,0.008,0.045,0,99,1,NORMAL_TRANSACTION,0,0,NORMAL_BASELINE
e1000000-0000-0000-0000-000000000498,1566.29,7.3571,0.0149,21,0,0,2,1,3,1566.29,3289.21,0.859,0.02,0,7398.0,0.227,0.9373,13,14,0.933,0.008,0.045,0,99,1,NORMAL_TRANSACTION,0,0,NORMAL_BASELINE
e1000000-0000-0000-0000-000000000499,564.21,6.3372,0.0089,21,0,0,0,1,3,564.21,1184.84,0.192,0.02,0,101304.0,0.239,0.9774,13,24,0.56,0.008,0.045,0,99,1,NORMAL_TRANSACTION,0,0,NORMAL_BASELINE
e1000000-0000-0000-0000-000000000500,9770.99,9.1873,0.0,21,0,0,1,1,3,9770.99,20519.08,1.232,0.02,0,7426.0,0.026,0.6092,20,19,1.05,0.008,0.045,0,99,1,NORMAL_TRANSACTION,0,0,NORMAL_BASELINE
e1000000-0000-0000-0000-000000000501,1847.09,7.5219,0.0027,21,0,0,0,1,3,1847.09,3878.89,0.61,0.02,0,44023.0,0.065,0.9261,11,15,0.75,0.008,0.045,0,99,1,NORMAL_TRANSACTION,0,0,NORMAL_BASELINE
e1000000-0000-0000-0000-000000000502,2289.98,7.7367,0.0,21,0,0,3,1,3,2289.98,4808.96,0.415,0.02,0,12549.0,0.096,0.9084,18,13,1.357,0.008,0.045,0,99,1,NORMAL_TRANSACTION,0,0,NORMAL_BASELINE
e1000000-0000-0000-0000-000000000503,2543.79,7.8418,0.0,21,0,0,3,1,3,2543.79,5341.96,0.718,0.02,0,9852.0,0.499,0.8982,12,24,0.52,0.008,0.045,0,99,1,NORMAL_TRANSACTION,0,0,NORMAL_BASELINE
e1000000-0000-0000-0000-000000000504,602.39,6.4026,0.0,21,0,0,3,1,3,602.39,1265.02,0.179,0.02,0,25561.0,0.025,0.9759,8,18,0.474,0.008,0.045,0,99,1,NORMAL_TRANSACTION,0,0,NORMAL_BASELINE
e1000000-0000-0000-0000-000000000505,2966.88,7.9956,0.0,21,0,0,1,1,3,2966.88,6230.45,1.882,0.02,0,123682.0,0.014,0.8813,15,16,0.941,0.008,0.045,0,99,1,NORMAL_TRANSACTION,0,0,NORMAL_BASELINE
e1000000-0000-0000-0000-000000000506,50.0,3.9318,0.0,21,0,0,4,1,3,50.0,105.0,0.032,0.02,0,127318.0,0.002,0.998,11,22,0.522,0.008,0.045,0,99,1,NORMAL_TRANSACTION,0,0,NORMAL_BASELINE
e1000000-0000-0000-0000-000000000507,2476.31,7.8149,0.0,21,0,0,3,1,3,2476.31,5200.25,1.902,0.02,0,100.0,0.08,0.9009,11,22,0.522,0.008,0.045,0,99,1,NORMAL_TRANSACTION,0,0,NORMAL_BASELINE
e1000000-0000-0000-0000-000000000508,5051.95,8.5277,0.0149,21,0,0,2,1,3,5051.95,10609.09,2.195,0.02,0,30921.0,0.241,0.7979,8,15,0.562,0.008,0.045,0,99,1,NORMAL_TRANSACTION,0,0,NORMAL_BASELINE
e1000000-0000-0000-0000-000000000509,6889.03,8.8378,0.0149,8,0,0,2,1,3,6889.03,14466.96,2.876,0.02,0,142125.0,0.613,0.7244,16,18,0.895,0.008,0.045,0,99,1,NORMAL_TRANSACTION,0,0,NORMAL_BASELINE
e1000000-0000-0000-0000-000000000510,7606.69,8.9369,0.0,8,0,0,1,1,3,7606.69,15974.05,1.382,0.02,0,62662.0,0.013,0.6957,13,11,1.167,0.008,0.045,0,99,1,NORMAL_TRANSACTION,0,0,NORMAL_BASELINE
e1000000-0000-0000-0000-000000000511,1276.78,7.1529,0.0,8,0,0,3,1,3,1276.78,2681.24,0.543,0.02,0,59284.0,0.045,0.9489,15,21,0.727,0.008,0.045,0,99,1,NORMAL_TRANSACTION,0,0,NORMAL_BASELINE
e1000000-0000-0000-0000-000000000512,4349.15,8.378,0.0011,8,0,0,0,1,3,4349.15,9133.22,1.71,0.02,0,56826.0,0.167,0.826,10,15,0.688,0.008,0.045,0,99,1,NORMAL_TRANSACTION,0,0,NORMAL_BASELINE
e1000000-0000-0000-0000-000000000513,531.48,6.2775,0.0094,8,0,0,0,1,3,531.48,1116.11,0.156,0.02,0,38837.0,0.104,0.9787,12,24,0.52,0.008,0.045,0,99,1,NORMAL_TRANSACTION,0,0,NORMAL_BASELINE
e1000000-0000-0000-0000-000000000514,7811.63,8.9635,0.0,8,0,0,1,1,3,7811.63,16404.42,1.306,0.02,0,139138.0,0.014,0.6875,13,10,1.273,0.008,0.045,0,99,1,NORMAL_TRANSACTION,0,0,NORMAL_BASELINE
e1000000-0000-0000-0000-000000000515,2265.25,7.7259,0.0,8,0,0,3,1,3,2265.25,4757.03,2.825,0.02,0,236970.0,0.106,0.9094,9,17,0.556,0.008,0.045,0,99,1,NORMAL_TRANSACTION,0,0,NORMAL_BASELINE
e1000000-0000-0000-0000-000000000516,1819.21,7.5067,0.0,8,0,0,3,1,3,1819.21,3820.34,0.817,0.02,0,60463.0,0.11,0.9272,15,20,0.762,0.008,0.045,0,99,1,NORMAL_TRANSACTION,0,0,NORMAL_BASELINE
e1000000-0000-0000-0000-000000000517,6189.84,8.7308,0.0,8,0,0,1,1,3,6189.84,12998.66,1.029,0.02,0,59235.0,0.028,0.7524,12,13,0.929,0.008,0.045,0,99,1,NORMAL_TRANSACTION,0,0,NORMAL_BASELINE
e1000000-0000-0000-0000-000000000518,4196.25,8.3422,0.0,9,0,0,1,1,3,4196.25,8812.12,0.609,0.02,0,1956.0,0.008,0.8321,13,10,1.273,0.008,0.045,0,99,1,NORMAL_TRANSACTION,0,0,NORMAL_BASELINE
e1000000-0000-0000-0000-000000000519,1127.03,7.0282,0.0044,9,0,0,0,1,3,1127.03,2366.76,0.726,0.02,0,64630.0,0.053,0.9549,16,20,0.81,0.008,0.045,0,99,1,NORMAL_TRANSACTION,0,0,NORMAL_BASELINE
e1000000-0000-0000-0000-000000000520,4113.37,8.3222,0.0012,9,0,0,0,1,3,4113.37,8638.08,1.984,0.02,0,49843.0,0.177,0.8355,7,22,0.348,0.008,0.045,0,99,1,NORMAL_TRANSACTION,0,0,NORMAL_BASELINE
e1000000-0000-0000-0000-000000000521,6031.28,8.7049,0.0,9,0,0,1,1,3,6031.28,12665.69,1.052,0.02,0,73760.0,0.014,0.7587,6,13,0.5,0.008,0.045,0,99,1,NORMAL_TRANSACTION,0,0,NORMAL_BASELINE
e1000000-0000-0000-0000-000000000522,1914.83,7.5579,0.0,9,0,0,3,1,3,1914.83,4021.14,1.136,0.02,0,49317.0,0.075,0.9234,13,19,0.7,0.008,0.045,0,99,1,NORMAL_TRANSACTION,0,0,NORMAL_BASELINE
e1000000-0000-0000-0000-000000000523,416.51,6.0343,0.0,9,0,0,0,1,3,416.51,874.67,0.09,0.02,0,84571.0,0.833,0.9833,14,23,0.625,0.008,0.045,0,99,1,NORMAL_TRANSACTION,0,0,NORMAL_BASELINE
e1000000-0000-0000-0000-000000000524,2422.98,7.7932,0.0,9,0,0,3,1,3,2422.98,5088.26,1.675,0.02,0,2272.0,0.113,0.9031,16,20,0.81,0.008,0.045,0,99,1,NORMAL_TRANSACTION,0,0,NORMAL_BASELINE
e1000000-0000-0000-0000-000000000525,5475.16,8.6082,0.0149,9,0,0,2,1,3,5475.16,11497.84,1.402,0.02,0,65650.0,0.212,0.781,13,17,0.778,0.008,0.045,0,99,1,NORMAL_TRANSACTION,0,0,NORMAL_BASELINE
e1000000-0000-0000-0000-000000000526,432.47,6.0718,0.0,9,0,0,0,1,3,432.47,908.19,0.14,0.02,0,73811.0,0.016,0.9827,9,16,0.588,0.008,0.045,0,99,1,NORMAL_TRANSACTION,0,0,NORMAL_BASELINE
e1000000-0000-0000-0000-000000000527,349.13,5.8583,0.0,10,0,0,3,1,3,349.13,733.17,0.182,0.02,0,88605.0,0.025,0.986,9,9,1.0,0.008,0.045,0,99,1,NORMAL_TRANSACTION,0,0,NORMAL_BASELINE
e1000000-0000-0000-0000-000000000528,2509.75,7.8283,0.002,10,0,0,0,1,3,2509.75,5270.48,1.339,0.02,0,49378.0,0.086,0.8996,12,22,0.565,0.008,0.045,0,99,1,NORMAL_TRANSACTION,0,0,NORMAL_BASELINE
e1000000-0000-0000-0000-000000000529,4376.73,8.3843,0.0,10,0,0,1,1,3,4376.73,9191.13,0.872,0.02,0,77180.0,0.013,0.8249,9,11,0.833,0.008,0.045,0,99,1,NORMAL_TRANSACTION,0,0,NORMAL_BASELINE
e1000000-0000-0000-0000-000000000530,2698.91,7.901,0.0,10,0,0,3,1,3,2698.91,5667.71,1.205,0.02,0,61203.0,0.479,0.892,12,15,0.812,0.008,0.045,0,99,1,NORMAL_TRANSACTION,0,0,NORMAL_BASELINE
e1000000-0000-0000-0000-000000000531,692.88,6.5423,0.0072,10,0,0,0,1,3,692.88,1455.05,0.798,0.02,0,161965.0,0.021,0.9723,14,14,1.0,0.008,0.045,0,99,1,NORMAL_TRANSACTION,0,0,NORMAL_BASELINE
e1000000-0000-0000-0000-000000000532,586.83,6.3764,0.0,10,0,0,3,1,3,586.83,1232.34,0.364,0.02,0,141184.0,0.018,0.9765,11,16,0.706,0.008,0.045,0,99,1,NORMAL_TRANSACTION,0,0,NORMAL_BASELINE
e1000000-0000-0000-0000-000000000533,1681.61,7.4281,0.0,10,0,0,3,1,3,1681.61,3531.38,0.949,0.02,0,47624.0,0.243,0.9327,13,14,0.933,0.008,0.045,0,99,1,NORMAL_TRANSACTION,0,0,NORMAL_BASELINE
e1000000-0000-0000-0000-000000000534,8763.18,9.0784,0.0,10,0,0,1,1,3,8763.18,18402.68,1.573,0.02,0,86029.0,0.021,0.6495,5,10,0.545,0.008,0.045,0,99,1,NORMAL_TRANSACTION,0,0,NORMAL_BASELINE
e1000000-0000-0000-0000-000000000535,3094.25,8.0376,0.0,10,0,0,3,1,3,3094.25,6497.93,1.377,0.02,0,61765.0,0.467,0.8762,16,18,0.895,0.008,0.045,0,99,1,NORMAL_TRANSACTION,0,0,NORMAL_BASELINE
e1000000-0000-0000-0000-000000000536,440.42,6.09,0.0,10,0,0,0,1,3,440.42,924.88,0.157,0.02,0,8189.0,0.017,0.9824,10,15,0.688,0.008,0.045,0,99,1,NORMAL_TRANSACTION,0,0,NORMAL_BASELINE
e1000000-0000-0000-0000-000000000537,540.05,6.2935,0.0,10,0,0,3,1,3,540.05,1134.11,0.463,0.02,0,7133.0,0.025,0.9784,9,17,0.556,0.008,0.045,0,99,1,NORMAL_TRANSACTION,0,0,NORMAL_BASELINE
e1000000-0000-0000-0000-000000000538,500.18,6.217,0.01,10,0,0,0,1,3,500.18,1050.38,0.244,0.02,0,74265.0,0.106,0.98,13,16,0.824,0.008,0.045,0,99,1,NORMAL_TRANSACTION,0,0,NORMAL_BASELINE
e1000000-0000-0000-0000-000000000539,2739.56,7.9159,0.0018,10,0,0,0,1,3,2739.56,5753.08,1.175,0.02,0,2358.0,0.487,0.8904,12,15,0.812,0.008,0.045,0,99,1,NORMAL_TRANSACTION,0,0,NORMAL_BASELINE
e1000000-0000-0000-0000-000000000540,9641.21,9.1739,0.0,10,0,0,1,1,3,9641.21,20246.54,1.288,0.02,0,316878.0,0.028,0.6144,7,10,0.727,0.008,0.045,0,99,1,NORMAL_TRANSACTION,0,0,NORMAL_BASELINE
e1000000-0000-0000-0000-000000000541,2928.51,7.9826,0.0,10,0,0,3,1,3,2928.51,6149.87,1.168,0.02,0,584.0,0.112,0.8829,10,15,0.688,0.008,0.045,0,99,1,NORMAL_TRANSACTION,0,0,NORMAL_BASELINE
e1000000-0000-0000-0000-000000000542,3712.91,8.2198,0.0013,11,0,0,0,1,3,3712.91,7797.11,2.237,0.02,0,153923.0,0.166,0.8515,16,20,0.81,0.008,0.045,0,99,1,NORMAL_TRANSACTION,0,0,NORMAL_BASELINE
e1000000-0000-0000-0000-000000000543,8715.84,9.073,0.0,11,0,0,1,1,3,8715.84,18303.26,1.429,0.02,0,234830.0,0.03,0.6514,16,16,1.0,0.008,0.045,0,99,1,NORMAL_TRANSACTION,0,0,NORMAL_BASELINE
e1000000-0000-0000-0000-000000000544,3255.05,8.0883,0.0,11,0,0,1,1,3,3255.05,6835.61,0.577,0.02,0,55447.0,0.007,0.8698,13,13,1.0,0.008,0.045,0,99,1,NORMAL_TRANSACTION,0,0,NORMAL_BASELINE
e1000000-0000-0000-0000-000000000545,1821.82,7.5081,0.0,11,0,0,3,1,3,1821.82,3825.82,0.767,0.02,0,176506.0,0.13,0.9271,7,21,0.364,0.008,0.045,0,99,1,NORMAL_TRANSACTION,0,0,NORMAL_BASELINE
e1000000-0000-0000-0000-000000000546,50.0,3.9318,0.0,11,0,0,4,1,3,50.0,105.0,0.065,0.02,0,145528.0,0.001,0.998,16,13,1.214,0.008,0.045,0,99,1,NORMAL_TRANSACTION,0,0,NORMAL_BASELINE
e1000000-0000-0000-0000-000000000547,9203.38,9.1274,0.0,11,0,0,1,1,3,9203.38,19327.1,4.512,0.02,0,49913.0,0.042,0.6319,15,16,0.941,0.008,0.045,0,99,1,NORMAL_TRANSACTION,0,0,NORMAL_BASELINE
e1000000-0000-0000-0000-000000000548,2168.08,7.6821,0.0,11,0,0,3,1,3,2168.08,4552.97,0.801,0.02,0,6540.0,0.082,0.9133,9,16,0.588,0.008,0.045,0,99,1,NORMAL_TRANSACTION,0,0,NORMAL_BASELINE
e1000000-0000-0000-0000-000000000549,499.9,6.2164,0.0,11,0,0,3,1,3,499.9,1049.79,0.154,0.02,0,70624.0,0.958,0.98,12,16,0.765,0.008,0.045,0,99,1,NORMAL_TRANSACTION,0,0,NORMAL_BASELINE
e1000000-0000-0000-0000-000000000550,342.21,5.8383,0.0,11,0,0,0,1,3,342.21,718.64,0.139,0.02,0,76096.0,0.025,0.9863,10,17,0.611,0.008,0.045,0,99,1,NORMAL_TRANSACTION,0,0,NORMAL_BASELINE
e1000000-0000-0000-0000-000000000551,3074.64,8.0313,0.0,11,0,0,3,1,3,3074.64,6456.74,0.953,0.02,0,72092.0,1.0,0.877,9,18,0.526,0.008,0.045,0,99,1,NORMAL_TRANSACTION,0,0,NORMAL_BASELINE
e1000000-0000-0000-0000-000000000552,1058.92,6.9659,0.0047,12,0,0,0,1,3,1058.92,2223.73,0.538,0.02,0,81573.0,0.038,0.9576,7,13,0.571,0.008,0.045,0,99,1,NORMAL_TRANSACTION,0,0,NORMAL_BASELINE
e1000000-0000-0000-0000-000000000553,2905.63,7.9747,0.0,12,0,0,1,1,3,2905.63,6101.82,0.501,0.02,0,9819.0,0.007,0.8838,6,13,0.5,0.008,0.045,0,99,1,NORMAL_TRANSACTION,0,0,NORMAL_BASELINE
e1000000-0000-0000-0000-000000000554,2425.92,7.7944,0.0,12,0,0,1,1,3,2425.92,5094.43,0.47,0.02,0,69123.0,0.006,0.903,11,10,1.091,0.008,0.045,0,99,1,NORMAL_TRANSACTION,0,0,NORMAL_BASELINE
e1000000-0000-0000-0000-000000000555,1472.68,7.2955,0.0,12,0,0,3,1,3,1472.68,3092.63,1.276,0.02,0,158060.0,0.067,0.9411,10,15,0.688,0.008,0.045,0,99,1,NORMAL_TRANSACTION,0,0,NORMAL_BASELINE
e1000000-0000-0000-0000-000000000556,5604.26,8.6315,0.0,12,0,0,1,1,3,5604.26,11768.95,1.02,0.02,0,187606.0,0.021,0.7758,14,12,1.154,0.008,0.045,0,99,1,NORMAL_TRANSACTION,0,0,NORMAL_BASELINE
e1000000-0000-0000-0000-000000000557,1566.05,7.357,0.0,12,0,0,3,1,3,1566.05,3288.7,1.345,0.02,0,141505.0,0.084,0.9374,10,14,0.733,0.008,0.045,0,99,1,NORMAL_TRANSACTION,0,0,NORMAL_BASELINE
e1000000-0000-0000-0000-000000000558,1267.34,7.1455,0.0149,12,0,0,2,1,3,1267.34,2661.41,0.721,0.02,0,8041.0,0.183,0.9493,13,14,0.933,0.008,0.045,0,99,1,NORMAL_TRANSACTION,0,0,NORMAL_BASELINE
e1000000-0000-0000-0000-000000000559,2831.96,7.9491,0.0,12,0,0,3,1,3,2831.96,5947.12,1.884,0.02,0,83281.0,0.121,0.8867,12,12,1.0,0.008,0.045,0,99,1,NORMAL_TRANSACTION,0,0,NORMAL_BASELINE
e1000000-0000-0000-0000-000000000560,3974.91,8.288,0.0013,12,0,0,0,1,3,3974.91,8347.31,1.359,0.02,0,64400.0,1.0,0.841,14,14,1.0,0.008,0.045,0,99,1,NORMAL_TRANSACTION,0,0,NORMAL_BASELINE
e1000000-0000-0000-0000-000000000561,2079.38,7.6403,0.0,12,0,0,3,1,3,2079.38,4366.7,0.852,0.02,0,67529.0,0.13,0.9168,11,22,0.522,0.008,0.045,0,99,1,NORMAL_TRANSACTION,0,0,NORMAL_BASELINE
e1000000-0000-0000-0000-000000000562,1928.22,7.5649,0.0,12,0,0,3,1,3,1928.22,4049.26,0.572,0.02,0,242161.0,0.125,0.9229,11,16,0.706,0.008,0.045,0,99,1,NORMAL_TRANSACTION,0,0,NORMAL_BASELINE
e1000000-0000-0000-0000-000000000563,946.97,6.8543,0.0,13,0,0,3,1,3,946.97,1988.64,0.438,0.02,0,242574.0,0.038,0.9621,17,15,1.125,0.008,0.045,0,99,1,NORMAL_TRANSACTION,0,0,NORMAL_BASELINE
e1000000-0000-0000-0000-000000000564,5018.93,8.5212,0.0149,13,0,0,2,1,3,5018.93,10539.75,2.618,0.02,0,150468.0,0.209,0.7992,17,17,1.0,0.008,0.045,0,99,1,NORMAL_TRANSACTION,0,0,NORMAL_BASELINE
e1000000-0000-0000-0000-000000000565,3478.21,8.1546,0.0014,13,0,0,0,1,3,3478.21,7304.24,1.601,0.02,0,8625.0,0.155,0.8609,16,20,0.81,0.008,0.045,0,99,1,NORMAL_TRANSACTION,0,0,NORMAL_BASELINE
e1000000-0000-0000-0000-000000000566,2118.93,7.6591,0.0,13,0,0,3,1,3,2118.93,4449.75,1.615,0.02,0,61805.0,0.132,0.9152,13,42,0.326,0.008,0.045,0,99,1,NORMAL_TRANSACTION,0,0,NORMAL_BASELINE
e1000000-0000-0000-0000-000000000567,100.0,4.6151,0.0,13,0,0,4,1,3,100.0,210.0,0.036,0.02,0,63703.0,0.044,0.996,11,16,0.706,0.008,0.045,0,99,1,NORMAL_TRANSACTION,0,0,NORMAL_BASELINE
e1000000-0000-0000-0000-000000000568,4276.76,8.3612,0.0012,13,0,0,0,1,3,4276.76,8981.2,3.413,0.02,0,66653.0,0.161,0.8289,14,19,0.75,0.008,0.045,0,99,1,NORMAL_TRANSACTION,0,0,NORMAL_BASELINE
e1000000-0000-0000-0000-000000000569,1495.81,7.3111,0.0033,13,0,0,0,1,3,1495.81,3141.2,1.258,0.02,0,62050.0,0.077,0.9402,9,18,0.526,0.008,0.045,0,99,1,NORMAL_TRANSACTION,0,0,NORMAL_BASELINE
e1000000-0000-0000-0000-000000000570,1627.1,7.3952,0.0031,14,0,0,0,1,3,1627.1,3416.91,0.609,0.02,0,58778.0,0.068,0.9349,8,18,0.474,0.008,0.045,0,99,1,NORMAL_TRANSACTION,0,0,NORMAL_BASELINE
e1000000-0000-0000-0000-000000000571,3142.78,8.0532,0.0016,14,0,0,0,1,3,3142.78,6599.84,0.789,0.02,0,173301.0,0.195,0.8743,9,20,0.476,0.008,0.045,0,99,1,NORMAL_TRANSACTION,0,0,NORMAL_BASELINE
e1000000-0000-0000-0000-000000000572,3262.46,8.0905,0.0015,14,0,0,0,1,3,3262.46,6851.17,2.647,0.02,0,628.0,0.167,0.8695,9,18,0.526,0.008,0.045,0,99,1,NORMAL_TRANSACTION,0,0,NORMAL_BASELINE
e1000000-0000-0000-0000-000000000573,3837.86,8.2529,0.0013,14,0,0,0,1,3,3837.86,8059.51,1.715,0.02,0,10490.0,0.274,0.8465,7,21,0.364,0.008,0.045,0,99,1,NORMAL_TRANSACTION,0,0,NORMAL_BASELINE
e1000000-0000-0000-0000-000000000574,2564.94,7.8501,0.0,14,0,0,3,1,3,2564.94,5386.37,0.81,0.02,0,260772.0,1.0,0.8974,10,12,0.846,0.008,0.045,0,99,1,NORMAL_TRANSACTION,0,0,NORMAL_BASELINE
e1000000-0000-0000-0000-000000000575,20.0,3.0445,0.0,14,0,0,4,1,3,20.0,42.0,0.008,0.02,0,5586.0,0.001,0.9992,11,22,0.522,0.008,0.045,0,99,1,NORMAL_TRANSACTION,0,0,NORMAL_BASELINE
e1000000-0000-0000-0000-000000000576,2421.65,7.7926,0.0021,14,0,0,0,1,3,2421.65,5085.47,0.822,0.02,0,83997.0,0.071,0.9031,14,22,0.652,0.008,0.045,0,99,1,NORMAL_TRANSACTION,0,0,NORMAL_BASELINE
e1000000-0000-0000-0000-000000000577,6898.61,8.8392,0.0,14,0,0,1,1,3,6898.61,14487.08,1.298,0.02,0,8913.0,0.015,0.7241,6,13,0.5,0.008,0.045,0,99,1,NORMAL_TRANSACTION,0,0,NORMAL_BASELINE
e1000000-0000-0000-0000-000000000578,1320.65,7.1866,0.0038,14,0,0,0,1,3,1320.65,2773.37,1.291,0.02,0,172623.0,0.089,0.9472,15,15,1.0,0.008,0.045,0,99,1,NORMAL_TRANSACTION,0,0,NORMAL_BASELINE
e1000000-0000-0000-0000-000000000579,1464.42,7.2899,0.0034,14,0,0,0,1,3,1464.42,3075.28,0.515,0.02,0,88065.0,0.085,0.9414,15,22,0.696,0.008,0.045,0,99,1,NORMAL_TRANSACTION,0,0,NORMAL_BASELINE
e1000000-0000-0000-0000-000000000580,5309.33,8.5774,0.0,14,0,0,1,1,3,5309.33,11149.59,1.074,0.02,0,92106.0,0.011,0.7876,18,18,1.0,0.008,0.045,0,99,1,NORMAL_TRANSACTION,0,0,NORMAL_BASELINE
e1000000-0000-0000-0000-000000000581,4551.78,8.4235,0.0149,14,0,0,2,1,3,4551.78,9558.74,1.944,0.02,0,63290.0,1.0,0.8179,13,24,0.56,0.008,0.045,0,99,1,NORMAL_TRANSACTION,0,0,NORMAL_BASELINE
e1000000-0000-0000-0000-000000000582,1590.27,7.3723,0.0,15,0,0,3,1,3,1590.27,3339.57,0.828,0.02,0,7066.0,0.063,0.9364,17,15,1.125,0.008,0.045,0,99,1,NORMAL_TRANSACTION,0,0,NORMAL_BASELINE
e1000000-0000-0000-0000-000000000583,2409.54,7.7876,0.0021,15,0,0,0,1,3,2409.54,5060.03,0.706,0.02,0,76612.0,0.092,0.9036,13,26,0.519,0.008,0.045,0,99,1,NORMAL_TRANSACTION,0,0,NORMAL_BASELINE
e1000000-0000-0000-0000-000000000584,8551.3,9.054,0.0,15,0,0,1,1,3,8551.3,17957.73,1.095,0.02,0,244284.0,0.018,0.6579,14,10,1.364,0.008,0.045,0,99,1,NORMAL_TRANSACTION,0,0,NORMAL_BASELINE
e1000000-0000-0000-0000-000000000585,1874.93,7.5369,0.0,15,0,0,3,1,3,1874.93,3937.35,1.343,0.02,0,19317.0,0.133,0.925,9,9,1.0,0.008,0.045,0,99,1,NORMAL_TRANSACTION,0,0,NORMAL_BASELINE
e1000000-0000-0000-0000-000000000586,2203.56,7.6983,0.0,15,0,0,3,1,3,2203.56,4627.48,0.924,0.02,0,110231.0,1.0,0.9119,13,17,0.778,0.008,0.045,0,99,1,NORMAL_TRANSACTION,0,0,NORMAL_BASELINE
e1000000-0000-0000-0000-000000000587,4033.18,8.3026,0.0012,15,0,0,0,1,3,4033.18,8469.68,2.391,0.02,0,10696.0,0.584,0.8387,13,14,0.933,0.008,0.045,0,99,1,NORMAL_TRANSACTION,0,0,NORMAL_BASELINE
e1000000-0000-0000-0000-000000000588,2766.59,7.9257,0.0018,15,0,0,0,1,3,2766.59,5809.84,0.806,0.02,0,151545.0,0.087,0.8893,17,19,0.9,0.008,0.045,0,99,1,NORMAL_TRANSACTION,0,0,NORMAL_BASELINE
e1000000-0000-0000-0000-000000000589,832.5,6.7256,0.0,15,0,0,3,1,3,832.5,1748.25,0.416,0.02,0,21066.0,0.029,0.9667,12,22,0.565,0.008,0.045,0,99,1,NORMAL_TRANSACTION,0,0,NORMAL_BASELINE
e1000000-0000-0000-0000-000000000590,397.68,5.9882,0.0,15,0,0,0,1,3,397.68,835.13,0.14,0.02,0,66215.0,0.014,0.9841,11,15,0.75,0.008,0.045,0,99,1,NORMAL_TRANSACTION,0,0,NORMAL_BASELINE
e1000000-0000-0000-0000-000000000591,3526.4,8.1683,0.0014,16,0,0,0,1,3,3526.4,7405.44,176.32,0.02,0,155806.0,0.544,0.8589,17,15,1.125,0.008,0.045,0,99,1,NORMAL_TRANSACTION,0,0,NORMAL_BASELINE
e1000000-0000-0000-0000-000000000592,636.08,6.4569,0.0,16,0,0,3,1,3,636.08,1335.77,0.428,0.02,0,7451.0,0.033,0.9746,9,18,0.526,0.008,0.045,0,99,1,NORMAL_TRANSACTION,0,0,NORMAL_BASELINE
e1000000-0000-0000-0000-000000000593,6444.93,8.7712,0.0149,16,0,0,2,1,3,6444.93,13534.35,5.177,0.02,0,77112.0,0.756,0.7422,8,17,0.5,0.008,0.045,0,99,1,NORMAL_TRANSACTION,0,0,NORMAL_BASELINE
e1000000-0000-0000-0000-000000000594,100.0,4.6151,0.0,16,0,0,4,1,3,100.0,210.0,0.07,0.02,0,79154.0,0.021,0.996,12,13,0.929,0.008,0.045,0,99,1,NORMAL_TRANSACTION,0,0,NORMAL_BASELINE
e1000000-0000-0000-0000-000000000595,3717.17,8.221,0.0149,16,0,0,2,1,3,3717.17,7806.06,1.971,0.02,0,265128.0,0.16,0.8513,14,21,0.682,0.008,0.045,0,99,1,NORMAL_TRANSACTION,0,0,NORMAL_BASELINE
e1000000-0000-0000-0000-000000000596,5431.8,8.6002,0.0,16,0,0,1,1,3,5431.8,11406.78,0.804,0.02,0,19430.0,0.019,0.7827,16,16,1.0,0.008,0.045,0,99,1,NORMAL_TRANSACTION,0,0,NORMAL_BASELINE
e1000000-0000-0000-0000-000000000597,2470.36,7.8125,0.0,16,0,0,3,1,3,2470.36,5187.76,2.091,0.02,0,89837.0,0.073,0.9012,10,14,0.733,0.008,0.045,0,99,1,NORMAL_TRANSACTION,0,0,NORMAL_BASELINE
e1000000-0000-0000-0000-000000000598,1619.3,7.3904,0.0,16,0,0,3,1,3,1619.3,3400.53,0.613,0.02,0,17815.0,0.061,0.9352,9,16,0.588,0.008,0.045,0,99,1,NORMAL_TRANSACTION,0,0,NORMAL_BASELINE
e1000000-0000-0000-0000-000000000599,2969.33,7.9964,0.0,16,0,0,3,1,3,2969.33,6235.59,1.001,0.02,0,81352.0,0.094,0.8812,10,25,0.423,0.008,0.045,0,99,1,NORMAL_TRANSACTION,0,0,NORMAL_BASELINE
e1000000-0000-0000-0000-000000000600,6980.44,8.851,0.0,16,0,0,1,1,3,6980.44,14658.92,1.383,0.02,0,19982.0,0.014,0.7208,13,13,1.0,0.008,0.045,0,99,1,NORMAL_TRANSACTION,0,0,NORMAL_BASELINE
e1000000-0000-0000-0000-000000000601,2115.89,7.6577,0.0024,16,0,0,0,1,3,2115.89,4443.37,0.716,0.02,0,107575.0,0.147,0.9154,9,18,0.526,0.008,0.045,0,99,1,NORMAL_TRANSACTION,0,0,NORMAL_BASELINE
e1000000-0000-0000-0000-000000000602,3990.67,8.292,0.0013,16,0,0,0,1,3,3990.67,8380.41,1.295,0.02,0,161382.0,0.225,0.8404,14,20,0.714,0.008,0.045,0,99,1,NORMAL_TRANSACTION,0,0,NORMAL_BASELINE
e1000000-0000-0000-0000-000000000603,2827.15,7.9474,0.0,17,0,0,3,1,3,2827.15,5937.02,0.933,0.02,0,161366.0,0.146,0.8869,16,14,1.133,0.008,0.045,0,99,1,NORMAL_TRANSACTION,0,0,NORMAL_BASELINE
e1000000-0000-0000-0000-000000000604,2050.8,7.6265,0.0,17,0,0,3,1,3,2050.8,4306.68,0.908,0.02,0,27762.0,0.088,0.918,7,22,0.348,0.008,0.045,0,99,1,NORMAL_TRANSACTION,0,0,NORMAL_BASELINE
e1000000-0000-0000-0000-000000000605,3446.38,8.1454,0.0015,17,0,0,0,1,3,3446.38,7237.4,3.351,0.02,0,100095.0,0.115,0.8621,12,23,0.542,0.008,0.045,0,99,1,NORMAL_TRANSACTION,0,0,NORMAL_BASELINE
e1000000-0000-0000-0000-000000000606,2247.69,7.7181,0.0,17,0,0,3,1,3,2247.69,4720.15,1.041,0.02,0,31740.0,0.136,0.9101,15,20,0.762,0.008,0.045,0,99,1,NORMAL_TRANSACTION,0,0,NORMAL_BASELINE
e1000000-0000-0000-0000-000000000607,3772.74,8.2358,0.0013,17,0,0,0,1,3,3772.74,7922.75,1.47,0.02,0,9866.0,0.219,0.8491,15,22,0.696,0.008,0.045,0,99,1,NORMAL_TRANSACTION,0,0,NORMAL_BASELINE
e1000000-0000-0000-0000-000000000608,9044.79,9.1101,0.0,17,0,0,1,1,3,9044.79,18994.06,1.849,0.02,0,85331.0,0.026,0.6382,8,18,0.474,0.008,0.045,0,99,1,NORMAL_TRANSACTION,0,0,NORMAL_BASELINE
e1000000-0000-0000-0000-000000000609,5990.03,8.698,0.0149,17,0,0,2,1,3,5990.03,12579.06,11.338,0.02,0,108611.0,0.212,0.7604,14,23,0.625,0.008,0.045,0,99,1,NORMAL_TRANSACTION,0,0,NORMAL_BASELINE
e1000000-0000-0000-0000-000000000610,9832.02,9.1935,0.0,17,0,0,1,1,3,9832.02,20647.24,1.718,0.02,0,516.0,0.029,0.6067,8,18,0.474,0.008,0.045,0,99,1,NORMAL_TRANSACTION,0,0,NORMAL_BASELINE
e1000000-0000-0000-0000-000000000611,6824.07,8.8284,0.0,17,0,0,1,1,3,6824.07,14330.55,1.187,0.02,0,93636.0,0.012,0.727,14,9,1.5,0.008,0.045,0,99,1,NORMAL_TRANSACTION,0,0,NORMAL_BASELINE
e1000000-0000-0000-0000-000000000612,2312.9,7.7467,0.0,17,0,0,3,1,3,2312.9,4857.09,1.151,0.02,0,14343.0,0.087,0.9075,14,19,0.75,0.008,0.045,0,99,1,NORMAL_TRANSACTION,0,0,NORMAL_BASELINE
e1000000-0000-0000-0000-000000000613,963.61,6.8717,0.0052,18,0,0,0,1,3,963.61,2023.58,0.534,0.02,0,7387.0,0.033,0.9615,12,22,0.565,0.008,0.045,0,99,1,NORMAL_TRANSACTION,0,0,NORMAL_BASELINE
e1000000-0000-0000-0000-000000000614,2294.92,7.7389,0.0022,18,0,0,0,1,3,2294.92,4819.33,1.129,0.02,0,79039.0,0.539,0.9082,17,18,0.947,0.008,0.045,0,99,1,NORMAL_TRANSACTION,0,0,NORMAL_BASELINE
e1000000-0000-0000-0000-000000000615,3113.47,8.0438,0.0,18,0,0,3,1,3,3113.47,6538.29,1.141,0.02,0,171193.0,0.104,0.8755,17,18,0.947,0.008,0.045,0,99,1,NORMAL_TRANSACTION,0,0,NORMAL_BASELINE
e1000000-0000-0000-0000-000000000616,2407.11,7.7866,0.0021,18,0,0,0,1,3,2407.11,5054.93,0.847,0.02,0,12799.0,0.071,0.9037,14,22,0.652,0.008,0.045,0,99,1,NORMAL_TRANSACTION,0,0,NORMAL_BASELINE
e1000000-0000-0000-0000-000000000617,3048.58,8.0228,0.0,18,0,0,3,1,3,3048.58,6402.02,0.947,0.02,0,73514.0,0.145,0.8781,8,15,0.562,0.008,0.045,0,99,1,NORMAL_TRANSACTION,0,0,NORMAL_BASELINE
e1000000-0000-0000-0000-000000000618,4294.41,8.3653,0.0012,18,0,0,0,1,3,4294.41,9018.26,1.551,0.02,0,372.0,0.126,0.8282,14,22,0.652,0.008,0.045,0,99,1,NORMAL_TRANSACTION,0,0,NORMAL_BASELINE
e1000000-0000-0000-0000-000000000619,3968.93,8.2865,0.0013,18,0,0,0,1,3,3968.93,8334.75,1.305,0.02,0,35376.0,0.778,0.8412,12,24,0.52,0.008,0.045,0,99,1,NORMAL_TRANSACTION,0,0,NORMAL_BASELINE
e1000000-0000-0000-0000-000000000620,3831.42,8.2513,0.0149,18,0,0,2,1,3,3831.42,8045.98,1.195,0.02,0,123075.0,0.132,0.8467,13,15,0.875,0.008,0.045,0,99,1,NORMAL_TRANSACTION,0,0,NORMAL_BASELINE
e1000000-0000-0000-0000-000000000621,395.72,5.9832,0.0,18,0,0,0,1,3,395.72,831.01,0.145,0.02,0,77551.0,0.043,0.9842,15,20,0.762,0.008,0.045,0,99,1,NORMAL_TRANSACTION,0,0,NORMAL_BASELINE
e1000000-0000-0000-0000-000000000622,1470.19,7.2938,0.0,18,0,0,3,1,3,1470.19,3087.4,0.767,0.02,0,78237.0,0.135,0.9412,13,18,0.737,0.008,0.045,0,99,1,NORMAL_TRANSACTION,0,0,NORMAL_BASELINE
e1000000-0000-0000-0000-000000000623,20.0,3.0445,0.0,18,0,0,4,1,3,20.0,42.0,0.006,0.02,0,21815.0,0.013,0.9992,14,14,1.0,0.008,0.045,0,99,1,NORMAL_TRANSACTION,0,0,NORMAL_BASELINE
e1000000-0000-0000-0000-000000000624,3009.95,8.01,0.0,18,0,0,1,1,3,3009.95,6320.89,0.493,0.02,0,3698.0,0.005,0.8796,14,9,1.5,0.008,0.045,0,99,1,NORMAL_TRANSACTION,0,0,NORMAL_BASELINE
e1000000-0000-0000-0000-000000000625,334.14,5.8145,0.0,19,0,0,0,1,3,334.14,701.69,0.095,0.02,0,39856.0,0.03,0.9866,16,18,0.895,0.008,0.045,0,99,1,NORMAL_TRANSACTION,0,0,NORMAL_BASELINE
e1000000-0000-0000-0000-000000000626,1906.85,7.5537,0.0026,19,0,0,0,1,3,1906.85,4004.38,1.327,0.02,0,211722.0,0.805,0.9237,15,17,0.889,0.008,0.045,0,99,1,NORMAL_TRANSACTION,0,0,NORMAL_BASELINE
e1000000-0000-0000-0000-000000000627,8537.2,9.0523,0.0,19,0,0,1,1,3,8537.2,17928.12,1.316,0.02,0,10063.0,0.029,0.6585,16,16,1.0,0.008,0.045,0,99,1,NORMAL_TRANSACTION,0,0,NORMAL_BASELINE
e1000000-0000-0000-0000-000000000628,1721.57,7.4516,0.0,19,0,0,3,1,3,1721.57,3615.3,0.568,0.02,0,121825.0,0.476,0.9311,13,13,1.0,0.008,0.045,0,99,1,NORMAL_TRANSACTION,0,0,NORMAL_BASELINE
e1000000-0000-0000-0000-000000000629,4486.65,8.4091,0.0,19,0,0,1,1,3,4486.65,9421.97,0.757,0.02,0,40977.0,0.008,0.8205,13,11,1.167,0.008,0.045,0,99,1,NORMAL_TRANSACTION,0,0,NORMAL_BASELINE
e1000000-0000-0000-0000-000000000630,362.91,5.8969,0.0,19,0,0,0,1,3,362.91,762.11,0.085,0.02,0,197150.0,0.026,0.9855,17,15,1.125,0.008,0.045,0,99,1,NORMAL_TRANSACTION,0,0,NORMAL_BASELINE
e1000000-0000-0000-0000-000000000631,2173.69,7.6846,0.0023,19,0,0,0,1,3,2173.69,4564.75,1.001,0.02,0,7954.0,0.132,0.9131,15,20,0.762,0.008,0.045,0,99,1,NORMAL_TRANSACTION,0,0,NORMAL_BASELINE
e1000000-0000-0000-0000-000000000632,1742.33,7.4636,0.0029,19,0,0,0,1,3,1742.33,3658.89,1.186,0.02,0,79002.0,0.057,0.9303,11,22,0.522,0.008,0.045,0,99,1,NORMAL_TRANSACTION,0,0,NORMAL_BASELINE
e1000000-0000-0000-0000-000000000633,3088.02,8.0356,0.0016,19,0,0,0,1,3,3088.02,6484.84,1.041,0.02,0,20008.0,1.0,0.8765,10,12,0.846,0.008,0.045,0,99,1,NORMAL_TRANSACTION,0,0,NORMAL_BASELINE
e1000000-0000-0000-0000-000000000634,2928.35,7.9825,0.0017,20,0,0,0,1,3,2928.35,6149.53,0.887,0.02,0,17628.0,0.112,0.8829,13,26,0.519,0.008,0.045,0,99,1,NORMAL_TRANSACTION,0,0,NORMAL_BASELINE
e1000000-0000-0000-0000-000000000635,2673.94,7.8917,0.0,20,0,0,3,1,3,2673.94,5615.27,1.242,0.02,0,122212.0,0.451,0.893,12,17,0.722,0.008,0.045,0,99,1,NORMAL_TRANSACTION,0,0,NORMAL_BASELINE
e1000000-0000-0000-0000-000000000636,1493.84,7.3098,0.0149,20,0,0,2,1,3,1493.84,3137.06,0.475,0.02,0,7449.0,0.293,0.9402,12,24,0.52,0.008,0.045,0,99,1,NORMAL_TRANSACTION,0,0,NORMAL_BASELINE
e1000000-0000-0000-0000-000000000637,664.89,6.5011,0.0075,20,0,0,0,1,3,664.89,1396.27,0.299,0.02,0,173356.0,0.118,0.9734,14,16,0.882,0.008,0.045,0,99,1,NORMAL_TRANSACTION,0,0,NORMAL_BASELINE
e1000000-0000-0000-0000-000000000638,7524.23,8.926,0.0,20,0,0,1,1,3,7524.23,15800.88,1.504,0.02,0,282032.0,0.013,0.699,10,13,0.786,0.008,0.045,0,99,1,NORMAL_TRANSACTION,0,0,NORMAL_BASELINE
e1000000-0000-0000-0000-000000000639,4103.79,8.3199,0.0012,20,0,0,0,1,3,4103.79,8617.96,1.448,0.02,0,14195.0,0.286,0.8358,9,18,0.526,0.008,0.045,0,99,1,NORMAL_TRANSACTION,0,0,NORMAL_BASELINE
e1000000-0000-0000-0000-000000000640,560.64,6.3309,0.0,20,0,0,3,1,3,560.64,1177.34,0.169,0.02,0,89274.0,0.062,0.9776,8,21,0.409,0.008,0.045,0,99,1,NORMAL_TRANSACTION,0,0,NORMAL_BASELINE
e1000000-0000-0000-0000-000000000641,2238.15,7.7139,0.0022,20,0,0,0,1,3,2238.15,4700.12,0.834,0.02,0,115141.0,0.065,0.9105,6,15,0.438,0.008,0.045,0,99,1,NORMAL_TRANSACTION,0,0,NORMAL_BASELINE
e1000000-0000-0000-0000-000000000642,1544.64,7.3432,0.0032,21,0,0,0,1,3,1544.64,3243.74,0.516,0.02,0,810.0,0.108,0.9382,9,18,0.526,0.008,0.045,0,99,1,NORMAL_TRANSACTION,0,0,NORMAL_BASELINE
e1000000-0000-0000-0000-000000000643,6802.07,8.8251,0.0,21,0,0,1,1,3,6802.07,14284.35,0.848,0.02,0,36989.0,0.02,0.7279,7,10,0.727,0.008,0.045,0,99,1,NORMAL_TRANSACTION,0,0,NORMAL_BASELINE
e1000000-0000-0000-0000-000000000644,2122.01,7.6606,0.0,21,0,0,3,1,3,2122.01,4456.22,0.905,0.02,0,16790.0,0.092,0.9151,14,21,0.682,0.008,0.045,0,99,1,NORMAL_TRANSACTION,0,0,NORMAL_BASELINE
e1000000-0000-0000-0000-000000000645,2596.91,7.8625,0.0,21,0,0,3,1,3,2596.91,5453.51,0.886,0.02,0,758.0,0.289,0.8961,8,21,0.409,0.008,0.045,0,99,1,NORMAL_TRANSACTION,0,0,NORMAL_BASELINE
e1000000-0000-0000-0000-000000000646,5811.72,8.6678,0.0,21,0,0,1,1,3,5811.72,12204.61,1.09,0.02,0,8100.0,0.011,0.7675,14,9,1.5,0.008,0.045,0,99,1,NORMAL_TRANSACTION,0,0,NORMAL_BASELINE
e1000000-0000-0000-0000-000000000647,2335.81,7.7565,0.0,21,0,0,3,1,3,2335.81,4905.2,0.912,0.02,0,33975.0,1.0,0.9066,12,16,0.765,0.008,0.045,0,99,1,NORMAL_TRANSACTION,0,0,NORMAL_BASELINE
e1000000-0000-0000-0000-000000000648,1837.74,7.5168,0.0027,21,0,0,0,1,3,1837.74,3859.25,1.214,0.02,0,27512.0,0.115,0.9265,13,42,0.326,0.008,0.045,0,99,1,NORMAL_TRANSACTION,0,0,NORMAL_BASELINE
e1000000-0000-0000-0000-000000000649,378.9,5.9399,0.0,21,0,0,3,1,3,378.9,795.69,0.13,0.02,0,94342.0,0.015,0.9848,13,25,0.538,0.008,0.045,0,99,1,NORMAL_TRANSACTION,0,0,NORMAL_BASELINE
e1000000-0000-0000-0000-000000000650,1242.16,7.1254,0.0,21,0,0,3,1,3,1242.16,2608.54,0.487,0.02,0,39123.0,0.048,0.9503,10,15,0.688,0.008,0.045,0,99,1,NORMAL_TRANSACTION,0,0,NORMAL_BASELINE
e1000000-0000-0000-0000-000000000651,2263.34,7.725,0.0,21,0,0,1,1,3,2263.34,4753.01,0.374,0.02,0,47144.0,0.01,0.9095,12,13,0.929,0.008,0.045,0,99,1,NORMAL_TRANSACTION,0,0,NORMAL_BASELINE
e1000000-0000-0000-0000-000000000652,6001.58,8.6999,0.0149,21,0,0,2,1,3,6001.58,12603.32,3.446,0.02,0,35058.0,0.216,0.7599,7,13,0.571,0.008,0.045,0,99,1,NORMAL_TRANSACTION,0,0,NORMAL_BASELINE
e1000000-0000-0000-0000-000000000653,2208.93,7.7007,0.0023,8,0,0,0,1,3,2208.93,4638.75,1.103,0.02,0,148229.0,1.0,0.9116,9,22,0.435,0.008,0.045,0,99,1,NORMAL_TRANSACTION,0,0,NORMAL_BASELINE
e1000000-0000-0000-0000-000000000654,3195.06,8.0697,0.0016,8,0,0,0,1,3,3195.06,6709.63,1.232,0.02,0,37442.0,0.115,0.8722,7,13,0.571,0.008,0.045,0,99,1,NORMAL_TRANSACTION,0,0,NORMAL_BASELINE
e1000000-0000-0000-0000-000000000655,980.9,6.8895,0.0051,8,0,0,0,1,3,980.9,2059.89,0.652,0.02,0,44851.0,0.032,0.9608,11,22,0.522,0.008,0.045,0,99,1,NORMAL_TRANSACTION,0,0,NORMAL_BASELINE
e1000000-0000-0000-0000-000000000656,3517.55,8.1658,0.0014,8,0,0,0,1,3,3517.55,7386.86,1.65,0.02,0,64344.0,0.221,0.8593,11,22,0.522,0.008,0.045,0,99,1,NORMAL_TRANSACTION,0,0,NORMAL_BASELINE
e1000000-0000-0000-0000-000000000657,4033.93,8.3027,0.0149,8,0,0,2,1,3,4033.93,8471.25,2.661,0.02,0,60803.0,0.286,0.8386,9,9,1.0,0.008,0.045,0,99,1,NORMAL_TRANSACTION,0,0,NORMAL_BASELINE
e1000000-0000-0000-0000-000000000658,1749.37,7.4676,0.0,8,0,0,3,1,3,1749.37,3673.68,0.953,0.02,0,43570.0,0.309,0.93,14,16,0.882,0.008,0.045,0,99,1,NORMAL_TRANSACTION,0,0,NORMAL_BASELINE
e1000000-0000-0000-0000-000000000659,1754.89,7.4707,0.0028,8,0,0,0,1,3,1754.89,3685.27,0.626,0.02,0,52253.0,0.059,0.9298,17,18,0.947,0.008,0.045,0,99,1,NORMAL_TRANSACTION,0,0,NORMAL_BASELINE
e1000000-0000-0000-0000-000000000660,7704.4,8.9497,0.0149,8,0,0,2,1,3,7704.4,16179.24,3.737,0.02,0,174348.0,0.226,0.6918,12,15,0.812,0.008,0.045,0,99,1,NORMAL_TRANSACTION,0,0,NORMAL_BASELINE
e1000000-0000-0000-0000-000000000661,4061.92,8.3097,0.0012,8,0,0,0,1,3,4061.92,8530.03,1.789,0.02,0,2116.0,0.255,0.8375,11,22,0.522,0.008,0.045,0,99,1,NORMAL_TRANSACTION,0,0,NORMAL_BASELINE
e1000000-0000-0000-0000-000000000662,870.76,6.7705,0.0057,8,0,0,0,1,3,870.76,1828.6,0.475,0.02,0,56173.0,0.029,0.9652,12,23,0.542,0.008,0.045,0,99,1,NORMAL_TRANSACTION,0,0,NORMAL_BASELINE
e1000000-0000-0000-0000-000000000663,1651.31,7.4099,0.003,9,0,0,0,1,3,1651.31,3467.75,0.683,0.02,0,81083.0,0.249,0.9339,16,18,0.895,0.008,0.045,0,99,1,NORMAL_TRANSACTION,0,0,NORMAL_BASELINE
e1000000-0000-0000-0000-000000000664,2572.89,7.8532,0.0,9,0,0,3,1,3,2572.89,5403.07,0.581,0.02,0,84052.0,0.1,0.8971,13,17,0.778,0.008,0.045,0,99,1,NORMAL_TRANSACTION,0,0,NORMAL_BASELINE
e1000000-0000-0000-0000-000000000665,3933.51,8.2775,0.0013,9,0,0,0,1,3,3933.51,8260.37,1.134,0.02,0,138468.0,0.134,0.8427,13,19,0.7,0.008,0.045,0,99,1,NORMAL_TRANSACTION,0,0,NORMAL_BASELINE
e1000000-0000-0000-0000-000000000666,2474.2,7.8141,0.0,9,0,0,3,1,3,2474.2,5195.82,1.076,0.02,0,44359.0,0.107,0.901,14,21,0.682,0.008,0.045,0,99,1,NORMAL_TRANSACTION,0,0,NORMAL_BASELINE
e1000000-0000-0000-0000-000000000667,2407.13,7.7866,0.0021,9,0,0,0,1,3,2407.13,5054.97,0.954,0.02,0,217855.0,0.191,0.9037,5,14,0.4,0.008,0.045,0,99,1,NORMAL_TRANSACTION,0,0,NORMAL_BASELINE
e1000000-0000-0000-0000-000000000668,1139.83,7.0395,0.0044,9,0,0,0,1,3,1139.83,2393.64,0.468,0.02,0,2489.0,0.072,0.9544,11,22,0.522,0.008,0.045,0,99,1,NORMAL_TRANSACTION,0,0,NORMAL_BASELINE
e1000000-0000-0000-0000-000000000669,2356.92,7.7655,0.0,9,0,0,3,1,3,2356.92,4949.53,0.956,0.02,0,70263.0,0.099,0.9057,8,18,0.474,0.008,0.045,0,99,1,NORMAL_TRANSACTION,0,0,NORMAL_BASELINE
e1000000-0000-0000-0000-000000000670,1128.25,7.0293,0.0,9,0,0,3,1,3,1128.25,2369.33,0.379,0.02,0,62224.0,0.132,0.9549,8,17,0.5,0.008,0.045,0,99,1,NORMAL_TRANSACTION,0,0,NORMAL_BASELINE
e1000000-0000-0000-0000-000000000671,3935.64,8.2781,0.0013,9,0,0,0,1,3,3935.64,8264.84,1.23,0.02,0,78562.0,1.0,0.8426,9,18,0.526,0.008,0.045,0,99,1,NORMAL_TRANSACTION,0,0,NORMAL_BASELINE
e1000000-0000-0000-0000-000000000672,6524.44,8.7835,0.0,9,0,0,1,1,3,6524.44,13701.32,1.018,0.02,0,58367.0,0.019,0.739,8,18,0.474,0.008,0.045,0,99,1,NORMAL_TRANSACTION,0,0,NORMAL_BASELINE
e1000000-0000-0000-0000-000000000673,1293.06,7.1655,0.0,10,0,0,1,1,3,1293.06,2715.43,0.255,0.02,0,69132.0,0.003,0.9483,18,18,1.0,0.008,0.045,0,99,1,NORMAL_TRANSACTION,0,0,NORMAL_BASELINE
e1000000-0000-0000-0000-000000000674,4556.29,8.4245,0.0,10,0,0,1,1,3,4556.29,9568.21,0.553,0.02,0,131511.0,0.012,0.8177,20,19,1.05,0.008,0.045,0,99,1,NORMAL_TRANSACTION,0,0,NORMAL_BASELINE
e1000000-0000-0000-0000-000000000675,1201.87,7.0925,0.0042,10,0,0,0,1,3,1201.87,2523.93,0.645,0.02,0,68661.0,0.048,0.9519,17,15,1.125,0.008,0.045,0,99,1,NORMAL_TRANSACTION,0,0,NORMAL_BASELINE
e1000000-0000-0000-0000-000000000676,412.04,6.0235,0.0,10,0,0,0,1,3,412.04,865.28,0.17,0.02,0,44762.0,0.016,0.9835,10,15,0.688,0.008,0.045,0,99,1,NORMAL_TRANSACTION,0,0,NORMAL_BASELINE
e1000000-0000-0000-0000-000000000677,3846.17,8.2551,0.0013,10,0,0,0,1,3,3846.17,8076.96,2.49,0.02,0,236734.0,0.234,0.8462,13,11,1.167,0.008,0.045,0,99,1,NORMAL_TRANSACTION,0,0,NORMAL_BASELINE
e1000000-0000-0000-0000-000000000678,593.03,6.3869,0.0084,10,0,0,0,1,3,593.03,1245.36,0.232,0.02,0,72374.0,0.042,0.9763,7,21,0.364,0.008,0.045,0,99,1,NORMAL_TRANSACTION,0,0,NORMAL_BASELINE
e1000000-0000-0000-0000-000000000679,100.0,4.6151,0.0,10,0,0,4,1,3,100.0,210.0,0.07,0.02,0,60676.0,0.004,0.996,14,23,0.625,0.008,0.045,0,99,1,NORMAL_TRANSACTION,0,0,NORMAL_BASELINE
e1000000-0000-0000-0000-000000000680,2971.98,7.9973,0.0017,10,0,0,0,1,3,2971.98,6241.16,1.182,0.02,0,47780.0,1.0,0.8811,12,16,0.765,0.008,0.045,0,99,1,NORMAL_TRANSACTION,0,0,NORMAL_BASELINE
e1000000-0000-0000-0000-000000000681,6646.36,8.802,0.0149,10,0,0,2,1,3,6646.36,13957.36,2.854,0.02,0,3980.0,0.287,0.7341,14,21,0.682,0.008,0.045,0,99,1,NORMAL_TRANSACTION,0,0,NORMAL_BASELINE
e1000000-0000-0000-0000-000000000682,1675.31,7.4244,0.003,10,0,0,0,1,3,1675.31,3518.15,0.518,0.02,0,63386.0,0.095,0.933,14,20,0.714,0.008,0.045,0,99,1,NORMAL_TRANSACTION,0,0,NORMAL_BASELINE
e1000000-0000-0000-0000-000000000683,20.0,3.0445,0.0,10,0,0,4,1,3,20.0,42.0,0.013,0.02,0,5776.0,0.001,0.9992,12,23,0.542,0.008,0.045,0,99,1,NORMAL_TRANSACTION,0,0,NORMAL_BASELINE
e1000000-0000-0000-0000-000000000684,7747.66,8.9553,0.0,10,0,0,1,1,3,7747.66,16270.09,1.399,0.02,0,72235.0,0.017,0.6901,6,13,0.5,0.008,0.045,0,99,1,NORMAL_TRANSACTION,0,0,NORMAL_BASELINE
e1000000-0000-0000-0000-000000000685,6028.34,8.7044,0.0149,10,0,0,2,1,3,6028.34,12659.51,2.913,0.02,0,60669.0,0.227,0.7589,14,19,0.75,0.008,0.045,0,99,1,NORMAL_TRANSACTION,0,0,NORMAL_BASELINE
e1000000-0000-0000-0000-000000000686,2296.22,7.7395,0.0022,10,0,0,0,1,3,2296.22,4822.06,0.906,0.02,0,179697.0,0.241,0.9082,12,18,0.684,0.008,0.045,0,99,1,NORMAL_TRANSACTION,0,0,NORMAL_BASELINE
e1000000-0000-0000-0000-000000000687,3144.37,8.0537,0.0016,11,0,0,0,1,3,3144.37,6603.18,1.06,0.02,0,66481.0,0.099,0.8742,10,25,0.423,0.008,0.045,0,99,1,NORMAL_TRANSACTION,0,0,NORMAL_BASELINE
e1000000-0000-0000-0000-000000000688,1248.03,7.1301,0.0,11,0,0,3,1,3,1248.03,2620.86,0.55,0.02,0,59890.0,0.137,0.9501,15,20,0.762,0.008,0.045,0,99,1,NORMAL_TRANSACTION,0,0,NORMAL_BASELINE
e1000000-0000-0000-0000-000000000689,6543.97,8.7865,0.0,11,0,0,1,1,3,6543.97,13742.34,1.045,0.02,0,53631.0,0.011,0.7382,10,13,0.786,0.008,0.045,0,99,1,NORMAL_TRANSACTION,0,0,NORMAL_BASELINE
e1000000-0000-0000-0000-000000000690,7090.08,8.8666,0.0149,11,0,0,2,1,3,7090.08,14889.17,1.991,0.02,0,7658.0,0.242,0.7164,13,19,0.7,0.008,0.045,0,99,1,NORMAL_TRANSACTION,0,0,NORMAL_BASELINE
e1000000-0000-0000-0000-000000000691,604.03,6.4053,0.0083,11,0,0,0,1,3,604.03,1268.46,0.209,0.02,0,82116.0,0.039,0.9758,11,16,0.706,0.008,0.045,0,99,1,NORMAL_TRANSACTION,0,0,NORMAL_BASELINE
e1000000-0000-0000-0000-000000000692,1960.6,7.5815,0.0149,11,0,0,2,1,3,1960.6,4117.26,0.529,0.02,0,78396.0,0.121,0.9216,9,20,0.476,0.008,0.045,0,99,1,NORMAL_TRANSACTION,0,0,NORMAL_BASELINE
e1000000-0000-0000-0000-000000000693,1018.26,6.9268,0.0,12,0,0,3,1,3,1018.26,2138.35,0.312,0.02,0,645.0,0.063,0.9593,9,20,0.476,0.008,0.045,0,99,1,NORMAL_TRANSACTION,0,0,NORMAL_BASELINE
e1000000-0000-0000-0000-000000000694,2137.71,7.668,0.0,12,0,0,1,1,3,2137.71,4489.19,0.558,0.02,0,88460.0,0.01,0.9145,15,16,0.941,0.008,0.045,0,99,1,NORMAL_TRANSACTION,0,0,NORMAL_BASELINE
e1000000-0000-0000-0000-000000000695,2841.06,7.9523,0.0,12,0,0,1,1,3,2841.06,5966.23,0.447,0.02,0,3289.0,0.005,0.8864,10,13,0.786,0.008,0.045,0,99,1,NORMAL_TRANSACTION,0,0,NORMAL_BASELINE
e1000000-0000-0000-0000-000000000696,961.26,6.8693,0.0052,12,0,0,0,1,3,961.26,2018.65,0.326,0.02,0,7416.0,0.041,0.9615,14,21,0.682,0.008,0.045,0,99,1,NORMAL_TRANSACTION,0,0,NORMAL_BASELINE
e1000000-0000-0000-0000-000000000697,1055.52,6.9627,0.0047,13,0,0,0,1,3,1055.52,2216.59,0.422,0.02,0,7928.0,0.111,0.9578,12,18,0.684,0.008,0.045,0,99,1,NORMAL_TRANSACTION,0,0,NORMAL_BASELINE
e1000000-0000-0000-0000-000000000698,2840.05,7.9519,0.0018,13,0,0,0,1,3,2840.05,5964.11,1.02,0.02,0,79608.0,1.0,0.8864,13,24,0.56,0.008,0.045,0,99,1,NORMAL_TRANSACTION,0,0,NORMAL_BASELINE
e1000000-0000-0000-0000-000000000699,639.05,6.4615,0.0,13,0,0,3,1,3,639.05,1342.0,0.379,0.02,0,69571.0,0.022,0.9744,12,22,0.565,0.008,0.045,0,99,1,NORMAL_TRANSACTION,0,0,NORMAL_BASELINE
e1000000-0000-0000-0000-000000000700,1523.83,7.3296,0.0033,13,0,0,0,1,3,1523.83,3200.04,0.579,0.02,0,57232.0,0.062,0.939,13,25,0.538,0.008,0.045,0,99,1,NORMAL_TRANSACTION,0,0,NORMAL_BASELINE
e1000000-0000-0000-0000-000000000701,4559.1,8.4251,0.0,13,0,0,1,1,3,4559.1,9574.11,0.687,0.02,0,97314.0,0.011,0.8176,5,10,0.545,0.008,0.045,0,99,1,NORMAL_TRANSACTION,0,0,NORMAL_BASELINE
e1000000-0000-0000-0000-000000000702,2430.42,7.7962,0.0,13,0,0,3,1,3,2430.42,5103.88,1.48,0.02,0,100941.0,0.113,0.9028,16,20,0.81,0.008,0.045,0,99,1,NORMAL_TRANSACTION,0,0,NORMAL_BASELINE
e1000000-0000-0000-0000-000000000703,270.1,5.6025,0.0,14,0,0,0,1,3,270.1,567.21,0.155,0.02,0,98285.0,0.057,0.9892,13,16,0.824,0.008,0.045,0,99,1,NORMAL_TRANSACTION,0,0,NORMAL_BASELINE
e1000000-0000-0000-0000-000000000704,431.45,6.0695,0.0,14,0,0,0,1,3,431.45,906.04,0.143,0.02,0,12650.0,0.024,0.9827,14,20,0.714,0.008,0.045,0,99,1,NORMAL_TRANSACTION,0,0,NORMAL_BASELINE
e1000000-0000-0000-0000-000000000705,2249.12,7.7187,0.0022,14,0,0,0,1,3,2249.12,4723.15,0.919,0.02,0,16219.0,0.094,0.91,8,18,0.474,0.008,0.045,0,99,1,NORMAL_TRANSACTION,0,0,NORMAL_BASELINE
e1000000-0000-0000-0000-000000000706,8688.93,9.0699,0.0,14,0,0,1,1,3,8688.93,18246.75,1.127,0.02,0,14889.0,0.023,0.6524,20,19,1.05,0.008,0.045,0,99,1,NORMAL_TRANSACTION,0,0,NORMAL_BASELINE
e1000000-0000-0000-0000-000000000707,9399.25,9.1485,0.0,14,0,0,1,1,3,9399.25,19738.42,1.645,0.02,0,155160.0,0.018,0.624,7,10,0.727,0.008,0.045,0,99,1,NORMAL_TRANSACTION,0,0,NORMAL_BASELINE
e1000000-0000-0000-0000-000000000708,551.91,6.3152,0.0,14,0,0,3,1,3,551.91,1159.01,0.162,0.02,0,156675.0,0.023,0.9779,11,16,0.706,0.008,0.045,0,99,1,NORMAL_TRANSACTION,0,0,NORMAL_BASELINE
e1000000-0000-0000-0000-000000000709,1875.81,7.5373,0.0027,14,0,0,0,1,3,1875.81,3939.2,0.809,0.02,0,9493.0,0.122,0.925,11,16,0.706,0.008,0.045,0,99,1,NORMAL_TRANSACTION,0,0,NORMAL_BASELINE
e1000000-0000-0000-0000-000000000710,644.1,6.4694,0.0,14,0,0,3,1,3,644.1,1352.61,0.202,0.02,0,21275.0,0.019,0.9742,12,15,0.812,0.008,0.045,0,99,1,NORMAL_TRANSACTION,0,0,NORMAL_BASELINE
e1000000-0000-0000-0000-000000000711,100.0,4.6151,0.0,14,0,0,4,1,3,100.0,210.0,0.043,0.02,0,5964.0,0.011,0.996,12,18,0.684,0.008,0.045,0,99,1,NORMAL_TRANSACTION,0,0,NORMAL_BASELINE
e1000000-0000-0000-0000-000000000712,6320.12,8.7517,0.0149,14,0,0,2,1,3,6320.12,13272.25,1.912,0.02,0,17948.0,1.0,0.7472,9,18,0.526,0.008,0.045,0,99,1,NORMAL_TRANSACTION,0,0,NORMAL_BASELINE
e1000000-0000-0000-0000-000000000713,2005.66,7.6042,0.0,14,0,0,3,1,3,2005.66,4211.89,0.969,0.02,0,74664.0,0.471,0.9198,17,18,0.947,0.008,0.045,0,99,1,NORMAL_TRANSACTION,0,0,NORMAL_BASELINE
e1000000-0000-0000-0000-000000000714,3568.94,8.1803,0.0014,14,0,0,0,1,3,3568.94,7494.77,1.293,0.02,0,194120.0,0.134,0.8572,14,17,0.833,0.008,0.045,0,99,1,NORMAL_TRANSACTION,0,0,NORMAL_BASELINE
e1000000-0000-0000-0000-000000000715,3029.06,8.0163,0.0017,15,0,0,0,1,3,3029.06,6361.03,3.093,0.02,0,160384.0,0.401,0.8788,14,9,1.5,0.008,0.045,0,99,1,NORMAL_TRANSACTION,0,0,NORMAL_BASELINE
e1000000-0000-0000-0000-000000000716,203.1,5.3186,0.0,15,0,0,0,1,3,203.1,426.51,0.1,0.02,0,242056.0,0.023,0.9919,10,17,0.611,0.008,0.045,0,99,1,NORMAL_TRANSACTION,0,0,NORMAL_BASELINE
e1000000-0000-0000-0000-000000000717,20.0,3.0445,0.0,15,0,0,4,1,3,20.0,42.0,0.01,0.02,0,26521.0,0.02,0.9992,9,22,0.435,0.008,0.045,0,99,1,NORMAL_TRANSACTION,0,0,NORMAL_BASELINE
e1000000-0000-0000-0000-000000000718,1713.23,7.4467,0.0029,15,0,0,0,1,3,1713.23,3597.78,0.681,0.02,0,20601.0,0.201,0.9315,8,17,0.5,0.008,0.045,0,99,1,NORMAL_TRANSACTION,0,0,NORMAL_BASELINE
e1000000-0000-0000-0000-000000000719,5293.6,8.5744,0.0,15,0,0,1,1,3,5293.6,11116.56,1.284,0.02,0,19827.0,0.011,0.7883,18,18,1.0,0.008,0.045,0,99,1,NORMAL_TRANSACTION,0,0,NORMAL_BASELINE
e1000000-0000-0000-0000-000000000720,9300.43,9.1379,0.0,15,0,0,1,1,3,9300.43,19530.9,1.362,0.02,0,72893.0,0.032,0.628,16,16,1.0,0.008,0.045,0,99,1,NORMAL_TRANSACTION,0,0,NORMAL_BASELINE
e1000000-0000-0000-0000-000000000721,3050.82,8.0235,0.0016,15,0,0,0,1,3,3050.82,6406.72,1.161,0.02,0,67292.0,0.089,0.878,6,15,0.438,0.008,0.045,0,99,1,NORMAL_TRANSACTION,0,0,NORMAL_BASELINE
e1000000-0000-0000-0000-000000000722,728.82,6.5928,0.0,15,0,0,3,1,3,728.82,1530.52,0.504,0.02,0,26859.0,0.024,0.9708,11,22,0.522,0.008,0.045,0,99,1,NORMAL_TRANSACTION,0,0,NORMAL_BASELINE
e1000000-0000-0000-0000-000000000723,2597.21,7.8626,0.0019,15,0,0,0,1,3,2597.21,5454.14,1.507,0.02,0,1709.0,0.299,0.8961,10,17,0.611,0.008,0.045,0,99,1,NORMAL_TRANSACTION,0,0,NORMAL_BASELINE
e1000000-0000-0000-0000-000000000724,1467.4,7.2919,0.0,15,0,0,3,1,3,1467.4,3081.54,0.582,0.02,0,8284.0,0.059,0.9413,13,25,0.538,0.008,0.045,0,99,1,NORMAL_TRANSACTION,0,0,NORMAL_BASELINE
e1000000-0000-0000-0000-000000000725,4480.92,8.4078,0.0011,15,0,0,0,1,3,4480.92,9409.93,2.571,0.02,0,174088.0,0.22,0.8208,10,16,0.647,0.008,0.045,0,99,1,NORMAL_TRANSACTION,0,0,NORMAL_BASELINE
e1000000-0000-0000-0000-000000000726,1391.76,7.239,0.0,15,0,0,3,1,3,1391.76,2922.7,0.503,0.02,0,80643.0,0.081,0.9443,15,22,0.696,0.008,0.045,0,99,1,NORMAL_TRANSACTION,0,0,NORMAL_BASELINE
e1000000-0000-0000-0000-000000000727,3560.44,8.1779,0.0,16,0,0,1,1,3,3560.44,7476.92,0.604,0.02,0,174530.0,0.007,0.8576,12,8,1.444,0.008,0.045,0,99,1,NORMAL_TRANSACTION,0,0,NORMAL_BASELINE
e1000000-0000-0000-0000-000000000728,50.0,3.9318,0.0,16,0,0,4,1,3,50.0,105.0,0.033,0.02,0,7225.0,0.011,0.998,13,16,0.824,0.008,0.045,0,99,1,NORMAL_TRANSACTION,0,0,NORMAL_BASELINE
e1000000-0000-0000-0000-000000000729,1249.3,7.1311,0.0,16,0,0,3,1,3,1249.3,2623.53,0.494,0.02,0,84338.0,0.047,0.95,9,16,0.588,0.008,0.045,0,99,1,NORMAL_TRANSACTION,0,0,NORMAL_BASELINE
e1000000-0000-0000-0000-000000000730,790.22,6.6736,0.0063,16,0,0,0,1,3,790.22,1659.46,0.399,0.02,0,88525.0,0.114,0.9684,13,14,0.933,0.008,0.045,0,99,1,NORMAL_TRANSACTION,0,0,NORMAL_BASELINE
e1000000-0000-0000-0000-000000000731,437.58,6.0835,0.0,16,0,0,3,1,3,437.58,918.92,0.195,0.02,0,23054.0,0.017,0.9825,10,15,0.688,0.008,0.045,0,99,1,NORMAL_TRANSACTION,0,0,NORMAL_BASELINE
e1000000-0000-0000-0000-000000000732,355.06,5.8751,0.0,16,0,0,0,1,3,355.06,745.63,0.119,0.02,0,72423.0,0.07,0.9858,12,24,0.52,0.008,0.045,0,99,1,NORMAL_TRANSACTION,0,0,NORMAL_BASELINE
e1000000-0000-0000-0000-000000000733,3585.61,8.185,0.0,16,0,0,1,1,3,3585.61,7529.78,0.694,0.02,0,195052.0,0.008,0.8566,16,12,1.308,0.008,0.045,0,99,1,NORMAL_TRANSACTION,0,0,NORMAL_BASELINE
e1000000-0000-0000-0000-000000000734,3956.02,8.2832,0.0013,16,0,0,0,1,3,3956.02,8307.64,1.776,0.02,0,74099.0,0.667,0.8418,12,17,0.722,0.008,0.045,0,99,1,NORMAL_TRANSACTION,0,0,NORMAL_BASELINE
e1000000-0000-0000-0000-000000000735,3630.0,8.1973,0.0149,16,0,0,2,1,3,3630.0,7623.0,2.839,0.02,0,22051.0,0.121,0.8548,12,23,0.542,0.008,0.045,0,99,1,NORMAL_TRANSACTION,0,0,NORMAL_BASELINE
e1000000-0000-0000-0000-000000000736,326.78,5.7923,0.0,16,0,0,0,1,3,326.78,686.24,0.262,0.02,0,22689.0,0.012,0.9869,14,23,0.625,0.008,0.045,0,99,1,NORMAL_TRANSACTION,0,0,NORMAL_BASELINE
e1000000-0000-0000-0000-000000000737,6059.25,8.7095,0.0,16,0,0,1,1,3,6059.25,12724.43,1.115,0.02,0,86130.0,0.013,0.7576,13,13,1.0,0.008,0.045,0,99,1,NORMAL_TRANSACTION,0,0,NORMAL_BASELINE
e1000000-0000-0000-0000-000000000738,2207.2,7.6999,0.0,16,0,0,3,1,3,2207.2,4635.12,1.398,0.02,0,69584.0,0.138,0.9117,13,42,0.326,0.008,0.045,0,99,1,NORMAL_TRANSACTION,0,0,NORMAL_BASELINE
e1000000-0000-0000-0000-000000000739,2662.11,7.8872,0.0,16,0,0,3,1,3,2662.11,5590.43,0.984,0.02,0,76568.0,0.736,0.8935,13,13,1.0,0.008,0.045,0,99,1,NORMAL_TRANSACTION,0,0,NORMAL_BASELINE
e1000000-0000-0000-0000-000000000740,562.54,6.3342,0.0089,16,0,0,0,1,3,562.54,1181.33,0.153,0.02,0,7314.0,0.196,0.9775,9,18,0.526,0.008,0.045,0,99,1,NORMAL_TRANSACTION,0,0,NORMAL_BASELINE
e1000000-0000-0000-0000-000000000741,304.09,5.7206,0.0,17,0,0,3,1,3,304.09,638.59,0.075,0.02,0,202157.0,0.074,0.9878,11,16,0.706,0.008,0.045,0,99,1,NORMAL_TRANSACTION,0,0,NORMAL_BASELINE
e1000000-0000-0000-0000-000000000742,500.0,6.2166,0.0,17,0,0,4,1,3,500.0,1050.0,0.293,0.02,0,113809.0,0.019,0.98,13,19,0.7,0.008,0.045,0,99,1,NORMAL_TRANSACTION,0,0,NORMAL_BASELINE
e1000000-0000-0000-0000-000000000743,8694.99,9.0706,0.0,17,0,0,1,1,3,8694.99,18259.48,1.495,0.02,0,23794.0,0.019,0.6522,6,13,0.5,0.008,0.045,0,99,1,NORMAL_TRANSACTION,0,0,NORMAL_BASELINE
e1000000-0000-0000-0000-000000000744,3885.79,8.2653,0.0,17,0,0,1,1,3,3885.79,8160.16,0.892,0.02,0,6857.0,0.008,0.8446,18,18,1.0,0.008,0.045,0,99,1,NORMAL_TRANSACTION,0,0,NORMAL_BASELINE
e1000000-0000-0000-0000-000000000745,4463.29,8.4039,0.0011,17,0,0,0,1,3,4463.29,9372.91,1.919,0.02,0,28380.0,0.28,0.8215,11,22,0.522,0.008,0.045,0,99,1,NORMAL_TRANSACTION,0,0,NORMAL_BASELINE
e1000000-0000-0000-0000-000000000746,5663.99,8.6421,0.0149,17,0,0,2,1,3,5663.99,11894.38,2.458,0.02,0,101775.0,0.236,0.7734,17,17,1.0,0.008,0.045,0,99,1,NORMAL_TRANSACTION,0,0,NORMAL_BASELINE
e1000000-0000-0000-0000-000000000747,3155.72,8.0573,0.0016,17,0,0,0,1,3,3155.72,6627.01,1.011,0.02,0,200140.0,0.094,0.8738,12,13,0.929,0.008,0.045,0,99,1,NORMAL_TRANSACTION,0,0,NORMAL_BASELINE
e1000000-0000-0000-0000-000000000748,2829.47,7.9482,0.0018,17,0,0,0,1,3,2829.47,5941.89,1.136,0.02,0,1133.0,0.178,0.8868,11,22,0.522,0.008,0.045,0,99,1,NORMAL_TRANSACTION,0,0,NORMAL_BASELINE
e1000000-0000-0000-0000-000000000749,1706.3,7.4427,0.0,18,0,0,1,1,3,1706.3,3583.23,0.37,0.02,0,108314.0,0.004,0.9317,11,10,1.091,0.008,0.045,0,99,1,NORMAL_TRANSACTION,0,0,NORMAL_BASELINE
e1000000-0000-0000-0000-000000000750,6507.65,8.7809,0.0149,18,0,0,2,1,3,6507.65,13666.07,1.936,0.02,0,86854.0,0.224,0.7397,13,15,0.875,0.008,0.045,0,99,1,NORMAL_TRANSACTION,0,0,NORMAL_BASELINE
e1000000-0000-0000-0000-000000000751,5298.4,8.5753,0.0149,18,0,0,2,1,3,5298.4,11126.64,1.768,0.02,0,27156.0,0.168,0.7881,10,25,0.423,0.008,0.045,0,99,1,NORMAL_TRANSACTION,0,0,NORMAL_BASELINE
e1000000-0000-0000-0000-000000000752,1133.91,7.0343,0.0044,19,0,0,0,1,3,1133.91,2381.21,0.286,0.02,0,35074.0,0.044,0.9546,13,17,0.778,0.008,0.045,0,99,1,NORMAL_TRANSACTION,0,0,NORMAL_BASELINE
e1000000-0000-0000-0000-000000000753,50.0,3.9318,0.0,19,0,0,4,1,3,50.0,105.0,0.024,0.02,0,31542.0,0.003,0.998,13,11,1.167,0.008,0.045,0,99,1,NORMAL_TRANSACTION,0,0,NORMAL_BASELINE
e1000000-0000-0000-0000-000000000754,578.49,6.3621,0.0086,19,0,0,0,1,3,578.49,1214.83,0.372,0.02,0,20771.0,0.02,0.9769,12,22,0.565,0.008,0.045,0,99,1,NORMAL_TRANSACTION,0,0,NORMAL_BASELINE
e1000000-0000-0000-0000-000000000755,6247.04,8.74,0.0,19,0,0,1,1,3,6247.04,13118.78,1.042,0.02,0,122576.0,0.011,0.7501,13,10,1.273,0.008,0.045,0,99,1,NORMAL_TRANSACTION,0,0,NORMAL_BASELINE
e1000000-0000-0000-0000-000000000756,2212.59,7.7024,0.0,19,0,0,1,1,3,2212.59,4646.44,0.282,0.02,0,17915.0,0.006,0.9115,20,19,1.05,0.008,0.045,0,99,1,NORMAL_TRANSACTION,0,0,NORMAL_BASELINE
e1000000-0000-0000-0000-000000000757,2930.12,7.9831,0.0,19,0,0,1,1,3,2930.12,6153.25,0.583,0.02,0,273822.0,0.007,0.8828,11,11,1.0,0.008,0.045,0,99,1,NORMAL_TRANSACTION,0,0,NORMAL_BASELINE
e1000000-0000-0000-0000-000000000758,3024.57,8.0149,0.0017,19,0,0,0,1,3,3024.57,6351.6,1.108,0.02,0,30411.0,0.114,0.879,14,19,0.75,0.008,0.045,0,99,1,NORMAL_TRANSACTION,0,0,NORMAL_BASELINE
e1000000-0000-0000-0000-000000000759,1312.23,7.1802,0.0038,19,0,0,0,1,3,1312.23,2755.68,0.466,0.02,0,26926.0,0.081,0.9475,9,20,0.476,0.008,0.045,0,99,1,NORMAL_TRANSACTION,0,0,NORMAL_BASELINE
e1000000-0000-0000-0000-000000000760,3286.73,8.098,0.0015,19,0,0,0,1,3,3286.73,6902.13,0.989,0.02,0,8876.0,0.797,0.8685,11,16,0.706,0.008,0.045,0,99,1,NORMAL_TRANSACTION,0,0,NORMAL_BASELINE
e1000000-0000-0000-0000-000000000761,5302.18,8.5761,0.0149,19,0,0,2,1,3,5302.18,11134.58,3.108,0.02,0,2001.0,0.323,0.7879,13,11,1.167,0.008,0.045,0,99,1,NORMAL_TRANSACTION,0,0,NORMAL_BASELINE
e1000000-0000-0000-0000-000000000762,3261.68,8.0903,0.0015,19,0,0,0,1,3,3261.68,6849.53,1.34,0.02,0,108994.0,0.146,0.8695,16,20,0.81,0.008,0.045,0,99,1,NORMAL_TRANSACTION,0,0,NORMAL_BASELINE
e1000000-0000-0000-0000-000000000763,579.0,6.363,0.0086,20,0,0,0,1,3,579.0,1215.9,0.4,0.02,0,3535.0,0.02,0.9768,12,22,0.565,0.008,0.045,0,99,1,NORMAL_TRANSACTION,0,0,NORMAL_BASELINE
e1000000-0000-0000-0000-000000000764,4439.61,8.3985,0.0011,20,0,0,0,1,3,4439.61,9323.18,1.502,0.02,0,257740.0,0.21,0.8224,13,13,1.0,0.008,0.045,0,99,1,NORMAL_TRANSACTION,0,0,NORMAL_BASELINE
e1000000-0000-0000-0000-000000000765,594.82,6.3899,0.0,20,0,0,3,1,3,594.82,1249.12,0.274,0.02,0,88194.0,0.036,0.9762,15,20,0.762,0.008,0.045,0,99,1,NORMAL_TRANSACTION,0,0,NORMAL_BASELINE
e1000000-0000-0000-0000-000000000766,787.48,6.6701,0.0063,20,0,0,0,1,3,787.48,1653.71,0.368,0.02,0,129758.0,0.028,0.9685,15,21,0.727,0.008,0.045,0,99,1,NORMAL_TRANSACTION,0,0,NORMAL_BASELINE
e1000000-0000-0000-0000-000000000767,1806.67,7.4998,0.0028,20,0,0,0,1,3,1806.67,3794.01,0.603,0.02,0,87548.0,1.0,0.9277,10,12,0.846,0.008,0.045,0,99,1,NORMAL_TRANSACTION,0,0,NORMAL_BASELINE
e1000000-0000-0000-0000-000000000768,500.0,6.2166,0.0,20,0,0,4,1,3,500.0,1050.0,0.167,0.02,0,97979.0,0.026,0.98,16,14,1.133,0.008,0.045,0,99,1,NORMAL_TRANSACTION,0,0,NORMAL_BASELINE
e1000000-0000-0000-0000-000000000769,1620.01,7.3908,0.0,20,0,0,3,1,3,1620.01,3402.02,0.675,0.02,0,120906.0,0.288,0.9352,12,15,0.812,0.008,0.045,0,99,1,NORMAL_TRANSACTION,0,0,NORMAL_BASELINE
e1000000-0000-0000-0000-000000000770,2104.76,7.6524,0.0,20,0,0,3,1,3,2104.76,4420.0,1.182,0.02,0,18626.0,1.0,0.9158,9,22,0.435,0.008,0.045,0,99,1,NORMAL_TRANSACTION,0,0,NORMAL_BASELINE
e1000000-0000-0000-0000-000000000771,2280.17,7.7324,0.0022,20,0,0,0,1,3,2280.17,4788.36,0.88,0.02,0,36256.0,1.0,0.9088,12,16,0.765,0.008,0.045,0,99,1,NORMAL_TRANSACTION,0,0,NORMAL_BASELINE
e1000000-0000-0000-0000-000000000772,2446.64,7.8029,0.0,20,0,0,1,1,3,2446.64,5137.94,0.699,0.02,0,217064.0,0.004,0.9021,8,12,0.692,0.008,0.045,0,99,1,NORMAL_TRANSACTION,0,0,NORMAL_BASELINE
e1000000-0000-0000-0000-000000000773,3215.71,8.0761,0.0016,20,0,0,0,1,3,3215.71,6752.99,2.314,0.02,0,19677.0,0.426,0.8714,14,9,1.5,0.008,0.045,0,99,1,NORMAL_TRANSACTION,0,0,NORMAL_BASELINE
e1000000-0000-0000-0000-000000000774,100.0,4.6151,0.0,20,0,0,4,1,3,100.0,210.0,0.064,0.02,0,92354.0,0.042,0.996,15,17,0.889,0.008,0.045,0,99,1,NORMAL_TRANSACTION,0,0,NORMAL_BASELINE
e1000000-0000-0000-0000-000000000775,4725.9,8.461,0.0,20,0,0,1,1,3,4725.9,9924.39,0.58,0.02,0,451615.0,0.011,0.811,16,11,1.417,0.008,0.045,0,99,1,NORMAL_TRANSACTION,0,0,NORMAL_BASELINE
e1000000-0000-0000-0000-000000000776,1194.03,7.0859,0.0042,21,0,0,0,1,3,1194.03,2507.46,0.4,0.02,0,96306.0,0.035,0.9522,14,22,0.652,0.008,0.045,0,99,1,NORMAL_TRANSACTION,0,0,NORMAL_BASELINE
e1000000-0000-0000-0000-000000000777,1730.92,7.457,0.0029,21,0,0,0,1,3,1730.92,3634.93,1.661,0.02,0,124460.0,0.081,0.9308,9,17,0.556,0.008,0.045,0,99,1,NORMAL_TRANSACTION,0,0,NORMAL_BASELINE
e1000000-0000-0000-0000-000000000778,1405.15,7.2486,0.0036,21,0,0,0,1,3,1405.15,2950.82,1.401,0.02,0,292387.0,0.524,0.9438,15,8,1.778,0.008,0.045,0,99,1,NORMAL_TRANSACTION,0,0,NORMAL_BASELINE
e1000000-0000-0000-0000-000000000779,840.13,6.7347,0.0,21,0,0,3,1,3,840.13,1764.27,0.377,0.02,0,39642.0,0.06,0.9664,7,21,0.364,0.008,0.045,0,99,1,NORMAL_TRANSACTION,0,0,NORMAL_BASELINE
e1000000-0000-0000-0000-000000000780,1270.54,7.148,0.0039,21,0,0,0,1,3,1270.54,2668.13,0.567,0.02,0,101703.0,0.055,0.9492,7,22,0.348,0.008,0.045,0,99,1,NORMAL_TRANSACTION,0,0,NORMAL_BASELINE
e1000000-0000-0000-0000-000000000781,4848.0,8.4865,0.0,21,0,0,1,1,3,4848.0,10180.8,1.388,0.02,0,33916.0,0.022,0.8061,15,16,0.941,0.008,0.045,0,99,1,NORMAL_TRANSACTION,0,0,NORMAL_BASELINE
e1000000-0000-0000-0000-000000000782,2428.28,7.7954,0.0021,21,0,0,0,1,3,2428.28,5099.39,1.369,0.02,0,28017.0,0.113,0.9029,16,20,0.81,0.008,0.045,0,99,1,NORMAL_TRANSACTION,0,0,NORMAL_BASELINE
e1000000-0000-0000-0000-000000000783,2621.62,7.8719,0.0019,21,0,0,0,1,3,2621.62,5505.4,1.007,0.02,0,222157.0,0.277,0.8951,8,18,0.474,0.008,0.045,0,99,1,NORMAL_TRANSACTION,0,0,NORMAL_BASELINE
e1000000-0000-0000-0000-000000000784,4952.98,8.5079,0.0149,8,0,0,2,1,3,4952.98,10401.26,3.294,0.02,0,141927.0,0.146,0.8019,10,14,0.733,0.008,0.045,0,99,1,NORMAL_TRANSACTION,0,0,NORMAL_BASELINE
e1000000-0000-0000-0000-000000000785,384.1,5.9535,0.0,8,0,0,0,1,3,384.1,806.61,0.276,0.02,0,143290.0,0.02,0.9846,9,18,0.526,0.008,0.045,0,99,1,NORMAL_TRANSACTION,0,0,NORMAL_BASELINE
e1000000-0000-0000-0000-000000000786,2079.62,7.6404,0.0,8,0,0,3,1,3,2079.62,4367.2,0.612,0.02,0,47730.0,0.08,0.9168,13,17,0.778,0.008,0.045,0,99,1,NORMAL_TRANSACTION,0,0,NORMAL_BASELINE
e1000000-0000-0000-0000-000000000787,2651.37,7.8832,0.0,8,0,0,3,1,3,2651.37,5567.88,0.795,0.02,0,55671.0,0.926,0.8939,9,18,0.526,0.008,0.045,0,99,1,NORMAL_TRANSACTION,0,0,NORMAL_BASELINE
e1000000-0000-0000-0000-000000000788,3861.21,8.259,0.0013,8,0,0,0,1,3,3861.21,8108.54,1.34,0.02,0,134014.0,0.343,0.8456,16,18,0.895,0.008,0.045,0,99,1,NORMAL_TRANSACTION,0,0,NORMAL_BASELINE
e1000000-0000-0000-0000-000000000789,1633.15,7.3989,0.0031,8,0,0,0,1,3,1633.15,3429.62,1.201,0.02,0,44047.0,0.056,0.9347,12,22,0.565,0.008,0.045,0,99,1,NORMAL_TRANSACTION,0,0,NORMAL_BASELINE
e1000000-0000-0000-0000-000000000790,4754.33,8.467,0.0149,8,0,0,2,1,3,4754.33,9984.09,11.564,0.02,0,161766.0,0.141,0.8098,16,13,1.214,0.008,0.045,0,99,1,NORMAL_TRANSACTION,0,0,NORMAL_BASELINE
e1000000-0000-0000-0000-000000000791,543.13,6.2992,0.0149,8,0,0,2,1,3,543.13,1140.57,0.395,0.02,0,60243.0,0.018,0.9783,11,22,0.522,0.008,0.045,0,99,1,NORMAL_TRANSACTION,0,0,NORMAL_BASELINE
e1000000-0000-0000-0000-000000000792,1610.52,7.3849,0.0,8,0,0,1,1,3,1610.52,3382.09,0.347,0.02,0,57972.0,0.004,0.9356,16,12,1.308,0.008,0.045,0,99,1,NORMAL_TRANSACTION,0,0,NORMAL_BASELINE
e1000000-0000-0000-0000-000000000793,2508.4,7.8278,0.0,8,0,0,1,1,3,2508.4,5267.64,0.397,0.02,0,227019.0,0.014,0.8997,12,16,0.765,0.008,0.045,0,99,1,NORMAL_TRANSACTION,0,0,NORMAL_BASELINE
e1000000-0000-0000-0000-000000000794,1637.47,7.4015,0.0031,8,0,0,0,1,3,1637.47,3438.69,0.492,0.02,0,50023.0,0.052,0.9345,10,25,0.423,0.008,0.045,0,99,1,NORMAL_TRANSACTION,0,0,NORMAL_BASELINE
e1000000-0000-0000-0000-000000000795,6959.36,8.848,0.0149,8,0,0,2,1,3,6959.36,14614.66,2.956,0.02,0,260452.0,1.0,0.7216,9,11,0.833,0.008,0.045,0,99,1,NORMAL_TRANSACTION,0,0,NORMAL_BASELINE
e1000000-0000-0000-0000-000000000796,4211.44,8.3458,0.0012,8,0,0,0,1,3,4211.44,8844.02,3.504,0.02,0,145913.0,0.9,0.8315,12,13,0.929,0.008,0.045,0,99,1,NORMAL_TRANSACTION,0,0,NORMAL_BASELINE
e1000000-0000-0000-0000-000000000797,2226.24,7.7085,0.0022,9,0,0,0,1,3,2226.24,4675.1,0.806,0.02,0,43006.0,0.065,0.911,14,22,0.652,0.008,0.045,0,99,1,NORMAL_TRANSACTION,0,0,NORMAL_BASELINE
e1000000-0000-0000-0000-000000000798,5198.83,8.5564,0.0149,9,0,0,2,1,3,5198.83,10917.54,1.682,0.02,0,322416.0,0.164,0.792,15,14,1.067,0.008,0.045,0,99,1,NORMAL_TRANSACTION,0,0,NORMAL_BASELINE
e1000000-0000-0000-0000-000000000799,6790.04,8.8234,0.0,9,0,0,1,1,3,6790.04,14259.08,1.24,0.02,0,74600.0,0.011,0.7284,10,13,0.786,0.008,0.045,0,99,1,NORMAL_TRANSACTION,0,0,NORMAL_BASELINE
e1000000-0000-0000-0000-000000000800,2492.22,7.8213,0.0,9,0,0,3,1,3,2492.22,5233.66,0.909,0.02,0,60526.0,0.488,0.9003,12,24,0.52,0.008,0.045,0,99,1,NORMAL_TRANSACTION,0,0,NORMAL_BASELINE
e1000000-0000-0000-0000-000000000801,6198.04,8.7321,0.0,9,0,0,1,1,3,6198.04,13015.88,1.119,0.02,0,60449.0,0.013,0.7521,13,13,1.0,0.008,0.045,0,99,1,NORMAL_TRANSACTION,0,0,NORMAL_BASELINE
e1000000-0000-0000-0000-000000000802,4225.58,8.3491,0.0012,9,0,0,0,1,3,4225.58,8873.72,3.344,0.02,0,46360.0,1.0,0.831,15,17,0.889,0.008,0.045,0,99,1,NORMAL_TRANSACTION,0,0,NORMAL_BASELINE
e1000000-0000-0000-0000-000000000803,197.67,5.2916,0.0,9,0,0,3,1,3,197.67,415.11,0.099,0.02,0,48919.0,0.012,0.9921,15,20,0.762,0.008,0.045,0,99,1,NORMAL_TRANSACTION,0,0,NORMAL_BASELINE
e1000000-0000-0000-0000-000000000804,2828.08,7.9477,0.0,9,0,0,1,1,3,2828.08,5938.97,0.502,0.02,0,1180.0,0.006,0.8869,13,13,1.0,0.008,0.045,0,99,1,NORMAL_TRANSACTION,0,0,NORMAL_BASELINE
e1000000-0000-0000-0000-000000000805,4069.56,8.3115,0.0012,9,0,0,0,1,3,4069.56,8546.08,1.522,0.02,0,65618.0,0.119,0.8372,6,15,0.438,0.008,0.045,0,99,1,NORMAL_TRANSACTION,0,0,NORMAL_BASELINE
e1000000-0000-0000-0000-000000000806,258.88,5.5602,0.0,9,0,0,3,1,3,258.88,543.65,0.093,0.02,0,52926.0,0.01,0.9896,14,19,0.75,0.008,0.045,0,99,1,NORMAL_TRANSACTION,0,0,NORMAL_BASELINE
e1000000-0000-0000-0000-000000000807,1503.13,7.316,0.0,10,0,0,3,1,3,1503.13,3156.57,0.415,0.02,0,3302.0,0.047,0.9399,15,14,1.067,0.008,0.045,0,99,1,NORMAL_TRANSACTION,0,0,NORMAL_BASELINE
e1000000-0000-0000-0000-000000000808,8684.46,9.0694,0.0,10,0,0,1,1,3,8684.46,18237.37,1.209,0.02,0,66784.0,0.03,0.6526,16,16,1.0,0.008,0.045,0,99,1,NORMAL_TRANSACTION,0,0,NORMAL_BASELINE
e1000000-0000-0000-0000-000000000809,3700.49,8.2165,0.0014,10,0,0,0,1,3,3700.49,7771.03,2.198,0.02,0,63110.0,0.231,0.852,13,42,0.326,0.008,0.045,0,99,1,NORMAL_TRANSACTION,0,0,NORMAL_BASELINE
e1000000-0000-0000-0000-000000000810,495.17,6.2069,0.0,10,0,0,3,1,3,495.17,1039.86,0.204,0.02,0,67275.0,0.02,0.9802,13,25,0.538,0.008,0.045,0,99,1,NORMAL_TRANSACTION,0,0,NORMAL_BASELINE
e1000000-0000-0000-0000-000000000811,2741.17,7.9165,0.0018,10,0,0,0,1,3,2741.17,5756.46,0.863,0.02,0,144628.0,0.131,0.8904,8,15,0.562,0.008,0.045,0,99,1,NORMAL_TRANSACTION,0,0,NORMAL_BASELINE
e1000000-0000-0000-0000-000000000812,1143.9,7.0431,0.0,10,0,0,3,1,3,1143.9,2402.19,0.346,0.02,0,139737.0,0.081,0.9542,17,15,1.125,0.008,0.045,0,99,1,NORMAL_TRANSACTION,0,0,NORMAL_BASELINE
e1000000-0000-0000-0000-000000000813,3388.15,8.1283,0.0015,10,0,0,0,1,3,3388.15,7115.12,4.11,0.02,0,174546.0,0.101,0.8645,14,14,1.0,0.008,0.045,0,99,1,NORMAL_TRANSACTION,0,0,NORMAL_BASELINE
e1000000-0000-0000-0000-000000000814,691.13,6.5398,0.0,10,0,0,3,1,3,691.13,1451.37,0.373,0.02,0,143277.0,0.064,0.9724,13,18,0.737,0.008,0.045,0,99,1,NORMAL_TRANSACTION,0,0,NORMAL_BASELINE
e1000000-0000-0000-0000-000000000815,2973.31,7.9978,0.0,10,0,0,3,1,3,2973.31,6243.95,1.14,0.02,0,46427.0,0.314,0.8811,8,18,0.474,0.008,0.045,0,99,1,NORMAL_TRANSACTION,0,0,NORMAL_BASELINE
e1000000-0000-0000-0000-000000000816,408.22,6.0143,0.0,10,0,0,3,1,3,408.22,857.26,0.131,0.02,0,7533.0,0.013,0.9837,10,25,0.423,0.008,0.045,0,99,1,NORMAL_TRANSACTION,0,0,NORMAL_BASELINE
e1000000-0000-0000-0000-000000000817,2004.2,7.6035,0.0025,10,0,0,0,1,3,2004.2,4208.82,0.697,0.02,0,1383.0,0.142,0.9198,17,15,1.125,0.008,0.045,0,99,1,NORMAL_TRANSACTION,0,0,NORMAL_BASELINE
e1000000-0000-0000-0000-000000000818,707.08,6.5626,0.0071,11,0,0,0,1,3,707.08,1484.87,0.17,0.02,0,84470.0,0.024,0.9717,13,19,0.7,0.008,0.045,0,99,1,NORMAL_TRANSACTION,0,0,NORMAL_BASELINE
e1000000-0000-0000-0000-000000000819,4976.88,8.5128,0.0,11,0,0,1,1,3,4976.88,10451.45,1.339,0.02,0,48846.0,0.023,0.8009,15,16,0.941,0.008,0.045,0,99,1,NORMAL_TRANSACTION,0,0,NORMAL_BASELINE
e1000000-0000-0000-0000-000000000820,2320.91,7.7501,0.0,11,0,0,3,1,3,2320.91,4873.91,0.635,0.02,0,1657.0,0.079,0.9072,13,19,0.7,0.008,0.045,0,99,1,NORMAL_TRANSACTION,0,0,NORMAL_BASELINE
e1000000-0000-0000-0000-000000000821,1523.24,7.3293,0.0033,11,0,0,0,1,3,1523.24,3198.8,1.173,0.02,0,10913.0,0.049,0.9391,11,22,0.522,0.008,0.045,0,99,1,NORMAL_TRANSACTION,0,0,NORMAL_BASELINE
e1000000-0000-0000-0000-000000000822,360.8,5.8911,0.0,11,0,0,0,1,3,360.8,757.68,0.134,0.02,0,67523.0,0.1,0.9856,13,13,1.0,0.008,0.045,0,99,1,NORMAL_TRANSACTION,0,0,NORMAL_BASELINE
e1000000-0000-0000-0000-000000000823,6199.82,8.7324,0.0,11,0,0,1,1,3,6199.82,13019.62,1.345,0.02,0,59280.0,0.016,0.752,11,11,1.0,0.008,0.045,0,99,1,NORMAL_TRANSACTION,0,0,NORMAL_BASELINE
e1000000-0000-0000-0000-000000000824,2151.78,7.6745,0.0,12,0,0,3,1,3,2151.78,4518.74,0.791,0.02,0,9670.0,0.422,0.9139,12,24,0.52,0.008,0.045,0,99,1,NORMAL_TRANSACTION,0,0,NORMAL_BASELINE
e1000000-0000-0000-0000-000000000825,2606.39,7.8661,0.0019,12,0,0,0,1,3,2606.39,5473.42,0.82,0.02,0,14006.0,0.101,0.8957,13,17,0.778,0.008,0.045,0,99,1,NORMAL_TRANSACTION,0,0,NORMAL_BASELINE
e1000000-0000-0000-0000-000000000826,215.93,5.3796,0.0,12,0,0,0,1,3,215.93,453.45,0.117,0.02,0,71550.0,0.031,0.9914,13,14,0.933,0.008,0.045,0,99,1,NORMAL_TRANSACTION,0,0,NORMAL_BASELINE
e1000000-0000-0000-0000-000000000827,3736.64,8.2262,0.0,12,0,0,1,1,3,3736.64,7846.94,0.611,0.02,0,80924.0,0.009,0.8505,5,10,0.545,0.008,0.045,0,99,1,NORMAL_TRANSACTION,0,0,NORMAL_BASELINE
e1000000-0000-0000-0000-000000000828,3348.51,8.1166,0.0149,12,0,0,2,1,3,3348.51,7031.87,1.091,0.02,0,315777.0,0.437,0.8661,9,18,0.526,0.008,0.045,0,99,1,NORMAL_TRANSACTION,0,0,NORMAL_BASELINE
e1000000-0000-0000-0000-000000000829,500.0,6.2166,0.0,12,0,0,4,1,3,500.0,1050.0,0.143,0.02,0,13681.0,0.103,0.98,9,11,0.833,0.008,0.045,0,99,1,NORMAL_TRANSACTION,0,0,NORMAL_BASELINE
e1000000-0000-0000-0000-000000000830,215.19,5.3762,0.0,12,0,0,0,1,3,215.19,451.9,0.088,0.02,0,71887.0,0.036,0.9914,12,17,0.722,0.008,0.045,0,99,1,NORMAL_TRANSACTION,0,0,NORMAL_BASELINE
e1000000-0000-0000-0000-000000000831,3421.09,8.138,0.0015,12,0,0,0,1,3,3421.09,7184.29,1.579,0.02,0,55004.0,0.147,0.8632,7,22,0.348,0.008,0.045,0,99,1,NORMAL_TRANSACTION,0,0,NORMAL_BASELINE
e1000000-0000-0000-0000-000000000832,7931.08,8.9787,0.0,12,0,0,1,1,3,7931.08,16655.27,1.235,0.02,0,96682.0,0.023,0.6828,8,18,0.474,0.008,0.045,0,99,1,NORMAL_TRANSACTION,0,0,NORMAL_BASELINE
e1000000-0000-0000-0000-000000000833,2701.1,7.9018,0.0,13,0,0,3,1,3,2701.1,5672.31,1.009,0.02,0,70380.0,0.112,0.892,17,17,1.0,0.008,0.045,0,99,1,NORMAL_TRANSACTION,0,0,NORMAL_BASELINE
e1000000-0000-0000-0000-000000000834,3522.98,8.1673,0.0014,13,0,0,0,1,3,3522.98,7398.26,1.128,0.02,0,2485.0,0.46,0.8591,9,18,0.526,0.008,0.045,0,99,1,NORMAL_TRANSACTION,0,0,NORMAL_BASELINE
e1000000-0000-0000-0000-000000000835,6763.29,8.8194,0.0149,13,0,0,2,1,3,6763.29,14202.91,3.222,0.02,0,93901.0,0.743,0.7295,15,20,0.762,0.008,0.045,0,99,1,NORMAL_TRANSACTION,0,0,NORMAL_BASELINE
e1000000-0000-0000-0000-000000000836,8353.3,9.0305,0.0,13,0,0,1,1,3,8353.3,17541.93,1.766,0.02,0,77454.0,0.017,0.6659,12,8,1.444,0.008,0.045,0,99,1,NORMAL_TRANSACTION,0,0,NORMAL_BASELINE
e1000000-0000-0000-0000-000000000837,2016.76,7.6097,0.0,13,0,0,3,1,3,2016.76,4235.2,0.748,0.02,0,89878.0,0.087,0.9193,14,21,0.682,0.008,0.045,0,99,1,NORMAL_TRANSACTION,0,0,NORMAL_BASELINE
e1000000-0000-0000-0000-000000000838,1264.33,7.1431,0.0,13,0,0,3,1,3,1264.33,2655.09,0.362,0.02,0,8135.0,0.043,0.9494,13,19,0.7,0.008,0.045,0,99,1,NORMAL_TRANSACTION,0,0,NORMAL_BASELINE
e1000000-0000-0000-0000-000000000839,1784.85,7.4876,0.0028,13,0,0,0,1,3,1784.85,3748.18,0.744,0.02,0,78706.0,0.067,0.9286,9,16,0.588,0.008,0.045,0,99,1,NORMAL_TRANSACTION,0,0,NORMAL_BASELINE
e1000000-0000-0000-0000-000000000840,3946.61,8.2809,0.0013,14,0,0,0,1,3,3946.61,8287.88,1.039,0.02,0,188058.0,1.0,0.8421,14,23,0.625,0.008,0.045,0,99,1,NORMAL_TRANSACTION,0,0,NORMAL_BASELINE
e1000000-0000-0000-0000-000000000841,2694.04,7.8992,0.0,14,0,0,1,1,3,2694.04,5657.48,0.63,0.02,0,75956.0,0.005,0.8922,18,18,1.0,0.008,0.045,0,99,1,NORMAL_TRANSACTION,0,0,NORMAL_BASELINE
e1000000-0000-0000-0000-000000000842,716.66,6.576,0.0,14,0,0,3,1,3,716.66,1504.99,0.247,0.02,0,7336.0,0.148,0.9713,9,11,0.833,0.008,0.045,0,99,1,NORMAL_TRANSACTION,0,0,NORMAL_BASELINE
e1000000-0000-0000-0000-000000000843,1064.19,6.9709,0.0,14,0,0,3,1,3,1064.19,2234.8,0.344,0.02,0,14952.0,0.051,0.9574,8,15,0.562,0.008,0.045,0,99,1,NORMAL_TRANSACTION,0,0,NORMAL_BASELINE
e1000000-0000-0000-0000-000000000844,2911.65,7.9768,0.0017,14,0,0,0,1,3,2911.65,6114.47,1.043,0.02,0,92194.0,1.0,0.8835,13,24,0.56,0.008,0.045,0,99,1,NORMAL_TRANSACTION,0,0,NORMAL_BASELINE
e1000000-0000-0000-0000-000000000845,20.0,3.0445,0.0,14,0,0,4,1,3,20.0,42.0,0.012,0.02,0,79181.0,0.001,0.9992,12,23,0.542,0.008,0.045,0,99,1,NORMAL_TRANSACTION,0,0,NORMAL_BASELINE
e1000000-0000-0000-0000-000000000846,234.91,5.4635,0.0,14,0,0,0,1,3,234.91,493.31,0.104,0.02,0,15365.0,0.009,0.9906,13,25,0.538,0.008,0.045,0,99,1,NORMAL_TRANSACTION,0,0,NORMAL_BASELINE
e1000000-0000-0000-0000-000000000847,7258.07,8.89,0.0149,14,0,0,2,1,3,7258.07,15241.95,3.767,0.02,0,183435.0,0.54,0.7097,10,17,0.611,0.008,0.045,0,99,1,NORMAL_TRANSACTION,0,0,NORMAL_BASELINE
e1000000-0000-0000-0000-000000000848,3151.42,8.0559,0.0,15,0,0,3,1,3,3151.42,6617.98,2.69,0.02,0,174134.0,0.213,0.8739,15,15,1.0,0.008,0.045,0,99,1,NORMAL_TRANSACTION,0,0,NORMAL_BASELINE
e1000000-0000-0000-0000-000000000849,4125.3,8.3251,0.0012,15,0,0,0,1,3,4125.3,8663.13,1.602,0.02,0,68104.0,0.212,0.835,16,14,1.133,0.008,0.045,0,99,1,NORMAL_TRANSACTION,0,0,NORMAL_BASELINE
e1000000-0000-0000-0000-000000000850,1030.82,6.9391,0.0,15,0,0,3,1,3,1030.82,2164.72,0.366,0.02,0,16153.0,0.033,0.9588,10,25,0.423,0.008,0.045,0,99,1,NORMAL_TRANSACTION,0,0,NORMAL_BASELINE
e1000000-0000-0000-0000-000000000851,6390.36,8.7627,0.0149,15,0,0,2,1,3,6390.36,13419.76,3.706,0.02,0,182513.0,0.273,0.7444,12,12,1.0,0.008,0.045,0,99,1,NORMAL_TRANSACTION,0,0,NORMAL_BASELINE
e1000000-0000-0000-0000-000000000852,2711.91,7.9058,0.0,15,0,0,1,1,3,2711.91,5695.01,0.421,0.02,0,66998.0,0.006,0.8915,16,11,1.417,0.008,0.045,0,99,1,NORMAL_TRANSACTION,0,0,NORMAL_BASELINE
e1000000-0000-0000-0000-000000000853,897.96,6.8012,0.0,15,0,0,3,1,3,897.96,1885.72,0.321,0.02,0,1131.0,0.046,0.9641,16,14,1.133,0.008,0.045,0,99,1,NORMAL_TRANSACTION,0,0,NORMAL_BASELINE
e1000000-0000-0000-0000-000000000854,1449.94,7.28,0.0,15,0,0,3,1,3,1449.94,3044.87,0.758,0.02,0,69685.0,0.051,0.942,15,21,0.727,0.008,0.045,0,99,1,NORMAL_TRANSACTION,0,0,NORMAL_BASELINE
e1000000-0000-0000-0000-000000000855,4429.39,8.3962,0.0011,15,0,0,0,1,3,4429.39,9301.72,1.8,0.02,0,161227.0,1.0,0.8228,14,14,1.0,0.008,0.045,0,99,1,NORMAL_TRANSACTION,0,0,NORMAL_BASELINE
e1000000-0000-0000-0000-000000000856,570.31,6.3479,0.0088,15,0,0,0,1,3,570.31,1197.65,0.203,0.02,0,4531.0,0.242,0.9772,13,24,0.56,0.008,0.045,0,99,1,NORMAL_TRANSACTION,0,0,NORMAL_BASELINE
e1000000-0000-0000-0000-000000000857,3487.84,8.1573,0.0,16,0,0,1,1,3,3487.84,7324.46,0.527,0.02,0,12302.0,0.01,0.8605,8,18,0.474,0.008,0.045,0,99,1,NORMAL_TRANSACTION,0,0,NORMAL_BASELINE
e1000000-0000-0000-0000-000000000858,2861.36,7.9594,0.0017,16,0,0,0,1,3,2861.36,6008.86,2.271,0.02,0,186326.0,0.131,0.8855,10,15,0.688,0.008,0.045,0,99,1,NORMAL_TRANSACTION,0,0,NORMAL_BASELINE
e1000000-0000-0000-0000-000000000859,1667.85,7.4199,0.003,16,0,0,0,1,3,1667.85,3502.49,1.162,0.02,0,5849.0,0.055,0.9333,12,23,0.542,0.008,0.045,0,99,1,NORMAL_TRANSACTION,0,0,NORMAL_BASELINE
e1000000-0000-0000-0000-000000000860,3657.21,8.2047,0.0014,16,0,0,0,1,3,3657.21,7680.14,3.23,0.02,0,84988.0,0.13,0.8537,14,23,0.625,0.008,0.045,0,99,1,NORMAL_TRANSACTION,0,0,NORMAL_BASELINE
e1000000-0000-0000-0000-000000000861,3620.61,8.1947,0.0,16,0,0,1,1,3,3620.61,7603.28,0.491,0.02,0,22530.0,0.012,0.8552,16,16,1.0,0.008,0.045,0,99,1,NORMAL_TRANSACTION,0,0,NORMAL_BASELINE
e1000000-0000-0000-0000-000000000862,3174.2,8.0631,0.0016,16,0,0,0,1,3,3174.2,6665.82,0.973,0.02,0,159775.0,0.121,0.873,13,26,0.519,0.008,0.045,0,99,1,NORMAL_TRANSACTION,0,0,NORMAL_BASELINE
e1000000-0000-0000-0000-000000000863,2845.17,7.9537,0.0,16,0,0,3,1,3,2845.17,5974.86,2.394,0.02,0,286423.0,0.377,0.8862,13,12,1.077,0.008,0.045,0,99,1,NORMAL_TRANSACTION,0,0,NORMAL_BASELINE
e1000000-0000-0000-0000-000000000864,4165.8,8.3349,0.0012,17,0,0,0,1,3,4165.8,8748.18,1.09,0.02,0,10744.0,1.0,0.8334,14,23,0.625,0.008,0.045,0,99,1,NORMAL_TRANSACTION,0,0,NORMAL_BASELINE
e1000000-0000-0000-0000-000000000865,1229.47,7.1152,0.0149,17,0,0,2,1,3,1229.47,2581.89,0.469,0.02,0,12879.0,0.053,0.9508,14,21,0.682,0.008,0.045,0,99,1,NORMAL_TRANSACTION,0,0,NORMAL_BASELINE
e1000000-0000-0000-0000-000000000866,100.0,4.6151,0.0,17,0,0,4,1,3,100.0,210.0,0.074,0.02,0,198641.0,0.003,0.996,11,16,0.706,0.008,0.045,0,99,1,NORMAL_TRANSACTION,0,0,NORMAL_BASELINE
e1000000-0000-0000-0000-000000000867,3423.25,8.1386,0.0,17,0,0,1,1,3,3423.25,7188.83,1.04,0.02,0,75375.0,0.006,0.8631,8,12,0.692,0.008,0.045,0,99,1,NORMAL_TRANSACTION,0,0,NORMAL_BASELINE
e1000000-0000-0000-0000-000000000868,1737.98,7.4611,0.0,17,0,0,3,1,3,1737.98,3649.76,0.792,0.02,0,34462.0,0.051,0.9305,10,14,0.733,0.008,0.045,0,99,1,NORMAL_TRANSACTION,0,0,NORMAL_BASELINE
e1000000-0000-0000-0000-000000000869,3431.62,8.1411,0.0015,17,0,0,0,1,3,3431.62,7206.4,1.381,0.02,0,115566.0,0.272,0.8627,5,14,0.4,0.008,0.045,0,99,1,NORMAL_TRANSACTION,0,0,NORMAL_BASELINE
e1000000-0000-0000-0000-000000000870,2578.59,7.8554,0.0,17,0,0,1,1,3,2578.59,5415.04,0.358,0.02,0,81308.0,0.007,0.8969,20,19,1.05,0.008,0.045,0,99,1,NORMAL_TRANSACTION,0,0,NORMAL_BASELINE
e1000000-0000-0000-0000-000000000871,2170.97,7.6834,0.0,17,0,0,3,1,3,2170.97,4559.04,1.007,0.02,0,255262.0,0.121,0.9132,14,21,0.682,0.008,0.045,0,99,1,NORMAL_TRANSACTION,0,0,NORMAL_BASELINE
e1000000-0000-0000-0000-000000000872,4472.42,8.4059,0.0011,17,0,0,0,1,3,4472.42,9392.08,1.953,0.02,0,94132.0,0.22,0.8211,10,16,0.647,0.008,0.045,0,99,1,NORMAL_TRANSACTION,0,0,NORMAL_BASELINE
e1000000-0000-0000-0000-000000000873,7423.1,8.9125,0.0,18,0,0,1,1,3,7423.1,15588.51,1.904,0.02,0,24876.0,0.034,0.7031,15,16,0.941,0.008,0.045,0,99,1,NORMAL_TRANSACTION,0,0,NORMAL_BASELINE
e1000000-0000-0000-0000-000000000874,1171.65,7.067,0.0,18,0,0,3,1,3,1171.65,2460.47,0.434,0.02,0,33607.0,0.034,0.9531,14,22,0.652,0.008,0.045,0,99,1,NORMAL_TRANSACTION,0,0,NORMAL_BASELINE
e1000000-0000-0000-0000-000000000875,1474.97,7.2971,0.0,18,0,0,1,1,3,1474.97,3097.44,0.279,0.02,0,31625.0,0.003,0.941,13,13,1.0,0.008,0.045,0,99,1,NORMAL_TRANSACTION,0,0,NORMAL_BASELINE
e1000000-0000-0000-0000-000000000876,723.7,6.5858,0.0069,18,0,0,0,1,3,723.7,1519.77,0.523,0.02,0,38274.0,0.025,0.9711,12,22,0.565,0.008,0.045,0,99,1,NORMAL_TRANSACTION,0,0,NORMAL_BASELINE
e1000000-0000-0000-0000-000000000877,1283.33,7.158,0.0,19,0,0,3,1,3,1283.33,2694.99,0.484,0.02,0,3745.0,0.063,0.9487,10,16,0.647,0.008,0.045,0,99,1,NORMAL_TRANSACTION,0,0,NORMAL_BASELINE
e1000000-0000-0000-0000-000000000878,3328.44,8.1106,0.0015,19,0,0,0,1,3,3328.44,6989.72,1.203,0.02,0,102927.0,0.098,0.8669,12,15,0.812,0.008,0.045,0,99,1,NORMAL_TRANSACTION,0,0,NORMAL_BASELINE
e1000000-0000-0000-0000-000000000879,595.35,6.3908,0.0084,19,0,0,0,1,3,595.35,1250.24,0.183,0.02,0,83170.0,0.028,0.9762,13,13,1.0,0.008,0.045,0,99,1,NORMAL_TRANSACTION,0,0,NORMAL_BASELINE
e1000000-0000-0000-0000-000000000880,9547.79,9.1642,0.0,19,0,0,1,1,3,9547.79,20050.36,1.838,0.02,0,13965.0,0.023,0.6181,16,11,1.417,0.008,0.045,0,99,1,NORMAL_TRANSACTION,0,0,NORMAL_BASELINE
e1000000-0000-0000-0000-000000000881,100.0,4.6151,0.0,19,0,0,4,1,3,100.0,210.0,0.031,0.02,0,20900.0,0.003,0.996,13,19,0.7,0.008,0.045,0,99,1,NORMAL_TRANSACTION,0,0,NORMAL_BASELINE
e1000000-0000-0000-0000-000000000882,307.12,5.7305,0.0,19,0,0,0,1,3,307.12,644.95,0.169,0.02,0,82739.0,0.313,0.9877,9,22,0.435,0.008,0.045,0,99,1,NORMAL_TRANSACTION,0,0,NORMAL_BASELINE
e1000000-0000-0000-0000-000000000883,2029.76,7.6162,0.0,19,0,0,3,1,3,2029.76,4262.5,1.189,0.02,0,32139.0,0.187,0.9188,13,18,0.737,0.008,0.045,0,99,1,NORMAL_TRANSACTION,0,0,NORMAL_BASELINE
e1000000-0000-0000-0000-000000000884,200.0,5.3033,0.0,19,0,0,4,1,3,200.0,420.0,0.108,0.02,0,40549.0,0.006,0.992,16,13,1.214,0.008,0.045,0,99,1,NORMAL_TRANSACTION,0,0,NORMAL_BASELINE
e1000000-0000-0000-0000-000000000885,1911.06,7.5559,0.0,19,0,0,3,1,3,1911.06,4013.23,0.814,0.02,0,187375.0,1.0,0.9236,13,17,0.778,0.008,0.045,0,99,1,NORMAL_TRANSACTION,0,0,NORMAL_BASELINE
e1000000-0000-0000-0000-000000000886,2926.51,7.9819,0.0017,19,0,0,0,1,3,2926.51,6145.67,1.382,0.02,0,7894.0,0.086,0.8829,10,14,0.733,0.008,0.045,0,99,1,NORMAL_TRANSACTION,0,0,NORMAL_BASELINE
e1000000-0000-0000-0000-000000000887,2855.44,7.9573,0.0,19,0,0,1,1,3,2855.44,5996.42,0.862,0.02,0,8396.0,0.005,0.8858,8,12,0.692,0.008,0.045,0,99,1,NORMAL_TRANSACTION,0,0,NORMAL_BASELINE
e1000000-0000-0000-0000-000000000888,3508.77,8.1633,0.0014,19,0,0,0,1,3,3508.77,7368.42,2.107,0.02,0,1285.0,1.0,0.8596,9,22,0.435,0.008,0.045,0,99,1,NORMAL_TRANSACTION,0,0,NORMAL_BASELINE
e1000000-0000-0000-0000-000000000889,2930.56,7.9833,0.0149,19,0,0,2,1,3,2930.56,6154.18,1.389,0.02,0,18674.0,0.118,0.8828,13,25,0.538,0.008,0.045,0,99,1,NORMAL_TRANSACTION,0,0,NORMAL_BASELINE
e1000000-0000-0000-0000-000000000890,2296.28,7.7395,0.0022,19,0,0,0,1,3,2296.28,4822.19,1.253,0.02,0,189.0,1.0,0.9081,9,22,0.435,0.008,0.045,0,99,1,NORMAL_TRANSACTION,0,0,NORMAL_BASELINE
e1000000-0000-0000-0000-000000000891,1434.1,7.269,0.0,20,0,0,3,1,3,1434.1,3011.61,0.533,0.02,0,107664.0,0.081,0.9426,14,20,0.714,0.008,0.045,0,99,1,NORMAL_TRANSACTION,0,0,NORMAL_BASELINE
e1000000-0000-0000-0000-000000000892,1377.74,7.2289,0.0036,20,0,0,0,1,3,1377.74,2893.25,0.746,0.02,0,15826.0,0.049,0.9449,15,21,0.727,0.008,0.045,0,99,1,NORMAL_TRANSACTION,0,0,NORMAL_BASELINE
e1000000-0000-0000-0000-000000000893,2180.66,7.6878,0.0023,20,0,0,0,1,3,2180.66,4579.39,0.661,0.02,0,188202.0,0.068,0.9128,17,19,0.9,0.008,0.045,0,99,1,NORMAL_TRANSACTION,0,0,NORMAL_BASELINE
e1000000-0000-0000-0000-000000000894,3993.89,8.2928,0.0,20,0,0,1,1,3,3993.89,8387.17,0.496,0.02,0,189695.0,0.009,0.8402,14,10,1.364,0.008,0.045,0,99,1,NORMAL_TRANSACTION,0,0,NORMAL_BASELINE
e1000000-0000-0000-0000-000000000895,1822.43,7.5085,0.0149,20,0,0,2,1,3,1822.43,3827.1,0.715,0.02,0,553.0,0.103,0.9271,14,20,0.714,0.008,0.045,0,99,1,NORMAL_TRANSACTION,0,0,NORMAL_BASELINE
e1000000-0000-0000-0000-000000000896,1547.06,7.3448,0.0032,20,0,0,0,1,3,1547.06,3248.83,0.888,0.02,0,2016.0,0.143,0.9381,13,18,0.737,0.008,0.045,0,99,1,NORMAL_TRANSACTION,0,0,NORMAL_BASELINE
e1000000-0000-0000-0000-000000000897,877.65,6.7784,0.0,20,0,0,3,1,3,877.65,1843.07,0.304,0.02,0,169768.0,0.098,0.9649,8,21,0.409,0.008,0.045,0,99,1,NORMAL_TRANSACTION,0,0,NORMAL_BASELINE
e1000000-0000-0000-0000-000000000898,560.36,6.3304,0.0,20,0,0,3,1,3,560.36,1176.76,0.443,0.02,0,200799.0,0.03,0.9776,10,14,0.733,0.008,0.045,0,99,1,NORMAL_TRANSACTION,0,0,NORMAL_BASELINE
e1000000-0000-0000-0000-000000000899,1859.27,7.5285,0.0,20,0,0,3,1,3,1859.27,3904.47,0.48,0.02,0,13053.0,1.0,0.9256,14,23,0.625,0.008,0.045,0,99,1,NORMAL_TRANSACTION,0,0,NORMAL_BASELINE
e1000000-0000-0000-0000-000000000900,841.63,6.7365,0.0059,20,0,0,0,1,3,841.63,1767.42,0.596,0.02,0,15496.0,0.03,0.9663,14,23,0.625,0.008,0.045,0,99,1,NORMAL_TRANSACTION,0,0,NORMAL_BASELINE
e1000000-0000-0000-0000-000000000901,604.31,6.4057,0.0,20,0,0,3,1,3,604.31,1269.05,0.291,0.02,0,108052.0,0.063,0.9758,12,18,0.684,0.008,0.045,0,99,1,NORMAL_TRANSACTION,0,0,NORMAL_BASELINE
e1000000-0000-0000-0000-000000000902,2020.06,7.6114,0.0,20,0,0,3,1,3,2020.06,4242.13,0.974,0.02,0,270354.0,0.335,0.9192,10,18,0.579,0.008,0.045,0,99,1,NORMAL_TRANSACTION,0,0,NORMAL_BASELINE
e1000000-0000-0000-0000-000000000903,2240.77,7.715,0.0,21,0,0,3,1,3,2240.77,4705.62,1.349,0.02,0,17328.0,0.103,0.9104,10,15,0.688,0.008,0.045,0,99,1,NORMAL_TRANSACTION,0,0,NORMAL_BASELINE
e1000000-0000-0000-0000-000000000904,1706.91,7.443,0.0,21,0,0,1,1,3,1706.91,3584.51,0.351,0.02,0,212722.0,0.005,0.9317,9,11,0.833,0.008,0.045,0,99,1,NORMAL_TRANSACTION,0,0,NORMAL_BASELINE
e1000000-0000-0000-0000-000000000905,2011.42,7.6071,0.0,21,0,0,3,1,3,2011.42,4223.98,0.744,0.02,0,263775.0,0.085,0.9195,11,14,0.8,0.008,0.045,0,99,1,NORMAL_TRANSACTION,0,0,NORMAL_BASELINE
e1000000-0000-0000-0000-000000000906,777.39,6.6572,0.0064,21,0,0,0,1,3,777.39,1632.52,0.438,0.02,0,192329.0,0.12,0.9689,17,15,1.125,0.008,0.045,0,99,1,NORMAL_TRANSACTION,0,0,NORMAL_BASELINE
e1000000-0000-0000-0000-000000000907,6609.24,8.7964,0.0,21,0,0,1,1,3,6609.24,13879.4,1.172,0.02,0,33595.0,0.016,0.7356,5,10,0.545,0.008,0.045,0,99,1,NORMAL_TRANSACTION,0,0,NORMAL_BASELINE
e1000000-0000-0000-0000-000000000908,1843.02,7.5197,0.0,21,0,0,3,1,3,1843.02,3870.34,1.049,0.02,0,42416.0,0.778,0.9263,15,17,0.889,0.008,0.045,0,99,1,NORMAL_TRANSACTION,0,0,NORMAL_BASELINE
e1000000-0000-0000-0000-000000000909,668.22,6.5061,0.0075,21,0,0,0,1,3,668.22,1403.26,0.308,0.02,0,6067.0,0.027,0.9733,13,25,0.538,0.008,0.045,0,99,1,NORMAL_TRANSACTION,0,0,NORMAL_BASELINE
e1000000-0000-0000-0000-000000000910,2644.29,7.8805,0.0,21,0,0,3,1,3,2644.29,5553.01,0.988,0.02,0,35186.0,0.518,0.8942,12,24,0.52,0.008,0.045,0,99,1,NORMAL_TRANSACTION,0,0,NORMAL_BASELINE
e1000000-0000-0000-0000-000000000911,4534.02,8.4196,0.0149,21,0,0,2,1,3,4534.02,9521.44,3.919,0.02,0,88789.0,0.212,0.8186,9,17,0.556,0.008,0.045,0,99,1,NORMAL_TRANSACTION,0,0,NORMAL_BASELINE
e1000000-0000-0000-0000-000000000912,3681.08,8.2112,0.0014,8,0,0,0,1,3,3681.08,7730.27,1.992,0.02,0,144856.0,0.423,0.8528,10,17,0.611,0.008,0.045,0,99,1,NORMAL_TRANSACTION,0,0,NORMAL_BASELINE
e1000000-0000-0000-0000-000000000913,879.6,6.7806,0.0057,8,0,0,0,1,3,879.6,1847.16,0.276,0.02,0,68075.0,0.115,0.9648,9,18,0.526,0.008,0.045,0,99,1,NORMAL_TRANSACTION,0,0,NORMAL_BASELINE
e1000000-0000-0000-0000-000000000914,3405.93,8.1336,0.0015,8,0,0,0,1,3,3405.93,7152.45,1.905,0.02,0,43511.0,0.12,0.8638,15,21,0.727,0.008,0.045,0,99,1,NORMAL_TRANSACTION,0,0,NORMAL_BASELINE
e1000000-0000-0000-0000-000000000915,1971.58,7.5871,0.0025,8,0,0,0,1,3,1971.58,4140.32,0.825,0.02,0,60068.0,0.084,0.9211,12,12,1.0,0.008,0.045,0,99,1,NORMAL_TRANSACTION,0,0,NORMAL_BASELINE
e1000000-0000-0000-0000-000000000916,1998.36,7.6006,0.0025,8,0,0,0,1,3,1998.36,4196.56,1.129,0.02,0,38761.0,0.844,0.9201,15,17,0.889,0.008,0.045,0,99,1,NORMAL_TRANSACTION,0,0,NORMAL_BASELINE
e1000000-0000-0000-0000-000000000917,741.14,6.6095,0.0,8,0,0,3,1,3,741.14,1556.39,0.26,0.02,0,46932.0,0.022,0.9704,12,15,0.812,0.008,0.045,0,99,1,NORMAL_TRANSACTION,0,0,NORMAL_BASELINE
e1000000-0000-0000-0000-000000000918,488.13,6.1926,0.0,8,0,0,0,1,3,488.13,1025.07,0.192,0.02,0,128873.0,0.935,0.9805,12,16,0.765,0.008,0.045,0,99,1,NORMAL_TRANSACTION,0,0,NORMAL_BASELINE
e1000000-0000-0000-0000-000000000919,2487.74,7.8195,0.0,8,0,0,3,1,3,2487.74,5224.25,1.369,0.02,0,81262.0,0.151,0.9005,15,20,0.762,0.008,0.045,0,99,1,NORMAL_TRANSACTION,0,0,NORMAL_BASELINE
e1000000-0000-0000-0000-000000000920,1193.61,7.0856,0.0149,8,0,0,2,1,3,1193.61,2506.58,0.397,0.02,0,151541.0,0.049,0.9523,11,16,0.706,0.008,0.045,0,99,1,NORMAL_TRANSACTION,0,0,NORMAL_BASELINE
e1000000-0000-0000-0000-000000000921,3195.61,8.0698,0.0016,8,0,0,0,1,3,3195.61,6710.78,1.836,0.02,0,56453.0,0.423,0.8722,13,12,1.077,0.008,0.045,0,99,1,NORMAL_TRANSACTION,0,0,NORMAL_BASELINE
e1000000-0000-0000-0000-000000000922,812.15,6.7009,0.0062,8,0,0,0,1,3,812.15,1705.52,0.37,0.02,0,72461.0,0.137,0.9675,12,17,0.722,0.008,0.045,0,99,1,NORMAL_TRANSACTION,0,0,NORMAL_BASELINE
e1000000-0000-0000-0000-000000000923,9257.12,9.1333,0.0,8,0,0,1,1,3,9257.12,19439.95,1.331,0.02,0,59354.0,0.032,0.6297,16,16,1.0,0.008,0.045,0,99,1,NORMAL_TRANSACTION,0,0,NORMAL_BASELINE
e1000000-0000-0000-0000-000000000924,965.66,6.8738,0.0052,8,0,0,0,1,3,965.66,2027.89,0.377,0.02,0,62602.0,0.05,0.9614,16,14,1.133,0.008,0.045,0,99,1,NORMAL_TRANSACTION,0,0,NORMAL_BASELINE
e1000000-0000-0000-0000-000000000925,1320.24,7.1863,0.0149,9,0,0,2,1,3,1320.24,2772.5,1.024,0.02,0,147854.0,0.28,0.9472,13,16,0.824,0.008,0.045,0,99,1,NORMAL_TRANSACTION,0,0,NORMAL_BASELINE
e1000000-0000-0000-0000-000000000926,4130.53,8.3264,0.0,9,0,0,1,1,3,4130.53,8674.11,1.063,0.02,0,88182.0,0.01,0.8348,16,12,1.308,0.008,0.045,0,99,1,NORMAL_TRANSACTION,0,0,NORMAL_BASELINE
e1000000-0000-0000-0000-000000000927,2020.96,7.6118,0.0,9,0,0,3,1,3,2020.96,4244.02,0.822,0.02,0,83789.0,0.076,0.9192,14,19,0.75,0.008,0.045,0,99,1,NORMAL_TRANSACTION,0,0,NORMAL_BASELINE
e1000000-0000-0000-0000-000000000928,6527.64,8.784,0.0149,9,0,0,2,1,3,6527.64,13708.04,2.928,0.02,0,154111.0,0.423,0.7389,11,16,0.706,0.008,0.045,0,99,1,NORMAL_TRANSACTION,0,0,NORMAL_BASELINE
e1000000-0000-0000-0000-000000000929,2400.25,7.7837,0.0,9,0,0,3,1,3,2400.25,5040.53,1.041,0.02,0,135863.0,0.146,0.904,13,11,1.167,0.008,0.045,0,99,1,NORMAL_TRANSACTION,0,0,NORMAL_BASELINE
e1000000-0000-0000-0000-000000000930,2245.49,7.7171,0.0,9,0,0,3,1,3,2245.49,4715.53,0.762,0.02,0,632.0,0.146,0.9102,11,16,0.706,0.008,0.045,0,99,1,NORMAL_TRANSACTION,0,0,NORMAL_BASELINE
e1000000-0000-0000-0000-000000000931,2702.82,7.9024,0.0,9,0,0,3,1,3,2702.82,5675.92,1.118,0.02,0,156010.0,0.113,0.8919,8,18,0.474,0.008,0.045,0,99,1,NORMAL_TRANSACTION,0,0,NORMAL_BASELINE
e1000000-0000-0000-0000-000000000932,4189.15,8.3405,0.0149,9,0,0,2,1,3,4189.15,8797.22,1.422,0.02,0,331053.0,0.183,0.8324,10,20,0.524,0.008,0.045,0,99,1,NORMAL_TRANSACTION,0,0,NORMAL_BASELINE
e1000000-0000-0000-0000-000000000933,2836.8,7.9508,0.0149,9,0,0,2,1,3,2836.8,5957.28,1.964,0.02,0,51095.0,0.084,0.8865,16,13,1.214,0.008,0.045,0,99,1,NORMAL_TRANSACTION,0,0,NORMAL_BASELINE
e1000000-0000-0000-0000-000000000934,2287.14,7.7355,0.0022,10,0,0,0,1,3,2287.14,4802.99,1.133,0.02,0,179417.0,0.162,0.9085,9,9,1.0,0.008,0.045,0,99,1,NORMAL_TRANSACTION,0,0,NORMAL_BASELINE
e1000000-0000-0000-0000-000000000935,20.0,3.0445,0.0,10,0,0,4,1,3,20.0,42.0,0.01,0.02,0,48050.0,0.003,0.9992,10,18,0.579,0.008,0.045,0,99,1,NORMAL_TRANSACTION,0,0,NORMAL_BASELINE
e1000000-0000-0000-0000-000000000936,351.65,5.8655,0.0,10,0,0,3,1,3,351.65,738.47,0.198,0.02,0,47359.0,0.016,0.9859,10,15,0.688,0.008,0.045,0,99,1,NORMAL_TRANSACTION,0,0,NORMAL_BASELINE
e1000000-0000-0000-0000-000000000937,9802.2,9.1905,0.0,10,0,0,1,1,3,9802.2,20584.62,1.565,0.02,0,64746.0,0.028,0.6079,8,18,0.474,0.008,0.045,0,99,1,NORMAL_TRANSACTION,0,0,NORMAL_BASELINE
e1000000-0000-0000-0000-000000000938,743.84,6.6132,0.0067,10,0,0,0,1,3,743.84,1562.06,0.296,0.02,0,145635.0,0.047,0.9702,11,22,0.522,0.008,0.045,0,99,1,NORMAL_TRANSACTION,0,0,NORMAL_BASELINE
e1000000-0000-0000-0000-000000000939,2399.01,7.7832,0.0,10,0,0,3,1,3,2399.01,5037.92,0.941,0.02,0,57501.0,0.07,0.904,14,22,0.652,0.008,0.045,0,99,1,NORMAL_TRANSACTION,0,0,NORMAL_BASELINE
e1000000-0000-0000-0000-000000000940,200.0,5.3033,0.0,10,0,0,4,1,3,200.0,420.0,0.087,0.02,0,310297.0,0.025,0.992,9,14,0.667,0.008,0.045,0,99,1,NORMAL_TRANSACTION,0,0,NORMAL_BASELINE
e1000000-0000-0000-0000-000000000941,983.81,6.8924,0.0051,10,0,0,0,1,3,983.81,2066.0,0.344,0.02,0,9192.0,0.128,0.9606,9,18,0.526,0.008,0.045,0,99,1,NORMAL_TRANSACTION,0,0,NORMAL_BASELINE
e1000000-0000-0000-0000-000000000942,2923.63,7.9809,0.0017,10,0,0,0,1,3,2923.63,6139.62,1.626,0.02,0,9227.0,1.0,0.8831,15,17,0.889,0.008,0.045,0,99,1,NORMAL_TRANSACTION,0,0,NORMAL_BASELINE
e1000000-0000-0000-0000-000000000943,800.44,6.6864,0.0149,10,0,0,2,1,3,800.44,1680.92,0.256,0.02,0,4614.0,0.035,0.968,10,20,0.524,0.008,0.045,0,99,1,NORMAL_TRANSACTION,0,0,NORMAL_BASELINE
e1000000-0000-0000-0000-000000000944,4310.91,8.3691,0.0012,11,0,0,0,1,3,4310.91,9052.91,1.677,0.02,0,154945.0,0.25,0.8276,15,22,0.696,0.008,0.045,0,99,1,NORMAL_TRANSACTION,0,0,NORMAL_BASELINE
e1000000-0000-0000-0000-000000000945,1804.44,7.4986,0.0,11,0,0,3,1,3,1804.44,3789.32,0.593,0.02,0,97211.0,0.16,0.9278,16,18,0.895,0.008,0.045,0,99,1,NORMAL_TRANSACTION,0,0,NORMAL_BASELINE
e1000000-0000-0000-0000-000000000946,3146.82,8.0545,0.0016,11,0,0,0,1,3,3146.82,6608.32,1.011,0.02,0,55248.0,0.098,0.8741,17,19,0.9,0.008,0.045,0,99,1,NORMAL_TRANSACTION,0,0,NORMAL_BASELINE
e1000000-0000-0000-0000-000000000947,3884.13,8.2649,0.0013,11,0,0,0,1,3,3884.13,8156.67,2.191,0.02,0,4938.0,0.644,0.8446,10,18,0.579,0.008,0.045,0,99,1,NORMAL_TRANSACTION,0,0,NORMAL_BASELINE
e1000000-0000-0000-0000-000000000948,8491.01,9.0469,0.0,11,0,0,1,1,3,8491.01,17831.12,1.837,0.02,0,324062.0,0.023,0.6604,16,10,1.545,0.008,0.045,0,99,1,NORMAL_TRANSACTION,0,0,NORMAL_BASELINE
e1000000-0000-0000-0000-000000000949,1051.47,6.9589,0.0149,11,0,0,2,1,3,1051.47,2208.09,0.56,0.02,0,12130.0,0.064,0.9579,15,20,0.762,0.008,0.045,0,99,1,NORMAL_TRANSACTION,0,0,NORMAL_BASELINE
e1000000-0000-0000-0000-000000000950,1326.0,7.1907,0.0149,11,0,0,2,1,3,1326.0,2784.6,0.424,0.02,0,151864.0,0.04,0.947,12,13,0.929,0.008,0.045,0,99,1,NORMAL_TRANSACTION,0,0,NORMAL_BASELINE
e1000000-0000-0000-0000-000000000951,1913.27,7.5571,0.0,11,0,0,3,1,3,1913.27,4017.87,0.406,0.02,0,310312.0,0.08,0.9235,18,13,1.357,0.008,0.045,0,99,1,NORMAL_TRANSACTION,0,0,NORMAL_BASELINE
e1000000-0000-0000-0000-000000000952,2077.9,7.6396,0.0149,12,0,0,2,1,3,2077.9,4363.59,0.963,0.02,0,65738.0,0.116,0.9169,14,21,0.682,0.008,0.045,0,99,1,NORMAL_TRANSACTION,0,0,NORMAL_BASELINE
e1000000-0000-0000-0000-000000000953,3790.27,8.2405,0.0013,12,0,0,0,1,3,3790.27,7959.57,1.338,0.02,0,227350.0,0.264,0.8484,9,18,0.526,0.008,0.045,0,99,1,NORMAL_TRANSACTION,0,0,NORMAL_BASELINE
e1000000-0000-0000-0000-000000000954,100.0,4.6151,0.0,12,0,0,4,1,3,100.0,210.0,0.044,0.02,0,59541.0,0.074,0.996,13,17,0.778,0.008,0.045,0,99,1,NORMAL_TRANSACTION,0,0,NORMAL_BASELINE
e1000000-0000-0000-0000-000000000955,3659.79,8.2054,0.0014,12,0,0,0,1,3,3659.79,7685.56,1.752,0.02,0,157408.0,0.14,0.8536,10,15,0.688,0.008,0.045,0,99,1,NORMAL_TRANSACTION,0,0,NORMAL_BASELINE
e1000000-0000-0000-0000-000000000956,2308.54,7.7448,0.0022,12,0,0,0,1,3,2308.54,4847.93,0.866,0.02,0,58132.0,0.257,0.9077,8,21,0.409,0.008,0.045,0,99,1,NORMAL_TRANSACTION,0,0,NORMAL_BASELINE
e1000000-0000-0000-0000-000000000957,4083.58,8.315,0.0012,12,0,0,0,1,3,4083.58,8575.52,1.645,0.02,0,70039.0,0.176,0.8367,14,21,0.682,0.008,0.045,0,99,1,NORMAL_TRANSACTION,0,0,NORMAL_BASELINE
e1000000-0000-0000-0000-000000000958,6220.42,8.7358,0.0,12,0,0,1,1,3,6220.42,13062.88,1.16,0.02,0,100948.0,0.036,0.7512,12,16,0.765,0.008,0.045,0,99,1,NORMAL_TRANSACTION,0,0,NORMAL_BASELINE
e1000000-0000-0000-0000-000000000959,1542.03,7.3415,0.0032,13,0,0,0,1,3,1542.03,3238.26,0.718,0.02,0,3463.0,0.086,0.9383,14,21,0.682,0.008,0.045,0,99,1,NORMAL_TRANSACTION,0,0,NORMAL_BASELINE
e1000000-0000-0000-0000-000000000960,1524.77,7.3303,0.0033,13,0,0,0,1,3,1524.77,3202.02,0.647,0.02,0,165516.0,0.179,0.939,8,17,0.5,0.008,0.045,0,99,1,NORMAL_TRANSACTION,0,0,NORMAL_BASELINE
e1000000-0000-0000-0000-000000000961,2975.21,7.9984,0.0017,13,0,0,0,1,3,2975.21,6247.94,1.441,0.02,0,11924.0,0.211,0.881,9,9,1.0,0.008,0.045,0,99,1,NORMAL_TRANSACTION,0,0,NORMAL_BASELINE
e1000000-0000-0000-0000-000000000962,1749.7,7.4678,0.0149,13,0,0,2,1,3,1749.7,3674.37,1.214,0.02,0,57923.0,0.27,0.93,17,15,1.125,0.008,0.045,0,99,1,NORMAL_TRANSACTION,0,0,NORMAL_BASELINE
e1000000-0000-0000-0000-000000000963,1924.05,7.5627,0.0,13,0,0,3,1,3,1924.05,4040.51,0.69,0.02,0,9056.0,0.112,0.923,15,22,0.696,0.008,0.045,0,99,1,NORMAL_TRANSACTION,0,0,NORMAL_BASELINE
e1000000-0000-0000-0000-000000000964,2832.27,7.9492,0.0,13,0,0,3,1,3,2832.27,5947.77,1.728,0.02,0,56305.0,0.132,0.8867,9,17,0.556,0.008,0.045,0,99,1,NORMAL_TRANSACTION,0,0,NORMAL_BASELINE
e1000000-0000-0000-0000-000000000965,5537.54,8.6195,0.0149,13,0,0,2,1,3,5537.54,11628.83,2.23,0.02,0,250788.0,0.195,0.7785,11,15,0.75,0.008,0.045,0,99,1,NORMAL_TRANSACTION,0,0,NORMAL_BASELINE
e1000000-0000-0000-0000-000000000966,7102.08,8.8683,0.0,13,0,0,1,1,3,7102.08,14914.37,0.988,0.02,0,17420.0,0.024,0.7159,16,16,1.0,0.008,0.045,0,99,1,NORMAL_TRANSACTION,0,0,NORMAL_BASELINE
e1000000-0000-0000-0000-000000000967,1912.65,7.5568,0.0149,13,0,0,2,1,3,1912.65,4016.57,0.909,0.02,0,19450.0,0.253,0.9235,13,12,1.077,0.008,0.045,0,99,1,NORMAL_TRANSACTION,0,0,NORMAL_BASELINE
e1000000-0000-0000-0000-000000000968,2713.16,7.9062,0.0,14,0,0,3,1,3,2713.16,5697.64,2.101,0.02,0,108610.0,0.139,0.8915,9,18,0.526,0.008,0.045,0,99,1,NORMAL_TRANSACTION,0,0,NORMAL_BASELINE
e1000000-0000-0000-0000-000000000969,676.56,6.5185,0.0074,14,0,0,0,1,3,676.56,1420.78,0.306,0.02,0,6997.0,0.026,0.9729,10,15,0.688,0.008,0.045,0,99,1,NORMAL_TRANSACTION,0,0,NORMAL_BASELINE
e1000000-0000-0000-0000-000000000970,2026.69,7.6147,0.0149,14,0,0,2,1,3,2026.69,4256.05,1.03,0.02,0,22387.0,0.072,0.9189,15,21,0.727,0.008,0.045,0,99,1,NORMAL_TRANSACTION,0,0,NORMAL_BASELINE
e1000000-0000-0000-0000-000000000971,664.56,6.5006,0.0075,14,0,0,0,1,3,664.56,1395.58,0.295,0.02,0,92995.0,0.029,0.9734,7,22,0.348,0.008,0.045,0,99,1,NORMAL_TRANSACTION,0,0,NORMAL_BASELINE
e1000000-0000-0000-0000-000000000972,2299.94,7.7411,0.0022,14,0,0,0,1,3,2299.94,4829.87,0.875,0.02,0,193991.0,0.077,0.908,17,18,0.947,0.008,0.045,0,99,1,NORMAL_TRANSACTION,0,0,NORMAL_BASELINE
e1000000-0000-0000-0000-000000000973,5375.34,8.5898,0.0,14,0,0,1,1,3,5375.34,11288.21,1.272,0.02,0,62676.0,0.016,0.785,9,11,0.833,0.008,0.045,0,99,1,NORMAL_TRANSACTION,0,0,NORMAL_BASELINE
e1000000-0000-0000-0000-000000000974,786.65,6.6691,0.0064,14,0,0,0,1,3,786.65,1651.96,0.387,0.02,0,148646.0,0.056,0.9685,7,21,0.364,0.008,0.045,0,99,1,NORMAL_TRANSACTION,0,0,NORMAL_BASELINE
e1000000-0000-0000-0000-000000000975,1280.44,7.1557,0.0039,14,0,0,0,1,3,1280.44,2688.92,0.452,0.02,0,13438.0,0.056,0.9488,10,20,0.524,0.008,0.045,0,99,1,NORMAL_TRANSACTION,0,0,NORMAL_BASELINE
e1000000-0000-0000-0000-000000000976,3650.97,8.203,0.0149,14,0,0,2,1,3,3650.97,7667.04,1.474,0.02,0,66831.0,0.206,0.854,14,20,0.714,0.008,0.045,0,99,1,NORMAL_TRANSACTION,0,0,NORMAL_BASELINE
e1000000-0000-0000-0000-000000000977,4782.3,8.4729,0.0149,14,0,0,2,1,3,4782.3,10042.83,2.299,0.02,0,6604.0,0.267,0.8087,14,21,0.682,0.008,0.045,0,99,1,NORMAL_TRANSACTION,0,0,NORMAL_BASELINE
e1000000-0000-0000-0000-000000000978,2031.38,7.617,0.0025,14,0,0,0,1,3,2031.38,4265.9,1.109,0.02,0,85553.0,0.137,0.9187,15,15,1.0,0.008,0.045,0,99,1,NORMAL_TRANSACTION,0,0,NORMAL_BASELINE
e1000000-0000-0000-0000-000000000979,4205.75,8.3444,0.0149,15,0,0,2,1,3,4205.75,8832.08,2.376,0.02,0,190476.0,0.167,0.8318,17,15,1.125,0.008,0.045,0,99,1,NORMAL_TRANSACTION,0,0,NORMAL_BASELINE
e1000000-0000-0000-0000-000000000980,3070.62,8.03,0.0016,15,0,0,0,1,3,3070.62,6448.3,1.556,0.02,0,2823.0,0.109,0.8772,15,21,0.727,0.008,0.045,0,99,1,NORMAL_TRANSACTION,0,0,NORMAL_BASELINE
e1000000-0000-0000-0000-000000000981,6033.49,8.7052,0.0149,15,0,0,2,1,3,6033.49,12670.33,2.147,0.02,0,71784.0,0.285,0.7587,13,13,1.0,0.008,0.045,0,99,1,NORMAL_TRANSACTION,0,0,NORMAL_BASELINE
e1000000-0000-0000-0000-000000000982,3047.3,8.0223,0.0,15,0,0,3,1,3,3047.3,6399.33,0.984,0.02,0,97555.0,0.118,0.8781,13,17,0.778,0.008,0.045,0,99,1,NORMAL_TRANSACTION,0,0,NORMAL_BASELINE
e1000000-0000-0000-0000-000000000983,3485.25,8.1566,0.0014,15,0,0,0,1,3,3485.25,7319.03,1.378,0.02,0,84565.0,1.0,0.8606,13,24,0.56,0.008,0.045,0,99,1,NORMAL_TRANSACTION,0,0,NORMAL_BASELINE
e1000000-0000-0000-0000-000000000984,3742.08,8.2277,0.0013,15,0,0,0,1,3,3742.08,7858.37,1.449,0.02,0,25735.0,0.11,0.8503,12,15,0.812,0.008,0.045,0,99,1,NORMAL_TRANSACTION,0,0,NORMAL_BASELINE
e1000000-0000-0000-0000-000000000985,3899.55,8.2689,0.0013,15,0,0,0,1,3,3899.55,8189.06,1.703,0.02,0,25539.0,1.0,0.844,12,16,0.765,0.008,0.045,0,99,1,NORMAL_TRANSACTION,0,0,NORMAL_BASELINE
e1000000-0000-0000-0000-000000000986,1383.92,7.2334,0.0,15,0,0,3,1,3,1383.92,2906.23,0.741,0.02,0,150621.0,0.065,0.9446,16,20,0.81,0.008,0.045,0,99,1,NORMAL_TRANSACTION,0,0,NORMAL_BASELINE
e1000000-0000-0000-0000-000000000987,3547.17,8.1742,0.0149,15,0,0,2,1,3,3547.17,7449.06,1.65,0.02,0,4128.0,0.152,0.8581,7,22,0.348,0.008,0.045,0,99,1,NORMAL_TRANSACTION,0,0,NORMAL_BASELINE
e1000000-0000-0000-0000-000000000988,50.0,3.9318,0.0,15,0,0,4,1,3,50.0,105.0,0.028,0.02,0,14135.0,0.003,0.998,15,20,0.762,0.008,0.045,0,99,1,NORMAL_TRANSACTION,0,0,NORMAL_BASELINE
e1000000-0000-0000-0000-000000000989,1174.47,7.0694,0.0,15,0,0,3,1,3,1174.47,2466.39,0.501,0.02,0,265724.0,0.519,0.953,11,16,0.706,0.008,0.045,0,99,1,NORMAL_TRANSACTION,0,0,NORMAL_BASELINE
e1000000-0000-0000-0000-000000000990,1365.48,7.22,0.0,15,0,0,1,1,3,1365.48,2867.51,0.175,0.02,0,240269.0,0.004,0.9454,7,10,0.727,0.008,0.045,0,99,1,NORMAL_TRANSACTION,0,0,NORMAL_BASELINE
e1000000-0000-0000-0000-000000000991,2749.99,7.9197,0.0018,15,0,0,0,1,3,2749.99,5774.98,0.845,0.02,0,84441.0,0.105,0.89,13,26,0.519,0.008,0.045,0,99,1,NORMAL_TRANSACTION,0,0,NORMAL_BASELINE
e1000000-0000-0000-0000-000000000992,1372.48,7.2251,0.0036,15,0,0,0,1,3,1372.48,2882.21,0.732,0.02,0,4487.0,0.098,0.9451,7,21,0.364,0.008,0.045,0,99,1,NORMAL_TRANSACTION,0,0,NORMAL_BASELINE
e1000000-0000-0000-0000-000000000993,500.0,6.2166,0.0,15,0,0,4,1,3,500.0,1050.0,0.416,0.02,0,536858.0,0.015,0.98,15,11,1.333,0.008,0.045,0,99,1,NORMAL_TRANSACTION,0,0,NORMAL_BASELINE
e1000000-0000-0000-0000-000000000994,4395.08,8.3885,0.0011,15,0,0,0,1,3,4395.08,9229.67,1.544,0.02,0,23702.0,0.285,0.8242,11,16,0.706,0.008,0.045,0,99,1,NORMAL_TRANSACTION,0,0,NORMAL_BASELINE
e1000000-0000-0000-0000-000000000995,1849.61,7.5233,0.0027,16,0,0,0,1,3,1849.61,3884.18,0.702,0.02,0,89139.0,0.059,0.926,10,25,0.423,0.008,0.045,0,99,1,NORMAL_TRANSACTION,0,0,NORMAL_BASELINE
e1000000-0000-0000-0000-000000000996,4945.3,8.5064,0.0149,16,0,0,2,1,3,4945.3,10385.13,2.399,0.02,0,177504.0,1.0,0.8022,17,18,0.947,0.008,0.045,0,99,1,NORMAL_TRANSACTION,0,0,NORMAL_BASELINE
e1000000-0000-0000-0000-000000000997,4077.14,8.3134,0.0012,16,0,0,0,1,3,4077.14,8561.99,3.152,0.02,0,25700.0,0.865,0.8369,13,16,0.824,0.008,0.045,0,99,1,NORMAL_TRANSACTION,0,0,NORMAL_BASELINE
e1000000-0000-0000-0000-000000000998,2203.38,7.6982,0.0023,16,0,0,0,1,3,2203.38,4627.1,0.92,0.02,0,21559.0,0.138,0.9119,11,22,0.522,0.008,0.045,0,99,1,NORMAL_TRANSACTION,0,0,NORMAL_BASELINE
e1000000-0000-0000-0000-000000000999,2867.96,7.9617,0.0017,16,0,0,0,1,3,2867.96,6022.72,1.959,0.02,0,87361.0,0.095,0.8853,12,23,0.542,0.008,0.045,0,99,1,NORMAL_TRANSACTION,0,0,NORMAL_BASELINE
e1000000-0000-0000-0000-000000001000,1922.68,7.562,0.0026,16,0,0,0,1,3,1922.68,4037.63,1.418,0.02,0,72112.0,0.068,0.9231,14,23,0.625,0.008,0.045,0,99,1,NORMAL_TRANSACTION,0,0,NORMAL_BASELINE
e1000000-0000-0000-0000-000000001001,918.01,6.8233,0.0,16,0,0,3,1,3,918.01,1927.82,0.393,0.02,0,30860.0,0.039,0.9633,12,12,1.0,0.008,0.045,0,99,1,NORMAL_TRANSACTION,0,0,NORMAL_BASELINE
e1000000-0000-0000-0000-000000001002,1684.47,7.4298,0.003,16,0,0,0,1,3,1684.47,3537.39,0.812,0.02,0,5729.0,0.06,0.9326,15,21,0.727,0.008,0.045,0,99,1,NORMAL_TRANSACTION,0,0,NORMAL_BASELINE
e1000000-0000-0000-0000-000000001003,2893.33,7.9705,0.0,16,0,0,3,1,3,2893.33,6075.99,1.102,0.02,0,22388.0,0.378,0.8843,9,18,0.526,0.008,0.045,0,99,1,NORMAL_TRANSACTION,0,0,NORMAL_BASELINE
e1000000-0000-0000-0000-000000001004,7323.42,8.899,0.0149,16,0,0,2,1,3,7323.42,15379.18,2.778,0.02,0,5287.0,1.0,0.7071,13,24,0.56,0.008,0.045,0,99,1,NORMAL_TRANSACTION,0,0,NORMAL_BASELINE
e1000000-0000-0000-0000-000000001005,1846.71,7.5217,0.0027,16,0,0,0,1,3,1846.71,3878.09,1.016,0.02,0,202674.0,0.327,0.9261,14,16,0.882,0.008,0.045,0,99,1,NORMAL_TRANSACTION,0,0,NORMAL_BASELINE
e1000000-0000-0000-0000-000000001006,3500.56,8.161,0.0014,17,0,0,0,1,3,3500.56,7351.18,3.614,0.02,0,4170.0,0.108,0.86,15,11,1.333,0.008,0.045,0,99,1,NORMAL_TRANSACTION,0,0,NORMAL_BASELINE
e1000000-0000-0000-0000-000000001007,4204.88,8.3442,0.0,17,0,0,1,1,3,4204.88,8830.25,0.556,0.02,0,351434.0,0.011,0.8318,17,5,3.0,0.008,0.045,0,99,1,NORMAL_TRANSACTION,0,0,NORMAL_BASELINE
e1000000-0000-0000-0000-000000001008,4389.31,8.3872,0.0011,17,0,0,0,1,3,4389.31,9217.55,2.71,0.02,0,3065.0,0.146,0.8244,12,23,0.542,0.008,0.045,0,99,1,NORMAL_TRANSACTION,0,0,NORMAL_BASELINE
e1000000-0000-0000-0000-000000001009,9442.93,9.1531,0.0,17,0,0,1,1,3,9442.93,19830.15,1.36,0.02,0,184305.0,0.018,0.6223,7,10,0.727,0.008,0.045,0,99,1,NORMAL_TRANSACTION,0,0,NORMAL_BASELINE
e1000000-0000-0000-0000-000000001010,1943.37,7.5727,0.0,17,0,0,3,1,3,1943.37,4081.08,0.989,0.02,0,19036.0,1.0,0.9223,13,17,0.778,0.008,0.045,0,99,1,NORMAL_TRANSACTION,0,0,NORMAL_BASELINE
e1000000-0000-0000-0000-000000001011,3481.68,8.1556,0.0149,17,0,0,2,1,3,3481.68,7311.53,2.293,0.02,0,14820.0,0.537,0.8607,17,15,1.125,0.008,0.045,0,99,1,NORMAL_TRANSACTION,0,0,NORMAL_BASELINE
e1000000-0000-0000-0000-000000001012,2346.17,7.761,0.0021,17,0,0,0,1,3,2346.17,4926.96,1.152,0.02,0,22739.0,0.389,0.9062,10,18,0.579,0.008,0.045,0,99,1,NORMAL_TRANSACTION,0,0,NORMAL_BASELINE
e1000000-0000-0000-0000-000000001013,746.93,6.6173,0.0,18,0,0,3,1,3,746.93,1568.55,0.526,0.02,0,14406.0,0.038,0.9701,9,18,0.526,0.008,0.045,0,99,1,NORMAL_TRANSACTION,0,0,NORMAL_BASELINE
e1000000-0000-0000-0000-000000001014,3090.01,8.0363,0.0016,18,0,0,0,1,3,3090.01,6489.02,1.604,0.02,0,78089.0,0.325,0.8764,12,18,0.684,0.008,0.045,0,99,1,NORMAL_TRANSACTION,0,0,NORMAL_BASELINE
e1000000-0000-0000-0000-000000001015,2535.81,7.8387,0.0,18,0,0,3,1,3,2535.81,5325.2,0.856,0.02,0,186296.0,0.095,0.8986,14,17,0.833,0.008,0.045,0,99,1,NORMAL_TRANSACTION,0,0,NORMAL_BASELINE
e1000000-0000-0000-0000-000000001016,1864.88,7.5315,0.0,18,0,0,3,1,3,1864.88,3916.25,0.722,0.02,0,13929.0,0.105,0.9254,14,20,0.714,0.008,0.045,0,99,1,NORMAL_TRANSACTION,0,0,NORMAL_BASELINE
e1000000-0000-0000-0000-000000001017,3224.33,8.0788,0.0016,18,0,0,0,1,3,3224.33,6771.09,1.643,0.02,0,4538.0,1.0,0.871,13,17,0.778,0.008,0.045,0,99,1,NORMAL_TRANSACTION,0,0,NORMAL_BASELINE
e1000000-0000-0000-0000-000000001018,2241.28,7.7152,0.0022,19,0,0,0,1,3,2241.28,4706.69,0.782,0.02,0,28097.0,0.199,0.9103,16,18,0.895,0.008,0.045,0,99,1,NORMAL_TRANSACTION,0,0,NORMAL_BASELINE
e1000000-0000-0000-0000-000000001019,4294.05,8.3652,0.0012,19,0,0,0,1,3,4294.05,9017.51,1.561,0.02,0,102595.0,0.205,0.8282,8,15,0.562,0.008,0.045,0,99,1,NORMAL_TRANSACTION,0,0,NORMAL_BASELINE
e1000000-0000-0000-0000-000000001020,3756.87,8.2316,0.0149,19,0,0,2,1,3,3756.87,7889.43,2.101,0.02,0,21200.0,0.175,0.8497,9,17,0.556,0.008,0.045,0,99,1,NORMAL_TRANSACTION,0,0,NORMAL_BASELINE
e1000000-0000-0000-0000-000000001021,1702.58,7.4405,0.0149,19,0,0,2,1,3,1702.58,3575.42,0.659,0.02,0,17492.0,0.057,0.9319,17,18,0.947,0.008,0.045,0,99,1,NORMAL_TRANSACTION,0,0,NORMAL_BASELINE
e1000000-0000-0000-0000-000000001022,6742.13,8.8163,0.0149,19,0,0,2,1,3,6742.13,14158.47,2.503,0.02,0,213638.0,0.243,0.7303,7,13,0.571,0.008,0.045,0,99,1,NORMAL_TRANSACTION,0,0,NORMAL_BASELINE
e1000000-0000-0000-0000-000000001023,2567.56,7.8511,0.0,19,0,0,3,1,3,2567.56,5391.88,1.248,0.02,0,39721.0,0.433,0.8973,12,17,0.722,0.008,0.045,0,99,1,NORMAL_TRANSACTION,0,0,NORMAL_BASELINE
e1000000-0000-0000-0000-000000001024,489.26,6.1949,0.0,19,0,0,0,1,3,489.26,1027.45,0.153,0.02,0,121818.0,0.015,0.9804,15,14,1.067,0.008,0.045,0,99,1,NORMAL_TRANSACTION,0,0,NORMAL_BASELINE
e1000000-0000-0000-0000-000000001025,50.0,3.9318,0.0,19,0,0,4,1,3,50.0,105.0,0.024,0.02,0,11790.0,0.002,0.998,15,21,0.727,0.008,0.045,0,99,1,NORMAL_TRANSACTION,0,0,NORMAL_BASELINE
e1000000-0000-0000-0000-000000001026,2562.61,7.8492,0.0,20,0,0,3,1,3,2562.61,5381.48,0.875,0.02,0,88322.0,0.088,0.8975,13,19,0.7,0.008,0.045,0,99,1,NORMAL_TRANSACTION,0,0,NORMAL_BASELINE
e1000000-0000-0000-0000-000000001027,8851.99,9.0885,0.0,20,0,0,1,1,3,8851.99,18589.18,1.319,0.02,0,15495.0,0.026,0.6459,7,10,0.727,0.008,0.045,0,99,1,NORMAL_TRANSACTION,0,0,NORMAL_BASELINE
e1000000-0000-0000-0000-000000001028,713.58,6.5717,0.0,20,0,0,3,1,3,713.58,1498.52,0.271,0.02,0,27572.0,0.079,0.9715,8,21,0.409,0.008,0.045,0,99,1,NORMAL_TRANSACTION,0,0,NORMAL_BASELINE
e1000000-0000-0000-0000-000000001029,602.43,6.4026,0.0,20,0,0,3,1,3,602.43,1265.1,0.376,0.02,0,14549.0,0.128,0.9759,13,16,0.824,0.008,0.045,0,99,1,NORMAL_TRANSACTION,0,0,NORMAL_BASELINE
e1000000-0000-0000-0000-000000001030,1982.41,7.5926,0.0025,20,0,0,0,1,3,1982.41,4163.06,1.215,0.02,0,127594.0,0.424,0.9207,12,13,0.929,0.008,0.045,0,99,1,NORMAL_TRANSACTION,0,0,NORMAL_BASELINE
e1000000-0000-0000-0000-000000001031,3037.09,8.019,0.0016,20,0,0,0,1,3,3037.09,6377.89,1.614,0.02,0,19758.0,0.205,0.8785,15,15,1.0,0.008,0.045,0,99,1,NORMAL_TRANSACTION,0,0,NORMAL_BASELINE
e1000000-0000-0000-0000-000000001032,7539.54,8.928,0.0,20,0,0,1,1,3,7539.54,15833.03,1.365,0.02,0,288016.0,0.028,0.6984,14,12,1.154,0.008,0.045,0,99,1,NORMAL_TRANSACTION,0,0,NORMAL_BASELINE
e1000000-0000-0000-0000-000000001033,626.15,6.4412,0.008,20,0,0,0,1,3,626.15,1314.91,0.567,0.02,0,98617.0,0.019,0.975,11,16,0.706,0.008,0.045,0,99,1,NORMAL_TRANSACTION,0,0,NORMAL_BASELINE
e1000000-0000-0000-0000-000000001034,2698.31,7.9008,0.0,20,0,0,3,1,3,2698.31,5666.45,1.014,0.02,0,21863.0,0.118,0.8921,10,20,0.524,0.008,0.045,0,99,1,NORMAL_TRANSACTION,0,0,NORMAL_BASELINE
e1000000-0000-0000-0000-000000001035,820.4,6.711,0.0061,20,0,0,0,1,3,820.4,1722.84,0.396,0.02,0,10402.0,0.136,0.9672,10,18,0.579,0.008,0.045,0,99,1,NORMAL_TRANSACTION,0,0,NORMAL_BASELINE
e1000000-0000-0000-0000-000000001036,1684.12,7.4296,0.003,20,0,0,0,1,3,1684.12,3536.65,0.681,0.02,0,5384.0,0.056,0.9326,17,18,0.947,0.008,0.045,0,99,1,NORMAL_TRANSACTION,0,0,NORMAL_BASELINE
e1000000-0000-0000-0000-000000001037,7632.48,8.9403,0.0,21,0,0,1,1,3,7632.48,16028.21,1.884,0.02,0,109899.0,0.015,0.6947,18,18,1.0,0.008,0.045,0,99,1,NORMAL_TRANSACTION,0,0,NORMAL_BASELINE
e1000000-0000-0000-0000-000000001038,1215.36,7.1036,0.0041,21,0,0,0,1,3,1215.36,2552.26,0.641,0.02,0,13846.0,0.04,0.9514,12,23,0.542,0.008,0.045,0,99,1,NORMAL_TRANSACTION,0,0,NORMAL_BASELINE
e1000000-0000-0000-0000-000000001039,1602.3,7.3798,0.0031,21,0,0,0,1,3,1602.3,3364.83,0.762,0.02,0,9032.0,1.0,0.9359,13,17,0.778,0.008,0.045,0,99,1,NORMAL_TRANSACTION,0,0,NORMAL_BASELINE
e1000000-0000-0000-0000-000000001040,4549.81,8.4231,0.0,21,0,0,1,1,3,4549.81,9554.6,0.766,0.02,0,115022.0,0.009,0.818,12,8,1.444,0.008,0.045,0,99,1,NORMAL_TRANSACTION,0,0,NORMAL_BASELINE
e1000000-0000-0000-0000-000000001041,50.0,3.9318,0.0,21,0,0,4,1,3,50.0,105.0,0.019,0.02,0,179683.0,0.003,0.998,9,20,0.476,0.008,0.045,0,99,1,NORMAL_TRANSACTION,0,0,NORMAL_BASELINE
e1000000-0000-0000-0000-000000001042,1422.91,7.2612,0.0,21,0,0,3,1,3,1422.91,2988.11,0.888,0.02,0,16077.0,0.044,0.9431,15,11,1.333,0.008,0.045,0,99,1,NORMAL_TRANSACTION,0,0,NORMAL_BASELINE
e1000000-0000-0000-0000-000000001043,2889.76,7.9693,0.0,21,0,0,3,1,3,2889.76,6068.5,2.821,0.02,0,2929.0,0.088,0.8844,11,16,0.706,0.008,0.045,0,99,1,NORMAL_TRANSACTION,0,0,NORMAL_BASELINE
e1000000-0000-0000-0000-000000001044,2504.1,7.8261,0.0,21,0,0,3,1,3,2504.1,5258.61,1.094,0.02,0,177298.0,0.445,0.8998,12,15,0.812,0.008,0.045,0,99,1,NORMAL_TRANSACTION,0,0,NORMAL_BASELINE
e1000000-0000-0000-0000-000000001045,3884.17,8.2649,0.0,21,0,0,1,1,3,3884.17,8156.76,0.705,0.02,0,258754.0,0.018,0.8446,12,13,0.929,0.008,0.045,0,99,1,NORMAL_TRANSACTION,0,0,NORMAL_BASELINE
e1000000-0000-0000-0000-000000001046,1689.54,7.4328,0.0149,8,0,1,2,1,3,1689.54,3548.03,0.665,0.02,0,149130.0,0.349,0.9324,9,11,0.833,0.008,0.045,0,99,1,NORMAL_TRANSACTION,0,0,NORMAL_BASELINE
e1000000-0000-0000-0000-000000001047,3172.06,8.0625,0.0,8,0,1,1,1,3,3172.06,6661.33,0.768,0.02,0,222174.0,0.008,0.8731,11,10,1.091,0.008,0.045,0,99,1,NORMAL_TRANSACTION,0,0,NORMAL_BASELINE
e1000000-0000-0000-0000-000000001048,2269.06,7.7276,0.0022,8,0,1,0,1,3,2269.06,4765.03,0.789,0.02,0,48744.0,0.085,0.9092,14,17,0.833,0.008,0.045,0,99,1,NORMAL_TRANSACTION,0,0,NORMAL_BASELINE
e1000000-0000-0000-0000-000000001049,2222.06,7.7066,0.0023,8,0,1,0,1,3,2222.06,4666.33,1.183,0.02,0,78206.0,0.282,0.9111,9,14,0.667,0.008,0.045,0,99,1,NORMAL_TRANSACTION,0,0,NORMAL_BASELINE
e1000000-0000-0000-0000-000000001050,5436.81,8.6011,0.0,8,0,1,1,1,3,5436.81,11417.3,1.361,0.02,0,619.0,0.014,0.7825,11,10,1.091,0.008,0.045,0,99,1,NORMAL_TRANSACTION,0,0,NORMAL_BASELINE
e1000000-0000-0000-0000-000000001051,4039.37,8.3041,0.0012,8,0,1,0,1,3,4039.37,8482.68,2.14,0.02,0,44859.0,0.143,0.8384,15,21,0.727,0.008,0.045,0,99,1,NORMAL_TRANSACTION,0,0,NORMAL_BASELINE
e1000000-0000-0000-0000-000000001052,1174.77,7.0697,0.0043,8,0,1,0,1,3,1174.77,2467.02,0.432,0.02,0,141160.0,0.093,0.953,5,14,0.4,0.008,0.045,0,99,1,NORMAL_TRANSACTION,0,0,NORMAL_BASELINE
e1000000-0000-0000-0000-000000001053,692.97,6.5424,0.0072,8,0,1,0,1,3,692.97,1455.24,0.518,0.02,0,166576.0,0.021,0.9723,14,14,1.0,0.008,0.045,0,99,1,NORMAL_TRANSACTION,0,0,NORMAL_BASELINE
e1000000-0000-0000-0000-000000001054,1930.3,7.5659,0.0026,9,0,1,0,1,3,1930.3,4053.63,0.622,0.02,0,57999.0,0.819,0.9228,13,24,0.56,0.008,0.045,0,99,1,NORMAL_TRANSACTION,0,0,NORMAL_BASELINE
e1000000-0000-0000-0000-000000001055,3382.22,8.1266,0.0015,9,0,1,0,1,3,3382.22,7102.66,1.42,0.02,0,60930.0,0.794,0.8647,17,18,0.947,0.008,0.045,0,99,1,NORMAL_TRANSACTION,0,0,NORMAL_BASELINE
e1000000-0000-0000-0000-000000001056,3681.65,8.2114,0.0,9,0,1,1,1,3,3681.65,7731.47,0.665,0.02,0,73204.0,0.021,0.8527,12,16,0.765,0.008,0.045,0,99,1,NORMAL_TRANSACTION,0,0,NORMAL_BASELINE
e1000000-0000-0000-0000-000000001057,805.09,6.6922,0.0,9,0,1,3,1,3,805.09,1690.69,0.383,0.02,0,47710.0,0.136,0.9678,12,17,0.722,0.008,0.045,0,99,1,NORMAL_TRANSACTION,0,0,NORMAL_BASELINE
e1000000-0000-0000-0000-000000001058,2225.01,7.708,0.0022,9,0,1,0,1,3,2225.01,4672.52,0.615,0.02,0,131229.0,1.0,0.911,14,23,0.625,0.008,0.045,0,99,1,NORMAL_TRANSACTION,0,0,NORMAL_BASELINE
e1000000-0000-0000-0000-000000001059,3069.74,8.0297,0.0,9,0,1,3,1,3,3069.74,6446.45,1.96,0.02,0,41874.0,0.095,0.8772,15,11,1.333,0.008,0.045,0,99,1,NORMAL_TRANSACTION,0,0,NORMAL_BASELINE
e1000000-0000-0000-0000-000000001060,6664.96,8.8048,0.0,9,0,1,1,1,3,6664.96,13996.42,1.125,0.02,0,45449.0,0.025,0.7334,14,12,1.154,0.008,0.045,0,99,1,NORMAL_TRANSACTION,0,0,NORMAL_BASELINE
e1000000-0000-0000-0000-000000001061,7412.75,8.9111,0.0149,9,0,1,2,1,3,7412.75,15566.78,2.439,0.02,0,62411.0,0.481,0.7035,11,16,0.706,0.008,0.045,0,99,1,NORMAL_TRANSACTION,0,0,NORMAL_BASELINE
e1000000-0000-0000-0000-000000001062,200.0,5.3033,0.0,9,0,1,4,1,3,200.0,420.0,0.085,0.02,0,156257.0,0.008,0.992,9,16,0.588,0.008,0.045,0,99,1,NORMAL_TRANSACTION,0,0,NORMAL_BASELINE
e1000000-0000-0000-0000-000000001063,2161.41,7.679,0.0149,9,0,1,2,1,3,2161.41,4538.96,0.81,0.02,0,168300.0,0.228,0.9135,8,18,0.474,0.008,0.045,0,99,1,NORMAL_TRANSACTION,0,0,NORMAL_BASELINE
e1000000-0000-0000-0000-000000001064,5731.36,8.6539,0.0149,9,0,1,2,1,3,5731.36,12035.86,2.585,0.02,0,72436.0,0.673,0.7707,8,17,0.5,0.008,0.045,0,99,1,NORMAL_TRANSACTION,0,0,NORMAL_BASELINE
e1000000-0000-0000-0000-000000001065,3029.41,8.0165,0.0,9,0,1,3,1,3,3029.41,6361.76,1.434,0.02,0,47831.0,0.204,0.8788,15,15,1.0,0.008,0.045,0,99,1,NORMAL_TRANSACTION,0,0,NORMAL_BASELINE
e1000000-0000-0000-0000-000000001066,3095.4,8.038,0.0,9,0,1,1,1,3,3095.4,6500.34,0.512,0.02,0,2056.0,0.012,0.8762,14,12,1.154,0.008,0.045,0,99,1,NORMAL_TRANSACTION,0,0,NORMAL_BASELINE
e1000000-0000-0000-0000-000000001067,1409.71,7.2518,0.0,9,0,1,3,1,3,1409.71,2960.39,0.764,0.02,0,422505.0,0.165,0.9436,16,13,1.214,0.008,0.045,0,99,1,NORMAL_TRANSACTION,0,0,NORMAL_BASELINE
e1000000-0000-0000-0000-000000001068,3192.94,8.069,0.0016,10,0,1,0,1,3,3192.94,6705.17,1.377,0.02,0,89134.0,0.195,0.8723,13,11,1.167,0.008,0.045,0,99,1,NORMAL_TRANSACTION,0,0,NORMAL_BASELINE
e1000000-0000-0000-0000-000000001069,1589.63,7.3719,0.0031,10,0,1,0,1,3,1589.63,3338.22,0.939,0.02,0,221632.0,0.211,0.9364,14,9,1.5,0.008,0.045,0,99,1,NORMAL_TRANSACTION,0,0,NORMAL_BASELINE
e1000000-0000-0000-0000-000000001070,2373.14,7.7724,0.0,10,0,1,3,1,3,2373.14,4983.59,0.857,0.02,0,80956.0,0.071,0.9051,12,13,0.929,0.008,0.045,0,99,1,NORMAL_TRANSACTION,0,0,NORMAL_BASELINE
e1000000-0000-0000-0000-000000001071,863.18,6.7618,0.0058,10,0,1,0,1,3,863.18,1812.68,0.386,0.02,0,67069.0,0.037,0.9655,7,22,0.348,0.008,0.045,0,99,1,NORMAL_TRANSACTION,0,0,NORMAL_BASELINE
e1000000-0000-0000-0000-000000001072,1059.45,6.9664,0.0047,10,0,1,0,1,3,1059.45,2224.85,0.459,0.02,0,168563.0,0.293,0.9576,13,13,1.0,0.008,0.045,0,99,1,NORMAL_TRANSACTION,0,0,NORMAL_BASELINE
e1000000-0000-0000-0000-000000001073,3102.5,8.0403,0.0,10,0,1,3,1,3,3102.5,6515.25,1.34,0.02,0,46521.0,0.551,0.8759,12,15,0.812,0.008,0.045,0,99,1,NORMAL_TRANSACTION,0,0,NORMAL_BASELINE
e1000000-0000-0000-0000-000000001074,1172.36,7.0676,0.0149,10,0,1,2,1,3,1172.36,2461.96,0.61,0.02,0,85296.0,0.495,0.9531,15,17,0.889,0.008,0.045,0,99,1,NORMAL_TRANSACTION,0,0,NORMAL_BASELINE
e1000000-0000-0000-0000-000000001075,1505.7,7.3177,0.0033,10,0,1,0,1,3,1505.7,3161.97,0.565,0.02,0,49894.0,0.066,0.9398,10,20,0.524,0.008,0.045,0,99,1,NORMAL_TRANSACTION,0,0,NORMAL_BASELINE
e1000000-0000-0000-0000-000000001076,3848.96,8.2558,0.0013,10,0,1,0,1,3,3848.96,8082.82,1.436,0.02,0,164020.0,0.16,0.846,17,17,1.0,0.008,0.045,0,99,1,NORMAL_TRANSACTION,0,0,NORMAL_BASELINE
e1000000-0000-0000-0000-000000001077,5485.52,8.61,0.0,10,0,1,1,1,3,5485.52,11519.59,1.034,0.02,0,46925.0,0.025,0.7806,12,13,0.929,0.008,0.045,0,99,1,NORMAL_TRANSACTION,0,0,NORMAL_BASELINE
e1000000-0000-0000-0000-000000001078,209.86,5.3512,0.0,10,0,1,3,1,3,209.86,440.71,0.089,0.02,0,135093.0,0.009,0.9916,11,14,0.8,0.008,0.045,0,99,1,NORMAL_TRANSACTION,0,0,NORMAL_BASELINE
e1000000-0000-0000-0000-000000001079,3621.89,8.195,0.0149,10,0,1,2,1,3,3621.89,7605.97,1.305,0.02,0,9756.0,0.136,0.8551,14,17,0.833,0.008,0.045,0,99,1,NORMAL_TRANSACTION,0,0,NORMAL_BASELINE
e1000000-0000-0000-0000-000000001080,807.52,6.6952,0.0,10,0,1,3,1,3,807.52,1695.79,0.368,0.02,0,76792.0,0.057,0.9677,9,9,1.0,0.008,0.045,0,99,1,NORMAL_TRANSACTION,0,0,NORMAL_BASELINE
e1000000-0000-0000-0000-000000001081,1281.07,7.1562,0.0149,10,0,1,2,1,3,1281.07,2690.25,0.498,0.02,0,227114.0,0.057,0.9488,16,20,0.81,0.008,0.045,0,99,1,NORMAL_TRANSACTION,0,0,NORMAL_BASELINE
e1000000-0000-0000-0000-000000001082,5199.71,8.5566,0.0149,11,0,1,2,1,3,5199.71,10919.39,3.097,0.02,0,2826.0,0.689,0.792,14,9,1.5,0.008,0.045,0,99,1,NORMAL_TRANSACTION,0,0,NORMAL_BASELINE
e1000000-0000-0000-0000-000000001083,4796.91,8.4759,0.0,11,0,1,1,1,3,4796.91,10073.51,0.844,0.02,0,314888.0,0.008,0.8081,13,11,1.167,0.008,0.045,0,99,1,NORMAL_TRANSACTION,0,0,NORMAL_BASELINE
e1000000-0000-0000-0000-000000001084,4262.46,8.3578,0.0012,11,0,1,0,1,3,4262.46,8951.17,2.53,0.02,0,168942.0,0.617,0.8295,13,14,0.933,0.008,0.045,0,99,1,NORMAL_TRANSACTION,0,0,NORMAL_BASELINE
e1000000-0000-0000-0000-000000001085,1168.24,7.0641,0.0,11,0,1,3,1,3,1168.24,2453.3,0.609,0.02,0,412.0,0.169,0.9533,13,14,0.933,0.008,0.045,0,99,1,NORMAL_TRANSACTION,0,0,NORMAL_BASELINE
e1000000-0000-0000-0000-000000001086,2979.71,7.9999,0.0017,11,0,1,0,1,3,2979.71,6257.39,1.729,0.02,0,141425.0,0.274,0.8808,13,18,0.737,0.008,0.045,0,99,1,NORMAL_TRANSACTION,0,0,NORMAL_BASELINE
e1000000-0000-0000-0000-000000001087,3820.99,8.2485,0.0013,11,0,1,0,1,3,3820.99,8024.08,1.626,0.02,0,74215.0,0.214,0.8472,14,21,0.682,0.008,0.045,0,99,1,NORMAL_TRANSACTION,0,0,NORMAL_BASELINE
e1000000-0000-0000-0000-000000001088,3239.96,8.0836,0.0015,11,0,1,0,1,3,3239.96,6803.92,1.318,0.02,0,145746.0,0.159,0.8704,10,16,0.647,0.008,0.045,0,99,1,NORMAL_TRANSACTION,0,0,NORMAL_BASELINE
e1000000-0000-0000-0000-000000001089,1420.08,7.2592,0.0,11,0,1,3,1,3,1420.08,2982.17,0.676,0.02,0,77060.0,0.055,0.9432,10,15,0.688,0.008,0.045,0,99,1,NORMAL_TRANSACTION,0,0,NORMAL_BASELINE
e1000000-0000-0000-0000-000000001090,349.35,5.8589,0.0,11,0,1,3,1,3,349.35,733.64,0.19,0.02,0,51846.0,0.012,0.986,12,23,0.542,0.008,0.045,0,99,1,NORMAL_TRANSACTION,0,0,NORMAL_BASELINE
e1000000-0000-0000-0000-000000001091,6114.21,8.7185,0.0,11,0,1,1,1,3,6114.21,12839.84,1.1,0.02,0,2596.0,0.01,0.7554,13,11,1.167,0.008,0.045,0,99,1,NORMAL_TRANSACTION,0,0,NORMAL_BASELINE
e1000000-0000-0000-0000-000000001092,2351.4,7.7632,0.0021,11,0,1,0,1,3,2351.4,4937.94,1.471,0.02,0,239418.0,0.092,0.9059,13,19,0.7,0.008,0.045,0,99,1,NORMAL_TRANSACTION,0,0,NORMAL_BASELINE
e1000000-0000-0000-0000-000000001093,3260.05,8.0898,0.0015,11,0,1,0,1,3,3260.05,6846.11,1.367,0.02,0,53709.0,0.109,0.8696,17,18,0.947,0.008,0.045,0,99,1,NORMAL_TRANSACTION,0,0,NORMAL_BASELINE
e1000000-0000-0000-0000-000000001094,5447.51,8.6031,0.0,11,0,1,1,1,3,5447.51,11439.77,1.121,0.02,0,148518.0,0.011,0.7821,13,13,1.0,0.008,0.045,0,99,1,NORMAL_TRANSACTION,0,0,NORMAL_BASELINE
e1000000-0000-0000-0000-000000001095,20.0,3.0445,0.0,12,0,1,4,1,3,20.0,42.0,0.007,0.02,0,137939.0,0.004,0.9992,12,24,0.52,0.008,0.045,0,99,1,NORMAL_TRANSACTION,0,0,NORMAL_BASELINE
e1000000-0000-0000-0000-000000001096,1491.69,7.3083,0.0034,12,0,1,0,1,3,1491.69,3132.55,0.509,0.02,0,87443.0,0.104,0.9403,9,18,0.526,0.008,0.045,0,99,1,NORMAL_TRANSACTION,0,0,NORMAL_BASELINE
e1000000-0000-0000-0000-000000001097,2770.83,7.9273,0.0018,12,0,1,0,1,3,2770.83,5818.74,1.608,0.02,0,96542.0,0.082,0.8892,16,13,1.214,0.008,0.045,0,99,1,NORMAL_TRANSACTION,0,0,NORMAL_BASELINE
e1000000-0000-0000-0000-000000001098,1698.29,7.438,0.0,12,0,1,3,1,3,1698.29,3566.41,0.654,0.02,0,11809.0,0.179,0.9321,8,18,0.474,0.008,0.045,0,99,1,NORMAL_TRANSACTION,0,0,NORMAL_BASELINE
e1000000-0000-0000-0000-000000001099,2110.19,7.655,0.0024,12,0,1,0,1,3,2110.19,4431.4,0.945,0.02,0,147846.0,0.062,0.9156,10,14,0.733,0.008,0.045,0,99,1,NORMAL_TRANSACTION,0,0,NORMAL_BASELINE
e1000000-0000-0000-0000-000000001100,1568.71,7.3586,0.0032,12,0,1,0,1,3,1568.71,3294.29,0.562,0.02,0,64168.0,0.14,0.9373,16,18,0.895,0.008,0.045,0,99,1,NORMAL_TRANSACTION,0,0,NORMAL_BASELINE
e1000000-0000-0000-0000-000000001101,3039.63,8.0198,0.0,13,0,1,3,1,3,3039.63,6383.22,1.094,0.02,0,103022.0,0.124,0.8784,11,16,0.706,0.008,0.045,0,99,1,NORMAL_TRANSACTION,0,0,NORMAL_BASELINE
e1000000-0000-0000-0000-000000001102,1580.09,7.3659,0.0,13,0,1,3,1,3,1580.09,3318.19,0.396,0.02,0,241544.0,0.054,0.9368,13,15,0.875,0.008,0.045,0,99,1,NORMAL_TRANSACTION,0,0,NORMAL_BASELINE
e1000000-0000-0000-0000-000000001103,2052.62,7.6274,0.0,13,0,1,3,1,3,2052.62,4310.5,1.074,0.02,0,71954.0,0.317,0.9179,17,15,1.125,0.008,0.045,0,99,1,NORMAL_TRANSACTION,0,0,NORMAL_BASELINE
e1000000-0000-0000-0000-000000001104,8677.3,9.0686,0.0,13,0,1,1,1,3,8677.3,18222.33,1.542,0.02,0,7136.0,0.015,0.6529,13,11,1.167,0.008,0.045,0,99,1,NORMAL_TRANSACTION,0,0,NORMAL_BASELINE
e1000000-0000-0000-0000-000000001105,395.58,5.9829,0.0,13,0,1,0,1,3,395.58,830.72,0.228,0.02,0,14138.0,0.046,0.9842,16,13,1.214,0.008,0.045,0,99,1,NORMAL_TRANSACTION,0,0,NORMAL_BASELINE
e1000000-0000-0000-0000-000000001106,2358.57,7.7662,0.0,14,0,1,1,1,3,2358.57,4953.0,0.356,0.02,0,100190.0,0.007,0.9057,8,18,0.474,0.008,0.045,0,99,1,NORMAL_TRANSACTION,0,0,NORMAL_BASELINE
e1000000-0000-0000-0000-000000001107,1814.71,7.5042,0.0028,14,0,1,0,1,3,1814.71,3810.89,0.97,0.02,0,151658.0,1.0,0.9274,9,22,0.435,0.008,0.045,0,99,1,NORMAL_TRANSACTION,0,0,NORMAL_BASELINE
e1000000-0000-0000-0000-000000001108,1950.43,7.5763,0.0026,14,0,1,0,1,3,1950.43,4095.9,1.055,0.02,0,12886.0,0.824,0.922,15,17,0.889,0.008,0.045,0,99,1,NORMAL_TRANSACTION,0,0,NORMAL_BASELINE
e1000000-0000-0000-0000-000000001109,3173.9,8.063,0.0149,14,0,1,2,1,3,3173.9,6665.19,1.096,0.02,0,11866.0,0.119,0.873,14,17,0.833,0.008,0.045,0,99,1,NORMAL_TRANSACTION,0,0,NORMAL_BASELINE
e1000000-0000-0000-0000-000000001110,2346.61,7.7612,0.0021,14,0,1,0,1,3,2346.61,4927.88,0.8,0.02,0,79.0,0.088,0.9061,14,17,0.833,0.008,0.045,0,99,1,NORMAL_TRANSACTION,0,0,NORMAL_BASELINE
e1000000-0000-0000-0000-000000001111,1370.12,7.2234,0.0,14,0,1,1,1,3,1370.12,2877.25,0.23,0.02,0,1914.0,0.002,0.9452,13,11,1.167,0.008,0.045,0,99,1,NORMAL_TRANSACTION,0,0,NORMAL_BASELINE
e1000000-0000-0000-0000-000000001112,2926.54,7.9819,0.0149,14,0,1,2,1,3,2926.54,6145.73,1.484,0.02,0,187452.0,0.183,0.8829,13,42,0.326,0.008,0.045,0,99,1,NORMAL_TRANSACTION,0,0,NORMAL_BASELINE
e1000000-0000-0000-0000-000000001113,938.46,6.8453,0.0053,14,0,1,0,1,3,938.46,1970.77,0.389,0.02,0,20577.0,0.075,0.9625,5,14,0.4,0.008,0.045,0,99,1,NORMAL_TRANSACTION,0,0,NORMAL_BASELINE
e1000000-0000-0000-0000-000000001114,4655.56,8.446,0.0149,14,0,1,2,1,3,4655.56,9776.68,2.268,0.02,0,62467.0,1.0,0.8138,13,17,0.778,0.008,0.045,0,99,1,NORMAL_TRANSACTION,0,0,NORMAL_BASELINE
e1000000-0000-0000-0000-000000001115,4385.07,8.3862,0.0011,14,0,1,0,1,3,4385.07,9208.65,2.986,0.02,0,2807.0,0.513,0.8246,16,13,1.214,0.008,0.045,0,99,1,NORMAL_TRANSACTION,0,0,NORMAL_BASELINE
e1000000-0000-0000-0000-000000001116,1388.84,7.2369,0.0149,14,0,1,2,1,3,1388.84,2916.56,0.683,0.02,0,73607.0,0.146,0.9444,12,18,0.684,0.008,0.045,0,99,1,NORMAL_TRANSACTION,0,0,NORMAL_BASELINE
e1000000-0000-0000-0000-000000001117,2856.03,7.9575,0.0018,14,0,1,0,1,3,2856.03,5997.66,1.061,0.02,0,91043.0,0.166,0.8858,15,22,0.696,0.008,0.045,0,99,1,NORMAL_TRANSACTION,0,0,NORMAL_BASELINE
e1000000-0000-0000-0000-000000001118,5250.92,8.5663,0.0,14,0,1,1,1,3,5250.92,11026.93,0.778,0.02,0,162394.0,0.014,0.79,20,19,1.05,0.008,0.045,0,99,1,NORMAL_TRANSACTION,0,0,NORMAL_BASELINE
e1000000-0000-0000-0000-000000001119,5988.74,8.6978,0.0,14,0,1,1,1,3,5988.74,12576.35,1.032,0.02,0,149074.0,0.014,0.7605,5,10,0.545,0.008,0.045,0,99,1,NORMAL_TRANSACTION,0,0,NORMAL_BASELINE
e1000000-0000-0000-0000-000000001120,2754.27,7.9213,0.0,15,0,1,3,1,3,2754.27,5783.97,1.086,0.02,0,103152.0,0.081,0.8898,14,22,0.652,0.008,0.045,0,99,1,NORMAL_TRANSACTION,0,0,NORMAL_BASELINE
e1000000-0000-0000-0000-000000001121,2589.9,7.8598,0.0019,15,0,1,0,1,3,2589.9,5438.79,0.806,0.02,0,83110.0,0.099,0.8964,13,26,0.519,0.008,0.045,0,99,1,NORMAL_TRANSACTION,0,0,NORMAL_BASELINE
e1000000-0000-0000-0000-000000001122,4609.31,8.4361,0.0,15,0,1,1,1,3,4609.31,9679.55,0.946,0.02,0,185388.0,0.012,0.8156,11,11,1.0,0.008,0.045,0,99,1,NORMAL_TRANSACTION,0,0,NORMAL_BASELINE
e1000000-0000-0000-0000-000000001123,7930.85,8.9786,0.0,15,0,1,1,1,3,7930.85,16654.78,1.49,0.02,0,16203.0,0.036,0.6828,12,13,0.929,0.008,0.045,0,99,1,NORMAL_TRANSACTION,0,0,NORMAL_BASELINE
e1000000-0000-0000-0000-000000001124,2623.53,7.8727,0.0,15,0,1,3,1,3,2623.53,5509.41,1.269,0.02,0,149957.0,0.106,0.8951,13,25,0.538,0.008,0.045,0,99,1,NORMAL_TRANSACTION,0,0,NORMAL_BASELINE
e1000000-0000-0000-0000-000000001125,5859.85,8.676,0.0149,15,0,1,2,1,3,5859.85,12305.69,2.825,0.02,0,87503.0,0.233,0.7656,17,15,1.125,0.008,0.045,0,99,1,NORMAL_TRANSACTION,0,0,NORMAL_BASELINE
e1000000-0000-0000-0000-000000001126,857.31,6.755,0.0,15,0,1,3,1,3,857.31,1800.35,0.345,0.02,0,22977.0,0.201,0.9657,17,18,0.947,0.008,0.045,0,99,1,NORMAL_TRANSACTION,0,0,NORMAL_BASELINE
e1000000-0000-0000-0000-000000001127,731.71,6.5967,0.0068,15,0,1,0,1,3,731.71,1536.59,0.313,0.02,0,240.0,0.172,0.9707,17,18,0.947,0.008,0.045,0,99,1,NORMAL_TRANSACTION,0,0,NORMAL_BASELINE
e1000000-0000-0000-0000-000000001128,9596.81,9.1693,0.0,15,0,1,1,1,3,9596.81,20153.3,2.212,0.02,0,164732.0,0.044,0.6161,15,16,0.941,0.008,0.045,0,99,1,NORMAL_TRANSACTION,0,0,NORMAL_BASELINE
e1000000-0000-0000-0000-000000001129,4983.21,8.514,0.0,15,0,1,1,1,3,4983.21,10464.74,0.754,0.02,0,3650.0,0.013,0.8007,20,19,1.05,0.008,0.045,0,99,1,NORMAL_TRANSACTION,0,0,NORMAL_BASELINE
e1000000-0000-0000-0000-000000001130,8503.15,9.0483,0.0,15,0,1,1,1,3,8503.15,17856.62,1.89,0.02,0,67889.0,0.017,0.6599,18,18,1.0,0.008,0.045,0,99,1,NORMAL_TRANSACTION,0,0,NORMAL_BASELINE
e1000000-0000-0000-0000-000000001131,5344.37,8.584,0.0149,16,0,1,2,1,3,5344.37,11223.18,1.516,0.02,0,24191.0,0.347,0.7862,11,16,0.706,0.008,0.045,0,99,1,NORMAL_TRANSACTION,0,0,NORMAL_BASELINE
e1000000-0000-0000-0000-000000001132,2441.74,7.8009,0.002,16,0,1,0,1,3,2441.74,5127.65,0.825,0.02,0,437025.0,0.084,0.9023,8,16,0.529,0.008,0.045,0,99,1,NORMAL_TRANSACTION,0,0,NORMAL_BASELINE
e1000000-0000-0000-0000-000000001133,2628.56,7.8746,0.0,16,0,1,3,1,3,2628.56,5519.98,0.917,0.02,0,8322.0,0.099,0.8949,14,17,0.833,0.008,0.045,0,99,1,NORMAL_TRANSACTION,0,0,NORMAL_BASELINE
e1000000-0000-0000-0000-000000001134,1232.34,7.1175,0.0041,16,0,1,0,1,3,1232.34,2587.91,1.002,0.02,0,27771.0,0.037,0.9507,14,14,1.0,0.008,0.045,0,99,1,NORMAL_TRANSACTION,0,0,NORMAL_BASELINE
e1000000-0000-0000-0000-000000001135,2340.84,7.7587,0.0,16,0,1,1,1,3,2340.84,4915.76,0.376,0.02,0,9424.0,0.007,0.9064,8,18,0.474,0.008,0.045,0,99,1,NORMAL_TRANSACTION,0,0,NORMAL_BASELINE
e1000000-0000-0000-0000-000000001136,3771.14,8.2354,0.0013,17,0,1,0,1,3,3771.14,7919.39,1.435,0.02,0,102535.0,0.163,0.8492,14,21,0.682,0.008,0.045,0,99,1,NORMAL_TRANSACTION,0,0,NORMAL_BASELINE
e1000000-0000-0000-0000-000000001137,5346.01,8.5843,0.0,17,0,1,1,1,3,5346.01,11226.62,0.956,0.02,0,71075.0,0.011,0.7862,12,8,1.444,0.008,0.045,0,99,1,NORMAL_TRANSACTION,0,0,NORMAL_BASELINE
e1000000-0000-0000-0000-000000001138,1186.87,7.0799,0.0,17,0,1,3,1,3,1186.87,2492.43,0.723,0.02,0,23561.0,0.05,0.9525,11,14,0.8,0.008,0.045,0,99,1,NORMAL_TRANSACTION,0,0,NORMAL_BASELINE
e1000000-0000-0000-0000-000000001139,1445.24,7.2767,0.0035,17,0,1,0,1,3,1445.24,3035.0,0.679,0.02,0,27104.0,0.399,0.9422,13,13,1.0,0.008,0.045,0,99,1,NORMAL_TRANSACTION,0,0,NORMAL_BASELINE
e1000000-0000-0000-0000-000000001140,8948.56,9.0994,0.0,17,0,1,1,1,3,8948.56,18791.98,1.818,0.02,0,7268.0,0.041,0.6421,15,16,0.941,0.008,0.045,0,99,1,NORMAL_TRANSACTION,0,0,NORMAL_BASELINE
e1000000-0000-0000-0000-000000001141,2846.2,7.9541,0.0,17,0,1,1,1,3,2846.2,5977.02,0.534,0.02,0,196.0,0.013,0.8862,15,16,0.941,0.008,0.045,0,99,1,NORMAL_TRANSACTION,0,0,NORMAL_BASELINE
e1000000-0000-0000-0000-000000001142,200.0,5.3033,0.0,18,0,1,4,1,3,200.0,420.0,0.119,0.02,0,95061.0,0.012,0.992,15,20,0.762,0.008,0.045,0,99,1,NORMAL_TRANSACTION,0,0,NORMAL_BASELINE
e1000000-0000-0000-0000-000000001143,652.48,6.4823,0.0077,18,0,1,0,1,3,652.48,1370.21,0.176,0.02,0,7563.0,0.042,0.9739,11,16,0.706,0.008,0.045,0,99,1,NORMAL_TRANSACTION,0,0,NORMAL_BASELINE
e1000000-0000-0000-0000-000000001144,232.87,5.4548,0.0,18,0,1,3,1,3,232.87,489.03,0.125,0.02,0,14623.0,0.237,0.9907,9,22,0.435,0.008,0.045,0,99,1,NORMAL_TRANSACTION,0,0,NORMAL_BASELINE
e1000000-0000-0000-0000-000000001145,6960.49,8.8481,0.0,18,0,1,1,1,3,6960.49,14617.03,1.77,0.02,0,119214.0,0.016,0.7216,16,12,1.308,0.008,0.045,0,99,1,NORMAL_TRANSACTION,0,0,NORMAL_BASELINE
e1000000-0000-0000-0000-000000001146,9759.45,9.1861,0.0,18,0,1,1,1,3,9759.45,20494.85,1.974,0.02,0,9007.0,0.019,0.6096,18,18,1.0,0.008,0.045,0,99,1,NORMAL_TRANSACTION,0,0,NORMAL_BASELINE
e1000000-0000-0000-0000-000000001147,2809.65,7.9412,0.0,18,0,1,3,1,3,2809.65,5900.27,1.273,0.02,0,75869.0,0.174,0.8876,9,20,0.476,0.008,0.045,0,99,1,NORMAL_TRANSACTION,0,0,NORMAL_BASELINE
e1000000-0000-0000-0000-000000001148,2907.11,7.9753,0.0017,18,0,1,0,1,3,2907.11,6104.93,1.137,0.02,0,25942.0,0.143,0.8837,10,16,0.647,0.008,0.045,0,99,1,NORMAL_TRANSACTION,0,0,NORMAL_BASELINE
e1000000-0000-0000-0000-000000001149,4773.75,8.4711,0.0,18,0,1,1,1,3,4773.75,10024.88,0.76,0.02,0,170465.0,0.011,0.8091,16,11,1.417,0.008,0.045,0,99,1,NORMAL_TRANSACTION,0,0,NORMAL_BASELINE
e1000000-0000-0000-0000-000000001150,1048.25,6.9558,0.0,18,0,1,1,1,3,1048.25,2201.33,0.237,0.02,0,101657.0,0.003,0.9581,9,11,0.833,0.008,0.045,0,99,1,NORMAL_TRANSACTION,0,0,NORMAL_BASELINE
e1000000-0000-0000-0000-000000001151,2716.11,7.9073,0.0149,18,0,1,2,1,3,2716.11,5703.83,1.19,0.02,0,1434.0,0.168,0.8914,9,20,0.476,0.008,0.045,0,99,1,NORMAL_TRANSACTION,0,0,NORMAL_BASELINE
e1000000-0000-0000-0000-000000001152,2888.52,7.9688,0.0017,18,0,1,0,1,3,2888.52,6065.89,1.374,0.02,0,13269.0,0.117,0.8845,13,25,0.538,0.008,0.045,0,99,1,NORMAL_TRANSACTION,0,0,NORMAL_BASELINE
e1000000-0000-0000-0000-000000001153,1861.19,7.5295,0.0,19,0,1,3,1,3,1861.19,3908.5,0.863,0.02,0,31407.0,0.08,0.9256,7,22,0.348,0.008,0.045,0,99,1,NORMAL_TRANSACTION,0,0,NORMAL_BASELINE
e1000000-0000-0000-0000-000000001154,1726.77,7.4546,0.0,19,0,1,3,1,3,1726.77,3626.22,0.637,0.02,0,16430.0,0.1,0.9309,15,22,0.696,0.008,0.045,0,99,1,NORMAL_TRANSACTION,0,0,NORMAL_BASELINE
e1000000-0000-0000-0000-000000001155,2020.15,7.6114,0.0025,19,0,1,0,1,3,2020.15,4242.32,0.674,0.02,0,37429.0,0.857,0.9192,13,24,0.56,0.008,0.045,0,99,1,NORMAL_TRANSACTION,0,0,NORMAL_BASELINE
e1000000-0000-0000-0000-000000001156,7533.2,8.9272,0.0,19,0,1,1,1,3,7533.2,15819.72,1.228,0.02,0,266586.0,0.017,0.6987,6,13,0.5,0.008,0.045,0,99,1,NORMAL_TRANSACTION,0,0,NORMAL_BASELINE
e1000000-0000-0000-0000-000000001157,1316.95,7.1838,0.0038,19,0,1,0,1,3,1316.95,2765.6,0.44,0.02,0,189204.0,0.098,0.9473,10,17,0.611,0.008,0.045,0,99,1,NORMAL_TRANSACTION,0,0,NORMAL_BASELINE
e1000000-0000-0000-0000-000000001158,2861.03,7.9593,0.0149,19,0,1,2,1,3,2861.03,6008.16,0.797,0.02,0,22430.0,0.098,0.8856,13,15,0.875,0.008,0.045,0,99,1,NORMAL_TRANSACTION,0,0,NORMAL_BASELINE
e1000000-0000-0000-0000-000000001159,533.35,6.2811,0.0094,20,0,1,0,1,3,533.35,1120.04,0.209,0.02,0,19507.0,0.016,0.9787,14,22,0.652,0.008,0.045,0,99,1,NORMAL_TRANSACTION,0,0,NORMAL_BASELINE
e1000000-0000-0000-0000-000000001160,6495.15,8.779,0.0,20,0,1,1,1,3,6495.15,13639.82,1.243,0.02,0,41165.0,0.038,0.7402,12,16,0.765,0.008,0.045,0,99,1,NORMAL_TRANSACTION,0,0,NORMAL_BASELINE
e1000000-0000-0000-0000-000000001161,7521.36,8.9256,0.0149,20,0,1,2,1,3,7521.36,15794.86,4.164,0.02,0,104182.0,0.351,0.6991,16,20,0.81,0.008,0.045,0,99,1,NORMAL_TRANSACTION,0,0,NORMAL_BASELINE
e1000000-0000-0000-0000-000000001162,1422.41,7.2608,0.0035,20,0,1,0,1,3,1422.41,2987.06,0.411,0.02,0,41108.0,1.0,0.9431,14,23,0.625,0.008,0.045,0,99,1,NORMAL_TRANSACTION,0,0,NORMAL_BASELINE
e1000000-0000-0000-0000-000000001163,2514.97,7.8304,0.0,20,0,1,3,1,3,2514.97,5281.44,0.925,0.02,0,40082.0,0.295,0.8994,8,17,0.5,0.008,0.045,0,99,1,NORMAL_TRANSACTION,0,0,NORMAL_BASELINE
e1000000-0000-0000-0000-000000001164,2595.39,7.8619,0.0,20,0,1,3,1,3,2595.39,5450.32,0.96,0.02,0,37894.0,0.078,0.8962,12,13,0.929,0.008,0.045,0,99,1,NORMAL_TRANSACTION,0,0,NORMAL_BASELINE
e1000000-0000-0000-0000-000000001165,1667.68,7.4198,0.003,20,0,1,0,1,3,1667.68,3502.13,0.807,0.02,0,111437.0,0.221,0.9333,13,12,1.077,0.008,0.045,0,99,1,NORMAL_TRANSACTION,0,0,NORMAL_BASELINE
e1000000-0000-0000-0000-000000001166,3111.91,8.0433,0.0016,21,0,1,0,1,3,3111.91,6535.01,2.071,0.02,0,89844.0,0.66,0.8755,13,16,0.824,0.008,0.045,0,99,1,NORMAL_TRANSACTION,0,0,NORMAL_BASELINE
e1000000-0000-0000-0000-000000001167,2364.81,7.7689,0.0021,21,0,1,0,1,3,2364.81,4966.1,0.679,0.02,0,5089.0,0.081,0.9054,13,15,0.875,0.008,0.045,0,99,1,NORMAL_TRANSACTION,0,0,NORMAL_BASELINE
e1000000-0000-0000-0000-000000001168,6669.29,8.8054,0.0149,21,0,1,2,1,3,6669.29,14005.51,2.412,0.02,0,200901.0,0.733,0.7332,15,20,0.762,0.008,0.045,0,99,1,NORMAL_TRANSACTION,0,0,NORMAL_BASELINE
e1000000-0000-0000-0000-000000001169,8443.03,9.0412,0.0,21,0,1,1,1,3,8443.03,17730.36,1.304,0.02,0,19513.0,0.023,0.6623,20,19,1.05,0.008,0.045,0,99,1,NORMAL_TRANSACTION,0,0,NORMAL_BASELINE
e1000000-0000-0000-0000-000000001170,2806.15,7.9399,0.0,21,0,1,3,1,3,2806.15,5892.92,1.124,0.02,0,33957.0,0.55,0.8878,12,24,0.52,0.008,0.045,0,99,1,NORMAL_TRANSACTION,0,0,NORMAL_BASELINE
e1000000-0000-0000-0000-000000001171,3574.59,8.1819,0.0014,21,0,1,0,1,3,3574.59,7506.64,2.168,0.02,0,1476.0,0.759,0.857,13,16,0.824,0.008,0.045,0,99,1,NORMAL_TRANSACTION,0,0,NORMAL_BASELINE
e1000000-0000-0000-0000-000000001172,4554.98,8.4242,0.0,21,0,1,1,1,3,4554.98,9565.46,1.402,0.02,0,179253.0,0.008,0.8178,8,12,0.692,0.008,0.045,0,99,1,NORMAL_TRANSACTION,0,0,NORMAL_BASELINE
e1000000-0000-0000-0000-000000001173,2523.89,7.834,0.002,21,0,1,0,1,3,2523.89,5300.17,1.793,0.02,0,104269.0,0.089,0.899,14,23,0.625,0.008,0.045,0,99,1,NORMAL_TRANSACTION,0,0,NORMAL_BASELINE
e1000000-0000-0000-0000-000000001174,500.0,6.2166,0.0,21,0,1,4,1,3,500.0,1050.0,0.272,0.02,0,36803.0,0.046,0.98,13,18,0.737,0.008,0.045,0,99,1,NORMAL_TRANSACTION,0,0,NORMAL_BASELINE
e1000000-0000-0000-0000-000000001175,4423.4,8.3949,0.0011,21,0,1,0,1,3,4423.4,9289.14,1.322,0.02,0,2089.0,0.152,0.8231,13,15,0.875,0.008,0.045,0,99,1,NORMAL_TRANSACTION,0,0,NORMAL_BASELINE
e1000000-0000-0000-0000-000000001176,4007.14,8.2961,0.0012,8,0,1,0,1,3,4007.14,8414.99,1.266,0.02,0,61215.0,0.153,0.8397,13,26,0.519,0.008,0.045,0,99,1,NORMAL_TRANSACTION,0,0,NORMAL_BASELINE
e1000000-0000-0000-0000-000000001177,6242.01,8.7392,0.0,8,0,1,1,1,3,6242.01,13108.22,1.03,0.02,0,305613.0,0.011,0.7503,13,10,1.273,0.008,0.045,0,99,1,NORMAL_TRANSACTION,0,0,NORMAL_BASELINE
e1000000-0000-0000-0000-000000001178,20.0,3.0445,0.0,8,0,1,4,1,3,20.0,42.0,0.006,0.02,0,310.0,0.001,0.9992,13,26,0.519,0.008,0.045,0,99,1,NORMAL_TRANSACTION,0,0,NORMAL_BASELINE
e1000000-0000-0000-0000-000000001179,1909.97,7.5554,0.0026,8,0,1,0,1,3,1909.97,4010.94,0.699,0.02,0,249160.0,0.135,0.9236,17,15,1.125,0.008,0.045,0,99,1,NORMAL_TRANSACTION,0,0,NORMAL_BASELINE
e1000000-0000-0000-0000-000000001180,1085.34,6.9906,0.0046,8,0,1,0,1,3,1085.34,2279.21,0.372,0.02,0,45929.0,0.461,0.9566,13,24,0.56,0.008,0.045,0,99,1,NORMAL_TRANSACTION,0,0,NORMAL_BASELINE
e1000000-0000-0000-0000-000000001181,3665.46,8.207,0.0149,8,0,1,2,1,3,3665.46,7697.47,1.485,0.02,0,146790.0,1.0,0.8534,12,16,0.765,0.008,0.045,0,99,1,NORMAL_TRANSACTION,0,0,NORMAL_BASELINE
e1000000-0000-0000-0000-000000001182,5197.23,8.5561,0.0149,8,0,1,2,1,3,5197.23,10914.18,2.117,0.02,0,130949.0,0.579,0.7921,8,21,0.409,0.008,0.045,0,99,1,NORMAL_TRANSACTION,0,0,NORMAL_BASELINE
e1000000-0000-0000-0000-000000001183,2914.74,7.9779,0.0017,8,0,1,0,1,3,2914.74,6120.95,1.173,0.02,0,71335.0,0.308,0.8834,8,18,0.474,0.008,0.045,0,99,1,NORMAL_TRANSACTION,0,0,NORMAL_BASELINE
e1000000-0000-0000-0000-000000001184,4458.35,8.4028,0.0011,8,0,1,0,1,3,4458.35,9362.54,2.253,0.02,0,63927.0,0.468,0.8217,12,18,0.684,0.008,0.045,0,99,1,NORMAL_TRANSACTION,0,0,NORMAL_BASELINE
e1000000-0000-0000-0000-000000001185,6135.8,8.7221,0.0149,8,0,1,2,1,3,6135.8,12885.18,3.693,0.02,0,74727.0,0.239,0.7546,13,19,0.7,0.008,0.045,0,99,1,NORMAL_TRANSACTION,0,0,NORMAL_BASELINE
e1000000-0000-0000-0000-000000001186,4005.55,8.2957,0.0012,8,0,1,0,1,3,4005.55,8411.66,1.67,0.02,0,44889.0,0.117,0.8398,14,22,0.652,0.008,0.045,0,99,1,NORMAL_TRANSACTION,0,0,NORMAL_BASELINE
e1000000-0000-0000-0000-000000001187,852.18,6.749,0.0059,9,0,1,0,1,3,852.18,1789.58,0.758,0.02,0,218115.0,0.046,0.9659,10,14,0.733,0.008,0.045,0,99,1,NORMAL_TRANSACTION,0,0,NORMAL_BASELINE
e1000000-0000-0000-0000-000000001188,479.62,6.1751,0.0,9,0,1,0,1,3,479.62,1007.2,0.201,0.02,0,146972.0,0.03,0.9808,11,22,0.522,0.008,0.045,0,99,1,NORMAL_TRANSACTION,0,0,NORMAL_BASELINE
e1000000-0000-0000-0000-000000001189,8438.27,9.0407,0.0,9,0,1,1,1,3,8438.27,17720.37,1.745,0.02,0,64670.0,0.021,0.6625,11,11,1.0,0.008,0.045,0,99,1,NORMAL_TRANSACTION,0,0,NORMAL_BASELINE
e1000000-0000-0000-0000-000000001190,532.96,6.2803,0.0,9,0,1,3,1,3,532.96,1119.22,0.355,0.02,0,41491.0,0.019,0.9787,14,23,0.625,0.008,0.045,0,99,1,NORMAL_TRANSACTION,0,0,NORMAL_BASELINE
e1000000-0000-0000-0000-000000001191,5680.67,8.645,0.0,9,0,1,1,1,3,5680.67,11929.41,0.807,0.02,0,220156.0,0.012,0.7728,14,10,1.364,0.008,0.045,0,99,1,NORMAL_TRANSACTION,0,0,NORMAL_BASELINE
e1000000-0000-0000-0000-000000001192,2254.96,7.7213,0.0022,9,0,1,0,1,3,2254.96,4735.42,0.904,0.02,0,64549.0,0.09,0.9098,17,15,1.125,0.008,0.045,0,99,1,NORMAL_TRANSACTION,0,0,NORMAL_BASELINE
e1000000-0000-0000-0000-000000001193,3495.13,8.1594,0.0014,9,0,1,0,1,3,3495.13,7339.77,1.997,0.02,0,55062.0,1.0,0.8602,9,22,0.435,0.008,0.045,0,99,1,NORMAL_TRANSACTION,0,0,NORMAL_BASELINE
e1000000-0000-0000-0000-000000001194,1605.12,7.3816,0.0031,9,0,1,0,1,3,1605.12,3370.75,0.519,0.02,0,152038.0,0.062,0.9358,13,17,0.778,0.008,0.045,0,99,1,NORMAL_TRANSACTION,0,0,NORMAL_BASELINE
e1000000-0000-0000-0000-000000001195,2648.91,7.8823,0.0019,9,0,1,0,1,3,2648.91,5562.71,1.267,0.02,0,69047.0,0.165,0.894,13,42,0.326,0.008,0.045,0,99,1,NORMAL_TRANSACTION,0,0,NORMAL_BASELINE
e1000000-0000-0000-0000-000000001196,2284.42,7.7343,0.0,9,0,1,1,1,3,2284.42,4797.28,0.345,0.02,0,44450.0,0.006,0.9086,20,19,1.05,0.008,0.045,0,99,1,NORMAL_TRANSACTION,0,0,NORMAL_BASELINE
e1000000-0000-0000-0000-000000001197,200.0,5.3033,0.0,9,0,1,4,1,3,200.0,420.0,0.14,0.02,0,1907.0,0.007,0.992,14,23,0.625,0.008,0.045,0,99,1,NORMAL_TRANSACTION,0,0,NORMAL_BASELINE
e1000000-0000-0000-0000-000000001198,3267.46,8.0921,0.0,9,0,1,1,1,3,3267.46,6861.67,0.783,0.02,0,91999.0,0.008,0.8693,11,10,1.091,0.008,0.045,0,99,1,NORMAL_TRANSACTION,0,0,NORMAL_BASELINE
e1000000-0000-0000-0000-000000001199,2057.31,7.6296,0.0,9,0,1,3,1,3,2057.31,4320.35,1.709,0.02,0,304327.0,0.767,0.9177,15,8,1.778,0.008,0.045,0,99,1,NORMAL_TRANSACTION,0,0,NORMAL_BASELINE
e1000000-0000-0000-0000-000000001200,3495.25,8.1594,0.0014,9,0,1,0,1,3,3495.25,7340.03,1.054,0.02,0,310408.0,0.847,0.8602,11,16,0.706,0.008,0.045,0,99,1,NORMAL_TRANSACTION,0,0,NORMAL_BASELINE
e1000000-0000-0000-0000-000000001201,470.23,6.1553,0.0,9,0,1,0,1,3,470.23,987.48,0.144,0.02,0,48392.0,0.941,0.9812,14,23,0.625,0.008,0.045,0,99,1,NORMAL_TRANSACTION,0,0,NORMAL_BASELINE
e1000000-0000-0000-0000-000000001202,2381.47,7.7759,0.0,10,0,1,1,1,3,2381.47,5001.09,0.403,0.02,0,62653.0,0.007,0.9047,8,18,0.474,0.008,0.045,0,99,1,NORMAL_TRANSACTION,0,0,NORMAL_BASELINE
e1000000-0000-0000-0000-000000001203,2145.54,7.6716,0.0149,10,0,1,2,1,3,2145.54,4505.63,0.755,0.02,0,63511.0,0.081,0.9142,14,17,0.833,0.008,0.045,0,99,1,NORMAL_TRANSACTION,0,0,NORMAL_BASELINE
e1000000-0000-0000-0000-000000001204,3805.0,8.2443,0.0,10,0,1,1,1,3,3805.0,7990.5,0.53,0.02,0,160261.0,0.013,0.8478,16,16,1.0,0.008,0.045,0,99,1,NORMAL_TRANSACTION,0,0,NORMAL_BASELINE
e1000000-0000-0000-0000-000000001205,3139.52,8.0521,0.0,10,0,1,3,1,3,3139.52,6592.99,1.315,0.02,0,84412.0,0.14,0.8744,16,20,0.81,0.008,0.045,0,99,1,NORMAL_TRANSACTION,0,0,NORMAL_BASELINE
e1000000-0000-0000-0000-000000001206,2351.3,7.7631,0.0149,10,0,1,2,1,3,2351.3,4937.73,0.948,0.02,0,388.0,0.105,0.9059,16,20,0.81,0.008,0.045,0,99,1,NORMAL_TRANSACTION,0,0,NORMAL_BASELINE
e1000000-0000-0000-0000-000000001207,1167.81,7.0637,0.0043,10,0,1,0,1,3,1167.81,2452.4,0.409,0.02,0,241720.0,0.739,0.9533,14,14,1.0,0.008,0.045,0,99,1,NORMAL_TRANSACTION,0,0,NORMAL_BASELINE
e1000000-0000-0000-0000-000000001208,528.66,6.2722,0.0,10,0,1,3,1,3,528.66,1110.19,0.176,0.02,0,9999.0,0.02,0.9789,13,26,0.519,0.008,0.045,0,99,1,NORMAL_TRANSACTION,0,0,NORMAL_BASELINE
e1000000-0000-0000-0000-000000001209,3058.61,8.026,0.0016,10,0,1,0,1,3,3058.61,6423.08,1.26,0.02,0,89233.0,0.186,0.8777,13,11,1.167,0.008,0.045,0,99,1,NORMAL_TRANSACTION,0,0,NORMAL_BASELINE
e1000000-0000-0000-0000-000000001210,3318.99,8.1077,0.0015,10,0,1,0,1,3,3318.99,6969.88,1.251,0.02,0,79305.0,0.295,0.8672,16,18,0.895,0.008,0.045,0,99,1,NORMAL_TRANSACTION,0,0,NORMAL_BASELINE
e1000000-0000-0000-0000-000000001211,1315.21,7.1825,0.0038,11,0,1,0,1,3,1315.21,2761.94,0.884,0.02,0,4449.0,0.49,0.9474,15,8,1.778,0.008,0.045,0,99,1,NORMAL_TRANSACTION,0,0,NORMAL_BASELINE
e1000000-0000-0000-0000-000000001212,2652.61,7.8837,0.0,11,0,1,3,1,3,2652.61,5570.48,0.907,0.02,0,5758.0,0.103,0.8939,13,17,0.778,0.008,0.045,0,99,1,NORMAL_TRANSACTION,0,0,NORMAL_BASELINE
e1000000-0000-0000-0000-000000001213,3733.03,8.2252,0.0013,11,0,1,0,1,3,3733.03,7839.36,1.36,0.02,0,141113.0,0.118,0.8507,15,14,1.067,0.008,0.045,0,99,1,NORMAL_TRANSACTION,0,0,NORMAL_BASELINE
e1000000-0000-0000-0000-000000001214,7926.98,8.9782,0.0149,11,0,1,2,1,3,7926.98,16646.66,3.964,0.02,0,52325.0,1.0,0.6829,13,12,1.077,0.008,0.045,0,99,1,NORMAL_TRANSACTION,0,0,NORMAL_BASELINE
e1000000-0000-0000-0000-000000001215,5799.19,8.6656,0.0149,11,0,1,2,1,3,5799.19,12178.3,2.792,0.02,0,185305.0,0.667,0.768,10,17,0.611,0.008,0.045,0,99,1,NORMAL_TRANSACTION,0,0,NORMAL_BASELINE
e1000000-0000-0000-0000-000000001216,1879.63,7.5394,0.0,11,0,1,3,1,3,1879.63,3947.22,0.868,0.02,0,75430.0,0.149,0.9248,5,14,0.4,0.008,0.045,0,99,1,NORMAL_TRANSACTION,0,0,NORMAL_BASELINE
e1000000-0000-0000-0000-000000001217,1449.61,7.2797,0.0,11,0,1,3,1,3,1449.61,3044.18,0.444,0.02,0,271266.0,0.506,0.942,9,18,0.526,0.008,0.045,0,99,1,NORMAL_TRANSACTION,0,0,NORMAL_BASELINE
e1000000-0000-0000-0000-000000001218,3815.44,8.2471,0.0149,11,0,1,2,1,3,3815.44,8012.42,1.437,0.02,0,154315.0,0.498,0.8474,9,18,0.526,0.008,0.045,0,99,1,NORMAL_TRANSACTION,0,0,NORMAL_BASELINE
e1000000-0000-0000-0000-000000001219,100.0,4.6151,0.0,11,0,1,4,1,3,100.0,210.0,0.055,0.02,0,95579.0,0.003,0.996,15,11,1.333,0.008,0.045,0,99,1,NORMAL_TRANSACTION,0,0,NORMAL_BASELINE
e1000000-0000-0000-0000-000000001220,1757.57,7.4723,0.0028,11,0,1,0,1,3,1757.57,3690.9,0.699,0.02,0,10684.0,0.052,0.9297,14,22,0.652,0.008,0.045,0,99,1,NORMAL_TRANSACTION,0,0,NORMAL_BASELINE
e1000000-0000-0000-0000-000000001221,2510.95,7.8288,0.0,11,0,1,1,1,3,2510.95,5272.99,0.332,0.02,0,152693.0,0.005,0.8996,7,10,0.727,0.008,0.045,0,99,1,NORMAL_TRANSACTION,0,0,NORMAL_BASELINE
e1000000-0000-0000-0000-000000001222,559.51,6.3288,0.0,11,0,1,3,1,3,559.51,1174.97,0.221,0.02,0,12279.0,0.059,0.9776,8,18,0.474,0.008,0.045,0,99,1,NORMAL_TRANSACTION,0,0,NORMAL_BASELINE
e1000000-0000-0000-0000-000000001223,2805.16,7.9396,0.0018,12,0,1,0,1,3,2805.16,5890.84,1.442,0.02,0,141779.0,0.465,0.8878,10,18,0.579,0.008,0.045,0,99,1,NORMAL_TRANSACTION,0,0,NORMAL_BASELINE
e1000000-0000-0000-0000-000000001224,566.8,6.3418,0.0,12,0,1,3,1,3,566.8,1190.28,0.209,0.02,0,161842.0,0.017,0.9773,12,15,0.812,0.008,0.045,0,99,1,NORMAL_TRANSACTION,0,0,NORMAL_BASELINE
e1000000-0000-0000-0000-000000001225,936.85,6.8436,0.0053,12,0,1,0,1,3,936.85,1967.39,0.458,0.02,0,66889.0,0.259,0.9625,13,13,1.0,0.008,0.045,0,99,1,NORMAL_TRANSACTION,0,0,NORMAL_BASELINE
e1000000-0000-0000-0000-000000001226,2355.61,7.765,0.0149,12,0,1,2,1,3,2355.61,4946.78,1.76,0.02,0,10479.0,0.083,0.9058,14,23,0.625,0.008,0.045,0,99,1,NORMAL_TRANSACTION,0,0,NORMAL_BASELINE
e1000000-0000-0000-0000-000000001227,3823.19,8.2491,0.0013,12,0,1,0,1,3,3823.19,8028.7,1.103,0.02,0,53393.0,0.132,0.8471,13,15,0.875,0.008,0.045,0,99,1,NORMAL_TRANSACTION,0,0,NORMAL_BASELINE
e1000000-0000-0000-0000-000000001228,8396.75,9.0357,0.0,12,0,1,1,1,3,8396.75,17633.17,1.241,0.02,0,13129.0,0.018,0.6641,14,10,1.364,0.008,0.045,0,99,1,NORMAL_TRANSACTION,0,0,NORMAL_BASELINE
e1000000-0000-0000-0000-000000001229,200.0,5.3033,0.0,12,0,1,4,1,3,200.0,420.0,0.108,0.02,0,81986.0,0.084,0.992,15,17,0.889,0.008,0.045,0,99,1,NORMAL_TRANSACTION,0,0,NORMAL_BASELINE
e1000000-0000-0000-0000-000000001230,2594.43,7.8615,0.0,13,0,1,3,1,3,2594.43,5448.3,1.341,0.02,0,85047.0,0.4,0.8962,17,15,1.125,0.008,0.045,0,99,1,NORMAL_TRANSACTION,0,0,NORMAL_BASELINE
e1000000-0000-0000-0000-000000001231,1752.7,7.4695,0.0,13,0,1,3,1,3,1752.7,3680.67,0.939,0.02,0,14628.0,1.0,0.9299,9,22,0.435,0.008,0.045,0,99,1,NORMAL_TRANSACTION,0,0,NORMAL_BASELINE
e1000000-0000-0000-0000-000000001232,771.61,6.6498,0.0065,13,0,1,0,1,3,771.61,1620.38,0.361,0.02,0,67148.0,0.033,0.9691,7,22,0.348,0.008,0.045,0,99,1,NORMAL_TRANSACTION,0,0,NORMAL_BASELINE
e1000000-0000-0000-0000-000000001233,6517.25,8.7824,0.0,13,0,1,1,1,3,6517.25,13686.23,1.325,0.02,0,92941.0,0.013,0.7393,13,13,1.0,0.008,0.045,0,99,1,NORMAL_TRANSACTION,0,0,NORMAL_BASELINE
e1000000-0000-0000-0000-000000001234,4796.29,8.4758,0.0149,13,0,1,2,1,3,4796.29,10072.21,1.474,0.02,0,59366.0,0.527,0.8081,15,20,0.762,0.008,0.045,0,99,1,NORMAL_TRANSACTION,0,0,NORMAL_BASELINE
e1000000-0000-0000-0000-000000001235,3338.27,8.1135,0.0149,13,0,1,2,1,3,3338.27,7010.37,1.645,0.02,0,2222.0,0.515,0.8665,17,15,1.125,0.008,0.045,0,99,1,NORMAL_TRANSACTION,0,0,NORMAL_BASELINE
e1000000-0000-0000-0000-000000001236,957.13,6.865,0.0052,13,0,1,0,1,3,957.13,2009.97,0.293,0.02,0,152267.0,0.034,0.9617,7,13,0.571,0.008,0.045,0,99,1,NORMAL_TRANSACTION,0,0,NORMAL_BASELINE
e1000000-0000-0000-0000-000000001237,9307.57,9.1387,0.0,14,0,1,1,1,3,9307.57,19545.9,1.839,0.02,0,1180.0,0.019,0.6277,13,13,1.0,0.008,0.045,0,99,1,NORMAL_TRANSACTION,0,0,NORMAL_BASELINE
e1000000-0000-0000-0000-000000001238,3923.18,8.2749,0.0013,14,0,1,0,1,3,3923.18,8238.68,0.945,0.02,0,180590.0,0.165,0.8431,18,13,1.357,0.008,0.045,0,99,1,NORMAL_TRANSACTION,0,0,NORMAL_BASELINE
e1000000-0000-0000-0000-000000001239,3395.51,8.1305,0.0015,14,0,1,0,1,3,3395.51,7130.57,1.327,0.02,0,99096.0,0.148,0.8642,10,20,0.524,0.008,0.045,0,99,1,NORMAL_TRANSACTION,0,0,NORMAL_BASELINE
e1000000-0000-0000-0000-000000001240,3933.71,8.2776,0.0149,14,0,1,2,1,3,3933.71,8260.79,1.529,0.02,0,12146.0,1.0,0.8427,14,14,1.0,0.008,0.045,0,99,1,NORMAL_TRANSACTION,0,0,NORMAL_BASELINE
e1000000-0000-0000-0000-000000001241,743.12,6.6122,0.0067,14,0,1,0,1,3,743.12,1560.55,0.343,0.02,0,20724.0,0.078,0.9703,12,18,0.684,0.008,0.045,0,99,1,NORMAL_TRANSACTION,0,0,NORMAL_BASELINE
e1000000-0000-0000-0000-000000001242,362.43,5.8956,0.0,14,0,1,0,1,3,362.43,761.1,0.15,0.02,0,191318.0,0.014,0.9855,14,19,0.75,0.008,0.045,0,99,1,NORMAL_TRANSACTION,0,0,NORMAL_BASELINE
e1000000-0000-0000-0000-000000001243,225.39,5.4223,0.0,14,0,1,3,1,3,225.39,473.32,0.104,0.02,0,167859.0,0.1,0.991,11,16,0.706,0.008,0.045,0,99,1,NORMAL_TRANSACTION,0,0,NORMAL_BASELINE
e1000000-0000-0000-0000-000000001244,2008.65,7.6057,0.0,14,0,1,3,1,3,2008.65,4218.16,0.992,0.02,0,8004.0,0.333,0.9197,10,18,0.579,0.008,0.045,0,99,1,NORMAL_TRANSACTION,0,0,NORMAL_BASELINE
e1000000-0000-0000-0000-000000001245,2956.51,7.9921,0.0017,14,0,1,0,1,3,2956.51,6208.67,1.935,0.02,0,75922.0,0.125,0.8817,11,14,0.8,0.008,0.045,0,99,1,NORMAL_TRANSACTION,0,0,NORMAL_BASELINE
e1000000-0000-0000-0000-000000001246,2187.32,7.6909,0.0023,14,0,1,0,1,3,2187.32,4593.37,0.804,0.02,0,12598.0,0.195,0.9125,16,18,0.895,0.008,0.045,0,99,1,NORMAL_TRANSACTION,0,0,NORMAL_BASELINE
e1000000-0000-0000-0000-000000001247,5200.9,8.5568,0.0149,14,0,1,2,1,3,5200.9,10921.89,2.797,0.02,0,3633.0,1.0,0.792,9,22,0.435,0.008,0.045,0,99,1,NORMAL_TRANSACTION,0,0,NORMAL_BASELINE
e1000000-0000-0000-0000-000000001248,2503.09,7.8257,0.002,14,0,1,0,1,3,2503.09,5256.49,0.922,0.02,0,68955.0,0.186,0.8999,10,17,0.611,0.008,0.045,0,99,1,NORMAL_TRANSACTION,0,0,NORMAL_BASELINE
e1000000-0000-0000-0000-000000001249,1146.41,7.0453,0.0044,14,0,1,0,1,3,1146.41,2407.46,0.467,0.02,0,191666.0,0.048,0.9541,8,18,0.474,0.008,0.045,0,99,1,NORMAL_TRANSACTION,0,0,NORMAL_BASELINE
e1000000-0000-0000-0000-000000001250,1251.56,7.1329,0.004,14,0,1,0,1,3,1251.56,2628.28,0.619,0.02,0,1213.0,0.208,0.9499,10,18,0.579,0.008,0.045,0,99,1,NORMAL_TRANSACTION,0,0,NORMAL_BASELINE
e1000000-0000-0000-0000-000000001251,500.0,6.2166,0.0,14,0,1,4,1,3,500.0,1050.0,0.205,0.02,0,66330.0,0.023,0.98,16,20,0.81,0.008,0.045,0,99,1,NORMAL_TRANSACTION,0,0,NORMAL_BASELINE
e1000000-0000-0000-0000-000000001252,3618.06,8.194,0.0014,14,0,1,0,1,3,3618.06,7597.93,2.573,0.02,0,8296.0,0.128,0.8553,14,23,0.625,0.008,0.045,0,99,1,NORMAL_TRANSACTION,0,0,NORMAL_BASELINE
e1000000-0000-0000-0000-000000001253,2353.66,7.7642,0.0,15,0,1,3,1,3,2353.66,4942.69,0.811,0.02,0,82580.0,0.081,0.9059,8,16,0.529,0.008,0.045,0,99,1,NORMAL_TRANSACTION,0,0,NORMAL_BASELINE
e1000000-0000-0000-0000-000000001254,781.96,6.6631,0.0,15,0,1,3,1,3,781.96,1642.12,0.19,0.02,0,4289.0,0.033,0.9687,18,13,1.357,0.008,0.045,0,99,1,NORMAL_TRANSACTION,0,0,NORMAL_BASELINE
e1000000-0000-0000-0000-000000001255,2453.96,7.8059,0.0,15,0,1,3,1,3,2453.96,5153.32,1.278,0.02,0,10653.0,0.678,0.9018,13,13,1.0,0.008,0.045,0,99,1,NORMAL_TRANSACTION,0,0,NORMAL_BASELINE
e1000000-0000-0000-0000-000000001256,1911.4,7.5561,0.0,15,0,1,3,1,3,1911.4,4013.94,0.968,0.02,0,126.0,0.528,0.9235,13,13,1.0,0.008,0.045,0,99,1,NORMAL_TRANSACTION,0,0,NORMAL_BASELINE
e1000000-0000-0000-0000-000000001257,1028.13,6.9365,0.0,15,0,1,3,1,3,1028.13,2159.07,0.3,0.02,0,76844.0,0.067,0.9589,11,16,0.706,0.008,0.045,0,99,1,NORMAL_TRANSACTION,0,0,NORMAL_BASELINE
e1000000-0000-0000-0000-000000001258,1794.38,7.493,0.0028,15,0,1,0,1,3,1794.38,3768.2,0.914,0.02,0,2785.0,0.298,0.9282,10,18,0.579,0.008,0.045,0,99,1,NORMAL_TRANSACTION,0,0,NORMAL_BASELINE
e1000000-0000-0000-0000-000000001259,4718.14,8.4594,0.0,15,0,1,1,1,3,4718.14,9908.09,0.87,0.02,0,76335.0,0.009,0.8113,18,18,1.0,0.008,0.045,0,99,1,NORMAL_TRANSACTION,0,0,NORMAL_BASELINE
e1000000-0000-0000-0000-000000001260,4355.93,8.3795,0.0011,15,0,1,0,1,3,4355.93,9147.45,4.039,0.02,0,23865.0,0.234,0.8258,10,14,0.733,0.008,0.045,0,99,1,NORMAL_TRANSACTION,0,0,NORMAL_BASELINE
e1000000-0000-0000-0000-000000001261,393.42,5.9774,0.0,15,0,1,3,1,3,393.42,826.18,0.235,0.02,0,155813.0,0.084,0.9843,12,13,0.929,0.008,0.045,0,99,1,NORMAL_TRANSACTION,0,0,NORMAL_BASELINE
e1000000-0000-0000-0000-000000001262,1037.8,6.9458,0.0,15,0,1,3,1,3,1037.8,2179.38,0.445,0.02,0,13284.0,0.11,0.9585,8,18,0.474,0.008,0.045,0,99,1,NORMAL_TRANSACTION,0,0,NORMAL_BASELINE
e1000000-0000-0000-0000-000000001263,50.0,3.9318,0.0,15,0,1,4,1,3,50.0,105.0,0.016,0.02,0,188283.0,0.002,0.998,17,19,0.9,0.008,0.045,0,99,1,NORMAL_TRANSACTION,0,0,NORMAL_BASELINE
e1000000-0000-0000-0000-000000001264,3438.99,8.1432,0.0015,15,0,1,0,1,3,3438.99,7221.88,1.49,0.02,0,3674.0,0.144,0.8624,8,18,0.474,0.008,0.045,0,99,1,NORMAL_TRANSACTION,0,0,NORMAL_BASELINE
e1000000-0000-0000-0000-000000001265,4021.45,8.2996,0.0012,15,0,1,0,1,3,4021.45,8445.05,1.99,0.02,0,104678.0,0.285,0.8391,9,9,1.0,0.008,0.045,0,99,1,NORMAL_TRANSACTION,0,0,NORMAL_BASELINE
e1000000-0000-0000-0000-000000001266,5129.76,8.543,0.0149,16,0,1,2,1,3,5129.76,10772.5,2.241,0.02,0,370348.0,0.774,0.7948,16,18,0.895,0.008,0.045,0,99,1,NORMAL_TRANSACTION,0,0,NORMAL_BASELINE
e1000000-0000-0000-0000-000000001267,1501.68,7.315,0.0033,16,0,1,0,1,3,1501.68,3153.53,0.499,0.02,0,22446.0,1.0,0.9399,14,23,0.625,0.008,0.045,0,99,1,NORMAL_TRANSACTION,0,0,NORMAL_BASELINE
e1000000-0000-0000-0000-000000001268,1733.28,7.4583,0.0029,16,0,1,0,1,3,1733.28,3639.89,0.716,0.02,0,2573.0,0.073,0.9307,8,18,0.474,0.008,0.045,0,99,1,NORMAL_TRANSACTION,0,0,NORMAL_BASELINE
e1000000-0000-0000-0000-000000001269,958.53,6.8664,0.0052,16,0,1,0,1,3,958.53,2012.91,0.374,0.02,0,174293.0,0.03,0.9617,10,25,0.423,0.008,0.045,0,99,1,NORMAL_TRANSACTION,0,0,NORMAL_BASELINE
e1000000-0000-0000-0000-000000001270,6004.5,8.7004,0.0149,16,0,1,2,1,3,6004.5,12609.45,2.237,0.02,0,29055.0,0.669,0.7598,8,21,0.409,0.008,0.045,0,99,1,NORMAL_TRANSACTION,0,0,NORMAL_BASELINE
e1000000-0000-0000-0000-000000001271,4450.04,8.4009,0.0011,16,0,1,0,1,3,4450.04,9345.08,1.514,0.02,0,365.0,0.496,0.822,8,21,0.409,0.008,0.045,0,99,1,NORMAL_TRANSACTION,0,0,NORMAL_BASELINE
e1000000-0000-0000-0000-000000001272,5237.09,8.5637,0.0,16,0,1,1,1,3,5237.09,10997.89,1.027,0.02,0,81846.0,0.024,0.7905,15,16,0.941,0.008,0.045,0,99,1,NORMAL_TRANSACTION,0,0,NORMAL_BASELINE
e1000000-0000-0000-0000-000000001273,848.48,6.7446,0.0,16,0,1,3,1,3,848.48,1781.81,0.469,0.02,0,69132.0,0.18,0.9661,13,16,0.824,0.008,0.045,0,99,1,NORMAL_TRANSACTION,0,0,NORMAL_BASELINE
e1000000-0000-0000-0000-000000001274,1086.23,6.9914,0.0149,16,0,1,2,1,3,1086.23,2281.08,0.437,0.02,0,105789.0,0.061,0.9566,14,21,0.682,0.008,0.045,0,99,1,NORMAL_TRANSACTION,0,0,NORMAL_BASELINE
e1000000-0000-0000-0000-000000001275,3701.54,8.2168,0.0149,16,0,1,2,1,3,3701.54,7773.23,1.471,0.02,0,69790.0,0.725,0.8519,12,24,0.52,0.008,0.045,0,99,1,NORMAL_TRANSACTION,0,0,NORMAL_BASELINE
e1000000-0000-0000-0000-000000001276,9359.38,9.1442,0.0,17,0,1,1,1,3,9359.38,19654.7,1.676,0.02,0,92622.0,0.043,0.6256,12,13,0.929,0.008,0.045,0,99,1,NORMAL_TRANSACTION,0,0,NORMAL_BASELINE
e1000000-0000-0000-0000-000000001277,1618.27,7.3897,0.0,17,0,1,3,1,3,1618.27,3398.37,0.669,0.02,0,119238.0,0.334,0.9353,9,11,0.833,0.008,0.045,0,99,1,NORMAL_TRANSACTION,0,0,NORMAL_BASELINE
e1000000-0000-0000-0000-000000001278,490.44,6.1973,0.0,17,0,1,0,1,3,490.44,1029.92,0.369,0.02,0,252853.0,0.017,0.9804,12,22,0.565,0.008,0.045,0,99,1,NORMAL_TRANSACTION,0,0,NORMAL_BASELINE
e1000000-0000-0000-0000-000000001279,1149.43,7.0479,0.0,17,0,1,3,1,3,1149.43,2413.8,0.316,0.02,0,6917.0,0.048,0.954,18,13,1.357,0.008,0.045,0,99,1,NORMAL_TRANSACTION,0,0,NORMAL_BASELINE
e1000000-0000-0000-0000-000000001280,1558.48,7.3521,0.0032,17,0,1,0,1,3,1558.48,3272.81,0.562,0.02,0,19744.0,0.204,0.9377,9,18,0.526,0.008,0.045,0,99,1,NORMAL_TRANSACTION,0,0,NORMAL_BASELINE
e1000000-0000-0000-0000-000000001281,2173.51,7.6846,0.0023,17,0,1,0,1,3,2173.51,4564.37,0.832,0.02,0,33108.0,0.154,0.9131,17,15,1.125,0.008,0.045,0,99,1,NORMAL_TRANSACTION,0,0,NORMAL_BASELINE
e1000000-0000-0000-0000-000000001282,984.03,6.8927,0.0,17,0,1,3,1,3,984.03,2066.46,0.57,0.02,0,70638.0,0.091,0.9606,13,18,0.737,0.008,0.045,0,99,1,NORMAL_TRANSACTION,0,0,NORMAL_BASELINE
e1000000-0000-0000-0000-000000001283,2721.69,7.9094,0.0018,17,0,1,0,1,3,2721.69,5715.55,0.939,0.02,0,22577.0,0.105,0.8911,13,17,0.778,0.008,0.045,0,99,1,NORMAL_TRANSACTION,0,0,NORMAL_BASELINE
e1000000-0000-0000-0000-000000001284,544.07,6.3009,0.0092,17,0,1,0,1,3,544.07,1142.55,0.399,0.02,0,170163.0,0.028,0.9782,9,18,0.526,0.008,0.045,0,99,1,NORMAL_TRANSACTION,0,0,NORMAL_BASELINE
e1000000-0000-0000-0000-000000001285,1310.37,7.1788,0.0,17,0,1,3,1,3,1310.37,2751.78,0.459,0.02,0,24068.0,0.05,0.9476,13,26,0.519,0.008,0.045,0,99,1,NORMAL_TRANSACTION,0,0,NORMAL_BASELINE
e1000000-0000-0000-0000-000000001286,311.68,5.7452,0.0,17,0,1,0,1,3,311.68,654.53,0.151,0.02,0,11897.0,0.033,0.9875,12,18,0.684,0.008,0.045,0,99,1,NORMAL_TRANSACTION,0,0,NORMAL_BASELINE
e1000000-0000-0000-0000-000000001287,5120.77,8.5413,0.0149,17,0,1,2,1,3,5120.77,10753.62,3.967,0.02,0,158933.0,0.156,0.7952,11,16,0.706,0.008,0.045,0,99,1,NORMAL_TRANSACTION,0,0,NORMAL_BASELINE
e1000000-0000-0000-0000-000000001288,2042.54,7.6224,0.0024,17,0,1,0,1,3,2042.54,4289.33,0.863,0.02,0,3307.0,0.114,0.9183,14,21,0.682,0.008,0.045,0,99,1,NORMAL_TRANSACTION,0,0,NORMAL_BASELINE
e1000000-0000-0000-0000-000000001289,2070.84,7.6362,0.0,17,0,1,3,1,3,2070.84,4348.76,1.07,0.02,0,121395.0,0.263,0.9172,9,14,0.667,0.008,0.045,0,99,1,NORMAL_TRANSACTION,0,0,NORMAL_BASELINE
e1000000-0000-0000-0000-000000001290,709.93,6.5666,0.007,18,0,1,0,1,3,709.93,1490.85,0.264,0.02,0,76637.0,0.021,0.9716,12,13,0.929,0.008,0.045,0,99,1,NORMAL_TRANSACTION,0,0,NORMAL_BASELINE
e1000000-0000-0000-0000-000000001291,5937.71,8.6892,0.0149,18,0,1,2,1,3,5937.71,12469.19,1.734,0.02,0,16427.0,0.652,0.7625,15,20,0.762,0.008,0.045,0,99,1,NORMAL_TRANSACTION,0,0,NORMAL_BASELINE
e1000000-0000-0000-0000-000000001292,897.25,6.8004,0.0,18,0,1,3,1,3,897.25,1884.23,0.328,0.02,0,9605.0,0.028,0.9641,17,19,0.9,0.008,0.045,0,99,1,NORMAL_TRANSACTION,0,0,NORMAL_BASELINE
e1000000-0000-0000-0000-000000001293,1212.42,7.1012,0.0,18,0,1,3,1,3,1212.42,2546.08,0.45,0.02,0,8696.0,0.183,0.9515,16,18,0.895,0.008,0.045,0,99,1,NORMAL_TRANSACTION,0,0,NORMAL_BASELINE
e1000000-0000-0000-0000-000000001294,9304.63,9.1384,0.0,18,0,1,1,1,3,9304.63,19539.72,1.651,0.02,0,30375.0,0.027,0.6278,8,18,0.474,0.008,0.045,0,99,1,NORMAL_TRANSACTION,0,0,NORMAL_BASELINE
e1000000-0000-0000-0000-000000001295,7538.84,8.928,0.0,18,0,1,1,1,3,7538.84,15831.56,1.36,0.02,0,91260.0,0.015,0.6984,12,8,1.444,0.008,0.045,0,99,1,NORMAL_TRANSACTION,0,0,NORMAL_BASELINE
e1000000-0000-0000-0000-000000001296,1496.6,7.3116,0.0033,18,0,1,0,1,3,1496.6,3142.86,0.634,0.02,0,8036.0,0.063,0.9401,8,18,0.474,0.008,0.045,0,99,1,NORMAL_TRANSACTION,0,0,NORMAL_BASELINE
e1000000-0000-0000-0000-000000001297,7213.12,8.8838,0.0,18,0,1,1,1,3,7213.12,15147.55,1.334,0.02,0,79972.0,0.042,0.7115,12,16,0.765,0.008,0.045,0,99,1,NORMAL_TRANSACTION,0,0,NORMAL_BASELINE
e1000000-0000-0000-0000-000000001298,9338.67,9.142,0.0,18,0,1,1,1,3,9338.67,19611.21,1.389,0.02,0,177995.0,0.024,0.6265,17,5,3.0,0.008,0.045,0,99,1,NORMAL_TRANSACTION,0,0,NORMAL_BASELINE
e1000000-0000-0000-0000-000000001299,826.19,6.718,0.0061,18,0,1,0,1,3,826.19,1735.0,0.627,0.02,0,285418.0,0.027,0.967,11,22,0.522,0.008,0.045,0,99,1,NORMAL_TRANSACTION,0,0,NORMAL_BASELINE
e1000000-0000-0000-0000-000000001300,4369.27,8.3826,0.0011,18,0,1,0,1,3,4369.27,9175.47,1.754,0.02,0,26538.0,0.503,0.8252,10,17,0.611,0.008,0.045,0,99,1,NORMAL_TRANSACTION,0,0,NORMAL_BASELINE
e1000000-0000-0000-0000-000000001301,2703.97,7.9028,0.0149,18,0,1,2,1,3,2703.97,5678.34,0.977,0.02,0,16773.0,1.0,0.8918,14,14,1.0,0.008,0.045,0,99,1,NORMAL_TRANSACTION,0,0,NORMAL_BASELINE
e1000000-0000-0000-0000-000000001302,7010.74,8.8553,0.0,18,0,1,1,1,3,7010.74,14722.55,1.254,0.02,0,199205.0,0.019,0.7196,16,10,1.545,0.008,0.045,0,99,1,NORMAL_TRANSACTION,0,0,NORMAL_BASELINE
e1000000-0000-0000-0000-000000001303,2191.18,7.6927,0.0149,19,0,1,2,1,3,2191.18,4601.48,0.945,0.02,0,6711.0,0.452,0.9124,9,11,0.833,0.008,0.045,0,99,1,NORMAL_TRANSACTION,0,0,NORMAL_BASELINE
e1000000-0000-0000-0000-000000001304,2130.1,7.6644,0.0023,19,0,1,0,1,3,2130.1,4473.21,0.81,0.02,0,18236.0,0.093,0.9148,10,20,0.524,0.008,0.045,0,99,1,NORMAL_TRANSACTION,0,0,NORMAL_BASELINE
e1000000-0000-0000-0000-000000001305,2390.49,7.7797,0.0,19,0,1,3,1,3,2390.49,5020.03,1.02,0.02,0,5132.0,0.134,0.9044,14,21,0.682,0.008,0.045,0,99,1,NORMAL_TRANSACTION,0,0,NORMAL_BASELINE
e1000000-0000-0000-0000-000000001306,206.79,5.3365,0.0,19,0,1,0,1,3,206.79,434.26,0.08,0.02,0,8852.0,0.041,0.9917,12,24,0.52,0.008,0.045,0,99,1,NORMAL_TRANSACTION,0,0,NORMAL_BASELINE
e1000000-0000-0000-0000-000000001307,4007.83,8.2963,0.0012,19,0,1,0,1,3,4007.83,8416.44,1.442,0.02,0,34177.0,0.151,0.8397,14,17,0.833,0.008,0.045,0,99,1,NORMAL_TRANSACTION,0,0,NORMAL_BASELINE
e1000000-0000-0000-0000-000000001308,2284.46,7.7343,0.0022,19,0,1,0,1,3,2284.46,4797.37,0.621,0.02,0,5804.0,0.251,0.9086,15,20,0.762,0.008,0.045,0,99,1,NORMAL_TRANSACTION,0,0,NORMAL_BASELINE
e1000000-0000-0000-0000-000000001309,7564.47,8.9313,0.0149,20,0,1,2,1,3,7564.47,15885.39,3.877,0.02,0,16472.0,1.0,0.6974,10,18,0.579,0.008,0.045,0,99,1,NORMAL_TRANSACTION,0,0,NORMAL_BASELINE
e1000000-0000-0000-0000-000000001310,4137.21,8.328,0.0,20,0,1,1,1,3,4137.21,8688.14,0.698,0.02,0,12433.0,0.019,0.8345,12,13,0.929,0.008,0.045,0,99,1,NORMAL_TRANSACTION,0,0,NORMAL_BASELINE
e1000000-0000-0000-0000-000000001311,482.9,6.1819,0.0,20,0,1,0,1,3,482.9,1014.09,0.167,0.02,0,174262.0,0.017,0.9807,13,19,0.7,0.008,0.045,0,99,1,NORMAL_TRANSACTION,0,0,NORMAL_BASELINE
e1000000-0000-0000-0000-000000001312,3430.62,8.1408,0.0015,20,0,1,0,1,3,3430.62,7204.3,1.755,0.02,0,108132.0,0.402,0.8628,16,13,1.214,0.008,0.045,0,99,1,NORMAL_TRANSACTION,0,0,NORMAL_BASELINE
e1000000-0000-0000-0000-000000001313,1760.11,7.4737,0.0028,20,0,1,0,1,3,1760.11,3696.23,0.9,0.02,0,10320.0,0.224,0.9296,9,14,0.667,0.008,0.045,0,99,1,NORMAL_TRANSACTION,0,0,NORMAL_BASELINE
e1000000-0000-0000-0000-000000001314,1881.11,7.5401,0.0,20,0,1,3,1,3,1881.11,3950.33,0.915,0.02,0,22658.0,1.0,0.9248,9,22,0.435,0.008,0.045,0,99,1,NORMAL_TRANSACTION,0,0,NORMAL_BASELINE
e1000000-0000-0000-0000-000000001315,788.17,6.671,0.0,21,0,1,3,1,3,788.17,1655.16,0.319,0.02,0,42710.0,0.031,0.9685,17,15,1.125,0.008,0.045,0,99,1,NORMAL_TRANSACTION,0,0,NORMAL_BASELINE
e1000000-0000-0000-0000-000000001316,3550.54,8.1751,0.0,21,0,1,1,1,3,3550.54,7456.13,0.645,0.02,0,111306.0,0.006,0.858,13,11,1.167,0.008,0.045,0,99,1,NORMAL_TRANSACTION,0,0,NORMAL_BASELINE
e1000000-0000-0000-0000-000000001317,1927.78,7.5646,0.0026,21,0,1,0,1,3,1927.78,4048.34,0.802,0.02,0,125383.0,0.342,0.9229,12,15,0.812,0.008,0.045,0,99,1,NORMAL_TRANSACTION,0,0,NORMAL_BASELINE
e1000000-0000-0000-0000-000000001318,1049.9,6.9574,0.0,21,0,1,3,1,3,1049.9,2204.79,0.377,0.02,0,124913.0,0.044,0.958,17,17,1.0,0.008,0.045,0,99,1,NORMAL_TRANSACTION,0,0,NORMAL_BASELINE
e1000000-0000-0000-0000-000000001319,2330.97,7.7545,0.0021,21,0,1,0,1,3,2330.97,4895.04,1.0,0.02,0,95338.0,0.144,0.9068,9,20,0.476,0.008,0.045,0,99,1,NORMAL_TRANSACTION,0,0,NORMAL_BASELINE
e1000000-0000-0000-0000-000000001320,1451.2,7.2808,0.0034,21,0,1,0,1,3,1451.2,3047.52,0.554,0.02,0,93832.0,0.084,0.942,15,22,0.696,0.008,0.045,0,99,1,NORMAL_TRANSACTION,0,0,NORMAL_BASELINE
e1000000-0000-0000-0000-000000001321,246.82,5.5127,0.0,21,0,1,3,1,3,246.82,518.32,0.096,0.02,0,15259.0,0.017,0.9901,17,15,1.125,0.008,0.045,0,99,1,NORMAL_TRANSACTION,0,0,NORMAL_BASELINE
e1000000-0000-0000-0000-000000001322,4455.28,8.4021,0.0,21,0,1,1,1,3,4455.28,9356.09,0.731,0.02,0,48933.0,0.008,0.8218,13,10,1.273,0.008,0.045,0,99,1,NORMAL_TRANSACTION,0,0,NORMAL_BASELINE
e1000000-0000-0000-0000-000000001323,4122.04,8.3243,0.0012,21,0,1,0,1,3,4122.04,8656.28,1.801,0.02,0,111736.0,1.0,0.8351,13,17,0.778,0.008,0.045,0,99,1,NORMAL_TRANSACTION,0,0,NORMAL_BASELINE
e1000000-0000-0000-0000-000000001324,2743.26,7.9173,0.0149,21,0,1,2,1,3,2743.26,5760.85,0.994,0.02,0,10467.0,1.0,0.8903,14,14,1.0,0.008,0.045,0,99,1,NORMAL_TRANSACTION,0,0,NORMAL_BASELINE
e1000000-0000-0000-0000-000000001325,3872.38,8.2619,0.0013,21,0,1,0,1,3,3872.38,8132.0,2.469,0.02,0,99788.0,0.235,0.8451,15,20,0.762,0.008,0.045,0,99,1,NORMAL_TRANSACTION,0,0,NORMAL_BASELINE
e1000000-0000-0000-0000-000000001326,3075.81,8.0316,0.0016,8,0,0,0,1,3,3075.81,6459.2,1.696,0.02,0,63680.0,0.13,0.877,11,14,0.8,0.008,0.045,0,99,1,NORMAL_TRANSACTION,0,0,NORMAL_BASELINE
e1000000-0000-0000-0000-000000001327,2618.73,7.8708,0.0019,8,0,0,0,1,3,2618.73,5499.33,1.439,0.02,0,231112.0,0.187,0.8953,7,21,0.364,0.008,0.045,0,99,1,NORMAL_TRANSACTION,0,0,NORMAL_BASELINE
e1000000-0000-0000-0000-000000001328,3980.37,8.2894,0.0013,8,0,0,0,1,3,3980.37,8358.78,1.462,0.02,0,140777.0,0.172,0.8408,14,21,0.682,0.008,0.045,0,99,1,NORMAL_TRANSACTION,0,0,NORMAL_BASELINE
e1000000-0000-0000-0000-000000001329,971.2,6.8796,0.0,8,0,0,3,1,3,971.2,2039.52,0.449,0.02,0,169748.0,0.037,0.9612,9,16,0.588,0.008,0.045,0,99,1,NORMAL_TRANSACTION,0,0,NORMAL_BASELINE
e1000000-0000-0000-0000-000000001330,291.19,5.6774,0.0,8,0,0,0,1,3,291.19,611.5,0.228,0.02,0,49582.0,0.009,0.9884,11,22,0.522,0.008,0.045,0,99,1,NORMAL_TRANSACTION,0,0,NORMAL_BASELINE
e1000000-0000-0000-0000-000000001331,20.0,3.0445,0.0,8,0,0,4,1,3,20.0,42.0,0.011,0.02,0,158186.0,0.001,0.9992,16,13,1.214,0.008,0.045,0,99,1,NORMAL_TRANSACTION,0,0,NORMAL_BASELINE
e1000000-0000-0000-0000-000000001332,2778.33,7.93,0.0018,8,0,0,0,1,3,2778.33,5834.49,1.805,0.02,0,253490.0,0.127,0.8889,10,15,0.688,0.008,0.045,0,99,1,NORMAL_TRANSACTION,0,0,NORMAL_BASELINE
e1000000-0000-0000-0000-000000001333,234.52,5.4618,0.0,8,0,0,0,1,3,234.52,492.49,0.185,0.02,0,55907.0,0.008,0.9906,12,22,0.565,0.008,0.045,0,99,1,NORMAL_TRANSACTION,0,0,NORMAL_BASELINE
e1000000-0000-0000-0000-000000001334,1117.71,7.0199,0.0045,8,0,0,0,1,3,1117.71,2347.19,0.46,0.02,0,59590.0,0.035,0.9553,10,25,0.423,0.008,0.045,0,99,1,NORMAL_TRANSACTION,0,0,NORMAL_BASELINE
e1000000-0000-0000-0000-000000001335,3158.99,8.0583,0.0149,9,0,0,2,1,3,3158.99,6633.88,1.636,0.02,0,43978.0,0.401,0.8736,9,14,0.667,0.008,0.045,0,99,1,NORMAL_TRANSACTION,0,0,NORMAL_BASELINE
e1000000-0000-0000-0000-000000001336,50.0,3.9318,0.0,9,0,0,4,1,3,50.0,105.0,0.02,0.02,0,76250.0,0.001,0.998,14,22,0.652,0.008,0.045,0,99,1,NORMAL_TRANSACTION,0,0,NORMAL_BASELINE
e1000000-0000-0000-0000-000000001337,3168.42,8.0613,0.0,9,0,0,3,1,3,3168.42,6653.68,1.528,0.02,0,1927.0,0.12,0.8733,9,16,0.588,0.008,0.045,0,99,1,NORMAL_TRANSACTION,0,0,NORMAL_BASELINE
e1000000-0000-0000-0000-000000001338,2019.12,7.6109,0.0025,9,0,0,0,1,3,2019.12,4240.15,1.67,0.02,0,1968.0,0.066,0.9192,11,22,0.522,0.008,0.045,0,99,1,NORMAL_TRANSACTION,0,0,NORMAL_BASELINE
e1000000-0000-0000-0000-000000001339,2582.89,7.8571,0.0019,9,0,0,0,1,3,2582.89,5424.07,0.728,0.02,0,47548.0,0.284,0.8967,15,20,0.762,0.008,0.045,0,99,1,NORMAL_TRANSACTION,0,0,NORMAL_BASELINE
e1000000-0000-0000-0000-000000001340,1750.12,7.468,0.0029,9,0,0,0,1,3,1750.12,3675.25,0.607,0.02,0,61561.0,1.0,0.93,14,23,0.625,0.008,0.045,0,99,1,NORMAL_TRANSACTION,0,0,NORMAL_BASELINE
e1000000-0000-0000-0000-000000001341,2664.01,7.888,0.0,9,0,0,1,1,3,2664.01,5594.42,0.677,0.02,0,138506.0,0.008,0.8934,9,11,0.833,0.008,0.045,0,99,1,NORMAL_TRANSACTION,0,0,NORMAL_BASELINE
e1000000-0000-0000-0000-000000001342,8656.99,9.0662,0.0,9,0,0,1,1,3,8656.99,18179.68,1.321,0.02,0,77152.0,0.016,0.6537,7,10,0.727,0.008,0.045,0,99,1,NORMAL_TRANSACTION,0,0,NORMAL_BASELINE
e1000000-0000-0000-0000-000000001343,598.0,6.3953,0.0,9,0,0,3,1,3,598.0,1255.8,0.315,0.02,0,4937.0,0.043,0.9761,7,21,0.364,0.008,0.045,0,99,1,NORMAL_TRANSACTION,0,0,NORMAL_BASELINE
e1000000-0000-0000-0000-000000001344,8164.62,9.0077,0.0,9,0,0,1,1,3,8164.62,17145.7,1.402,0.02,0,42841.0,0.015,0.6734,13,10,1.273,0.008,0.045,0,99,1,NORMAL_TRANSACTION,0,0,NORMAL_BASELINE
e1000000-0000-0000-0000-000000001345,1920.26,7.5607,0.0026,9,0,0,0,1,3,1920.26,4032.55,0.83,0.02,0,1959.0,0.056,0.9232,14,22,0.652,0.008,0.045,0,99,1,NORMAL_TRANSACTION,0,0,NORMAL_BASELINE
e1000000-0000-0000-0000-000000001346,1958.84,7.5806,0.0026,9,0,0,0,1,3,1958.84,4113.56,1.129,0.02,0,60365.0,0.416,0.9216,13,16,0.824,0.008,0.045,0,99,1,NORMAL_TRANSACTION,0,0,NORMAL_BASELINE
e1000000-0000-0000-0000-000000001347,1256.6,7.137,0.0,9,0,0,3,1,3,1256.6,2638.86,0.45,0.02,0,1513.0,1.0,0.9497,14,23,0.625,0.008,0.045,0,99,1,NORMAL_TRANSACTION,0,0,NORMAL_BASELINE
e1000000-0000-0000-0000-000000001348,4097.08,8.3183,0.0,10,0,0,1,1,3,4097.08,8603.87,0.769,0.02,0,46355.0,0.007,0.8361,13,11,1.167,0.008,0.045,0,99,1,NORMAL_TRANSACTION,0,0,NORMAL_BASELINE
e1000000-0000-0000-0000-000000001349,2778.44,7.93,0.0018,10,0,0,0,1,3,2778.44,5834.72,1.799,0.02,0,69544.0,0.098,0.8889,14,23,0.625,0.008,0.045,0,99,1,NORMAL_TRANSACTION,0,0,NORMAL_BASELINE
e1000000-0000-0000-0000-000000001350,1371.23,7.2242,0.0,10,0,0,3,1,3,1371.23,2879.58,0.687,0.02,0,177122.0,0.231,0.9452,12,17,0.722,0.008,0.045,0,99,1,NORMAL_TRANSACTION,0,0,NORMAL_BASELINE
e1000000-0000-0000-0000-000000001351,100.0,4.6151,0.0,10,0,0,4,1,3,100.0,210.0,0.035,0.02,0,8034.0,0.004,0.996,14,21,0.682,0.008,0.045,0,99,1,NORMAL_TRANSACTION,0,0,NORMAL_BASELINE
e1000000-0000-0000-0000-000000001352,6752.74,8.8179,0.0,10,0,0,1,1,3,6752.74,14180.75,0.979,0.02,0,86968.0,0.023,0.7299,16,16,1.0,0.008,0.045,0,99,1,NORMAL_TRANSACTION,0,0,NORMAL_BASELINE
e1000000-0000-0000-0000-000000001353,6995.84,8.8532,0.0,10,0,0,1,1,3,6995.84,14691.26,1.016,0.02,0,50.0,0.024,0.7202,16,16,1.0,0.008,0.045,0,99,1,NORMAL_TRANSACTION,0,0,NORMAL_BASELINE
e1000000-0000-0000-0000-000000001354,1947.46,7.5748,0.0026,10,0,0,0,1,3,1947.46,4089.67,0.585,0.02,0,62341.0,0.082,0.9221,18,13,1.357,0.008,0.045,0,99,1,NORMAL_TRANSACTION,0,0,NORMAL_BASELINE
e1000000-0000-0000-0000-000000001355,3809.24,8.2454,0.0013,10,0,0,0,1,3,3809.24,7999.4,1.718,0.02,0,68021.0,0.402,0.8476,8,18,0.474,0.008,0.045,0,99,1,NORMAL_TRANSACTION,0,0,NORMAL_BASELINE
e1000000-0000-0000-0000-000000001356,6455.55,8.7729,0.0,10,0,0,1,1,3,6455.55,13556.66,1.079,0.02,0,143440.0,0.015,0.7418,16,11,1.417,0.008,0.045,0,99,1,NORMAL_TRANSACTION,0,0,NORMAL_BASELINE
e1000000-0000-0000-0000-000000001357,752.52,6.6248,0.0066,10,0,0,0,1,3,752.52,1580.29,0.327,0.02,0,56284.0,0.155,0.9699,9,11,0.833,0.008,0.045,0,99,1,NORMAL_TRANSACTION,0,0,NORMAL_BASELINE
e1000000-0000-0000-0000-000000001358,2477.6,7.8154,0.0,10,0,0,3,1,3,2477.6,5202.96,0.982,0.02,0,231006.0,0.14,0.9009,14,20,0.714,0.008,0.045,0,99,1,NORMAL_TRANSACTION,0,0,NORMAL_BASELINE
e1000000-0000-0000-0000-000000001359,1809.53,7.5014,0.0028,10,0,0,0,1,3,1809.53,3800.01,0.718,0.02,0,233.0,0.102,0.9276,14,20,0.714,0.008,0.045,0,99,1,NORMAL_TRANSACTION,0,0,NORMAL_BASELINE
e1000000-0000-0000-0000-000000001360,2291.7,7.7375,0.0,10,0,0,1,1,3,2291.7,4812.57,0.399,0.02,0,351771.0,0.004,0.9083,10,13,0.786,0.008,0.045,0,99,1,NORMAL_TRANSACTION,0,0,NORMAL_BASELINE
e1000000-0000-0000-0000-000000001361,4342.47,8.3764,0.0012,10,0,0,0,1,3,4342.47,9119.19,1.867,0.02,0,53263.0,0.72,0.8263,10,18,0.579,0.008,0.045,0,99,1,NORMAL_TRANSACTION,0,0,NORMAL_BASELINE
e1000000-0000-0000-0000-000000001362,5025.1,8.5224,0.0,10,0,0,1,1,3,5025.1,10552.71,0.816,0.02,0,4967.0,0.009,0.799,13,10,1.273,0.008,0.045,0,99,1,NORMAL_TRANSACTION,0,0,NORMAL_BASELINE
e1000000-0000-0000-0000-000000001363,1821.77,7.5081,0.0027,10,0,0,0,1,3,1821.77,3825.72,0.632,0.02,0,63273.0,0.07,0.9271,13,17,0.778,0.008,0.045,0,99,1,NORMAL_TRANSACTION,0,0,NORMAL_BASELINE
e1000000-0000-0000-0000-000000001364,3583.05,8.1842,0.0,10,0,0,1,1,3,3583.05,7524.41,0.615,0.02,0,158591.0,0.009,0.8567,5,10,0.545,0.008,0.045,0,99,1,NORMAL_TRANSACTION,0,0,NORMAL_BASELINE
e1000000-0000-0000-0000-000000001365,1762.31,7.4749,0.0028,10,0,0,0,1,3,1762.31,3700.85,0.879,0.02,0,94871.0,0.069,0.9295,13,19,0.7,0.008,0.045,0,99,1,NORMAL_TRANSACTION,0,0,NORMAL_BASELINE
e1000000-0000-0000-0000-000000001366,606.64,6.4096,0.0,11,0,0,3,1,3,606.64,1273.94,0.243,0.02,0,86927.0,0.037,0.9757,13,11,1.167,0.008,0.045,0,99,1,NORMAL_TRANSACTION,0,0,NORMAL_BASELINE
e1000000-0000-0000-0000-000000001367,2632.03,7.8759,0.0,11,0,0,3,1,3,2632.03,5527.26,0.942,0.02,0,1012.0,0.102,0.8947,13,17,0.778,0.008,0.045,0,99,1,NORMAL_TRANSACTION,0,0,NORMAL_BASELINE
e1000000-0000-0000-0000-000000001368,447.09,6.105,0.0,11,0,0,3,1,3,447.09,938.89,0.177,0.02,0,60722.0,0.014,0.9821,17,19,0.9,0.008,0.045,0,99,1,NORMAL_TRANSACTION,0,0,NORMAL_BASELINE
e1000000-0000-0000-0000-000000001369,3548.83,8.1747,0.0014,11,0,0,0,1,3,3548.83,7452.54,1.325,0.02,0,59086.0,0.408,0.858,10,17,0.611,0.008,0.045,0,99,1,NORMAL_TRANSACTION,0,0,NORMAL_BASELINE
e1000000-0000-0000-0000-000000001370,1263.62,7.1425,0.004,11,0,0,0,1,3,1263.62,2653.6,0.501,0.02,0,49798.0,0.073,0.9495,15,22,0.696,0.008,0.045,0,99,1,NORMAL_TRANSACTION,0,0,NORMAL_BASELINE
e1000000-0000-0000-0000-000000001371,1971.19,7.5869,0.0,11,0,0,3,1,3,1971.19,4139.5,0.966,0.02,0,183034.0,0.07,0.9212,15,21,0.727,0.008,0.045,0,99,1,NORMAL_TRANSACTION,0,0,NORMAL_BASELINE
e1000000-0000-0000-0000-000000001372,2052.9,7.6275,0.0024,11,0,0,0,1,3,2052.9,4311.09,0.832,0.02,0,89426.0,0.092,0.9179,16,20,0.81,0.008,0.045,0,99,1,NORMAL_TRANSACTION,0,0,NORMAL_BASELINE
e1000000-0000-0000-0000-000000001373,2700.48,7.9016,0.0149,11,0,0,2,1,3,2700.48,5671.01,1.159,0.02,0,49965.0,0.167,0.892,9,20,0.476,0.008,0.045,0,99,1,NORMAL_TRANSACTION,0,0,NORMAL_BASELINE
e1000000-0000-0000-0000-000000001374,3095.05,8.0379,0.0,11,0,0,3,1,3,3095.05,6499.61,1.163,0.02,0,65300.0,0.404,0.8762,9,18,0.526,0.008,0.045,0,99,1,NORMAL_TRANSACTION,0,0,NORMAL_BASELINE
e1000000-0000-0000-0000-000000001375,1171.3,7.0667,0.0043,11,0,0,0,1,3,1171.3,2459.73,0.512,0.02,0,6728.0,0.034,0.9531,14,22,0.652,0.008,0.045,0,99,1,NORMAL_TRANSACTION,0,0,NORMAL_BASELINE
e1000000-0000-0000-0000-000000001376,7574.11,8.9326,0.0,11,0,0,1,1,3,7574.11,15905.63,1.345,0.02,0,60480.0,0.044,0.697,12,16,0.765,0.008,0.045,0,99,1,NORMAL_TRANSACTION,0,0,NORMAL_BASELINE
e1000000-0000-0000-0000-000000001377,970.96,6.8793,0.0,11,0,0,3,1,3,970.96,2039.02,0.429,0.02,0,179459.0,0.065,0.9612,15,15,1.0,0.008,0.045,0,99,1,NORMAL_TRANSACTION,0,0,NORMAL_BASELINE
e1000000-0000-0000-0000-000000001378,2615.33,7.8695,0.0149,11,0,0,2,1,3,2615.33,5492.19,1.265,0.02,0,9369.0,0.332,0.8954,9,14,0.667,0.008,0.045,0,99,1,NORMAL_TRANSACTION,0,0,NORMAL_BASELINE
e1000000-0000-0000-0000-000000001379,4014.93,8.298,0.0012,11,0,0,0,1,3,4014.93,8431.35,1.446,0.02,0,99005.0,1.0,0.8394,13,24,0.56,0.008,0.045,0,99,1,NORMAL_TRANSACTION,0,0,NORMAL_BASELINE
e1000000-0000-0000-0000-000000001380,1982.88,7.5928,0.0,11,0,0,3,1,3,1982.88,4164.05,1.57,0.02,0,9580.0,0.064,0.9207,11,22,0.522,0.008,0.045,0,99,1,NORMAL_TRANSACTION,0,0,NORMAL_BASELINE
e1000000-0000-0000-0000-000000001381,517.41,6.2508,0.0,11,0,0,3,1,3,517.41,1086.56,0.223,0.02,0,2458.0,0.016,0.9793,17,19,0.9,0.008,0.045,0,99,1,NORMAL_TRANSACTION,0,0,NORMAL_BASELINE
e1000000-0000-0000-0000-000000001382,6692.96,8.809,0.0149,11,0,0,2,1,3,6692.96,14055.22,3.159,0.02,0,176298.0,0.886,0.7323,14,9,1.5,0.008,0.045,0,99,1,NORMAL_TRANSACTION,0,0,NORMAL_BASELINE
e1000000-0000-0000-0000-000000001383,2753.95,7.9212,0.0,12,0,0,1,1,3,2753.95,5783.3,0.391,0.02,0,83280.0,0.006,0.8898,14,10,1.364,0.008,0.045,0,99,1,NORMAL_TRANSACTION,0,0,NORMAL_BASELINE
e1000000-0000-0000-0000-000000001384,1058.47,6.9655,0.0047,12,0,0,0,1,3,1058.47,2222.79,0.433,0.02,0,52229.0,0.781,0.9577,13,17,0.778,0.008,0.045,0,99,1,NORMAL_TRANSACTION,0,0,NORMAL_BASELINE
e1000000-0000-0000-0000-000000001385,3373.51,8.124,0.0015,12,0,0,0,1,3,3373.51,7084.37,1.475,0.02,0,63607.0,0.141,0.8651,8,18,0.474,0.008,0.045,0,99,1,NORMAL_TRANSACTION,0,0,NORMAL_BASELINE
e1000000-0000-0000-0000-000000001386,7180.1,8.8792,0.0149,12,0,0,2,1,3,7180.1,15078.21,3.083,0.02,0,12228.0,0.227,0.7128,10,25,0.423,0.008,0.045,0,99,1,NORMAL_TRANSACTION,0,0,NORMAL_BASELINE
e1000000-0000-0000-0000-000000001387,541.74,6.2966,0.0092,12,0,0,0,1,3,541.74,1137.65,0.252,0.02,0,149284.0,0.022,0.9783,13,25,0.538,0.008,0.045,0,99,1,NORMAL_TRANSACTION,0,0,NORMAL_BASELINE
e1000000-0000-0000-0000-000000001388,2372.46,7.7721,0.0,12,0,0,1,1,3,2372.46,4982.17,0.437,0.02,0,487124.0,0.004,0.9051,14,9,1.5,0.008,0.045,0,99,1,NORMAL_TRANSACTION,0,0,NORMAL_BASELINE
e1000000-0000-0000-0000-000000001389,7598.83,8.9359,0.0149,12,0,0,2,1,3,7598.83,15957.54,3.097,0.02,0,61942.0,1.0,0.696,12,24,0.52,0.008,0.045,0,99,1,NORMAL_TRANSACTION,0,0,NORMAL_BASELINE
e1000000-0000-0000-0000-000000001390,1140.14,7.0398,0.0,12,0,0,3,1,3,1140.14,2394.29,0.479,0.02,0,272981.0,0.059,0.9544,16,14,1.133,0.008,0.045,0,99,1,NORMAL_TRANSACTION,0,0,NORMAL_BASELINE
e1000000-0000-0000-0000-000000001391,9162.86,9.123,0.0,12,0,0,1,1,3,9162.86,19242.01,2.065,0.02,0,153703.0,0.021,0.6335,16,12,1.308,0.008,0.045,0,99,1,NORMAL_TRANSACTION,0,0,NORMAL_BASELINE
e1000000-0000-0000-0000-000000001392,2962.38,7.9941,0.0017,12,0,0,0,1,3,2962.38,6221.0,0.934,0.02,0,8833.0,0.125,0.8815,18,13,1.357,0.008,0.045,0,99,1,NORMAL_TRANSACTION,0,0,NORMAL_BASELINE
e1000000-0000-0000-0000-000000001393,1551.14,7.3474,0.0,13,0,0,3,1,3,1551.14,3257.39,0.598,0.02,0,152772.0,0.076,0.938,10,16,0.647,0.008,0.045,0,99,1,NORMAL_TRANSACTION,0,0,NORMAL_BASELINE
e1000000-0000-0000-0000-000000001394,624.71,6.4389,0.0,13,0,0,3,1,3,624.71,1311.89,0.219,0.02,0,93368.0,0.083,0.975,13,12,1.077,0.008,0.045,0,99,1,NORMAL_TRANSACTION,0,0,NORMAL_BASELINE
e1000000-0000-0000-0000-000000001395,3136.73,8.0513,0.0016,13,0,0,0,1,3,3136.73,6587.13,1.431,0.02,0,84544.0,0.484,0.8745,17,15,1.125,0.008,0.045,0,99,1,NORMAL_TRANSACTION,0,0,NORMAL_BASELINE
e1000000-0000-0000-0000-000000001396,4916.83,8.5006,0.0149,13,0,0,2,1,3,4916.83,10325.34,1.417,0.02,0,15191.0,0.54,0.8033,15,20,0.762,0.008,0.045,0,99,1,NORMAL_TRANSACTION,0,0,NORMAL_BASELINE
e1000000-0000-0000-0000-000000001397,482.81,6.1817,0.0,13,0,0,3,1,3,482.81,1013.9,0.209,0.02,0,8729.0,0.029,0.9807,13,11,1.167,0.008,0.045,0,99,1,NORMAL_TRANSACTION,0,0,NORMAL_BASELINE
e1000000-0000-0000-0000-000000001398,675.86,6.5175,0.0074,13,0,0,0,1,3,675.86,1419.31,0.305,0.02,0,176234.0,0.02,0.973,10,14,0.733,0.008,0.045,0,99,1,NORMAL_TRANSACTION,0,0,NORMAL_BASELINE
e1000000-0000-0000-0000-000000001399,7533.95,8.9273,0.0,13,0,0,1,1,3,7533.95,15821.3,1.172,0.02,0,6506.0,0.016,0.6986,14,10,1.364,0.008,0.045,0,99,1,NORMAL_TRANSACTION,0,0,NORMAL_BASELINE
e1000000-0000-0000-0000-000000001400,533.36,6.2811,0.0094,13,0,0,0,1,3,533.36,1120.06,0.22,0.02,0,9117.0,0.024,0.9787,16,20,0.81,0.008,0.045,0,99,1,NORMAL_TRANSACTION,0,0,NORMAL_BASELINE
e1000000-0000-0000-0000-000000001401,5965.05,8.6938,0.0,13,0,0,1,1,3,5965.05,12526.61,1.579,0.02,0,16303.0,0.018,0.7614,9,11,0.833,0.008,0.045,0,99,1,NORMAL_TRANSACTION,0,0,NORMAL_BASELINE
e1000000-0000-0000-0000-000000001402,1661.3,7.416,0.0,13,0,0,3,1,3,1661.3,3488.73,0.911,0.02,0,248065.0,0.294,0.9335,14,16,0.882,0.008,0.045,0,99,1,NORMAL_TRANSACTION,0,0,NORMAL_BASELINE
e1000000-0000-0000-0000-000000001403,2928.09,7.9824,0.0,13,0,0,3,1,3,2928.09,6148.99,1.272,0.02,0,59007.0,0.207,0.8829,17,15,1.125,0.008,0.045,0,99,1,NORMAL_TRANSACTION,0,0,NORMAL_BASELINE
e1000000-0000-0000-0000-000000001404,4435.83,8.3977,0.0149,14,0,0,2,1,3,4435.83,9315.24,1.58,0.02,0,176558.0,0.181,0.8226,11,16,0.706,0.008,0.045,0,99,1,NORMAL_TRANSACTION,0,0,NORMAL_BASELINE
e1000000-0000-0000-0000-000000001405,5962.46,8.6934,0.0149,14,0,0,2,1,3,5962.46,12521.17,2.156,0.02,0,73961.0,0.227,0.7615,13,26,0.519,0.008,0.045,0,99,1,NORMAL_TRANSACTION,0,0,NORMAL_BASELINE
e1000000-0000-0000-0000-000000001406,1869.36,7.5339,0.0027,14,0,0,0,1,3,1869.36,3925.66,0.749,0.02,0,92761.0,0.055,0.9252,12,15,0.812,0.008,0.045,0,99,1,NORMAL_TRANSACTION,0,0,NORMAL_BASELINE
e1000000-0000-0000-0000-000000001407,8575.42,9.0568,0.0,14,0,0,1,1,3,8575.42,18008.38,1.222,0.02,0,237914.0,0.025,0.657,7,10,0.727,0.008,0.045,0,99,1,NORMAL_TRANSACTION,0,0,NORMAL_BASELINE
e1000000-0000-0000-0000-000000001408,1533.51,7.336,0.0149,14,0,0,2,1,3,1533.51,3220.37,0.571,0.02,0,85106.0,0.114,0.9387,10,17,0.611,0.008,0.045,0,99,1,NORMAL_TRANSACTION,0,0,NORMAL_BASELINE
e1000000-0000-0000-0000-000000001409,1153.63,7.0515,0.0043,14,0,0,0,1,3,1153.63,2422.62,0.752,0.02,0,81935.0,0.247,0.9539,12,13,0.929,0.008,0.045,0,99,1,NORMAL_TRANSACTION,0,0,NORMAL_BASELINE
e1000000-0000-0000-0000-000000001410,1605.82,7.382,0.0,14,0,0,1,1,3,1605.82,3372.22,0.3,0.02,0,82143.0,0.003,0.9358,18,18,1.0,0.008,0.045,0,99,1,NORMAL_TRANSACTION,0,0,NORMAL_BASELINE
e1000000-0000-0000-0000-000000001411,7706.8,8.95,0.0,14,0,0,1,1,3,7706.8,16184.28,1.458,0.02,0,105673.0,0.019,0.6917,11,11,1.0,0.008,0.045,0,99,1,NORMAL_TRANSACTION,0,0,NORMAL_BASELINE
e1000000-0000-0000-0000-000000001412,50.0,3.9318,0.0,14,0,0,4,1,3,50.0,105.0,0.016,0.02,0,5691.0,0.002,0.998,18,13,1.357,0.008,0.045,0,99,1,NORMAL_TRANSACTION,0,0,NORMAL_BASELINE
e1000000-0000-0000-0000-000000001413,1640.12,7.4031,0.0,14,0,0,3,1,3,1640.12,3444.25,0.639,0.02,0,4719.0,0.217,0.9344,13,12,1.077,0.008,0.045,0,99,1,NORMAL_TRANSACTION,0,0,NORMAL_BASELINE
e1000000-0000-0000-0000-000000001414,4233.54,8.351,0.0149,14,0,0,2,1,3,4233.54,8890.43,1.603,0.02,0,62416.0,0.176,0.8307,17,17,1.0,0.008,0.045,0,99,1,NORMAL_TRANSACTION,0,0,NORMAL_BASELINE
e1000000-0000-0000-0000-000000001415,1486.75,7.305,0.0,14,0,0,1,1,3,1486.75,3122.18,0.264,0.02,0,190462.0,0.006,0.9405,14,12,1.154,0.008,0.045,0,99,1,NORMAL_TRANSACTION,0,0,NORMAL_BASELINE
e1000000-0000-0000-0000-000000001416,1564.32,7.3558,0.0032,14,0,0,0,1,3,1564.32,3285.07,0.583,0.02,0,18352.0,1.0,0.9374,14,23,0.625,0.008,0.045,0,99,1,NORMAL_TRANSACTION,0,0,NORMAL_BASELINE
e1000000-0000-0000-0000-000000001417,4447.59,8.4003,0.0011,15,0,0,0,1,3,4447.59,9339.94,2.513,0.02,0,77119.0,0.135,0.8221,11,16,0.706,0.008,0.045,0,99,1,NORMAL_TRANSACTION,0,0,NORMAL_BASELINE
e1000000-0000-0000-0000-000000001418,7278.49,8.8928,0.0149,15,0,0,2,1,3,7278.49,15284.83,5.036,0.02,0,101216.0,1.0,0.7089,15,8,1.778,0.008,0.045,0,99,1,NORMAL_TRANSACTION,0,0,NORMAL_BASELINE
e1000000-0000-0000-0000-000000001419,527.72,6.2705,0.0,15,0,0,3,1,3,527.72,1108.21,0.245,0.02,0,11848.0,0.017,0.9789,17,19,0.9,0.008,0.045,0,99,1,NORMAL_TRANSACTION,0,0,NORMAL_BASELINE
e1000000-0000-0000-0000-000000001420,5091.21,8.5355,0.0,15,0,0,1,1,3,5091.21,10691.54,0.87,0.02,0,13379.0,0.029,0.7964,12,16,0.765,0.008,0.045,0,99,1,NORMAL_TRANSACTION,0,0,NORMAL_BASELINE
e1000000-0000-0000-0000-000000001421,5154.6,8.5478,0.0149,15,0,0,2,1,3,5154.6,10824.66,3.012,0.02,0,185649.0,0.171,0.7938,12,23,0.542,0.008,0.045,0,99,1,NORMAL_TRANSACTION,0,0,NORMAL_BASELINE
e1000000-0000-0000-0000-000000001422,316.75,5.7613,0.0,15,0,0,3,1,3,316.75,665.18,0.184,0.02,0,63011.0,0.019,0.9873,15,20,0.762,0.008,0.045,0,99,1,NORMAL_TRANSACTION,0,0,NORMAL_BASELINE
e1000000-0000-0000-0000-000000001423,1126.18,7.0275,0.0149,15,0,0,2,1,3,1126.18,2364.98,0.496,0.02,0,109174.0,0.071,0.955,11,22,0.522,0.008,0.045,0,99,1,NORMAL_TRANSACTION,0,0,NORMAL_BASELINE
e1000000-0000-0000-0000-000000001424,8141.51,9.0049,0.0,15,0,0,1,1,3,8141.51,17097.17,1.593,0.02,0,2489.0,0.03,0.6743,14,12,1.154,0.008,0.045,0,99,1,NORMAL_TRANSACTION,0,0,NORMAL_BASELINE
e1000000-0000-0000-0000-000000001425,8672.28,9.068,0.0,15,0,0,1,1,3,8672.28,18211.79,1.696,0.02,0,9254.0,0.02,0.6531,16,12,1.308,0.008,0.045,0,99,1,NORMAL_TRANSACTION,0,0,NORMAL_BASELINE
e1000000-0000-0000-0000-000000001426,3266.86,8.0919,0.0015,15,0,0,0,1,3,3266.86,6860.41,1.653,0.02,0,1212.0,0.109,0.8693,12,23,0.542,0.008,0.045,0,99,1,NORMAL_TRANSACTION,0,0,NORMAL_BASELINE
e1000000-0000-0000-0000-000000001427,4368.67,8.3824,0.0011,15,0,0,0,1,3,4368.67,9174.21,1.471,0.02,0,6515.0,0.179,0.8253,11,16,0.706,0.008,0.045,0,99,1,NORMAL_TRANSACTION,0,0,NORMAL_BASELINE
e1000000-0000-0000-0000-000000001428,50.0,3.9318,0.0,15,0,0,4,1,3,50.0,105.0,0.02,0.02,0,187552.0,0.002,0.998,17,18,0.947,0.008,0.045,0,99,1,NORMAL_TRANSACTION,0,0,NORMAL_BASELINE
e1000000-0000-0000-0000-000000001429,1139.91,7.0396,0.0,16,0,0,3,1,3,1139.91,2393.81,0.423,0.02,0,70737.0,0.039,0.9544,13,19,0.7,0.008,0.045,0,99,1,NORMAL_TRANSACTION,0,0,NORMAL_BASELINE
e1000000-0000-0000-0000-000000001430,1454.93,7.2834,0.0034,16,0,0,0,1,3,1454.93,3055.35,0.539,0.02,0,17084.0,0.19,0.9418,9,18,0.526,0.008,0.045,0,99,1,NORMAL_TRANSACTION,0,0,NORMAL_BASELINE
e1000000-0000-0000-0000-000000001431,153.69,5.0414,0.0,16,0,0,3,1,3,153.69,322.75,0.059,0.02,0,75843.0,0.007,0.9939,10,20,0.524,0.008,0.045,0,99,1,NORMAL_TRANSACTION,0,0,NORMAL_BASELINE
e1000000-0000-0000-0000-000000001432,100.0,4.6151,0.0,16,0,0,4,1,3,100.0,210.0,0.042,0.02,0,17955.0,0.006,0.996,9,20,0.476,0.008,0.045,0,99,1,NORMAL_TRANSACTION,0,0,NORMAL_BASELINE
e1000000-0000-0000-0000-000000001433,1514.81,7.3237,0.0,16,0,0,3,1,3,1514.81,3181.1,0.696,0.02,0,929.0,0.094,0.9394,9,20,0.476,0.008,0.045,0,99,1,NORMAL_TRANSACTION,0,0,NORMAL_BASELINE
e1000000-0000-0000-0000-000000001434,3274.16,8.0941,0.0015,16,0,0,0,1,3,3274.16,6875.74,0.935,0.02,0,100428.0,0.113,0.869,13,15,0.875,0.008,0.045,0,99,1,NORMAL_TRANSACTION,0,0,NORMAL_BASELINE
e1000000-0000-0000-0000-000000001435,7776.89,8.959,0.0,16,0,0,1,1,3,7776.89,16331.47,1.347,0.02,0,5528.0,0.045,0.6889,12,16,0.765,0.008,0.045,0,99,1,NORMAL_TRANSACTION,0,0,NORMAL_BASELINE
e1000000-0000-0000-0000-000000001436,1515.95,7.3245,0.0033,16,0,0,0,1,3,1515.95,3183.5,0.738,0.02,0,191333.0,0.058,0.9394,10,15,0.688,0.008,0.045,0,99,1,NORMAL_TRANSACTION,0,0,NORMAL_BASELINE
e1000000-0000-0000-0000-000000001437,20.0,3.0445,0.0,17,0,0,4,1,3,20.0,42.0,0.012,0.02,0,30300.0,0.001,0.9992,16,13,1.214,0.008,0.045,0,99,1,NORMAL_TRANSACTION,0,0,NORMAL_BASELINE
e1000000-0000-0000-0000-000000001438,3482.82,8.1559,0.0014,17,0,0,0,1,3,3482.82,7313.92,1.639,0.02,0,106513.0,0.277,0.8607,5,14,0.4,0.008,0.045,0,99,1,NORMAL_TRANSACTION,0,0,NORMAL_BASELINE
e1000000-0000-0000-0000-000000001439,2689.67,7.8975,0.0,17,0,0,3,1,3,2689.67,5648.31,0.967,0.02,0,23728.0,0.104,0.8924,13,17,0.778,0.008,0.045,0,99,1,NORMAL_TRANSACTION,0,0,NORMAL_BASELINE
e1000000-0000-0000-0000-000000001440,2179.52,7.6873,0.0023,17,0,0,0,1,3,2179.52,4576.99,0.79,0.02,0,423353.0,1.0,0.9128,10,12,0.846,0.008,0.045,0,99,1,NORMAL_TRANSACTION,0,0,NORMAL_BASELINE
e1000000-0000-0000-0000-000000001441,778.78,6.659,0.0,18,0,0,3,1,3,778.78,1635.44,0.346,0.02,0,15988.0,0.035,0.9688,16,20,0.81,0.008,0.045,0,99,1,NORMAL_TRANSACTION,0,0,NORMAL_BASELINE
e1000000-0000-0000-0000-000000001442,2589.45,7.8596,0.0,18,0,0,3,1,3,2589.45,5437.85,0.909,0.02,0,97354.0,0.089,0.8964,8,16,0.529,0.008,0.045,0,99,1,NORMAL_TRANSACTION,0,0,NORMAL_BASELINE
e1000000-0000-0000-0000-000000001443,2907.14,7.9753,0.0017,18,0,0,0,1,3,2907.14,6104.99,0.978,0.02,0,256693.0,0.139,0.8837,8,15,0.562,0.008,0.045,0,99,1,NORMAL_TRANSACTION,0,0,NORMAL_BASELINE
e1000000-0000-0000-0000-000000001444,9876.22,9.198,0.0,18,0,0,1,1,3,9876.22,20740.06,1.778,0.02,0,14827.0,0.025,0.605,11,11,1.0,0.008,0.045,0,99,1,NORMAL_TRANSACTION,0,0,NORMAL_BASELINE
e1000000-0000-0000-0000-000000001445,5919.52,8.6862,0.0149,18,0,0,2,1,3,5919.52,12430.99,2.554,0.02,0,78415.0,0.235,0.7632,17,15,1.125,0.008,0.045,0,99,1,NORMAL_TRANSACTION,0,0,NORMAL_BASELINE
e1000000-0000-0000-0000-000000001446,1771.69,7.4803,0.0149,18,0,0,2,1,3,1771.69,3720.55,0.772,0.02,0,6621.0,0.141,0.9291,5,14,0.4,0.008,0.045,0,99,1,NORMAL_TRANSACTION,0,0,NORMAL_BASELINE
e1000000-0000-0000-0000-000000001447,1910.55,7.5557,0.0149,19,0,0,2,1,3,1910.55,4012.16,0.814,0.02,0,85933.0,0.107,0.9236,14,21,0.682,0.008,0.045,0,99,1,NORMAL_TRANSACTION,0,0,NORMAL_BASELINE
e1000000-0000-0000-0000-000000001448,231.35,5.4482,0.0,19,0,0,0,1,3,231.35,485.84,0.105,0.02,0,103538.0,0.009,0.9907,14,19,0.75,0.008,0.045,0,99,1,NORMAL_TRANSACTION,0,0,NORMAL_BASELINE
e1000000-0000-0000-0000-000000001449,3615.88,8.1934,0.0014,19,0,0,0,1,3,3615.88,7593.35,1.749,0.02,0,14318.0,0.11,0.8554,11,16,0.706,0.008,0.045,0,99,1,NORMAL_TRANSACTION,0,0,NORMAL_BASELINE
e1000000-0000-0000-0000-000000001450,1405.14,7.2486,0.0,19,0,0,3,1,3,1405.14,2950.79,0.653,0.02,0,36253.0,0.053,0.9438,9,16,0.588,0.008,0.045,0,99,1,NORMAL_TRANSACTION,0,0,NORMAL_BASELINE
e1000000-0000-0000-0000-000000001451,3259.89,8.0898,0.0015,19,0,0,0,1,3,3259.89,6845.77,1.349,0.02,0,10256.0,0.142,0.8696,10,20,0.524,0.008,0.045,0,99,1,NORMAL_TRANSACTION,0,0,NORMAL_BASELINE
e1000000-0000-0000-0000-000000001452,805.71,6.693,0.0062,19,0,0,0,1,3,805.71,1691.99,0.39,0.02,0,13068.0,0.027,0.9678,12,23,0.542,0.008,0.045,0,99,1,NORMAL_TRANSACTION,0,0,NORMAL_BASELINE
e1000000-0000-0000-0000-000000001453,3500.4,8.1609,0.0014,19,0,0,0,1,3,3500.4,7350.84,1.797,0.02,0,32404.0,0.59,0.86,12,17,0.722,0.008,0.045,0,99,1,NORMAL_TRANSACTION,0,0,NORMAL_BASELINE
e1000000-0000-0000-0000-000000001454,4665.58,8.4482,0.0,19,0,0,1,1,3,4665.58,9797.72,0.783,0.02,0,9376.0,0.027,0.8134,12,16,0.765,0.008,0.045,0,99,1,NORMAL_TRANSACTION,0,0,NORMAL_BASELINE
e1000000-0000-0000-0000-000000001455,500.0,6.2166,0.0,19,0,0,4,1,3,500.0,1050.0,0.178,0.02,0,379657.0,0.015,0.98,6,15,0.438,0.008,0.045,0,99,1,NORMAL_TRANSACTION,0,0,NORMAL_BASELINE
e1000000-0000-0000-0000-000000001456,6444.5,8.7711,0.0,19,0,0,1,1,3,6444.5,13533.45,0.933,0.02,0,36098.0,0.012,0.7422,7,10,0.727,0.008,0.045,0,99,1,NORMAL_TRANSACTION,0,0,NORMAL_BASELINE
e1000000-0000-0000-0000-000000001457,375.82,5.9318,0.0,19,0,0,0,1,3,375.82,789.22,0.209,0.02,0,19987.0,0.066,0.985,14,16,0.882,0.008,0.045,0,99,1,NORMAL_TRANSACTION,0,0,NORMAL_BASELINE
e1000000-0000-0000-0000-000000001458,7203.34,8.8824,0.0149,19,0,0,2,1,3,7203.34,15127.01,2.783,0.02,0,127252.0,1.0,0.7119,12,16,0.765,0.008,0.045,0,99,1,NORMAL_TRANSACTION,0,0,NORMAL_BASELINE
e1000000-0000-0000-0000-000000001459,193.27,5.2692,0.0,19,0,0,3,1,3,193.27,405.87,0.094,0.02,0,82373.0,0.197,0.9923,9,22,0.435,0.008,0.045,0,99,1,NORMAL_TRANSACTION,0,0,NORMAL_BASELINE
e1000000-0000-0000-0000-000000001460,2391.06,7.7799,0.0,19,0,0,1,1,3,2391.06,5021.23,0.332,0.02,0,20303.0,0.007,0.9044,7,10,0.727,0.008,0.045,0,99,1,NORMAL_TRANSACTION,0,0,NORMAL_BASELINE
e1000000-0000-0000-0000-000000001461,3113.19,8.0437,0.0,19,0,0,3,1,3,3113.19,6537.7,1.197,0.02,0,13515.0,0.407,0.8755,9,18,0.526,0.008,0.045,0,99,1,NORMAL_TRANSACTION,0,0,NORMAL_BASELINE
e1000000-0000-0000-0000-000000001462,5418.91,8.5978,0.0149,20,0,0,2,1,3,5418.91,11379.71,2.68,0.02,0,17330.0,0.169,0.7832,17,19,0.9,0.008,0.045,0,99,1,NORMAL_TRANSACTION,0,0,NORMAL_BASELINE
e1000000-0000-0000-0000-000000001463,1764.69,7.4763,0.0,20,0,0,1,1,3,1764.69,3705.85,0.3,0.02,0,90502.0,0.005,0.9294,16,10,1.545,0.008,0.045,0,99,1,NORMAL_TRANSACTION,0,0,NORMAL_BASELINE
e1000000-0000-0000-0000-000000001464,5242.5,8.5647,0.0149,20,0,0,2,1,3,5242.5,11009.25,3.208,0.02,0,18554.0,0.318,0.7903,15,20,0.762,0.008,0.045,0,99,1,NORMAL_TRANSACTION,0,0,NORMAL_BASELINE
e1000000-0000-0000-0000-000000001465,2002.02,7.6024,0.0,20,0,0,3,1,3,2002.02,4204.24,0.699,0.02,0,31867.0,0.85,0.9199,13,24,0.56,0.008,0.045,0,99,1,NORMAL_TRANSACTION,0,0,NORMAL_BASELINE
e1000000-0000-0000-0000-000000001466,1161.86,7.0586,0.0,20,0,0,3,1,3,1161.86,2439.91,0.652,0.02,0,39964.0,0.083,0.9535,7,21,0.364,0.008,0.045,0,99,1,NORMAL_TRANSACTION,0,0,NORMAL_BASELINE
e1000000-0000-0000-0000-000000001467,458.0,6.1291,0.0,20,0,0,0,1,3,458.0,961.8,0.205,0.02,0,6299.0,0.036,0.9817,5,14,0.4,0.008,0.045,0,99,1,NORMAL_TRANSACTION,0,0,NORMAL_BASELINE
e1000000-0000-0000-0000-000000001468,2337.54,7.7573,0.0021,20,0,0,0,1,3,2337.54,4908.83,0.945,0.02,0,5576.0,0.102,0.9065,10,20,0.524,0.008,0.045,0,99,1,NORMAL_TRANSACTION,0,0,NORMAL_BASELINE
e1000000-0000-0000-0000-000000001469,559.44,6.3287,0.0089,20,0,0,0,1,3,559.44,1174.82,0.374,0.02,0,22614.0,0.12,0.9776,12,13,0.929,0.008,0.045,0,99,1,NORMAL_TRANSACTION,0,0,NORMAL_BASELINE
e1000000-0000-0000-0000-000000001470,3116.74,8.0449,0.0,20,0,0,1,1,3,3116.74,6545.15,0.914,0.02,0,169528.0,0.005,0.8753,8,12,0.692,0.008,0.045,0,99,1,NORMAL_TRANSACTION,0,0,NORMAL_BASELINE
e1000000-0000-0000-0000-000000001471,1671.68,7.4222,0.0,20,0,0,3,1,3,1671.68,3510.53,0.598,0.02,0,203152.0,0.116,0.9331,9,18,0.526,0.008,0.045,0,99,1,NORMAL_TRANSACTION,0,0,NORMAL_BASELINE
e1000000-0000-0000-0000-000000001472,331.71,5.8073,0.0,21,0,0,3,1,3,331.71,696.59,0.12,0.02,0,22671.0,0.014,0.9867,17,17,1.0,0.008,0.045,0,99,1,NORMAL_TRANSACTION,0,0,NORMAL_BASELINE
e1000000-0000-0000-0000-000000001473,3303.88,8.1032,0.0,21,0,0,1,1,3,3303.88,6938.15,0.594,0.02,0,20969.0,0.008,0.8678,16,12,1.308,0.008,0.045,0,99,1,NORMAL_TRANSACTION,0,0,NORMAL_BASELINE
e1000000-0000-0000-0000-000000001474,2660.28,7.8866,0.0019,21,0,0,0,1,3,2660.28,5586.59,0.988,0.02,0,177110.0,0.312,0.8936,8,17,0.5,0.008,0.045,0,99,1,NORMAL_TRANSACTION,0,0,NORMAL_BASELINE
e1000000-0000-0000-0000-000000001475,2191.36,7.6927,0.0023,21,0,0,0,1,3,2191.36,4601.86,0.96,0.02,0,6787.0,0.069,0.9123,17,19,0.9,0.008,0.045,0,99,1,NORMAL_TRANSACTION,0,0,NORMAL_BASELINE
e1000000-0000-0000-0000-000000001476,5143.5,8.5457,0.0,21,0,0,1,1,3,5143.5,10801.35,0.984,0.02,0,42469.0,0.009,0.7943,13,11,1.167,0.008,0.045,0,99,1,NORMAL_TRANSACTION,0,0,NORMAL_BASELINE
e1000000-0000-0000-0000-000000001477,6201.96,8.7328,0.0149,8,0,0,2,1,3,6201.96,13024.12,2.276,0.02,0,70390.0,1.0,0.7519,12,24,0.52,0.008,0.045,0,99,1,NORMAL_TRANSACTION,0,0,NORMAL_BASELINE
e1000000-0000-0000-0000-000000001478,4162.75,8.3342,0.0149,8,0,0,2,1,3,4162.75,8741.77,1.852,0.02,0,148636.0,0.194,0.8335,16,20,0.81,0.008,0.045,0,99,1,NORMAL_TRANSACTION,0,0,NORMAL_BASELINE
e1000000-0000-0000-0000-000000001479,500.0,6.2166,0.0,8,0,0,4,1,3,500.0,1050.0,0.232,0.02,0,168209.0,0.031,0.98,13,42,0.326,0.008,0.045,0,99,1,NORMAL_TRANSACTION,0,0,NORMAL_BASELINE
e1000000-0000-0000-0000-000000001480,3768.36,8.2347,0.0013,8,0,0,0,1,3,3768.36,7913.56,1.526,0.02,0,77519.0,0.213,0.8493,14,20,0.714,0.008,0.045,0,99,1,NORMAL_TRANSACTION,0,0,NORMAL_BASELINE
e1000000-0000-0000-0000-000000001481,8638.05,9.064,0.0,8,0,0,1,1,3,8638.05,18139.9,1.69,0.02,0,142984.0,0.039,0.6545,15,16,0.941,0.008,0.045,0,99,1,NORMAL_TRANSACTION,0,0,NORMAL_BASELINE
e1000000-0000-0000-0000-000000001482,2033.1,7.6178,0.0,8,0,0,1,1,3,2033.1,4269.51,0.394,0.02,0,78067.0,0.003,0.9187,10,13,0.786,0.008,0.045,0,99,1,NORMAL_TRANSACTION,0,0,NORMAL_BASELINE
e1000000-0000-0000-0000-000000001483,2098.57,7.6495,0.0024,8,0,0,0,1,3,2098.57,4407.0,0.586,0.02,0,69329.0,0.231,0.9161,15,20,0.762,0.008,0.045,0,99,1,NORMAL_TRANSACTION,0,0,NORMAL_BASELINE
e1000000-0000-0000-0000-000000001484,4052.07,8.3072,0.0012,8,0,0,0,1,3,4052.07,8509.35,1.615,0.02,0,138615.0,0.612,0.8379,16,18,0.895,0.008,0.045,0,99,1,NORMAL_TRANSACTION,0,0,NORMAL_BASELINE
e1000000-0000-0000-0000-000000001485,3727.17,8.2237,0.0013,8,0,0,0,1,3,3727.17,7827.06,2.61,0.02,0,57391.0,0.111,0.8509,16,13,1.214,0.008,0.045,0,99,1,NORMAL_TRANSACTION,0,0,NORMAL_BASELINE
e1000000-0000-0000-0000-000000001486,2834.83,7.9501,0.0018,9,0,0,0,1,3,2834.83,5953.14,1.086,0.02,0,65632.0,1.0,0.8866,14,23,0.625,0.008,0.045,0,99,1,NORMAL_TRANSACTION,0,0,NORMAL_BASELINE
e1000000-0000-0000-0000-000000001487,234.85,5.4632,0.0,9,0,0,3,1,3,234.85,493.19,0.091,0.02,0,61081.0,0.008,0.9906,13,19,0.7,0.008,0.045,0,99,1,NORMAL_TRANSACTION,0,0,NORMAL_BASELINE
e1000000-0000-0000-0000-000000001488,1671.07,7.4218,0.0,9,0,0,3,1,3,1671.07,3509.25,0.742,0.02,0,61809.0,0.056,0.9332,17,18,0.947,0.008,0.045,0,99,1,NORMAL_TRANSACTION,0,0,NORMAL_BASELINE
e1000000-0000-0000-0000-000000001489,7613.34,8.9378,0.0,9,0,0,1,1,3,7613.34,15988.01,1.414,0.02,0,3272.0,0.035,0.6955,15,16,0.941,0.008,0.045,0,99,1,NORMAL_TRANSACTION,0,0,NORMAL_BASELINE
e1000000-0000-0000-0000-000000001490,2422.84,7.7931,0.0,9,0,0,3,1,3,2422.84,5087.96,1.566,0.02,0,150112.0,0.13,0.9031,10,14,0.733,0.008,0.045,0,99,1,NORMAL_TRANSACTION,0,0,NORMAL_BASELINE
e1000000-0000-0000-0000-000000001491,4428.68,8.3961,0.0011,9,0,0,0,1,3,4428.68,9300.23,1.606,0.02,0,128833.0,1.0,0.8229,14,14,1.0,0.008,0.045,0,99,1,NORMAL_TRANSACTION,0,0,NORMAL_BASELINE
e1000000-0000-0000-0000-000000001492,2849.92,7.9554,0.0018,9,0,0,0,1,3,2849.92,5984.83,1.28,0.02,0,80669.0,0.084,0.886,14,22,0.652,0.008,0.045,0,99,1,NORMAL_TRANSACTION,0,0,NORMAL_BASELINE
e1000000-0000-0000-0000-000000001493,4385.27,8.3862,0.0011,9,0,0,0,1,3,4385.27,9209.07,1.562,0.02,0,48332.0,1.0,0.8246,13,24,0.56,0.008,0.045,0,99,1,NORMAL_TRANSACTION,0,0,NORMAL_BASELINE
e1000000-0000-0000-0000-000000001494,183.61,5.2182,0.0,10,0,0,3,1,3,183.61,385.58,0.083,0.02,0,53580.0,0.006,0.9927,11,16,0.706,0.008,0.045,0,99,1,NORMAL_TRANSACTION,0,0,NORMAL_BASELINE
e1000000-0000-0000-0000-000000001495,1341.94,7.2026,0.0,10,0,0,3,1,3,1341.94,2818.07,0.487,0.02,0,82078.0,0.154,0.9463,10,17,0.611,0.008,0.045,0,99,1,NORMAL_TRANSACTION,0,0,NORMAL_BASELINE
e1000000-0000-0000-0000-000000001496,5603.63,8.6313,0.0,10,0,0,1,1,3,5603.63,11767.62,1.139,0.02,0,77927.0,0.01,0.7759,14,9,1.5,0.008,0.045,0,99,1,NORMAL_TRANSACTION,0,0,NORMAL_BASELINE
e1000000-0000-0000-0000-000000001497,5495.24,8.6118,0.0149,10,0,0,2,1,3,5495.24,11540.0,3.398,0.02,0,86132.0,0.195,0.7802,14,23,0.625,0.008,0.045,0,99,1,NORMAL_TRANSACTION,0,0,NORMAL_BASELINE
e1000000-0000-0000-0000-000000001498,6654.16,8.8031,0.0,10,0,0,1,1,3,6654.16,13973.74,1.275,0.02,0,44402.0,0.011,0.7338,13,11,1.167,0.008,0.045,0,99,1,NORMAL_TRANSACTION,0,0,NORMAL_BASELINE
e1000000-0000-0000-0000-000000001499,4515.63,8.4155,0.0149,10,0,0,2,1,3,4515.63,9482.82,2.149,0.02,0,54414.0,0.17,0.8194,9,16,0.588,0.008,0.045,0,99,1,NORMAL_TRANSACTION,0,0,NORMAL_BASELINE
e1000000-0000-0000-0000-000000001500,6302.33,8.7488,0.0,10,0,0,1,1,3,6302.33,13234.89,1.215,0.02,0,51024.0,0.017,0.7479,16,10,1.545,0.008,0.045,0,99,1,NORMAL_TRANSACTION,0,0,NORMAL_BASELINE
e1000000-0000-0000-0000-000000001501,2368.31,7.7704,0.0021,10,0,0,0,1,3,2368.31,4973.45,0.876,0.02,0,48715.0,0.165,0.9053,9,18,0.526,0.008,0.045,0,99,1,NORMAL_TRANSACTION,0,0,NORMAL_BASELINE
e1000000-0000-0000-0000-000000001502,899.43,6.8029,0.0056,10,0,0,0,1,3,899.43,1888.8,0.318,0.02,0,58340.0,0.031,0.964,8,16,0.529,0.008,0.045,0,99,1,NORMAL_TRANSACTION,0,0,NORMAL_BASELINE
e1000000-0000-0000-0000-000000001503,1019.36,6.9279,0.0,10,0,0,3,1,3,1019.36,2140.66,0.44,0.02,0,55898.0,0.057,0.9592,14,21,0.682,0.008,0.045,0,99,1,NORMAL_TRANSACTION,0,0,NORMAL_BASELINE
e1000000-0000-0000-0000-000000001504,898.22,6.8015,0.0,10,0,0,3,1,3,898.22,1886.26,0.423,0.02,0,83689.0,0.114,0.9641,9,14,0.667,0.008,0.045,0,99,1,NORMAL_TRANSACTION,0,0,NORMAL_BASELINE
e1000000-0000-0000-0000-000000001505,1008.04,6.9168,0.005,11,0,0,0,1,3,1008.04,2116.88,0.47,0.02,0,77473.0,0.061,0.9597,13,11,1.167,0.008,0.045,0,99,1,NORMAL_TRANSACTION,0,0,NORMAL_BASELINE
e1000000-0000-0000-0000-000000001506,1602.53,7.38,0.0,11,0,0,3,1,3,1602.53,3365.31,0.83,0.02,0,160686.0,0.708,0.9359,11,16,0.706,0.008,0.045,0,99,1,NORMAL_TRANSACTION,0,0,NORMAL_BASELINE
e1000000-0000-0000-0000-000000001507,3529.86,8.1693,0.0014,11,0,0,0,1,3,3529.86,7412.71,1.326,0.02,0,61700.0,1.0,0.8588,10,12,0.846,0.008,0.045,0,99,1,NORMAL_TRANSACTION,0,0,NORMAL_BASELINE
e1000000-0000-0000-0000-000000001508,1434.77,7.2695,0.0,11,0,0,3,1,3,1434.77,3013.02,0.498,0.02,0,142065.0,0.054,0.9426,14,17,0.833,0.008,0.045,0,99,1,NORMAL_TRANSACTION,0,0,NORMAL_BASELINE
e1000000-0000-0000-0000-000000001509,4177.09,8.3376,0.0,11,0,0,1,1,3,4177.09,8771.89,1.236,0.02,0,51625.0,0.007,0.8329,8,12,0.692,0.008,0.045,0,99,1,NORMAL_TRANSACTION,0,0,NORMAL_BASELINE
e1000000-0000-0000-0000-000000001510,1591.74,7.3732,0.0031,11,0,0,0,1,3,1591.74,3342.65,0.816,0.02,0,149256.0,0.167,0.9363,12,18,0.684,0.008,0.045,0,99,1,NORMAL_TRANSACTION,0,0,NORMAL_BASELINE
e1000000-0000-0000-0000-000000001511,2290.75,7.7371,0.0149,11,0,0,2,1,3,2290.75,4810.57,1.133,0.02,0,66070.0,0.088,0.9084,10,15,0.688,0.008,0.045,0,99,1,NORMAL_TRANSACTION,0,0,NORMAL_BASELINE
e1000000-0000-0000-0000-000000001512,1564.89,7.3562,0.0,11,0,0,1,1,3,1564.89,3286.27,0.238,0.02,0,77649.0,0.003,0.9374,14,10,1.364,0.008,0.045,0,99,1,NORMAL_TRANSACTION,0,0,NORMAL_BASELINE
e1000000-0000-0000-0000-000000001513,1596.12,7.376,0.0,11,0,0,1,1,3,1596.12,3351.85,0.318,0.02,0,4784.0,0.003,0.9362,14,9,1.5,0.008,0.045,0,99,1,NORMAL_TRANSACTION,0,0,NORMAL_BASELINE
e1000000-0000-0000-0000-000000001514,4324.09,8.3722,0.0012,11,0,0,0,1,3,4324.09,9080.59,1.882,0.02,0,79751.0,0.667,0.827,17,15,1.125,0.008,0.045,0,99,1,NORMAL_TRANSACTION,0,0,NORMAL_BASELINE
e1000000-0000-0000-0000-000000001515,2813.99,7.9427,0.0018,11,0,0,0,1,3,2813.99,5909.38,1.415,0.02,0,88435.0,0.11,0.8874,13,19,0.7,0.008,0.045,0,99,1,NORMAL_TRANSACTION,0,0,NORMAL_BASELINE
e1000000-0000-0000-0000-000000001516,412.36,6.0243,0.0,11,0,0,3,1,3,412.36,865.96,0.24,0.02,0,97741.0,0.019,0.9835,10,15,0.688,0.008,0.045,0,99,1,NORMAL_TRANSACTION,0,0,NORMAL_BASELINE
e1000000-0000-0000-0000-000000001517,7844.39,8.9677,0.0,11,0,0,1,1,3,7844.39,16473.22,1.295,0.02,0,90966.0,0.019,0.6862,16,11,1.417,0.008,0.045,0,99,1,NORMAL_TRANSACTION,0,0,NORMAL_BASELINE
e1000000-0000-0000-0000-000000001518,2892.63,7.9703,0.0,11,0,0,3,1,3,2892.63,6074.52,1.416,0.02,0,1511.0,0.113,0.8843,13,19,0.7,0.008,0.045,0,99,1,NORMAL_TRANSACTION,0,0,NORMAL_BASELINE
e1000000-0000-0000-0000-000000001519,411.07,6.0212,0.0,12,0,0,3,1,3,411.07,863.25,0.182,0.02,0,6765.0,0.016,0.9836,9,16,0.588,0.008,0.045,0,99,1,NORMAL_TRANSACTION,0,0,NORMAL_BASELINE
e1000000-0000-0000-0000-000000001520,2694.22,7.8992,0.0,12,0,0,3,1,3,2694.22,5657.86,1.026,0.02,0,92852.0,0.116,0.8922,14,21,0.682,0.008,0.045,0,99,1,NORMAL_TRANSACTION,0,0,NORMAL_BASELINE
e1000000-0000-0000-0000-000000001521,1345.32,7.2051,0.0,12,0,0,3,1,3,1345.32,2825.17,0.569,0.02,0,80253.0,0.095,0.9462,17,15,1.125,0.008,0.045,0,99,1,NORMAL_TRANSACTION,0,0,NORMAL_BASELINE
e1000000-0000-0000-0000-000000001522,3530.84,8.1696,0.0014,12,0,0,0,1,3,3530.84,7414.76,1.015,0.02,0,71156.0,0.121,0.8588,13,15,0.875,0.008,0.045,0,99,1,NORMAL_TRANSACTION,0,0,NORMAL_BASELINE
e1000000-0000-0000-0000-000000001523,5366.84,8.5882,0.0149,12,0,0,2,1,3,5366.84,11270.36,2.04,0.02,0,1250.0,0.231,0.7853,14,21,0.682,0.008,0.045,0,99,1,NORMAL_TRANSACTION,0,0,NORMAL_BASELINE
e1000000-0000-0000-0000-000000001524,3759.32,8.2323,0.0013,12,0,0,0,1,3,3759.32,7894.57,1.596,0.02,0,141640.0,0.668,0.8496,12,15,0.812,0.008,0.045,0,99,1,NORMAL_TRANSACTION,0,0,NORMAL_BASELINE
e1000000-0000-0000-0000-000000001525,1399.26,7.2444,0.0149,12,0,0,2,1,3,1399.26,2938.45,0.534,0.02,0,64101.0,0.056,0.944,17,15,1.125,0.008,0.045,0,99,1,NORMAL_TRANSACTION,0,0,NORMAL_BASELINE
e1000000-0000-0000-0000-000000001526,2108.77,7.6543,0.0,12,0,0,1,1,3,2108.77,4428.42,0.358,0.02,0,152502.0,0.006,0.9156,8,18,0.474,0.008,0.045,0,99,1,NORMAL_TRANSACTION,0,0,NORMAL_BASELINE
e1000000-0000-0000-0000-000000001527,3549.24,8.1748,0.0,12,0,0,1,1,3,3549.24,7453.4,0.652,0.02,0,77232.0,0.013,0.858,14,12,1.154,0.008,0.045,0,99,1,NORMAL_TRANSACTION,0,0,NORMAL_BASELINE
e1000000-0000-0000-0000-000000001528,1350.64,7.2091,0.0037,13,0,0,0,1,3,1350.64,2836.34,0.809,0.02,0,157675.0,0.124,0.946,13,18,0.737,0.008,0.045,0,99,1,NORMAL_TRANSACTION,0,0,NORMAL_BASELINE
e1000000-0000-0000-0000-000000001529,3159.66,8.0585,0.0016,13,0,0,0,1,3,3159.66,6635.29,1.139,0.02,0,69698.0,0.122,0.8736,13,17,0.778,0.008,0.045,0,99,1,NORMAL_TRANSACTION,0,0,NORMAL_BASELINE
e1000000-0000-0000-0000-000000001530,3736.05,8.2261,0.0149,13,0,0,2,1,3,3736.05,7845.71,1.072,0.02,0,3319.0,0.129,0.8506,13,15,0.875,0.008,0.045,0,99,1,NORMAL_TRANSACTION,0,0,NORMAL_BASELINE
e1000000-0000-0000-0000-000000001531,670.36,6.5093,0.0075,13,0,0,0,1,3,670.36,1407.76,0.334,0.02,0,324170.0,0.031,0.9732,9,17,0.556,0.008,0.045,0,99,1,NORMAL_TRANSACTION,0,0,NORMAL_BASELINE
e1000000-0000-0000-0000-000000001532,998.94,6.9077,0.0,13,0,0,3,1,3,998.94,2097.77,0.402,0.02,0,3555.0,0.177,0.96,12,15,0.812,0.008,0.045,0,99,1,NORMAL_TRANSACTION,0,0,NORMAL_BASELINE
e1000000-0000-0000-0000-000000001533,1705.94,7.4425,0.0029,13,0,0,0,1,3,1705.94,3582.47,1.387,0.02,0,248669.0,0.051,0.9318,14,14,1.0,0.008,0.045,0,99,1,NORMAL_TRANSACTION,0,0,NORMAL_BASELINE
e1000000-0000-0000-0000-000000001534,1792.15,7.4917,0.0,13,0,0,1,1,3,1792.15,3763.52,0.391,0.02,0,8768.0,0.003,0.9283,14,9,1.5,0.008,0.045,0,99,1,NORMAL_TRANSACTION,0,0,NORMAL_BASELINE
e1000000-0000-0000-0000-000000001535,200.0,5.3033,0.0,14,0,0,4,1,3,200.0,420.0,0.082,0.02,0,86035.0,0.006,0.992,12,15,0.812,0.008,0.045,0,99,1,NORMAL_TRANSACTION,0,0,NORMAL_BASELINE
e1000000-0000-0000-0000-000000001536,7719.16,8.9516,0.0149,14,0,0,2,1,3,7719.16,16210.24,4.585,0.02,0,18351.0,0.229,0.6912,16,13,1.214,0.008,0.045,0,99,1,NORMAL_TRANSACTION,0,0,NORMAL_BASELINE
e1000000-0000-0000-0000-000000001537,2490.88,7.8208,0.0,14,0,0,1,1,3,2490.88,5230.85,0.611,0.02,0,188463.0,0.006,0.9004,11,10,1.091,0.008,0.045,0,99,1,NORMAL_TRANSACTION,0,0,NORMAL_BASELINE
e1000000-0000-0000-0000-000000001538,7757.12,8.9565,0.0149,14,0,0,2,1,3,7757.12,16289.95,3.204,0.02,0,21234.0,0.362,0.6897,16,20,0.81,0.008,0.045,0,99,1,NORMAL_TRANSACTION,0,0,NORMAL_BASELINE
e1000000-0000-0000-0000-000000001539,1933.41,7.5676,0.0026,14,0,0,0,1,3,1933.41,4060.16,0.661,0.02,0,16336.0,1.0,0.9227,14,14,1.0,0.008,0.045,0,99,1,NORMAL_TRANSACTION,0,0,NORMAL_BASELINE
e1000000-0000-0000-0000-000000001540,20.0,3.0445,0.0,14,0,0,4,1,3,20.0,42.0,0.01,0.02,0,68890.0,0.001,0.9992,14,19,0.75,0.008,0.045,0,99,1,NORMAL_TRANSACTION,0,0,NORMAL_BASELINE
e1000000-0000-0000-0000-000000001541,7805.53,8.9627,0.0149,14,0,0,2,1,3,7805.53,16391.61,3.184,0.02,0,98959.0,1.0,0.6878,10,18,0.579,0.008,0.045,0,99,1,NORMAL_TRANSACTION,0,0,NORMAL_BASELINE
e1000000-0000-0000-0000-000000001542,4317.21,8.3706,0.0012,14,0,0,0,1,3,4317.21,9066.14,1.435,0.02,0,67805.0,1.0,0.8273,12,16,0.765,0.008,0.045,0,99,1,NORMAL_TRANSACTION,0,0,NORMAL_BASELINE
e1000000-0000-0000-0000-000000001543,2234.66,7.7123,0.0022,14,0,0,0,1,3,2234.66,4692.79,0.669,0.02,0,190034.0,0.542,0.9106,11,16,0.706,0.008,0.045,0,99,1,NORMAL_TRANSACTION,0,0,NORMAL_BASELINE
e1000000-0000-0000-0000-000000001544,1553.67,7.349,0.0,14,0,0,3,1,3,1553.67,3262.71,0.595,0.02,0,84677.0,0.579,0.9379,15,8,1.778,0.008,0.045,0,99,1,NORMAL_TRANSACTION,0,0,NORMAL_BASELINE
e1000000-0000-0000-0000-000000001545,2638.47,7.8783,0.0,14,0,0,3,1,3,2638.47,5540.79,0.759,0.02,0,22632.0,0.29,0.8945,15,20,0.762,0.008,0.045,0,99,1,NORMAL_TRANSACTION,0,0,NORMAL_BASELINE
e1000000-0000-0000-0000-000000001546,173.2,5.1602,0.0,14,0,0,3,1,3,173.2,363.72,0.133,0.02,0,163812.0,0.009,0.9931,9,18,0.526,0.008,0.045,0,99,1,NORMAL_TRANSACTION,0,0,NORMAL_BASELINE
e1000000-0000-0000-0000-000000001547,1246.23,7.1287,0.0,15,0,0,3,1,3,1246.23,2617.08,0.445,0.02,0,8903.0,0.054,0.9502,14,21,0.682,0.008,0.045,0,99,1,NORMAL_TRANSACTION,0,0,NORMAL_BASELINE
e1000000-0000-0000-0000-000000001548,2723.54,7.9101,0.0018,15,0,0,0,1,3,2723.54,5719.43,1.258,0.02,0,152897.0,0.319,0.8911,16,13,1.214,0.008,0.045,0,99,1,NORMAL_TRANSACTION,0,0,NORMAL_BASELINE
e1000000-0000-0000-0000-000000001549,1776.74,7.4831,0.0149,15,0,0,2,1,3,1776.74,3731.15,1.079,0.02,0,9545.0,0.164,0.9289,13,18,0.737,0.008,0.045,0,99,1,NORMAL_TRANSACTION,0,0,NORMAL_BASELINE
e1000000-0000-0000-0000-000000001550,2082.25,7.6417,0.0,15,0,0,3,1,3,2082.25,4372.73,1.592,0.02,0,100836.0,0.068,0.9167,11,22,0.522,0.008,0.045,0,99,1,NORMAL_TRANSACTION,0,0,NORMAL_BASELINE
e1000000-0000-0000-0000-000000001551,1241.13,7.1246,0.0,15,0,0,3,1,3,1241.13,2606.37,0.443,0.02,0,10017.0,0.048,0.9504,13,17,0.778,0.008,0.045,0,99,1,NORMAL_TRANSACTION,0,0,NORMAL_BASELINE
e1000000-0000-0000-0000-000000001552,2449.7,7.8041,0.002,15,0,0,0,1,3,2449.7,5144.37,1.235,0.02,0,74687.0,0.081,0.902,12,23,0.542,0.008,0.045,0,99,1,NORMAL_TRANSACTION,0,0,NORMAL_BASELINE
e1000000-0000-0000-0000-000000001553,738.18,6.6055,0.0,16,0,0,3,1,3,738.18,1550.18,0.572,0.02,0,8237.0,0.022,0.9705,14,14,1.0,0.008,0.045,0,99,1,NORMAL_TRANSACTION,0,0,NORMAL_BASELINE
e1000000-0000-0000-0000-000000001554,3780.72,8.2379,0.0013,16,0,0,0,1,3,3780.72,7939.51,1.479,0.02,0,27874.0,0.213,0.8488,14,20,0.714,0.008,0.045,0,99,1,NORMAL_TRANSACTION,0,0,NORMAL_BASELINE
e1000000-0000-0000-0000-000000001555,1864.38,7.5312,0.0,16,0,0,1,1,3,1864.38,3915.2,0.273,0.02,0,74868.0,0.004,0.9254,7,10,0.727,0.008,0.045,0,99,1,NORMAL_TRANSACTION,0,0,NORMAL_BASELINE
e1000000-0000-0000-0000-000000001556,1131.83,7.0325,0.0,16,0,0,3,1,3,1131.83,2376.84,0.559,0.02,0,115709.0,0.048,0.9547,11,14,0.8,0.008,0.045,0,99,1,NORMAL_TRANSACTION,0,0,NORMAL_BASELINE
e1000000-0000-0000-0000-000000001557,6788.63,8.8232,0.0149,16,0,0,2,1,3,6788.63,14256.12,2.799,0.02,0,104428.0,0.394,0.7285,15,22,0.696,0.008,0.045,0,99,1,NORMAL_TRANSACTION,0,0,NORMAL_BASELINE
e1000000-0000-0000-0000-000000001558,1878.83,7.5389,0.0027,16,0,0,0,1,3,1878.83,3945.54,1.134,0.02,0,25096.0,0.101,0.9248,10,14,0.733,0.008,0.045,0,99,1,NORMAL_TRANSACTION,0,0,NORMAL_BASELINE
e1000000-0000-0000-0000-000000001559,3154.35,8.0569,0.0016,16,0,0,0,1,3,3154.35,6624.14,1.072,0.02,0,94749.0,0.12,0.8738,13,26,0.519,0.008,0.045,0,99,1,NORMAL_TRANSACTION,0,0,NORMAL_BASELINE
e1000000-0000-0000-0000-000000001560,1790.06,7.4906,0.0028,16,0,0,0,1,3,1790.06,3759.13,0.762,0.02,0,107561.0,0.189,0.9284,8,18,0.474,0.008,0.045,0,99,1,NORMAL_TRANSACTION,0,0,NORMAL_BASELINE
e1000000-0000-0000-0000-000000001561,3639.08,8.1998,0.0014,16,0,0,0,1,3,3639.08,7642.07,2.078,0.02,0,111939.0,0.772,0.8544,13,16,0.824,0.008,0.045,0,99,1,NORMAL_TRANSACTION,0,0,NORMAL_BASELINE
e1000000-0000-0000-0000-000000001562,1345.71,7.2054,0.0149,16,0,0,2,1,3,1345.71,2825.99,1.13,0.02,0,115549.0,0.046,0.9462,12,22,0.565,0.008,0.045,0,99,1,NORMAL_TRANSACTION,0,0,NORMAL_BASELINE
e1000000-0000-0000-0000-000000001563,2603.36,7.8649,0.0,17,0,0,3,1,3,2603.36,5467.06,1.35,0.02,0,22349.0,0.273,0.8959,12,18,0.684,0.008,0.045,0,99,1,NORMAL_TRANSACTION,0,0,NORMAL_BASELINE
e1000000-0000-0000-0000-000000001564,4060.95,8.3094,0.0012,17,0,0,0,1,3,4060.95,8528.0,1.89,0.02,0,110752.0,0.838,0.8376,9,11,0.833,0.008,0.045,0,99,1,NORMAL_TRANSACTION,0,0,NORMAL_BASELINE
e1000000-0000-0000-0000-000000001565,3384.03,8.1271,0.0015,17,0,0,0,1,3,3384.03,7106.46,1.332,0.02,0,98131.0,0.252,0.8646,10,17,0.611,0.008,0.045,0,99,1,NORMAL_TRANSACTION,0,0,NORMAL_BASELINE
e1000000-0000-0000-0000-000000001566,2121.35,7.6603,0.0,17,0,0,3,1,3,2121.35,4454.84,1.054,0.02,0,5510.0,0.071,0.9151,12,23,0.542,0.008,0.045,0,99,1,NORMAL_TRANSACTION,0,0,NORMAL_BASELINE
e1000000-0000-0000-0000-000000001567,2453.77,7.8058,0.0,17,0,0,3,1,3,2453.77,5152.92,1.46,0.02,0,4436.0,0.132,0.9018,10,14,0.733,0.008,0.045,0,99,1,NORMAL_TRANSACTION,0,0,NORMAL_BASELINE
e1000000-0000-0000-0000-000000001568,287.03,5.6631,0.0,17,0,0,3,1,3,287.03,602.76,0.107,0.02,0,31133.0,0.043,0.9885,16,18,0.895,0.008,0.045,0,99,1,NORMAL_TRANSACTION,0,0,NORMAL_BASELINE
e1000000-0000-0000-0000-000000001569,1754.79,7.4707,0.0149,17,0,0,2,1,3,1754.79,3685.06,1.13,0.02,0,21368.0,0.08,0.9298,10,15,0.688,0.008,0.045,0,99,1,NORMAL_TRANSACTION,0,0,NORMAL_BASELINE
e1000000-0000-0000-0000-000000001570,940.64,6.8476,0.0,17,0,0,3,1,3,940.64,1975.34,0.361,0.02,0,80624.0,0.028,0.9624,6,15,0.438,0.008,0.045,0,99,1,NORMAL_TRANSACTION,0,0,NORMAL_BASELINE
e1000000-0000-0000-0000-000000001571,1119.24,7.0213,0.0,17,0,0,3,1,3,1119.24,2350.4,0.712,0.02,0,195123.0,0.035,0.9552,15,11,1.333,0.008,0.045,0,99,1,NORMAL_TRANSACTION,0,0,NORMAL_BASELINE
e1000000-0000-0000-0000-000000001572,2945.93,7.9885,0.0,18,0,0,3,1,3,2945.93,6186.45,1.431,0.02,0,82365.0,0.497,0.8822,12,17,0.722,0.008,0.045,0,99,1,NORMAL_TRANSACTION,0,0,NORMAL_BASELINE
e1000000-0000-0000-0000-000000001573,616.48,6.4256,0.0149,18,0,0,2,1,3,616.48,1294.61,0.25,0.02,0,77582.0,0.027,0.9753,10,20,0.524,0.008,0.045,0,99,1,NORMAL_TRANSACTION,0,0,NORMAL_BASELINE
e1000000-0000-0000-0000-000000001574,2195.04,7.6944,0.0023,18,0,0,0,1,3,2195.04,4609.58,0.82,0.02,0,28211.0,0.153,0.9122,9,18,0.526,0.008,0.045,0,99,1,NORMAL_TRANSACTION,0,0,NORMAL_BASELINE
e1000000-0000-0000-0000-000000001575,437.44,6.0832,0.0,18,0,0,3,1,3,437.44,918.62,0.154,0.02,0,15005.0,0.277,0.9825,14,14,1.0,0.008,0.045,0,99,1,NORMAL_TRANSACTION,0,0,NORMAL_BASELINE
e1000000-0000-0000-0000-000000001576,1555.91,7.3505,0.0,18,0,0,3,1,3,1555.91,3267.41,0.783,0.02,0,36122.0,0.097,0.9378,13,42,0.326,0.008,0.045,0,99,1,NORMAL_TRANSACTION,0,0,NORMAL_BASELINE
e1000000-0000-0000-0000-000000001577,2081.31,7.6412,0.0024,18,0,0,0,1,3,2081.31,4370.75,1.694,0.02,0,9385.0,0.062,0.9167,14,14,1.0,0.008,0.045,0,99,1,NORMAL_TRANSACTION,0,0,NORMAL_BASELINE
e1000000-0000-0000-0000-000000001578,2280.82,7.7327,0.0022,18,0,0,0,1,3,2280.82,4789.72,0.791,0.02,0,199944.0,0.072,0.9088,15,14,1.067,0.008,0.045,0,99,1,NORMAL_TRANSACTION,0,0,NORMAL_BASELINE
e1000000-0000-0000-0000-000000001579,1063.58,6.9703,0.0149,18,0,0,2,1,3,1063.58,2233.52,0.643,0.02,0,10468.0,0.098,0.9575,13,18,0.737,0.008,0.045,0,99,1,NORMAL_TRANSACTION,0,0,NORMAL_BASELINE
e1000000-0000-0000-0000-000000001580,9172.98,9.1241,0.0,18,0,0,1,1,3,9172.98,19263.26,1.655,0.02,0,33726.0,0.042,0.6331,15,16,0.941,0.008,0.045,0,99,1,NORMAL_TRANSACTION,0,0,NORMAL_BASELINE
e1000000-0000-0000-0000-000000001581,1363.88,7.2188,0.0037,18,0,0,0,1,3,1363.88,2864.15,0.662,0.02,0,109366.0,0.055,0.9454,13,25,0.538,0.008,0.045,0,99,1,NORMAL_TRANSACTION,0,0,NORMAL_BASELINE
e1000000-0000-0000-0000-000000001582,5740.44,8.6555,0.0149,18,0,0,2,1,3,5740.44,12054.92,2.945,0.02,0,83424.0,1.0,0.7704,9,22,0.435,0.008,0.045,0,99,1,NORMAL_TRANSACTION,0,0,NORMAL_BASELINE
e1000000-0000-0000-0000-000000001583,576.05,6.3579,0.0149,18,0,0,2,1,3,576.05,1209.7,0.286,0.02,0,29228.0,0.073,0.977,9,14,0.667,0.008,0.045,0,99,1,NORMAL_TRANSACTION,0,0,NORMAL_BASELINE
e1000000-0000-0000-0000-000000001584,4012.84,8.2975,0.0149,19,0,0,2,1,3,4012.84,8426.96,1.766,0.02,0,25536.0,0.284,0.8395,17,15,1.125,0.008,0.045,0,99,1,NORMAL_TRANSACTION,0,0,NORMAL_BASELINE
e1000000-0000-0000-0000-000000001585,3035.28,8.0184,0.0016,19,0,0,0,1,3,3035.28,6374.09,1.059,0.02,0,367302.0,0.107,0.8786,11,15,0.75,0.008,0.045,0,99,1,NORMAL_TRANSACTION,0,0,NORMAL_BASELINE
e1000000-0000-0000-0000-000000001586,6058.44,8.7094,0.0,19,0,0,1,1,3,6058.44,12722.72,0.959,0.02,0,28346.0,0.014,0.7577,16,11,1.417,0.008,0.045,0,99,1,NORMAL_TRANSACTION,0,0,NORMAL_BASELINE
e1000000-0000-0000-0000-000000001587,2539.26,7.84,0.0,19,0,0,1,1,3,2539.26,5332.45,0.503,0.02,0,105850.0,0.005,0.8984,18,18,1.0,0.008,0.045,0,99,1,NORMAL_TRANSACTION,0,0,NORMAL_BASELINE
e1000000-0000-0000-0000-000000001588,959.57,6.8675,0.0052,19,0,0,0,1,3,959.57,2015.1,0.516,0.02,0,20632.0,0.036,0.9616,14,19,0.75,0.008,0.045,0,99,1,NORMAL_TRANSACTION,0,0,NORMAL_BASELINE
e1000000-0000-0000-0000-000000001589,1158.38,7.0556,0.0043,20,0,0,0,1,3,1158.38,2432.6,0.492,0.02,0,6462.0,0.051,0.9537,10,20,0.524,0.008,0.045,0,99,1,NORMAL_TRANSACTION,0,0,NORMAL_BASELINE
e1000000-0000-0000-0000-000000001590,4852.42,8.4874,0.0149,20,0,0,2,1,3,4852.42,10190.08,3.975,0.02,0,18587.0,0.249,0.8059,9,18,0.526,0.008,0.045,0,99,1,NORMAL_TRANSACTION,0,0,NORMAL_BASELINE
e1000000-0000-0000-0000-000000001591,2897.98,7.9721,0.0017,20,0,0,0,1,3,2897.98,6085.76,0.827,0.02,0,25235.0,0.1,0.8841,13,15,0.875,0.008,0.045,0,99,1,NORMAL_TRANSACTION,0,0,NORMAL_BASELINE
e1000000-0000-0000-0000-000000001592,2431.48,7.7967,0.0,20,0,0,1,1,3,2431.48,5106.11,0.458,0.02,0,83019.0,0.006,0.9027,16,12,1.308,0.008,0.045,0,99,1,NORMAL_TRANSACTION,0,0,NORMAL_BASELINE
e1000000-0000-0000-0000-000000001593,100.0,4.6151,0.0,20,0,0,4,1,3,100.0,210.0,0.035,0.02,0,107737.0,0.004,0.996,18,13,1.357,0.008,0.045,0,99,1,NORMAL_TRANSACTION,0,0,NORMAL_BASELINE
e1000000-0000-0000-0000-000000001594,1000.32,6.9091,0.0,20,0,0,1,1,3,1000.32,2100.67,0.171,0.02,0,90571.0,0.006,0.96,12,16,0.765,0.008,0.045,0,99,1,NORMAL_TRANSACTION,0,0,NORMAL_BASELINE
e1000000-0000-0000-0000-000000001595,3850.85,8.2563,0.0149,20,0,0,2,1,3,3850.85,8086.78,1.335,0.02,0,3475.0,0.136,0.846,11,15,0.75,0.008,0.045,0,99,1,NORMAL_TRANSACTION,0,0,NORMAL_BASELINE
e1000000-0000-0000-0000-000000001596,4040.04,8.3043,0.0012,20,0,0,0,1,3,4040.04,8484.08,1.655,0.02,0,11178.0,0.61,0.8384,16,18,0.895,0.008,0.045,0,99,1,NORMAL_TRANSACTION,0,0,NORMAL_BASELINE
e1000000-0000-0000-0000-000000001597,2961.6,7.9938,0.0017,21,0,0,0,1,3,2961.6,6219.36,1.124,0.02,0,9936.0,1.0,0.8815,14,14,1.0,0.008,0.045,0,99,1,NORMAL_TRANSACTION,0,0,NORMAL_BASELINE
e1000000-0000-0000-0000-000000001598,476.58,6.1687,0.0,21,0,0,3,1,3,476.58,1000.82,0.397,0.02,0,15385.0,0.016,0.9809,12,22,0.565,0.008,0.045,0,99,1,NORMAL_TRANSACTION,0,0,NORMAL_BASELINE
e1000000-0000-0000-0000-000000001599,1817.31,7.5057,0.0028,21,0,0,0,1,3,1817.31,3816.35,0.657,0.02,0,24389.0,0.301,0.9273,10,18,0.579,0.008,0.045,0,99,1,NORMAL_TRANSACTION,0,0,NORMAL_BASELINE
e1000000-0000-0000-0000-000000001600,3173.64,8.0629,0.0149,21,0,0,2,1,3,3173.64,6664.64,1.188,0.02,0,197126.0,0.282,0.8731,16,18,0.895,0.008,0.045,0,99,1,NORMAL_TRANSACTION,0,0,NORMAL_BASELINE
e1000000-0000-0000-0000-000000001601,3749.46,8.2296,0.0013,21,0,0,0,1,3,3749.46,7873.87,1.17,0.02,0,24341.0,0.909,0.85,11,16,0.706,0.008,0.045,0,99,1,NORMAL_TRANSACTION,0,0,NORMAL_BASELINE
e1000000-0000-0000-0000-000000001602,495.15,6.2069,0.0,21,0,0,0,1,3,495.15,1039.82,0.191,0.02,0,3352.0,0.075,0.9802,16,18,0.895,0.008,0.045,0,99,1,NORMAL_TRANSACTION,0,0,NORMAL_BASELINE
e1000000-0000-0000-0000-000000001603,3013.17,8.0111,0.0149,21,0,0,2,1,3,3013.17,6327.66,2.606,0.02,0,2786.0,0.104,0.8795,12,22,0.565,0.008,0.045,0,99,1,NORMAL_TRANSACTION,0,0,NORMAL_BASELINE
e1000000-0000-0000-0000-000000001604,500.0,6.2166,0.0,21,0,0,4,1,3,500.0,1050.0,0.222,0.02,0,28239.0,0.015,0.98,12,15,0.812,0.008,0.045,0,99,1,NORMAL_TRANSACTION,0,0,NORMAL_BASELINE
e1000000-0000-0000-0000-000000001605,200.0,5.3033,0.0,21,0,0,4,1,3,200.0,420.0,0.127,0.02,0,15203.0,0.009,0.992,10,15,0.688,0.008,0.045,0,99,1,NORMAL_TRANSACTION,0,0,NORMAL_BASELINE
e1000000-0000-0000-0000-000000001606,100.0,4.6151,0.0,21,0,0,4,1,3,100.0,210.0,0.062,0.02,0,11747.0,0.009,0.996,13,18,0.737,0.008,0.045,0,99,1,NORMAL_TRANSACTION,0,0,NORMAL_BASELINE
e1000000-0000-0000-0000-000000001607,2356.45,7.7653,0.0021,8,0,0,0,1,3,2356.45,4948.55,1.639,0.02,0,36373.0,0.108,0.9057,10,15,0.688,0.008,0.045,0,99,1,NORMAL_TRANSACTION,0,0,NORMAL_BASELINE
e1000000-0000-0000-0000-000000001608,3521.37,8.1669,0.0014,8,0,0,0,1,3,3521.37,7394.88,1.443,0.02,0,223468.0,0.105,0.8591,12,13,0.929,0.008,0.045,0,99,1,NORMAL_TRANSACTION,0,0,NORMAL_BASELINE
e1000000-0000-0000-0000-000000001609,656.8,6.4889,0.0076,8,0,0,0,1,3,656.8,1379.28,0.216,0.02,0,229092.0,0.073,0.9737,8,21,0.409,0.008,0.045,0,99,1,NORMAL_TRANSACTION,0,0,NORMAL_BASELINE
e1000000-0000-0000-0000-000000001610,545.63,6.3038,0.0,8,0,0,3,1,3,545.63,1145.82,0.291,0.02,0,67785.0,0.025,0.9782,9,17,0.556,0.008,0.045,0,99,1,NORMAL_TRANSACTION,0,0,NORMAL_BASELINE
e1000000-0000-0000-0000-000000001611,4393.71,8.3882,0.0011,8,0,0,0,1,3,4393.71,9226.79,1.818,0.02,0,47713.0,0.311,0.8243,17,15,1.125,0.008,0.045,0,99,1,NORMAL_TRANSACTION,0,0,NORMAL_BASELINE
e1000000-0000-0000-0000-000000001612,1968.29,7.5854,0.0025,8,0,0,0,1,3,1968.29,4133.41,1.0,0.02,0,54998.0,0.207,0.9213,12,18,0.684,0.008,0.045,0,99,1,NORMAL_TRANSACTION,0,0,NORMAL_BASELINE
e1000000-0000-0000-0000-000000001613,2394.41,7.7813,0.0,8,0,0,3,1,3,2394.41,5028.26,1.052,0.02,0,125631.0,0.075,0.9042,17,19,0.9,0.008,0.045,0,99,1,NORMAL_TRANSACTION,0,0,NORMAL_BASELINE
e1000000-0000-0000-0000-000000001614,1043.55,6.9513,0.0048,8,0,0,0,1,3,1043.55,2191.45,0.713,0.02,0,46224.0,0.053,0.9583,9,18,0.526,0.008,0.045,0,99,1,NORMAL_TRANSACTION,0,0,NORMAL_BASELINE
e1000000-0000-0000-0000-000000001615,1844.63,7.5206,0.0,9,0,0,1,1,3,1844.63,3873.72,0.391,0.02,0,88007.0,0.003,0.9262,10,13,0.786,0.008,0.045,0,99,1,NORMAL_TRANSACTION,0,0,NORMAL_BASELINE
e1000000-0000-0000-0000-000000001616,1466.12,7.2911,0.0,9,0,0,3,1,3,1466.12,3078.85,0.649,0.02,0,83438.0,0.043,0.9414,14,22,0.652,0.008,0.045,0,99,1,NORMAL_TRANSACTION,0,0,NORMAL_BASELINE
e1000000-0000-0000-0000-000000001617,1218.88,7.1065,0.0,9,0,0,3,1,3,1218.88,2559.65,0.705,0.02,0,131202.0,0.087,0.9512,7,21,0.364,0.008,0.045,0,99,1,NORMAL_TRANSACTION,0,0,NORMAL_BASELINE
e1000000-0000-0000-0000-000000001618,3097.8,8.0388,0.0016,9,0,0,0,1,3,3097.8,6505.38,1.073,0.02,0,3058.0,0.345,0.8761,8,21,0.409,0.008,0.045,0,99,1,NORMAL_TRANSACTION,0,0,NORMAL_BASELINE
e1000000-0000-0000-0000-000000001619,1029.86,6.9381,0.0,9,0,0,3,1,3,1029.86,2162.71,0.316,0.02,0,42878.0,0.25,0.9588,11,16,0.706,0.008,0.045,0,99,1,NORMAL_TRANSACTION,0,0,NORMAL_BASELINE
e1000000-0000-0000-0000-000000001620,1876.88,7.5379,0.0,9,0,0,3,1,3,1876.88,3941.45,0.693,0.02,0,66014.0,0.081,0.9249,14,21,0.682,0.008,0.045,0,99,1,NORMAL_TRANSACTION,0,0,NORMAL_BASELINE
e1000000-0000-0000-0000-000000001621,2079.52,7.6404,0.0,9,0,0,3,1,3,2079.52,4366.99,1.135,0.02,0,83705.0,0.074,0.9168,14,23,0.625,0.008,0.045,0,99,1,NORMAL_TRANSACTION,0,0,NORMAL_BASELINE
e1000000-0000-0000-0000-000000001622,5702.32,8.6488,0.0,9,0,0,1,1,3,5702.32,11974.87,1.01,0.02,0,74079.0,0.017,0.7719,8,18,0.474,0.008,0.045,0,99,1,NORMAL_TRANSACTION,0,0,NORMAL_BASELINE
e1000000-0000-0000-0000-000000001623,258.59,5.5591,0.0,9,0,0,0,1,3,258.59,543.04,0.122,0.02,0,55070.0,0.044,0.9897,12,17,0.722,0.008,0.045,0,99,1,NORMAL_TRANSACTION,0,0,NORMAL_BASELINE
e1000000-0000-0000-0000-000000001624,1274.87,7.1514,0.0039,9,0,0,0,1,3,1274.87,2677.23,0.672,0.02,0,62374.0,0.054,0.949,11,14,0.8,0.008,0.045,0,99,1,NORMAL_TRANSACTION,0,0,NORMAL_BASELINE
e1000000-0000-0000-0000-000000001625,2949.05,7.9896,0.0149,9,0,0,2,1,3,2949.05,6193.01,1.598,0.02,0,901.0,0.104,0.882,14,23,0.625,0.008,0.045,0,99,1,NORMAL_TRANSACTION,0,0,NORMAL_BASELINE
e1000000-0000-0000-0000-000000001626,2912.58,7.9771,0.0017,9,0,0,0,1,3,2912.58,6116.42,0.94,0.02,0,150844.0,0.119,0.8835,11,16,0.706,0.008,0.045,0,99,1,NORMAL_TRANSACTION,0,0,NORMAL_BASELINE
e1000000-0000-0000-0000-000000001627,3493.86,8.159,0.0014,9,0,0,0,1,3,3493.86,7337.11,1.504,0.02,0,59118.0,0.721,0.8602,9,11,0.833,0.008,0.045,0,99,1,NORMAL_TRANSACTION,0,0,NORMAL_BASELINE
e1000000-0000-0000-0000-000000001628,1565.26,7.3564,0.0032,9,0,0,0,1,3,1565.26,3287.05,0.774,0.02,0,54510.0,0.063,0.9374,13,25,0.538,0.008,0.045,0,99,1,NORMAL_TRANSACTION,0,0,NORMAL_BASELINE
e1000000-0000-0000-0000-000000001629,2388.55,7.7789,0.0,9,0,0,3,1,3,2388.55,5015.96,1.172,0.02,0,82331.0,0.092,0.9045,10,15,0.688,0.008,0.045,0,99,1,NORMAL_TRANSACTION,0,0,NORMAL_BASELINE
e1000000-0000-0000-0000-000000001630,3081.17,8.0334,0.0016,10,0,0,0,1,3,3081.17,6470.46,1.792,0.02,0,248892.0,1.0,0.8768,15,17,0.889,0.008,0.045,0,99,1,NORMAL_TRANSACTION,0,0,NORMAL_BASELINE
e1000000-0000-0000-0000-000000001631,7141.27,8.8738,0.0149,10,0,0,2,1,3,7141.27,14996.67,3.468,0.02,0,135044.0,0.567,0.7143,5,14,0.4,0.008,0.045,0,99,1,NORMAL_TRANSACTION,0,0,NORMAL_BASELINE
e1000000-0000-0000-0000-000000001632,2697.59,7.9005,0.0,10,0,0,3,1,3,2697.59,5664.94,0.905,0.02,0,49152.0,0.095,0.8921,11,15,0.75,0.008,0.045,0,99,1,NORMAL_TRANSACTION,0,0,NORMAL_BASELINE
e1000000-0000-0000-0000-000000001633,5408.97,8.596,0.0,10,0,0,1,1,3,5408.97,11358.84,1.078,0.02,0,49943.0,0.013,0.7836,16,12,1.308,0.008,0.045,0,99,1,NORMAL_TRANSACTION,0,0,NORMAL_BASELINE
e1000000-0000-0000-0000-000000001634,1230.82,7.1162,0.0,10,0,0,3,1,3,1230.82,2584.72,0.424,0.02,0,88499.0,0.522,0.9508,13,24,0.56,0.008,0.045,0,99,1,NORMAL_TRANSACTION,0,0,NORMAL_BASELINE
e1000000-0000-0000-0000-000000001635,3622.27,8.1951,0.0149,10,0,0,2,1,3,3622.27,7606.77,1.34,0.02,0,67019.0,0.14,0.8551,13,17,0.778,0.008,0.045,0,99,1,NORMAL_TRANSACTION,0,0,NORMAL_BASELINE
e1000000-0000-0000-0000-000000001636,1332.52,7.1956,0.0038,10,0,0,0,1,3,1332.52,2798.29,0.465,0.02,0,74957.0,0.062,0.9467,16,20,0.81,0.008,0.045,0,99,1,NORMAL_TRANSACTION,0,0,NORMAL_BASELINE
e1000000-0000-0000-0000-000000001637,567.81,6.3435,0.0088,10,0,0,0,1,3,567.81,1192.4,0.281,0.02,0,62787.0,0.019,0.9773,12,23,0.542,0.008,0.045,0,99,1,NORMAL_TRANSACTION,0,0,NORMAL_BASELINE
e1000000-0000-0000-0000-000000001638,1736.14,7.46,0.0149,11,0,0,2,1,3,1736.14,3645.89,0.913,0.02,0,5072.0,0.062,0.9306,14,23,0.625,0.008,0.045,0,99,1,NORMAL_TRANSACTION,0,0,NORMAL_BASELINE
e1000000-0000-0000-0000-000000001639,3900.45,8.2691,0.0013,11,0,0,0,1,3,3900.45,8190.94,2.012,0.02,0,581.0,0.13,0.844,12,23,0.542,0.008,0.045,0,99,1,NORMAL_TRANSACTION,0,0,NORMAL_BASELINE
e1000000-0000-0000-0000-000000001640,5825.96,8.6703,0.0,11,0,0,1,1,3,5825.96,12234.52,1.449,0.02,0,164100.0,0.017,0.767,9,11,0.833,0.008,0.045,0,99,1,NORMAL_TRANSACTION,0,0,NORMAL_BASELINE
e1000000-0000-0000-0000-000000001641,1151.78,7.0499,0.0,11,0,0,3,1,3,1151.78,2418.74,0.413,0.02,0,87932.0,1.0,0.9539,10,12,0.846,0.008,0.045,0,99,1,NORMAL_TRANSACTION,0,0,NORMAL_BASELINE
e1000000-0000-0000-0000-000000001642,3169.42,8.0616,0.0,11,0,0,1,1,3,3169.42,6655.78,0.579,0.02,0,53861.0,0.018,0.8732,12,16,0.765,0.008,0.045,0,99,1,NORMAL_TRANSACTION,0,0,NORMAL_BASELINE
e1000000-0000-0000-0000-000000001643,3306.54,8.104,0.0149,11,0,0,2,1,3,3306.54,6943.73,1.848,0.02,0,56408.0,0.125,0.8677,14,19,0.75,0.008,0.045,0,99,1,NORMAL_TRANSACTION,0,0,NORMAL_BASELINE
e1000000-0000-0000-0000-000000001644,2827.56,7.9475,0.0,11,0,0,3,1,3,2827.56,5937.88,1.147,0.02,0,64463.0,0.083,0.8869,6,15,0.438,0.008,0.045,0,99,1,NORMAL_TRANSACTION,0,0,NORMAL_BASELINE
e1000000-0000-0000-0000-000000001645,214.93,5.375,0.0,11,0,0,3,1,3,214.93,451.35,0.091,0.02,0,79362.0,0.038,0.9914,12,15,0.812,0.008,0.045,0,99,1,NORMAL_TRANSACTION,0,0,NORMAL_BASELINE
e1000000-0000-0000-0000-000000001646,2837.53,7.951,0.0018,11,0,0,0,1,3,2837.53,5958.81,1.856,0.02,0,49657.0,0.261,0.8865,13,18,0.737,0.008,0.045,0,99,1,NORMAL_TRANSACTION,0,0,NORMAL_BASELINE
e1000000-0000-0000-0000-000000001647,2817.66,7.944,0.0018,11,0,0,0,1,3,2817.66,5917.09,1.003,0.02,0,61584.0,0.089,0.8873,15,14,1.067,0.008,0.045,0,99,1,NORMAL_TRANSACTION,0,0,NORMAL_BASELINE
e1000000-0000-0000-0000-000000001648,3688.65,8.2133,0.0149,11,0,0,2,1,3,3688.65,7746.17,2.568,0.02,0,10475.0,0.189,0.8525,9,18,0.526,0.008,0.045,0,99,1,NORMAL_TRANSACTION,0,0,NORMAL_BASELINE
e1000000-0000-0000-0000-000000001649,1435.27,7.2698,0.0035,12,0,0,0,1,3,1435.27,3014.07,0.948,0.02,0,65313.0,0.044,0.9426,15,11,1.333,0.008,0.045,0,99,1,NORMAL_TRANSACTION,0,0,NORMAL_BASELINE
e1000000-0000-0000-0000-000000001650,2031.75,7.6171,0.0149,12,0,0,2,1,3,2031.75,4266.68,0.771,0.02,0,67297.0,0.151,0.9187,10,17,0.611,0.008,0.045,0,99,1,NORMAL_TRANSACTION,0,0,NORMAL_BASELINE
e1000000-0000-0000-0000-000000001651,2677.67,7.8931,0.0019,12,0,0,0,1,3,2677.67,5623.11,0.978,0.02,0,71952.0,0.155,0.8929,15,22,0.696,0.008,0.045,0,99,1,NORMAL_TRANSACTION,0,0,NORMAL_BASELINE
e1000000-0000-0000-0000-000000001652,1400.1,7.245,0.0036,12,0,0,0,1,3,1400.1,2940.21,0.405,0.02,0,57655.0,0.048,0.944,13,15,0.875,0.008,0.045,0,99,1,NORMAL_TRANSACTION,0,0,NORMAL_BASELINE
e1000000-0000-0000-0000-000000001653,380.32,5.9436,0.0,12,0,0,0,1,3,380.32,798.67,0.129,0.02,0,71665.0,0.015,0.9848,13,26,0.519,0.008,0.045,0,99,1,NORMAL_TRANSACTION,0,0,NORMAL_BASELINE
e1000000-0000-0000-0000-000000001654,1755.29,7.471,0.0028,12,0,0,0,1,3,1755.29,3686.11,0.777,0.02,0,171328.0,0.09,0.9298,16,14,1.133,0.008,0.045,0,99,1,NORMAL_TRANSACTION,0,0,NORMAL_BASELINE
e1000000-0000-0000-0000-000000001655,1086.66,6.9918,0.0046,12,0,0,0,1,3,1086.66,2281.99,0.375,0.02,0,101830.0,0.213,0.9565,12,24,0.52,0.008,0.045,0,99,1,NORMAL_TRANSACTION,0,0,NORMAL_BASELINE
e1000000-0000-0000-0000-000000001656,1011.93,6.9206,0.0,12,0,0,3,1,3,1011.93,2125.05,0.535,0.02,0,63101.0,0.129,0.9595,9,14,0.667,0.008,0.045,0,99,1,NORMAL_TRANSACTION,0,0,NORMAL_BASELINE
e1000000-0000-0000-0000-000000001657,2693.26,7.8989,0.0019,12,0,0,0,1,3,2693.26,5655.85,1.268,0.02,0,158255.0,0.167,0.8923,9,20,0.476,0.008,0.045,0,99,1,NORMAL_TRANSACTION,0,0,NORMAL_BASELINE
e1000000-0000-0000-0000-000000001658,2983.04,8.001,0.0017,12,0,0,0,1,3,2983.04,6264.38,1.574,0.02,0,91861.0,1.0,0.8807,11,16,0.706,0.008,0.045,0,99,1,NORMAL_TRANSACTION,0,0,NORMAL_BASELINE
e1000000-0000-0000-0000-000000001659,2972.77,7.9976,0.0017,12,0,0,0,1,3,2972.77,6242.82,1.373,0.02,0,285.0,0.184,0.8811,9,20,0.476,0.008,0.045,0,99,1,NORMAL_TRANSACTION,0,0,NORMAL_BASELINE
e1000000-0000-0000-0000-000000001660,1973.42,7.588,0.0,12,0,0,3,1,3,1973.42,4144.18,0.82,0.02,0,99450.0,0.067,0.9211,13,19,0.7,0.008,0.045,0,99,1,NORMAL_TRANSACTION,0,0,NORMAL_BASELINE
e1000000-0000-0000-0000-000000001661,3505.63,8.1624,0.0149,12,0,0,2,1,3,3505.63,7361.82,1.899,0.02,0,145032.0,0.213,0.8598,15,20,0.762,0.008,0.045,0,99,1,NORMAL_TRANSACTION,0,0,NORMAL_BASELINE
e1000000-0000-0000-0000-000000001662,3710.43,8.2192,0.0013,12,0,0,0,1,3,3710.43,7791.9,1.885,0.02,0,249521.0,1.0,0.8516,13,13,1.0,0.008,0.045,0,99,1,NORMAL_TRANSACTION,0,0,NORMAL_BASELINE
e1000000-0000-0000-0000-000000001663,7513.37,8.9246,0.0,12,0,0,1,1,3,7513.37,15778.08,1.197,0.02,0,321755.0,0.017,0.6995,6,13,0.5,0.008,0.045,0,99,1,NORMAL_TRANSACTION,0,0,NORMAL_BASELINE
e1000000-0000-0000-0000-000000001664,2117.11,7.6583,0.0149,12,0,0,2,1,3,2117.11,4445.93,0.807,0.02,0,100071.0,1.0,0.9153,14,23,0.625,0.008,0.045,0,99,1,NORMAL_TRANSACTION,0,0,NORMAL_BASELINE
e1000000-0000-0000-0000-000000001665,1096.99,7.0012,0.0,12,0,0,3,1,3,1096.99,2303.68,0.578,0.02,0,4448.0,0.041,0.9561,14,19,0.75,0.008,0.045,0,99,1,NORMAL_TRANSACTION,0,0,NORMAL_BASELINE
e1000000-0000-0000-0000-000000001666,831.68,6.7246,0.006,12,0,0,0,1,3,831.68,1746.53,0.35,0.02,0,780.0,0.028,0.9667,13,19,0.7,0.008,0.045,0,99,1,NORMAL_TRANSACTION,0,0,NORMAL_BASELINE
e1000000-0000-0000-0000-000000001667,698.4,6.5502,0.0,12,0,0,3,1,3,698.4,1466.64,0.343,0.02,0,178769.0,0.025,0.9721,15,21,0.727,0.008,0.045,0,99,1,NORMAL_TRANSACTION,0,0,NORMAL_BASELINE
e1000000-0000-0000-0000-000000001668,200.0,5.3033,0.0,13,0,0,4,1,3,200.0,420.0,0.077,0.02,0,144214.0,0.008,0.992,17,17,1.0,0.008,0.045,0,99,1,NORMAL_TRANSACTION,0,0,NORMAL_BASELINE
e1000000-0000-0000-0000-000000001669,2142.66,7.6703,0.0,13,0,0,3,1,3,2142.66,4499.59,1.011,0.02,0,54612.0,0.063,0.9143,12,15,0.812,0.008,0.045,0,99,1,NORMAL_TRANSACTION,0,0,NORMAL_BASELINE
e1000000-0000-0000-0000-000000001670,1164.63,7.061,0.0,13,0,0,3,1,3,1164.63,2445.72,0.632,0.02,0,791.0,0.044,0.9534,14,19,0.75,0.008,0.045,0,99,1,NORMAL_TRANSACTION,0,0,NORMAL_BASELINE
e1000000-0000-0000-0000-000000001671,857.7,6.7554,0.0,13,0,0,3,1,3,857.7,1801.17,0.333,0.02,0,3600.0,0.064,0.9657,10,17,0.611,0.008,0.045,0,99,1,NORMAL_TRANSACTION,0,0,NORMAL_BASELINE
e1000000-0000-0000-0000-000000001672,3066.76,8.0287,0.0,13,0,0,3,1,3,3066.76,6440.2,1.085,0.02,0,3318.0,0.117,0.8773,13,26,0.519,0.008,0.045,0,99,1,NORMAL_TRANSACTION,0,0,NORMAL_BASELINE
e1000000-0000-0000-0000-000000001673,2965.13,7.995,0.0149,13,0,0,2,1,3,2965.13,6226.77,1.686,0.02,0,70935.0,0.16,0.8814,10,14,0.733,0.008,0.045,0,99,1,NORMAL_TRANSACTION,0,0,NORMAL_BASELINE
e1000000-0000-0000-0000-000000001674,2305.77,7.7436,0.0,13,0,0,3,1,3,2305.77,4842.12,1.032,0.02,0,79593.0,0.27,0.9078,16,13,1.214,0.008,0.045,0,99,1,NORMAL_TRANSACTION,0,0,NORMAL_BASELINE
e1000000-0000-0000-0000-000000001675,4539.22,8.4207,0.0,13,0,0,1,1,3,4539.22,9532.36,1.061,0.02,0,84228.0,0.008,0.8184,14,9,1.5,0.008,0.045,0,99,1,NORMAL_TRANSACTION,0,0,NORMAL_BASELINE
e1000000-0000-0000-0000-000000001676,6597.25,8.7946,0.0,13,0,0,1,1,3,6597.25,13854.23,1.359,0.02,0,63241.0,0.013,0.7361,18,18,1.0,0.008,0.045,0,99,1,NORMAL_TRANSACTION,0,0,NORMAL_BASELINE
e1000000-0000-0000-0000-000000001677,3031.54,8.0172,0.0,13,0,0,3,1,3,3031.54,6366.23,1.045,0.02,0,15494.0,0.338,0.8787,8,21,0.409,0.008,0.045,0,99,1,NORMAL_TRANSACTION,0,0,NORMAL_BASELINE
e1000000-0000-0000-0000-000000001678,939.39,6.8463,0.0149,13,0,0,2,1,3,939.39,1972.72,0.396,0.02,0,177070.0,0.039,0.9624,8,18,0.474,0.008,0.045,0,99,1,NORMAL_TRANSACTION,0,0,NORMAL_BASELINE
e1000000-0000-0000-0000-000000001679,6655.66,8.8034,0.0149,13,0,0,2,1,3,6655.66,13976.89,3.175,0.02,0,92496.0,0.259,0.7338,13,19,0.7,0.008,0.045,0,99,1,NORMAL_TRANSACTION,0,0,NORMAL_BASELINE
e1000000-0000-0000-0000-000000001680,8561.09,9.0551,0.0,13,0,0,1,1,3,8561.09,17978.29,1.482,0.02,0,235029.0,0.039,0.6576,12,13,0.929,0.008,0.045,0,99,1,NORMAL_TRANSACTION,0,0,NORMAL_BASELINE
e1000000-0000-0000-0000-000000001681,2612.56,7.8685,0.0,13,0,0,3,1,3,2612.56,5486.38,0.963,0.02,0,59882.0,0.433,0.8955,10,18,0.579,0.008,0.045,0,99,1,NORMAL_TRANSACTION,0,0,NORMAL_BASELINE
e1000000-0000-0000-0000-000000001682,262.03,5.5723,0.0,13,0,0,3,1,3,262.03,550.26,0.115,0.02,0,3250.0,0.009,0.9895,13,19,0.7,0.008,0.045,0,99,1,NORMAL_TRANSACTION,0,0,NORMAL_BASELINE
e1000000-0000-0000-0000-000000001683,1669.15,7.4207,0.0,13,0,0,1,1,3,1669.15,3505.22,0.388,0.02,0,1893.0,0.003,0.9332,14,9,1.5,0.008,0.045,0,99,1,NORMAL_TRANSACTION,0,0,NORMAL_BASELINE
e1000000-0000-0000-0000-000000001684,1515.04,7.3239,0.0,14,0,0,1,1,3,1515.04,3181.58,0.3,0.02,0,13468.0,0.004,0.9394,16,12,1.308,0.008,0.045,0,99,1,NORMAL_TRANSACTION,0,0,NORMAL_BASELINE
e1000000-0000-0000-0000-000000001685,200.0,5.3033,0.0,14,0,0,4,1,3,200.0,420.0,0.064,0.02,0,85125.0,0.383,0.992,12,16,0.765,0.008,0.045,0,99,1,NORMAL_TRANSACTION,0,0,NORMAL_BASELINE
e1000000-0000-0000-0000-000000001686,2713.59,7.9064,0.0,14,0,0,1,1,3,2713.59,5698.54,0.432,0.02,0,66116.0,0.006,0.8915,16,11,1.417,0.008,0.045,0,99,1,NORMAL_TRANSACTION,0,0,NORMAL_BASELINE
e1000000-0000-0000-0000-000000001687,1208.11,7.0976,0.0,14,0,0,3,1,3,1208.11,2537.03,0.454,0.02,0,17285.0,0.052,0.9517,14,21,0.682,0.008,0.045,0,99,1,NORMAL_TRANSACTION,0,0,NORMAL_BASELINE
e1000000-0000-0000-0000-000000001688,3800.48,8.2431,0.0,14,0,0,1,1,3,3800.48,7981.01,0.611,0.02,0,79216.0,0.007,0.848,7,10,0.727,0.008,0.045,0,99,1,NORMAL_TRANSACTION,0,0,NORMAL_BASELINE
e1000000-0000-0000-0000-000000001689,1582.2,7.3672,0.0032,14,0,0,0,1,3,1582.2,3322.62,0.693,0.02,0,19914.0,0.049,0.9367,17,19,0.9,0.008,0.045,0,99,1,NORMAL_TRANSACTION,0,0,NORMAL_BASELINE
e1000000-0000-0000-0000-000000001690,5961.4,8.6932,0.0149,14,0,0,2,1,3,5961.4,12518.94,2.975,0.02,0,6738.0,1.0,0.7615,11,16,0.706,0.008,0.045,0,99,1,NORMAL_TRANSACTION,0,0,NORMAL_BASELINE
e1000000-0000-0000-0000-000000001691,453.37,6.1189,0.0,14,0,0,3,1,3,453.37,952.08,0.205,0.02,0,7901.0,0.023,0.9819,16,14,1.133,0.008,0.045,0,99,1,NORMAL_TRANSACTION,0,0,NORMAL_BASELINE
e1000000-0000-0000-0000-000000001692,509.88,6.2361,0.0,14,0,0,3,1,3,509.88,1070.75,0.202,0.02,0,16319.0,0.04,0.9796,5,14,0.4,0.008,0.045,0,99,1,NORMAL_TRANSACTION,0,0,NORMAL_BASELINE
e1000000-0000-0000-0000-000000001693,2949.89,7.9899,0.0,14,0,0,3,1,3,2949.89,6194.77,1.344,0.02,0,10920.0,0.524,0.882,12,15,0.812,0.008,0.045,0,99,1,NORMAL_TRANSACTION,0,0,NORMAL_BASELINE
e1000000-0000-0000-0000-000000001694,1838.69,7.5174,0.0027,14,0,0,0,1,3,1838.69,3861.25,0.836,0.02,0,343446.0,0.432,0.9265,17,18,0.947,0.008,0.045,0,99,1,NORMAL_TRANSACTION,0,0,NORMAL_BASELINE
e1000000-0000-0000-0000-000000001695,8425.43,9.0391,0.0,14,0,0,1,1,3,8425.43,17693.4,1.434,0.02,0,245964.0,0.017,0.663,12,8,1.444,0.008,0.045,0,99,1,NORMAL_TRANSACTION,0,0,NORMAL_BASELINE
e1000000-0000-0000-0000-000000001696,2618.36,7.8707,0.0019,14,0,0,0,1,3,2618.36,5498.56,0.883,0.02,0,160036.0,0.125,0.8953,8,15,0.562,0.008,0.045,0,99,1,NORMAL_TRANSACTION,0,0,NORMAL_BASELINE
e1000000-0000-0000-0000-000000001697,1165.13,7.0614,0.0043,15,0,0,0,1,3,1165.13,2446.77,0.505,0.02,0,81263.0,0.123,0.9534,8,18,0.474,0.008,0.045,0,99,1,NORMAL_TRANSACTION,0,0,NORMAL_BASELINE
e1000000-0000-0000-0000-000000001698,2276.88,7.731,0.0022,15,0,0,0,1,3,2276.88,4781.45,1.248,0.02,0,19126.0,0.961,0.9089,15,17,0.889,0.008,0.045,0,99,1,NORMAL_TRANSACTION,0,0,NORMAL_BASELINE
e1000000-0000-0000-0000-000000001699,6021.15,8.7032,0.0,15,0,0,1,1,3,6021.15,12644.41,1.066,0.02,0,21866.0,0.017,0.7592,8,18,0.474,0.008,0.045,0,99,1,NORMAL_TRANSACTION,0,0,NORMAL_BASELINE
e1000000-0000-0000-0000-000000001700,2619.53,7.8711,0.0,15,0,0,3,1,3,2619.53,5501.01,1.01,0.02,0,9896.0,1.0,0.8952,14,23,0.625,0.008,0.045,0,99,1,NORMAL_TRANSACTION,0,0,NORMAL_BASELINE
e1000000-0000-0000-0000-000000001701,1253.26,7.1343,0.004,15,0,0,0,1,3,1253.26,2631.85,0.626,0.02,0,22962.0,0.211,0.9499,12,17,0.722,0.008,0.045,0,99,1,NORMAL_TRANSACTION,0,0,NORMAL_BASELINE
e1000000-0000-0000-0000-000000001702,3178.89,8.0646,0.0,15,0,0,3,1,3,3178.89,6675.67,1.589,0.02,0,21502.0,0.129,0.8728,13,25,0.538,0.008,0.045,0,99,1,NORMAL_TRANSACTION,0,0,NORMAL_BASELINE
e1000000-0000-0000-0000-000000001703,20.0,3.0445,0.0,15,0,0,4,1,3,20.0,42.0,0.009,0.02,0,25047.0,0.001,0.9992,14,22,0.652,0.008,0.045,0,99,1,NORMAL_TRANSACTION,0,0,NORMAL_BASELINE
e1000000-0000-0000-0000-000000001704,3765.29,8.2338,0.0013,16,0,0,0,1,3,3765.29,7907.11,1.831,0.02,0,21901.0,0.145,0.8494,10,15,0.688,0.008,0.045,0,99,1,NORMAL_TRANSACTION,0,0,NORMAL_BASELINE
e1000000-0000-0000-0000-000000001705,1356.36,7.2133,0.0,16,0,0,3,1,3,1356.36,2848.36,0.802,0.02,0,25784.0,0.097,0.9457,7,21,0.364,0.008,0.045,0,99,1,NORMAL_TRANSACTION,0,0,NORMAL_BASELINE
e1000000-0000-0000-0000-000000001706,1892.67,7.5463,0.0026,16,0,0,0,1,3,1892.67,3974.61,0.76,0.02,0,183927.0,0.093,0.9243,10,16,0.647,0.008,0.045,0,99,1,NORMAL_TRANSACTION,0,0,NORMAL_BASELINE
e1000000-0000-0000-0000-000000001707,2977.59,7.9992,0.0,16,0,0,3,1,3,2977.59,6252.94,1.018,0.02,0,6196.0,0.142,0.8809,8,15,0.562,0.008,0.045,0,99,1,NORMAL_TRANSACTION,0,0,NORMAL_BASELINE
e1000000-0000-0000-0000-000000001708,386.31,5.9592,0.0,16,0,0,3,1,3,386.31,811.25,0.144,0.02,0,154411.0,0.045,0.9845,8,17,0.5,0.008,0.045,0,99,1,NORMAL_TRANSACTION,0,0,NORMAL_BASELINE
e1000000-0000-0000-0000-000000001709,7415.56,8.9115,0.0,16,0,0,1,1,3,7415.56,15572.68,1.765,0.02,0,19142.0,0.022,0.7034,9,11,0.833,0.008,0.045,0,99,1,NORMAL_TRANSACTION,0,0,NORMAL_BASELINE
e1000000-0000-0000-0000-000000001710,1605.35,7.3817,0.0,16,0,0,1,1,3,1605.35,3371.24,0.267,0.02,0,194348.0,0.003,0.9358,13,10,1.273,0.008,0.045,0,99,1,NORMAL_TRANSACTION,0,0,NORMAL_BASELINE
e1000000-0000-0000-0000-000000001711,648.83,6.4767,0.0077,16,0,0,0,1,3,648.83,1362.54,0.479,0.02,0,90569.0,0.021,0.974,11,22,0.522,0.008,0.045,0,99,1,NORMAL_TRANSACTION,0,0,NORMAL_BASELINE
e1000000-0000-0000-0000-000000001712,2382.2,7.7762,0.0021,17,0,0,0,1,3,2382.2,5002.62,1.275,0.02,0,14971.0,0.128,0.9047,10,14,0.733,0.008,0.045,0,99,1,NORMAL_TRANSACTION,0,0,NORMAL_BASELINE
e1000000-0000-0000-0000-000000001713,3199.33,8.071,0.0016,17,0,0,0,1,3,3199.33,6718.59,1.323,0.02,0,15598.0,0.238,0.872,10,17,0.611,0.008,0.045,0,99,1,NORMAL_TRANSACTION,0,0,NORMAL_BASELINE
e1000000-0000-0000-0000-000000001714,4286.2,8.3634,0.0012,17,0,0,0,1,3,4286.2,9001.02,3.261,0.02,0,2524.0,0.139,0.8286,11,22,0.522,0.008,0.045,0,99,1,NORMAL_TRANSACTION,0,0,NORMAL_BASELINE
e1000000-0000-0000-0000-000000001715,1079.19,6.9849,0.0046,17,0,0,0,1,3,1079.19,2266.3,0.486,0.02,0,18304.0,0.067,0.9568,9,20,0.476,0.008,0.045,0,99,1,NORMAL_TRANSACTION,0,0,NORMAL_BASELINE
e1000000-0000-0000-0000-000000001716,9829.5,9.1932,0.0,17,0,0,1,1,3,9829.5,20641.95,1.426,0.02,0,199167.0,0.034,0.6068,16,16,1.0,0.008,0.045,0,99,1,NORMAL_TRANSACTION,0,0,NORMAL_BASELINE
e1000000-0000-0000-0000-000000001717,4217.52,8.3472,0.0012,17,0,0,0,1,3,4217.52,8856.79,2.039,0.02,0,273935.0,0.181,0.8313,7,22,0.348,0.008,0.045,0,99,1,NORMAL_TRANSACTION,0,0,NORMAL_BASELINE
e1000000-0000-0000-0000-000000001718,7599.51,8.936,0.0149,17,0,0,2,1,3,7599.51,15958.97,2.852,0.02,0,112692.0,0.26,0.696,8,16,0.529,0.008,0.045,0,99,1,NORMAL_TRANSACTION,0,0,NORMAL_BASELINE
e1000000-0000-0000-0000-000000001719,1557.52,7.3515,0.0149,17,0,0,2,1,3,1557.52,3270.79,0.623,0.02,0,109056.0,0.24,0.9377,17,15,1.125,0.008,0.045,0,99,1,NORMAL_TRANSACTION,0,0,NORMAL_BASELINE
e1000000-0000-0000-0000-000000001720,3439.27,8.1433,0.0015,17,0,0,0,1,3,3439.27,7222.47,1.258,0.02,0,19888.0,0.2,0.8624,15,22,0.696,0.008,0.045,0,99,1,NORMAL_TRANSACTION,0,0,NORMAL_BASELINE
e1000000-0000-0000-0000-000000001721,788.39,6.6713,0.0,17,0,0,3,1,3,788.39,1655.62,0.333,0.02,0,14994.0,0.031,0.9685,13,19,0.7,0.008,0.045,0,99,1,NORMAL_TRANSACTION,0,0,NORMAL_BASELINE
e1000000-0000-0000-0000-000000001722,329.75,5.8014,0.0,17,0,0,3,1,3,329.75,692.48,0.162,0.02,0,114732.0,0.01,0.9868,11,16,0.706,0.008,0.045,0,99,1,NORMAL_TRANSACTION,0,0,NORMAL_BASELINE
e1000000-0000-0000-0000-000000001723,1085.2,6.9904,0.0046,18,0,0,0,1,3,1085.2,2278.92,0.826,0.02,0,84667.0,0.033,0.9566,14,14,1.0,0.008,0.045,0,99,1,NORMAL_TRANSACTION,0,0,NORMAL_BASELINE
e1000000-0000-0000-0000-000000001724,2528.66,7.8358,0.002,18,0,0,0,1,3,2528.66,5310.19,1.127,0.02,0,268339.0,0.179,0.8989,9,9,1.0,0.008,0.045,0,99,1,NORMAL_TRANSACTION,0,0,NORMAL_BASELINE
e1000000-0000-0000-0000-000000001725,1433.61,7.2686,0.0035,18,0,0,0,1,3,1433.61,3010.58,0.516,0.02,0,2925.0,0.083,0.9427,15,22,0.696,0.008,0.045,0,99,1,NORMAL_TRANSACTION,0,0,NORMAL_BASELINE
e1000000-0000-0000-0000-000000001726,3950.09,8.2817,0.0013,18,0,0,0,1,3,3950.09,8295.19,1.358,0.02,0,18709.0,0.44,0.842,8,21,0.409,0.008,0.045,0,99,1,NORMAL_TRANSACTION,0,0,NORMAL_BASELINE
e1000000-0000-0000-0000-000000001727,3341.83,8.1146,0.0015,18,0,0,0,1,3,3341.83,7017.84,1.491,0.02,0,15745.0,0.104,0.8663,17,19,0.9,0.008,0.045,0,99,1,NORMAL_TRANSACTION,0,0,NORMAL_BASELINE
e1000000-0000-0000-0000-000000001728,1864.64,7.5314,0.0027,18,0,0,0,1,3,1864.64,3915.74,0.815,0.02,0,103129.0,0.055,0.9254,16,13,1.214,0.008,0.045,0,99,1,NORMAL_TRANSACTION,0,0,NORMAL_BASELINE
e1000000-0000-0000-0000-000000001729,1425.35,7.2629,0.0,18,0,0,3,1,3,1425.35,2993.24,0.417,0.02,0,100505.0,0.157,0.943,15,20,0.762,0.008,0.045,0,99,1,NORMAL_TRANSACTION,0,0,NORMAL_BASELINE
e1000000-0000-0000-0000-000000001730,5675.35,8.6441,0.0149,19,0,0,2,1,3,5675.35,11918.24,2.121,0.02,0,196949.0,0.18,0.773,10,25,0.423,0.008,0.045,0,99,1,NORMAL_TRANSACTION,0,0,NORMAL_BASELINE
e1000000-0000-0000-0000-000000001731,3516.18,8.1654,0.0014,19,0,0,0,1,3,3516.18,7383.98,1.075,0.02,0,445908.0,0.166,0.8594,13,13,1.0,0.008,0.045,0,99,1,NORMAL_TRANSACTION,0,0,NORMAL_BASELINE
e1000000-0000-0000-0000-000000001732,500.0,6.2166,0.0,19,0,0,4,1,3,500.0,1050.0,0.23,0.02,0,15440.0,0.117,0.98,17,18,0.947,0.008,0.045,0,99,1,NORMAL_TRANSACTION,0,0,NORMAL_BASELINE
e1000000-0000-0000-0000-000000001733,2816.67,7.9437,0.0018,19,0,0,0,1,3,2816.67,5915.01,1.017,0.02,0,115994.0,0.106,0.8873,14,17,0.833,0.008,0.045,0,99,1,NORMAL_TRANSACTION,0,0,NORMAL_BASELINE
e1000000-0000-0000-0000-000000001734,2481.95,7.8172,0.002,19,0,0,0,1,3,2481.95,5212.1,1.156,0.02,0,6552.0,0.154,0.9007,9,20,0.476,0.008,0.045,0,99,1,NORMAL_TRANSACTION,0,0,NORMAL_BASELINE
e1000000-0000-0000-0000-000000001735,3818.13,8.2478,0.0013,19,0,0,0,1,3,3818.13,8018.07,1.303,0.02,0,10875.0,0.182,0.8473,8,15,0.562,0.008,0.045,0,99,1,NORMAL_TRANSACTION,0,0,NORMAL_BASELINE
e1000000-0000-0000-0000-000000001736,2022.49,7.6126,0.0025,19,0,0,0,1,3,2022.49,4247.23,0.767,0.02,0,173238.0,0.264,0.9191,9,18,0.526,0.008,0.045,0,99,1,NORMAL_TRANSACTION,0,0,NORMAL_BASELINE
e1000000-0000-0000-0000-000000001737,858.72,6.7566,0.0058,20,0,0,0,1,3,858.72,1803.31,0.416,0.02,0,19965.0,0.044,0.9657,16,14,1.133,0.008,0.045,0,99,1,NORMAL_TRANSACTION,0,0,NORMAL_BASELINE
e1000000-0000-0000-0000-000000001738,2179.5,7.6873,0.0023,20,0,0,0,1,3,2179.5,4576.95,1.546,0.02,0,170843.0,0.466,0.9128,12,13,0.929,0.008,0.045,0,99,1,NORMAL_TRANSACTION,0,0,NORMAL_BASELINE
e1000000-0000-0000-0000-000000001739,769.58,6.6471,0.0,20,0,0,3,1,3,769.58,1616.12,0.233,0.02,0,3932.0,0.036,0.9692,13,13,1.0,0.008,0.045,0,99,1,NORMAL_TRANSACTION,0,0,NORMAL_BASELINE
e1000000-0000-0000-0000-000000001740,3406.23,8.1337,0.0015,20,0,0,0,1,3,3406.23,7153.08,1.757,0.02,0,27969.0,0.207,0.8638,15,20,0.762,0.008,0.045,0,99,1,NORMAL_TRANSACTION,0,0,NORMAL_BASELINE
e1000000-0000-0000-0000-000000001741,3762.06,8.233,0.0,20,0,0,1,1,3,3762.06,7900.33,0.681,0.02,0,13625.0,0.007,0.8495,13,10,1.273,0.008,0.045,0,99,1,NORMAL_TRANSACTION,0,0,NORMAL_BASELINE
e1000000-0000-0000-0000-000000001742,1046.84,6.9545,0.0149,20,0,0,2,1,3,1046.84,2198.36,0.468,0.02,0,122678.0,0.059,0.9581,14,21,0.682,0.008,0.045,0,99,1,NORMAL_TRANSACTION,0,0,NORMAL_BASELINE
e1000000-0000-0000-0000-000000001743,3478.26,8.1546,0.0014,21,0,0,0,1,3,3478.26,7304.35,1.694,0.02,0,6847.0,0.817,0.8609,17,18,0.947,0.008,0.045,0,99,1,NORMAL_TRANSACTION,0,0,NORMAL_BASELINE
e1000000-0000-0000-0000-000000001744,1571.63,7.3605,0.0149,21,0,0,2,1,3,1571.63,3300.42,0.69,0.02,0,12196.0,0.061,0.9371,13,19,0.7,0.008,0.045,0,99,1,NORMAL_TRANSACTION,0,0,NORMAL_BASELINE
e1000000-0000-0000-0000-000000001745,5962.65,8.6934,0.0,21,0,0,1,1,3,5962.65,12521.57,0.944,0.02,0,300832.0,0.016,0.7615,20,19,1.05,0.008,0.045,0,99,1,NORMAL_TRANSACTION,0,0,NORMAL_BASELINE
e1000000-0000-0000-0000-000000001746,2091.61,7.6462,0.0024,21,0,0,0,1,3,2091.61,4392.38,1.127,0.02,0,21373.0,0.883,0.9163,15,17,0.889,0.008,0.045,0,99,1,NORMAL_TRANSACTION,0,0,NORMAL_BASELINE
e1000000-0000-0000-0000-000000001747,4327.38,8.3729,0.0012,21,0,0,0,1,3,4327.38,9087.5,3.419,0.02,0,85215.0,0.149,0.8269,12,22,0.565,0.008,0.045,0,99,1,NORMAL_TRANSACTION,0,0,NORMAL_BASELINE
e1000000-0000-0000-0000-000000001748,1645.42,7.4064,0.0,21,0,0,3,1,3,1645.42,3455.38,0.772,0.02,0,185344.0,0.073,0.9342,16,20,0.81,0.008,0.045,0,99,1,NORMAL_TRANSACTION,0,0,NORMAL_BASELINE
e1000000-0000-0000-0000-000000001749,1450.37,7.2803,0.0149,21,0,0,2,1,3,1450.37,3045.78,0.684,0.02,0,31253.0,0.043,0.942,12,15,0.812,0.008,0.045,0,99,1,NORMAL_TRANSACTION,0,0,NORMAL_BASELINE
e1000000-0000-0000-0000-000000001750,2106.53,7.6533,0.0024,21,0,0,0,1,3,2106.53,4423.71,0.767,0.02,0,39459.0,0.098,0.9157,16,20,0.81,0.008,0.045,0,99,1,NORMAL_TRANSACTION,0,0,NORMAL_BASELINE
e1000000-0000-0000-0000-000000001751,6932.78,8.8442,0.0,21,0,0,1,1,3,6932.78,14558.84,1.25,0.02,0,212331.0,0.017,0.7227,5,10,0.545,0.008,0.045,0,99,1,NORMAL_TRANSACTION,0,0,NORMAL_BASELINE
e1000000-0000-0000-0000-000000001752,2861.96,7.9596,0.0,8,0,0,3,1,3,2861.96,6010.12,1.084,0.02,0,165771.0,0.329,0.8855,10,17,0.611,0.008,0.045,0,99,1,NORMAL_TRANSACTION,0,0,NORMAL_BASELINE
e1000000-0000-0000-0000-000000001753,2144.84,7.6713,0.0,8,0,0,3,1,3,2144.84,4504.16,0.763,0.02,0,73681.0,0.068,0.9142,15,14,1.067,0.008,0.045,0,99,1,NORMAL_TRANSACTION,0,0,NORMAL_BASELINE
e1000000-0000-0000-0000-000000001754,1452.24,7.2816,0.0034,8,0,0,0,1,3,1452.24,3049.7,0.547,0.02,0,421.0,0.167,0.9419,10,17,0.611,0.008,0.045,0,99,1,NORMAL_TRANSACTION,0,0,NORMAL_BASELINE
e1000000-0000-0000-0000-000000001755,3153.18,8.0565,0.0016,8,0,0,0,1,3,3153.18,6621.68,1.198,0.02,0,145435.0,0.178,0.8739,14,20,0.714,0.008,0.045,0,99,1,NORMAL_TRANSACTION,0,0,NORMAL_BASELINE
e1000000-0000-0000-0000-000000001756,1274.34,7.151,0.0039,8,0,0,0,1,3,1274.34,2676.11,0.623,0.02,0,241335.0,0.038,0.949,10,14,0.733,0.008,0.045,0,99,1,NORMAL_TRANSACTION,0,0,NORMAL_BASELINE
e1000000-0000-0000-0000-000000001757,4481.31,8.4079,0.0011,8,0,0,0,1,3,4481.31,9410.75,2.365,0.02,0,54302.0,0.136,0.8207,11,16,0.706,0.008,0.045,0,99,1,NORMAL_TRANSACTION,0,0,NORMAL_BASELINE
e1000000-0000-0000-0000-000000001758,4248.42,8.3545,0.0012,9,0,0,0,1,3,4248.42,8921.68,1.978,0.02,0,43151.0,0.998,0.8301,17,18,0.947,0.008,0.045,0,99,1,NORMAL_TRANSACTION,0,0,NORMAL_BASELINE
e1000000-0000-0000-0000-000000001759,2942.6,7.9874,0.0017,9,0,0,0,1,3,2942.6,6179.46,1.406,0.02,0,41664.0,0.131,0.8823,16,20,0.81,0.008,0.045,0,99,1,NORMAL_TRANSACTION,0,0,NORMAL_BASELINE
e1000000-0000-0000-0000-000000001760,783.03,6.6644,0.0,9,0,0,3,1,3,783.03,1644.36,0.318,0.02,0,60929.0,0.092,0.9687,8,17,0.5,0.008,0.045,0,99,1,NORMAL_TRANSACTION,0,0,NORMAL_BASELINE
e1000000-0000-0000-0000-000000001761,1585.04,7.369,0.0,9,0,0,3,1,3,1585.04,3328.58,0.718,0.02,0,239079.0,0.099,0.9366,11,22,0.522,0.008,0.045,0,99,1,NORMAL_TRANSACTION,0,0,NORMAL_BASELINE
e1000000-0000-0000-0000-000000001762,4081.89,8.3146,0.0,9,0,0,1,1,3,4081.89,8571.97,0.769,0.02,0,80347.0,0.024,0.8367,12,16,0.765,0.008,0.045,0,99,1,NORMAL_TRANSACTION,0,0,NORMAL_BASELINE
e1000000-0000-0000-0000-000000001763,1096.91,7.0012,0.0046,9,0,0,0,1,3,1096.91,2303.51,0.333,0.02,0,54111.0,0.121,0.9561,15,20,0.762,0.008,0.045,0,99,1,NORMAL_TRANSACTION,0,0,NORMAL_BASELINE
e1000000-0000-0000-0000-000000001764,3395.37,8.1305,0.0015,10,0,0,0,1,3,3395.37,7130.28,1.516,0.02,0,46168.0,0.132,0.8642,13,19,0.7,0.008,0.045,0,99,1,NORMAL_TRANSACTION,0,0,NORMAL_BASELINE
e1000000-0000-0000-0000-000000001765,2584.2,7.8576,0.0,10,0,0,3,1,3,2584.2,5426.82,1.392,0.02,0,428123.0,0.374,0.8966,13,14,0.933,0.008,0.045,0,99,1,NORMAL_TRANSACTION,0,0,NORMAL_BASELINE
e1000000-0000-0000-0000-000000001766,5184.3,8.5536,0.0,10,0,0,1,1,3,5184.3,10887.03,0.871,0.02,0,71925.0,0.01,0.7926,7,10,0.727,0.008,0.045,0,99,1,NORMAL_TRANSACTION,0,0,NORMAL_BASELINE
e1000000-0000-0000-0000-000000001767,2953.34,7.991,0.0149,10,0,0,2,1,3,2953.34,6202.01,1.224,0.02,0,132076.0,0.446,0.8819,16,18,0.895,0.008,0.045,0,99,1,NORMAL_TRANSACTION,0,0,NORMAL_BASELINE
e1000000-0000-0000-0000-000000001768,1727.98,7.4553,0.0029,10,0,0,0,1,3,1727.98,3628.76,0.762,0.02,0,75397.0,0.072,0.9309,8,18,0.474,0.008,0.045,0,99,1,NORMAL_TRANSACTION,0,0,NORMAL_BASELINE
e1000000-0000-0000-0000-000000001769,3711.54,8.2195,0.0,10,0,0,1,1,3,3711.54,7794.23,0.851,0.02,0,91721.0,0.006,0.8515,10,13,0.786,0.008,0.045,0,99,1,NORMAL_TRANSACTION,0,0,NORMAL_BASELINE
e1000000-0000-0000-0000-000000001770,3030.71,8.0169,0.0016,10,0,0,0,1,3,3030.71,6364.49,1.448,0.02,0,5465.0,0.092,0.8788,11,16,0.706,0.008,0.045,0,99,1,NORMAL_TRANSACTION,0,0,NORMAL_BASELINE
e1000000-0000-0000-0000-000000001771,1672.18,7.4225,0.003,10,0,0,0,1,3,1672.18,3511.58,0.693,0.02,0,60171.0,0.258,0.9331,17,15,1.125,0.008,0.045,0,99,1,NORMAL_TRANSACTION,0,0,NORMAL_BASELINE
e1000000-0000-0000-0000-000000001772,2193.85,7.6939,0.0,10,0,0,1,1,3,2193.85,4607.09,0.512,0.02,0,119.0,0.004,0.9122,10,13,0.786,0.008,0.045,0,99,1,NORMAL_TRANSACTION,0,0,NORMAL_BASELINE
e1000000-0000-0000-0000-000000001773,2718.41,7.9082,0.0018,10,0,0,0,1,3,2718.41,5708.66,1.061,0.02,0,94981.0,0.081,0.8913,12,13,0.929,0.008,0.045,0,99,1,NORMAL_TRANSACTION,0,0,NORMAL_BASELINE
e1000000-0000-0000-0000-000000001774,2290.4,7.7369,0.0022,10,0,0,0,1,3,2290.4,4809.84,1.019,0.02,0,71404.0,0.407,0.9084,12,15,0.812,0.008,0.045,0,99,1,NORMAL_TRANSACTION,0,0,NORMAL_BASELINE
e1000000-0000-0000-0000-000000001775,2209.39,7.7009,0.0149,10,0,0,2,1,3,2209.39,4639.72,1.709,0.02,0,59436.0,0.066,0.9116,14,14,1.0,0.008,0.045,0,99,1,NORMAL_TRANSACTION,0,0,NORMAL_BASELINE
e1000000-0000-0000-0000-000000001776,1203.43,7.0938,0.0,10,0,0,3,1,3,1203.43,2527.2,0.418,0.02,0,56401.0,0.038,0.9519,10,25,0.423,0.008,0.045,0,99,1,NORMAL_TRANSACTION,0,0,NORMAL_BASELINE
e1000000-0000-0000-0000-000000001777,8531.68,9.0517,0.0,10,0,0,1,1,3,8531.68,17916.53,1.336,0.02,0,79126.0,0.019,0.6587,6,13,0.5,0.008,0.045,0,99,1,NORMAL_TRANSACTION,0,0,NORMAL_BASELINE
e1000000-0000-0000-0000-000000001778,2490.46,7.8206,0.002,10,0,0,0,1,3,2490.46,5229.97,1.327,0.02,0,152265.0,0.529,0.9004,13,16,0.824,0.008,0.045,0,99,1,NORMAL_TRANSACTION,0,0,NORMAL_BASELINE
e1000000-0000-0000-0000-000000001779,2132.49,7.6655,0.0,11,0,0,3,1,3,2132.49,4478.23,0.802,0.02,0,137096.0,1.0,0.9147,14,14,1.0,0.008,0.045,0,99,1,NORMAL_TRANSACTION,0,0,NORMAL_BASELINE
e1000000-0000-0000-0000-000000001780,8717.7,9.0732,0.0,11,0,0,1,1,3,8717.7,18307.17,2.521,0.02,0,173495.0,0.015,0.6513,8,12,0.692,0.008,0.045,0,99,1,NORMAL_TRANSACTION,0,0,NORMAL_BASELINE
e1000000-0000-0000-0000-000000001781,4261.33,8.3576,0.0012,11,0,0,0,1,3,4261.33,8948.79,1.641,0.02,0,55168.0,0.557,0.8295,9,18,0.526,0.008,0.045,0,99,1,NORMAL_TRANSACTION,0,0,NORMAL_BASELINE
e1000000-0000-0000-0000-000000001782,1847.86,7.5223,0.0,11,0,0,3,1,3,1847.86,3880.51,0.741,0.02,0,85214.0,0.054,0.9261,6,15,0.438,0.008,0.045,0,99,1,NORMAL_TRANSACTION,0,0,NORMAL_BASELINE
e1000000-0000-0000-0000-000000001783,20.0,3.0445,0.0,11,0,0,4,1,3,20.0,42.0,0.007,0.02,0,63245.0,0.001,0.9992,8,16,0.529,0.008,0.045,0,99,1,NORMAL_TRANSACTION,0,0,NORMAL_BASELINE
e1000000-0000-0000-0000-000000001784,200.0,5.3033,0.0,11,0,0,4,1,3,200.0,420.0,0.077,0.02,0,86483.0,0.179,0.992,10,12,0.846,0.008,0.045,0,99,1,NORMAL_TRANSACTION,0,0,NORMAL_BASELINE
e1000000-0000-0000-0000-000000001785,1932.63,7.5672,0.0026,11,0,0,0,1,3,1932.63,4058.52,0.689,0.02,0,90109.0,0.82,0.9227,13,24,0.56,0.008,0.045,0,99,1,NORMAL_TRANSACTION,0,0,NORMAL_BASELINE
e1000000-0000-0000-0000-000000001786,3168.63,8.0614,0.0,11,0,0,3,1,3,3168.63,6654.12,1.552,0.02,0,88128.0,0.105,0.8733,12,23,0.542,0.008,0.045,0,99,1,NORMAL_TRANSACTION,0,0,NORMAL_BASELINE
e1000000-0000-0000-0000-000000001787,1583.94,7.3683,0.0032,11,0,0,0,1,3,1583.94,3326.27,0.749,0.02,0,82510.0,0.438,0.9366,13,13,1.0,0.008,0.045,0,99,1,NORMAL_TRANSACTION,0,0,NORMAL_BASELINE
e1000000-0000-0000-0000-000000001788,620.12,6.4315,0.0,11,0,0,3,1,3,620.12,1302.25,0.272,0.02,0,10198.0,0.146,0.9752,17,18,0.947,0.008,0.045,0,99,1,NORMAL_TRANSACTION,0,0,NORMAL_BASELINE
e1000000-0000-0000-0000-000000001789,1757.81,7.4724,0.0028,11,0,0,0,1,3,1757.81,3691.4,0.812,0.02,0,54820.0,0.098,0.9297,14,21,0.682,0.008,0.045,0,99,1,NORMAL_TRANSACTION,0,0,NORMAL_BASELINE
e1000000-0000-0000-0000-000000001790,4426.69,8.3956,0.0149,11,0,0,2,1,3,4426.69,9296.05,1.688,0.02,0,2975.0,1.0,0.8229,14,14,1.0,0.008,0.045,0,99,1,NORMAL_TRANSACTION,0,0,NORMAL_BASELINE
e1000000-0000-0000-0000-000000001791,2189.22,7.6918,0.0149,12,0,0,2,1,3,2189.22,4597.36,0.937,0.02,0,258460.0,1.0,0.9124,13,17,0.778,0.008,0.045,0,99,1,NORMAL_TRANSACTION,0,0,NORMAL_BASELINE
e1000000-0000-0000-0000-000000001792,1308.91,7.1777,0.0149,12,0,0,2,1,3,1308.91,2748.71,0.537,0.02,0,163259.0,0.488,0.9476,15,8,1.778,0.008,0.045,0,99,1,NORMAL_TRANSACTION,0,0,NORMAL_BASELINE
e1000000-0000-0000-0000-000000001793,1595.55,7.3756,0.0031,12,0,0,0,1,3,1595.55,3350.66,0.504,0.02,0,8046.0,0.175,0.9362,15,20,0.762,0.008,0.045,0,99,1,NORMAL_TRANSACTION,0,0,NORMAL_BASELINE
e1000000-0000-0000-0000-000000001794,3761.66,8.2329,0.0149,12,0,0,2,1,3,3761.66,7899.49,1.371,0.02,0,820.0,1.0,0.8495,14,14,1.0,0.008,0.045,0,99,1,NORMAL_TRANSACTION,0,0,NORMAL_BASELINE
e1000000-0000-0000-0000-000000001795,3030.83,8.0169,0.0016,12,0,0,0,1,3,3030.83,6364.74,1.288,0.02,0,77342.0,0.241,0.8788,5,14,0.4,0.008,0.045,0,99,1,NORMAL_TRANSACTION,0,0,NORMAL_BASELINE
e1000000-0000-0000-0000-000000001796,446.3,6.1032,0.0,12,0,0,3,1,3,446.3,937.23,0.303,0.02,0,57999.0,0.095,0.9821,12,13,0.929,0.008,0.045,0,99,1,NORMAL_TRANSACTION,0,0,NORMAL_BASELINE
e1000000-0000-0000-0000-000000001797,3349.18,8.1168,0.0,12,0,0,1,1,3,3349.18,7033.28,0.673,0.02,0,82347.0,0.007,0.866,18,18,1.0,0.008,0.045,0,99,1,NORMAL_TRANSACTION,0,0,NORMAL_BASELINE
e1000000-0000-0000-0000-000000001798,2934.73,7.9847,0.0017,12,0,0,0,1,3,2934.73,6162.93,1.372,0.02,0,149365.0,1.0,0.8826,9,22,0.435,0.008,0.045,0,99,1,NORMAL_TRANSACTION,0,0,NORMAL_BASELINE
e1000000-0000-0000-0000-000000001799,1211.77,7.1007,0.0,12,0,0,1,1,3,1211.77,2544.72,0.202,0.02,0,81776.0,0.006,0.9515,12,13,0.929,0.008,0.045,0,99,1,NORMAL_TRANSACTION,0,0,NORMAL_BASELINE
e1000000-0000-0000-0000-000000001800,2411.06,7.7882,0.0021,12,0,0,0,1,3,2411.06,5063.23,0.888,0.02,0,141484.0,0.214,0.9036,16,18,0.895,0.008,0.045,0,99,1,NORMAL_TRANSACTION,0,0,NORMAL_BASELINE
e1000000-0000-0000-0000-000000001801,799.3,6.685,0.0149,12,0,0,2,1,3,799.3,1678.53,0.366,0.02,0,3432.0,0.188,0.968,17,18,0.947,0.008,0.045,0,99,1,NORMAL_TRANSACTION,0,0,NORMAL_BASELINE
e1000000-0000-0000-0000-000000001802,1773.71,7.4814,0.0,12,0,0,3,1,3,1773.71,3724.79,0.815,0.02,0,68875.0,0.076,0.9291,7,22,0.348,0.008,0.045,0,99,1,NORMAL_TRANSACTION,0,0,NORMAL_BASELINE
e1000000-0000-0000-0000-000000001803,2613.44,7.8688,0.0019,12,0,0,0,1,3,2613.44,5488.22,1.137,0.02,0,10376.0,0.102,0.8955,13,19,0.7,0.008,0.045,0,99,1,NORMAL_TRANSACTION,0,0,NORMAL_BASELINE
e1000000-0000-0000-0000-000000001804,1555.99,7.3505,0.0032,13,0,0,0,1,3,1555.99,3267.58,0.643,0.02,0,98374.0,0.321,0.9378,9,11,0.833,0.008,0.045,0,99,1,NORMAL_TRANSACTION,0,0,NORMAL_BASELINE
e1000000-0000-0000-0000-000000001805,5206.42,8.5578,0.0,13,0,0,1,1,3,5206.42,10933.48,0.9,0.02,0,153441.0,0.024,0.7917,15,16,0.941,0.008,0.045,0,99,1,NORMAL_TRANSACTION,0,0,NORMAL_BASELINE
e1000000-0000-0000-0000-000000001806,2186.37,7.6905,0.0023,13,0,0,0,1,3,2186.37,4591.38,0.983,0.02,0,80365.0,0.231,0.9125,8,18,0.474,0.008,0.045,0,99,1,NORMAL_TRANSACTION,0,0,NORMAL_BASELINE
e1000000-0000-0000-0000-000000001807,927.22,6.8333,0.0054,13,0,0,0,1,3,927.22,1947.16,0.51,0.02,0,100693.0,0.039,0.9629,11,14,0.8,0.008,0.045,0,99,1,NORMAL_TRANSACTION,0,0,NORMAL_BASELINE
e1000000-0000-0000-0000-000000001808,6558.0,8.7886,0.0,13,0,0,1,1,3,6558.0,13771.8,1.459,0.02,0,74986.0,0.019,0.7377,9,11,0.833,0.008,0.045,0,99,1,NORMAL_TRANSACTION,0,0,NORMAL_BASELINE
e1000000-0000-0000-0000-000000001809,2381.89,7.7761,0.0021,13,0,0,0,1,3,2381.89,5001.97,1.081,0.02,0,189192.0,0.079,0.9047,17,18,0.947,0.008,0.045,0,99,1,NORMAL_TRANSACTION,0,0,NORMAL_BASELINE
e1000000-0000-0000-0000-000000001810,1435.29,7.2698,0.0,13,0,0,3,1,3,1435.29,3014.11,0.521,0.02,0,97821.0,0.056,0.9426,13,17,0.778,0.008,0.045,0,99,1,NORMAL_TRANSACTION,0,0,NORMAL_BASELINE
e1000000-0000-0000-0000-000000001811,684.46,6.5301,0.0,13,0,0,3,1,3,684.46,1437.37,0.358,0.02,0,13101.0,0.099,0.9726,13,14,0.933,0.008,0.045,0,99,1,NORMAL_TRANSACTION,0,0,NORMAL_BASELINE
e1000000-0000-0000-0000-000000001812,2979.03,7.9997,0.0,13,0,0,3,1,3,2979.03,6255.96,1.42,0.02,0,7984.0,0.099,0.8808,12,23,0.542,0.008,0.045,0,99,1,NORMAL_TRANSACTION,0,0,NORMAL_BASELINE
e1000000-0000-0000-0000-000000001813,6570.63,8.7905,0.0149,14,0,0,2,1,3,6570.63,13798.32,2.85,0.02,0,70139.0,0.205,0.7372,17,19,0.9,0.008,0.045,0,99,1,NORMAL_TRANSACTION,0,0,NORMAL_BASELINE
e1000000-0000-0000-0000-000000001814,2821.74,7.9455,0.0018,14,0,0,0,1,3,2821.74,5925.65,0.928,0.02,0,104063.0,0.684,0.8871,11,16,0.706,0.008,0.045,0,99,1,NORMAL_TRANSACTION,0,0,NORMAL_BASELINE
e1000000-0000-0000-0000-000000001815,1669.08,7.4206,0.0149,14,0,0,2,1,3,1669.08,3505.07,0.723,0.02,0,17408.0,0.196,0.9332,8,17,0.5,0.008,0.045,0,99,1,NORMAL_TRANSACTION,0,0,NORMAL_BASELINE
e1000000-0000-0000-0000-000000001816,1498.54,7.3129,0.0033,14,0,0,0,1,3,1498.54,3146.93,1.074,0.02,0,8117.0,0.32,0.9401,12,13,0.929,0.008,0.045,0,99,1,NORMAL_TRANSACTION,0,0,NORMAL_BASELINE
e1000000-0000-0000-0000-000000001817,846.67,6.7425,0.0059,14,0,0,0,1,3,846.67,1778.01,0.43,0.02,0,107939.0,0.089,0.9661,12,18,0.684,0.008,0.045,0,99,1,NORMAL_TRANSACTION,0,0,NORMAL_BASELINE
e1000000-0000-0000-0000-000000001818,2926.7,7.982,0.0017,14,0,0,0,1,3,2926.7,6146.07,1.085,0.02,0,72681.0,0.17,0.8829,15,22,0.696,0.008,0.045,0,99,1,NORMAL_TRANSACTION,0,0,NORMAL_BASELINE
e1000000-0000-0000-0000-000000001819,1249.2,7.1311,0.0,14,0,0,3,1,3,1249.2,2623.32,0.563,0.02,0,4164.0,0.042,0.95,17,18,0.947,0.008,0.045,0,99,1,NORMAL_TRANSACTION,0,0,NORMAL_BASELINE
e1000000-0000-0000-0000-000000001820,2996.86,8.0057,0.0017,14,0,0,0,1,3,2996.86,6293.41,1.158,0.02,0,89107.0,0.129,0.8801,14,21,0.682,0.008,0.045,0,99,1,NORMAL_TRANSACTION,0,0,NORMAL_BASELINE
e1000000-0000-0000-0000-000000001821,2910.19,7.9763,0.0017,14,0,0,0,1,3,2910.19,6111.4,1.35,0.02,0,7404.0,0.125,0.8836,7,22,0.348,0.008,0.045,0,99,1,NORMAL_TRANSACTION,0,0,NORMAL_BASELINE
e1000000-0000-0000-0000-000000001822,2266.62,7.7265,0.0,15,0,0,1,1,3,2266.62,4759.9,0.424,0.02,0,189859.0,0.006,0.9093,16,10,1.545,0.008,0.045,0,99,1,NORMAL_TRANSACTION,0,0,NORMAL_BASELINE
e1000000-0000-0000-0000-000000001823,6425.12,8.7681,0.0149,15,0,0,2,1,3,6425.12,13492.75,3.962,0.02,0,243619.0,1.0,0.743,14,16,0.882,0.008,0.045,0,99,1,NORMAL_TRANSACTION,0,0,NORMAL_BASELINE
e1000000-0000-0000-0000-000000001824,2532.19,7.8372,0.002,15,0,0,0,1,3,2532.19,5317.6,0.849,0.02,0,349973.0,0.091,0.8987,7,13,0.571,0.008,0.045,0,99,1,NORMAL_TRANSACTION,0,0,NORMAL_BASELINE
e1000000-0000-0000-0000-000000001825,3295.92,8.1007,0.0015,15,0,0,0,1,3,3295.92,6921.43,1.189,0.02,0,16407.0,0.104,0.8682,10,25,0.423,0.008,0.045,0,99,1,NORMAL_TRANSACTION,0,0,NORMAL_BASELINE
e1000000-0000-0000-0000-000000001826,1298.04,7.1694,0.0039,15,0,0,0,1,3,1298.04,2725.88,0.659,0.02,0,23619.0,0.038,0.9481,10,14,0.733,0.008,0.045,0,99,1,NORMAL_TRANSACTION,0,0,NORMAL_BASELINE
e1000000-0000-0000-0000-000000001827,3702.35,8.217,0.0014,15,0,0,0,1,3,3702.35,7774.94,1.837,0.02,0,67916.0,0.225,0.8519,15,20,0.762,0.008,0.045,0,99,1,NORMAL_TRANSACTION,0,0,NORMAL_BASELINE
e1000000-0000-0000-0000-000000001828,3949.97,8.2817,0.0013,15,0,0,0,1,3,3949.97,8294.94,1.834,0.02,0,22338.0,0.176,0.842,16,20,0.81,0.008,0.045,0,99,1,NORMAL_TRANSACTION,0,0,NORMAL_BASELINE
e1000000-0000-0000-0000-000000001829,2889.31,7.9691,0.0,15,0,0,3,1,3,2889.31,6067.55,1.077,0.02,0,6772.0,0.112,0.8844,13,17,0.778,0.008,0.045,0,99,1,NORMAL_TRANSACTION,0,0,NORMAL_BASELINE
e1000000-0000-0000-0000-000000001830,6222.92,8.7362,0.0149,15,0,0,2,1,3,6222.92,13068.13,3.261,0.02,0,1143.0,0.184,0.7511,10,14,0.733,0.008,0.045,0,99,1,NORMAL_TRANSACTION,0,0,NORMAL_BASELINE
e1000000-0000-0000-0000-000000001831,1652.88,7.4109,0.003,15,0,0,0,1,3,1652.88,3471.05,0.797,0.02,0,15030.0,0.457,0.9339,13,13,1.0,0.008,0.045,0,99,1,NORMAL_TRANSACTION,0,0,NORMAL_BASELINE
e1000000-0000-0000-0000-000000001832,3998.44,8.2939,0.0013,15,0,0,0,1,3,3998.44,8396.72,1.747,0.02,0,157962.0,0.175,0.8401,10,20,0.524,0.008,0.045,0,99,1,NORMAL_TRANSACTION,0,0,NORMAL_BASELINE
e1000000-0000-0000-0000-000000001833,3030.12,8.0167,0.0017,16,0,0,0,1,3,3030.12,6363.25,1.393,0.02,0,23633.0,0.19,0.8788,11,22,0.522,0.008,0.045,0,99,1,NORMAL_TRANSACTION,0,0,NORMAL_BASELINE
e1000000-0000-0000-0000-000000001834,3113.9,8.044,0.0,16,0,0,3,1,3,3113.9,6539.19,1.2,0.02,0,89263.0,1.0,0.8754,14,23,0.625,0.008,0.045,0,99,1,NORMAL_TRANSACTION,0,0,NORMAL_BASELINE
e1000000-0000-0000-0000-000000001835,1786.98,7.4888,0.0028,16,0,0,0,1,3,1786.98,3752.66,1.072,0.02,0,87572.0,0.128,0.9285,7,21,0.364,0.008,0.045,0,99,1,NORMAL_TRANSACTION,0,0,NORMAL_BASELINE
e1000000-0000-0000-0000-000000001836,3454.36,8.1477,0.0014,16,0,0,0,1,3,3454.36,7254.16,1.408,0.02,0,22426.0,0.521,0.8618,16,18,0.895,0.008,0.045,0,99,1,NORMAL_TRANSACTION,0,0,NORMAL_BASELINE
e1000000-0000-0000-0000-000000001837,50.0,3.9318,0.0,16,0,0,4,1,3,50.0,105.0,0.024,0.02,0,4939.0,0.003,0.998,15,20,0.762,0.008,0.045,0,99,1,NORMAL_TRANSACTION,0,0,NORMAL_BASELINE
e1000000-0000-0000-0000-000000001838,1512.23,7.322,0.0,16,0,0,3,1,3,1512.23,3175.68,0.455,0.02,0,103030.0,0.052,0.9395,13,15,0.875,0.008,0.045,0,99,1,NORMAL_TRANSACTION,0,0,NORMAL_BASELINE
e1000000-0000-0000-0000-000000001839,7809.46,8.9632,0.0,16,0,0,1,1,3,7809.46,16399.87,1.494,0.02,0,25810.0,0.045,0.6876,12,16,0.765,0.008,0.045,0,99,1,NORMAL_TRANSACTION,0,0,NORMAL_BASELINE
e1000000-0000-0000-0000-000000001840,2474.98,7.8144,0.0,17,0,0,3,1,3,2474.98,5197.46,1.018,0.02,0,100511.0,0.103,0.901,17,17,1.0,0.008,0.045,0,99,1,NORMAL_TRANSACTION,0,0,NORMAL_BASELINE
e1000000-0000-0000-0000-000000001841,4482.05,8.4081,0.0011,17,0,0,0,1,3,4482.05,9412.31,1.6,0.02,0,6663.0,0.142,0.8207,10,25,0.423,0.008,0.045,0,99,1,NORMAL_TRANSACTION,0,0,NORMAL_BASELINE
e1000000-0000-0000-0000-000000001842,2349.48,7.7624,0.0,17,0,0,3,1,3,2349.48,4933.91,0.867,0.02,0,9006.0,0.136,0.906,15,22,0.696,0.008,0.045,0,99,1,NORMAL_TRANSACTION,0,0,NORMAL_BASELINE
e1000000-0000-0000-0000-000000001843,1387.0,7.2356,0.0036,17,0,0,0,1,3,1387.0,2912.7,0.989,0.02,0,10277.0,0.296,0.9445,12,13,0.929,0.008,0.045,0,99,1,NORMAL_TRANSACTION,0,0,NORMAL_BASELINE
e1000000-0000-0000-0000-000000001844,3383.85,8.1271,0.0015,17,0,0,0,1,3,3383.85,7106.09,1.968,0.02,0,13931.0,0.143,0.8646,11,14,0.8,0.008,0.045,0,99,1,NORMAL_TRANSACTION,0,0,NORMAL_BASELINE
e1000000-0000-0000-0000-000000001845,4166.12,8.335,0.0012,17,0,0,0,1,3,4166.12,8748.85,1.857,0.02,0,101288.0,0.488,0.8334,16,13,1.214,0.008,0.045,0,99,1,NORMAL_TRANSACTION,0,0,NORMAL_BASELINE
e1000000-0000-0000-0000-000000001846,318.69,5.7674,0.0,17,0,0,3,1,3,318.69,669.25,0.14,0.02,0,19369.0,0.119,0.9873,15,8,1.778,0.008,0.045,0,99,1,NORMAL_TRANSACTION,0,0,NORMAL_BASELINE
e1000000-0000-0000-0000-000000001847,1600.59,7.3788,0.0,17,0,0,3,1,3,1600.59,3361.24,1.088,0.02,0,85639.0,0.052,0.936,11,22,0.522,0.008,0.045,0,99,1,NORMAL_TRANSACTION,0,0,NORMAL_BASELINE
e1000000-0000-0000-0000-000000001848,2009.93,7.6064,0.0,17,0,0,3,1,3,2009.93,4220.85,0.865,0.02,0,20167.0,1.0,0.9196,13,17,0.778,0.008,0.045,0,99,1,NORMAL_TRANSACTION,0,0,NORMAL_BASELINE
e1000000-0000-0000-0000-000000001849,1189.32,7.082,0.0042,17,0,0,0,1,3,1189.32,2497.57,0.573,0.02,0,71553.0,0.035,0.9524,12,15,0.812,0.008,0.045,0,99,1,NORMAL_TRANSACTION,0,0,NORMAL_BASELINE
e1000000-0000-0000-0000-000000001850,621.05,6.433,0.0,17,0,0,3,1,3,621.05,1304.2,0.279,0.02,0,15539.0,0.066,0.9752,8,18,0.474,0.008,0.045,0,99,1,NORMAL_TRANSACTION,0,0,NORMAL_BASELINE
e1000000-0000-0000-0000-000000001851,3010.01,8.01,0.0017,17,0,0,0,1,3,3010.01,6321.02,1.389,0.02,0,79908.0,0.187,0.8796,9,20,0.476,0.008,0.045,0,99,1,NORMAL_TRANSACTION,0,0,NORMAL_BASELINE
e1000000-0000-0000-0000-000000001852,917.83,6.8231,0.0,17,0,0,3,1,3,917.83,1927.44,0.408,0.02,0,26108.0,0.163,0.9633,12,15,0.812,0.008,0.045,0,99,1,NORMAL_TRANSACTION,0,0,NORMAL_BASELINE
e1000000-0000-0000-0000-000000001853,3578.99,8.1831,0.0014,18,0,0,0,1,3,3578.99,7515.88,1.634,0.02,0,11502.0,0.154,0.8568,7,22,0.348,0.008,0.045,0,99,1,NORMAL_TRANSACTION,0,0,NORMAL_BASELINE
e1000000-0000-0000-0000-000000001854,5398.28,8.594,0.0149,18,0,0,2,1,3,5398.28,11336.39,1.957,0.02,0,23819.0,1.0,0.7841,13,24,0.56,0.008,0.045,0,99,1,NORMAL_TRANSACTION,0,0,NORMAL_BASELINE
e1000000-0000-0000-0000-000000001855,3562.82,8.1786,0.0014,18,0,0,0,1,3,3562.82,7481.92,1.183,0.02,0,81526.0,0.17,0.8575,8,15,0.562,0.008,0.045,0,99,1,NORMAL_TRANSACTION,0,0,NORMAL_BASELINE
e1000000-0000-0000-0000-000000001856,3394.75,8.1303,0.0015,18,0,0,0,1,3,3394.75,7128.98,1.662,0.02,0,9448.0,0.938,0.8642,13,13,1.0,0.008,0.045,0,99,1,NORMAL_TRANSACTION,0,0,NORMAL_BASELINE
e1000000-0000-0000-0000-000000001857,2862.66,7.9599,0.0,18,0,0,3,1,3,2862.66,6011.59,1.313,0.02,0,525208.0,0.122,0.8855,12,12,1.0,0.008,0.045,0,99,1,NORMAL_TRANSACTION,0,0,NORMAL_BASELINE
e1000000-0000-0000-0000-000000001858,595.25,6.3907,0.0,18,0,0,3,1,3,595.25,1250.03,0.22,0.02,0,74840.0,0.028,0.9762,16,20,0.81,0.008,0.045,0,99,1,NORMAL_TRANSACTION,0,0,NORMAL_BASELINE
e1000000-0000-0000-0000-000000001859,8262.24,9.0196,0.0,18,0,0,1,1,3,8262.24,17350.7,1.375,0.02,0,199389.0,0.018,0.6695,14,10,1.364,0.008,0.045,0,99,1,NORMAL_TRANSACTION,0,0,NORMAL_BASELINE
e1000000-0000-0000-0000-000000001860,20.0,3.0445,0.0,18,0,0,4,1,3,20.0,42.0,0.009,0.02,0,2508.0,0.001,0.9992,7,22,0.348,0.008,0.045,0,99,1,NORMAL_TRANSACTION,0,0,NORMAL_BASELINE
e1000000-0000-0000-0000-000000001861,899.81,6.8033,0.0056,18,0,0,0,1,3,899.81,1889.6,0.382,0.02,0,20867.0,0.186,0.964,9,11,0.833,0.008,0.045,0,99,1,NORMAL_TRANSACTION,0,0,NORMAL_BASELINE
e1000000-0000-0000-0000-000000001862,7293.26,8.8948,0.0,19,0,0,1,1,3,7293.26,15315.85,1.169,0.02,0,101246.0,0.015,0.7083,12,8,1.444,0.008,0.045,0,99,1,NORMAL_TRANSACTION,0,0,NORMAL_BASELINE
e1000000-0000-0000-0000-000000001863,683.04,6.528,0.0073,19,0,0,0,1,3,683.04,1434.38,0.236,0.02,0,104362.0,1.0,0.9727,12,16,0.765,0.008,0.045,0,99,1,NORMAL_TRANSACTION,0,0,NORMAL_BASELINE
e1000000-0000-0000-0000-000000001864,802.09,6.6885,0.0062,19,0,0,0,1,3,802.09,1684.39,0.386,0.02,0,286884.0,0.054,0.9679,15,15,1.0,0.008,0.045,0,99,1,NORMAL_TRANSACTION,0,0,NORMAL_BASELINE
e1000000-0000-0000-0000-000000001865,3261.74,8.0903,0.0015,19,0,0,0,1,3,3261.74,6849.65,1.703,0.02,0,30019.0,0.692,0.8695,13,16,0.824,0.008,0.045,0,99,1,NORMAL_TRANSACTION,0,0,NORMAL_BASELINE
e1000000-0000-0000-0000-000000001866,50.0,3.9318,0.0,19,0,0,4,1,3,50.0,105.0,0.023,0.02,0,32615.0,0.002,0.998,11,16,0.706,0.008,0.045,0,99,1,NORMAL_TRANSACTION,0,0,NORMAL_BASELINE
e1000000-0000-0000-0000-000000001867,2718.83,7.9083,0.0,19,0,0,1,1,3,2718.83,5709.54,0.548,0.02,0,16625.0,0.007,0.8912,16,10,1.545,0.008,0.045,0,99,1,NORMAL_TRANSACTION,0,0,NORMAL_BASELINE
e1000000-0000-0000-0000-000000001868,396.69,5.9857,0.0,19,0,0,0,1,3,396.69,833.05,0.147,0.02,0,25989.0,0.035,0.9841,16,18,0.895,0.008,0.045,0,99,1,NORMAL_TRANSACTION,0,0,NORMAL_BASELINE
e1000000-0000-0000-0000-000000001869,1487.49,7.3055,0.0,19,0,0,3,1,3,1487.49,3123.73,0.551,0.02,0,30627.0,0.194,0.9405,9,18,0.526,0.008,0.045,0,99,1,NORMAL_TRANSACTION,0,0,NORMAL_BASELINE
e1000000-0000-0000-0000-000000001870,3471.09,8.1525,0.0014,19,0,0,0,1,3,3471.09,7289.29,1.304,0.02,0,40853.0,0.196,0.8612,14,20,0.714,0.008,0.045,0,99,1,NORMAL_TRANSACTION,0,0,NORMAL_BASELINE
e1000000-0000-0000-0000-000000001871,4819.74,8.4807,0.0149,20,0,0,2,1,3,4819.74,10121.45,2.223,0.02,0,7788.0,0.856,0.8072,12,15,0.812,0.008,0.045,0,99,1,NORMAL_TRANSACTION,0,0,NORMAL_BASELINE
e1000000-0000-0000-0000-000000001872,3646.41,8.2018,0.0014,20,0,0,0,1,3,3646.41,7657.46,1.69,0.02,0,4317.0,0.156,0.8541,7,22,0.348,0.008,0.045,0,99,1,NORMAL_TRANSACTION,0,0,NORMAL_BASELINE
e1000000-0000-0000-0000-000000001873,2410.37,7.788,0.0021,20,0,0,0,1,3,2410.37,5061.78,1.124,0.02,0,201850.0,0.091,0.9036,9,16,0.588,0.008,0.045,0,99,1,NORMAL_TRANSACTION,0,0,NORMAL_BASELINE
e1000000-0000-0000-0000-000000001874,6558.0,8.7886,0.0,20,0,0,1,1,3,6558.0,13771.8,1.211,0.02,0,367762.0,0.014,0.7377,13,13,1.0,0.008,0.045,0,99,1,NORMAL_TRANSACTION,0,0,NORMAL_BASELINE
e1000000-0000-0000-0000-000000001875,2112.09,7.6559,0.0024,20,0,0,0,1,3,2112.09,4435.39,1.105,0.02,0,96545.0,0.114,0.9155,10,14,0.733,0.008,0.045,0,99,1,NORMAL_TRANSACTION,0,0,NORMAL_BASELINE
e1000000-0000-0000-0000-000000001876,3182.98,8.0659,0.0016,20,0,0,0,1,3,3182.98,6684.26,1.214,0.02,0,14784.0,1.0,0.8727,14,23,0.625,0.008,0.045,0,99,1,NORMAL_TRANSACTION,0,0,NORMAL_BASELINE
e1000000-0000-0000-0000-000000001877,3031.94,8.0173,0.0,20,0,0,3,1,3,3031.94,6367.07,1.245,0.02,0,11206.0,0.355,0.8787,16,13,1.214,0.008,0.045,0,99,1,NORMAL_TRANSACTION,0,0,NORMAL_BASELINE
e1000000-0000-0000-0000-000000001878,4217.62,8.3473,0.0012,20,0,0,0,1,3,4217.62,8857.0,1.567,0.02,0,12428.0,0.245,0.8313,15,22,0.696,0.008,0.045,0,99,1,NORMAL_TRANSACTION,0,0,NORMAL_BASELINE
e1000000-0000-0000-0000-000000001879,100.0,4.6151,0.0,20,0,0,4,1,3,100.0,210.0,0.035,0.02,0,34083.0,0.003,0.996,8,16,0.529,0.008,0.045,0,99,1,NORMAL_TRANSACTION,0,0,NORMAL_BASELINE
e1000000-0000-0000-0000-000000001880,6908.83,8.8407,0.0,20,0,0,1,1,3,6908.83,14508.54,1.098,0.02,0,84939.0,0.018,0.7236,20,19,1.05,0.008,0.045,0,99,1,NORMAL_TRANSACTION,0,0,NORMAL_BASELINE
e1000000-0000-0000-0000-000000001881,1644.54,7.4058,0.0149,20,0,0,2,1,3,1644.54,3453.53,0.64,0.02,0,130611.0,0.116,0.9342,17,15,1.125,0.008,0.045,0,99,1,NORMAL_TRANSACTION,0,0,NORMAL_BASELINE
e1000000-0000-0000-0000-000000001882,2654.2,7.8843,0.0019,21,0,0,0,1,3,2654.2,5573.82,1.189,0.02,0,38389.0,0.111,0.8938,8,18,0.474,0.008,0.045,0,99,1,NORMAL_TRANSACTION,0,0,NORMAL_BASELINE
e1000000-0000-0000-0000-000000001883,1059.98,6.9669,0.0047,21,0,0,0,1,3,1059.98,2225.96,0.491,0.02,0,3439.0,0.04,0.9576,9,16,0.588,0.008,0.045,0,99,1,NORMAL_TRANSACTION,0,0,NORMAL_BASELINE
e1000000-0000-0000-0000-000000001884,2918.95,7.9793,0.0,21,0,0,1,1,3,2918.95,6129.8,0.517,0.02,0,31431.0,0.013,0.8832,12,13,0.929,0.008,0.045,0,99,1,NORMAL_TRANSACTION,0,0,NORMAL_BASELINE
e1000000-0000-0000-0000-000000001885,2133.85,7.6662,0.0,21,0,0,3,1,3,2133.85,4481.09,0.661,0.02,0,366480.0,0.138,0.9146,11,16,0.706,0.008,0.045,0,99,1,NORMAL_TRANSACTION,0,0,NORMAL_BASELINE
e1000000-0000-0000-0000-000000001886,2657.26,7.8854,0.0,21,0,0,1,1,3,2657.26,5580.25,0.405,0.02,0,38201.0,0.006,0.8937,6,13,0.5,0.008,0.045,0,99,1,NORMAL_TRANSACTION,0,0,NORMAL_BASELINE
e1000000-0000-0000-0000-000000001887,6173.34,8.7282,0.0,21,0,0,1,1,3,6173.34,12964.01,1.267,0.02,0,34316.0,0.012,0.7531,18,18,1.0,0.008,0.045,0,99,1,NORMAL_TRANSACTION,0,0,NORMAL_BASELINE
e1000000-0000-0000-0000-000000001888,2443.32,7.8015,0.0,21,0,0,3,1,3,2443.32,5130.97,1.305,0.02,0,88631.0,1.0,0.9023,15,17,0.889,0.008,0.045,0,99,1,NORMAL_TRANSACTION,0,0,NORMAL_BASELINE
e1000000-0000-0000-0000-000000001889,2839.93,7.9519,0.0,8,0,0,3,1,3,2839.93,5963.85,0.916,0.02,0,419527.0,0.991,0.8864,9,18,0.526,0.008,0.045,0,99,1,NORMAL_TRANSACTION,0,0,NORMAL_BASELINE
e1000000-0000-0000-0000-000000001890,4043.1,8.305,0.0012,8,0,0,0,1,3,4043.1,8490.51,1.826,0.02,0,52988.0,0.251,0.8383,9,20,0.476,0.008,0.045,0,99,1,NORMAL_TRANSACTION,0,0,NORMAL_BASELINE
e1000000-0000-0000-0000-000000001891,1375.28,7.2271,0.0036,8,0,0,0,1,3,1375.28,2888.09,0.585,0.02,0,79996.0,0.212,0.945,17,15,1.125,0.008,0.045,0,99,1,NORMAL_TRANSACTION,0,0,NORMAL_BASELINE
e1000000-0000-0000-0000-000000001892,4402.62,8.3902,0.0011,8,0,0,0,1,3,4402.62,9245.5,1.719,0.02,0,50660.0,0.206,0.8239,16,20,0.81,0.008,0.045,0,99,1,NORMAL_TRANSACTION,0,0,NORMAL_BASELINE
e1000000-0000-0000-0000-000000001893,5575.37,8.6263,0.0,8,0,0,1,1,3,5575.37,11708.28,1.061,0.02,0,244690.0,0.021,0.777,14,12,1.154,0.008,0.045,0,99,1,NORMAL_TRANSACTION,0,0,NORMAL_BASELINE
e1000000-0000-0000-0000-000000001894,399.95,5.9938,0.0,8,0,0,0,1,3,399.95,839.89,0.211,0.02,0,165031.0,0.014,0.984,14,23,0.625,0.008,0.045,0,99,1,NORMAL_TRANSACTION,0,0,NORMAL_BASELINE
e1000000-0000-0000-0000-000000001895,2849.7,7.9553,0.0149,8,0,0,2,1,3,2849.7,5984.37,1.075,0.02,0,44922.0,1.0,0.886,14,23,0.625,0.008,0.045,0,99,1,NORMAL_TRANSACTION,0,0,NORMAL_BASELINE
e1000000-0000-0000-0000-000000001896,4174.54,8.337,0.0012,8,0,0,0,1,3,4174.54,8766.53,2.607,0.02,0,162853.0,0.385,0.833,13,18,0.737,0.008,0.045,0,99,1,NORMAL_TRANSACTION,0,0,NORMAL_BASELINE
e1000000-0000-0000-0000-000000001897,559.51,6.3288,0.0089,9,0,0,0,1,3,559.51,1174.97,0.193,0.02,0,53731.0,0.237,0.9776,13,24,0.56,0.008,0.045,0,99,1,NORMAL_TRANSACTION,0,0,NORMAL_BASELINE
e1000000-0000-0000-0000-000000001898,1493.27,7.3094,0.0,9,0,0,3,1,3,1493.27,3135.87,0.628,0.02,0,61926.0,0.065,0.9403,10,20,0.524,0.008,0.045,0,99,1,NORMAL_TRANSACTION,0,0,NORMAL_BASELINE
e1000000-0000-0000-0000-000000001899,20.0,3.0445,0.0,9,0,0,4,1,3,20.0,42.0,0.013,0.02,0,176826.0,0.001,0.9992,10,15,0.688,0.008,0.045,0,99,1,NORMAL_TRANSACTION,0,0,NORMAL_BASELINE
e1000000-0000-0000-0000-000000001900,1009.86,6.9186,0.005,9,0,0,0,1,3,1009.86,2120.71,0.471,0.02,0,77077.0,0.056,0.9596,14,21,0.682,0.008,0.045,0,99,1,NORMAL_TRANSACTION,0,0,NORMAL_BASELINE
e1000000-0000-0000-0000-000000001901,3186.45,8.067,0.0,9,0,0,3,1,3,3186.45,6691.55,1.628,0.02,0,150328.0,0.538,0.8725,12,17,0.722,0.008,0.045,0,99,1,NORMAL_TRANSACTION,0,0,NORMAL_BASELINE
e1000000-0000-0000-0000-000000001902,485.95,6.1882,0.0,9,0,0,0,1,3,485.95,1020.5,0.184,0.02,0,220231.0,0.02,0.9806,18,13,1.357,0.008,0.045,0,99,1,NORMAL_TRANSACTION,0,0,NORMAL_BASELINE
e1000000-0000-0000-0000-000000001903,825.23,6.7169,0.0,9,0,0,3,1,3,825.23,1732.98,0.327,0.02,0,248501.0,0.033,0.967,17,15,1.125,0.008,0.045,0,99,1,NORMAL_TRANSACTION,0,0,NORMAL_BASELINE
e1000000-0000-0000-0000-000000001904,8536.71,9.0522,0.0,9,0,0,1,1,3,8536.71,17927.09,1.279,0.02,0,309577.0,0.025,0.6585,7,10,0.727,0.008,0.045,0,99,1,NORMAL_TRANSACTION,0,0,NORMAL_BASELINE
e1000000-0000-0000-0000-000000001905,5910.24,8.6846,0.0,9,0,0,1,1,3,5910.24,12411.5,0.834,0.02,0,144561.0,0.02,0.7636,16,16,1.0,0.008,0.045,0,99,1,NORMAL_TRANSACTION,0,0,NORMAL_BASELINE
e1000000-0000-0000-0000-000000001906,500.0,6.2166,0.0,9,0,0,4,1,3,500.0,1050.0,0.22,0.02,0,65786.0,0.015,0.98,10,14,0.733,0.008,0.045,0,99,1,NORMAL_TRANSACTION,0,0,NORMAL_BASELINE
e1000000-0000-0000-0000-000000001907,3979.98,8.2893,0.0013,10,0,0,0,1,3,3979.98,8357.96,1.867,0.02,0,449.0,0.118,0.8408,10,14,0.733,0.008,0.045,0,99,1,NORMAL_TRANSACTION,0,0,NORMAL_BASELINE
e1000000-0000-0000-0000-000000001908,2921.93,7.9803,0.0017,10,0,0,0,1,3,2921.93,6136.05,1.296,0.02,0,71146.0,0.343,0.8831,8,17,0.5,0.008,0.045,0,99,1,NORMAL_TRANSACTION,0,0,NORMAL_BASELINE
e1000000-0000-0000-0000-000000001909,2927.54,7.9823,0.0017,10,0,0,0,1,3,2927.54,6147.83,1.041,0.02,0,165284.0,0.574,0.8829,12,24,0.52,0.008,0.045,0,99,1,NORMAL_TRANSACTION,0,0,NORMAL_BASELINE
e1000000-0000-0000-0000-000000001910,1562.81,7.3549,0.0149,10,0,0,2,1,3,1562.81,3281.9,0.628,0.02,0,50009.0,0.183,0.9375,16,13,1.214,0.008,0.045,0,99,1,NORMAL_TRANSACTION,0,0,NORMAL_BASELINE
e1000000-0000-0000-0000-000000001911,3475.73,8.1538,0.0149,10,0,0,2,1,3,3475.73,7299.03,1.668,0.02,0,4727.0,0.194,0.861,14,21,0.682,0.008,0.045,0,99,1,NORMAL_TRANSACTION,0,0,NORMAL_BASELINE
e1000000-0000-0000-0000-000000001912,4428.03,8.3959,0.0011,10,0,0,0,1,3,4428.03,9298.86,1.466,0.02,0,73777.0,1.0,0.8229,11,16,0.706,0.008,0.045,0,99,1,NORMAL_TRANSACTION,0,0,NORMAL_BASELINE
e1000000-0000-0000-0000-000000001913,2589.76,7.8597,0.0019,10,0,0,0,1,3,2589.76,5438.5,1.891,0.02,0,86881.0,0.078,0.8964,14,14,1.0,0.008,0.045,0,99,1,NORMAL_TRANSACTION,0,0,NORMAL_BASELINE
e1000000-0000-0000-0000-000000001914,100.0,4.6151,0.0,10,0,0,4,1,3,100.0,210.0,0.04,0.02,0,50080.0,0.007,0.996,17,15,1.125,0.008,0.045,0,99,1,NORMAL_TRANSACTION,0,0,NORMAL_BASELINE
e1000000-0000-0000-0000-000000001915,4432.54,8.397,0.0011,10,0,0,0,1,3,4432.54,9308.33,1.531,0.02,0,63883.0,0.14,0.8227,10,25,0.423,0.008,0.045,0,99,1,NORMAL_TRANSACTION,0,0,NORMAL_BASELINE
e1000000-0000-0000-0000-000000001916,3191.89,8.0687,0.0,10,0,0,3,1,3,3191.89,6702.97,1.404,0.02,0,69865.0,0.143,0.8723,16,20,0.81,0.008,0.045,0,99,1,NORMAL_TRANSACTION,0,0,NORMAL_BASELINE
e1000000-0000-0000-0000-000000001917,4260.67,8.3574,0.0012,10,0,0,0,1,3,4260.67,8947.41,1.355,0.02,0,49196.0,0.276,0.8296,11,16,0.706,0.008,0.045,0,99,1,NORMAL_TRANSACTION,0,0,NORMAL_BASELINE
e1000000-0000-0000-0000-000000001918,2488.91,7.82,0.002,10,0,0,0,1,3,2488.91,5226.71,1.066,0.02,0,6626.0,0.109,0.9004,10,20,0.524,0.008,0.045,0,99,1,NORMAL_TRANSACTION,0,0,NORMAL_BASELINE
e1000000-0000-0000-0000-000000001919,8669.88,9.0677,0.0,11,0,0,1,1,3,8669.88,18206.75,1.529,0.02,0,156801.0,0.025,0.6532,8,18,0.474,0.008,0.045,0,99,1,NORMAL_TRANSACTION,0,0,NORMAL_BASELINE
e1000000-0000-0000-0000-000000001920,4570.9,8.4277,0.0149,11,0,0,2,1,3,4570.9,9598.89,1.485,0.02,0,82669.0,0.502,0.8172,15,20,0.762,0.008,0.045,0,99,1,NORMAL_TRANSACTION,0,0,NORMAL_BASELINE
e1000000-0000-0000-0000-000000001921,837.93,6.7321,0.0,11,0,0,3,1,3,837.93,1759.65,0.34,0.02,0,333142.0,0.111,0.9665,13,12,1.077,0.008,0.045,0,99,1,NORMAL_TRANSACTION,0,0,NORMAL_BASELINE
e1000000-0000-0000-0000-000000001922,8253.08,9.0185,0.0,11,0,0,1,1,3,8253.08,17331.47,1.304,0.02,0,52007.0,0.022,0.6699,20,19,1.05,0.008,0.045,0,99,1,NORMAL_TRANSACTION,0,0,NORMAL_BASELINE
e1000000-0000-0000-0000-000000001923,3892.34,8.267,0.0149,11,0,0,2,1,3,3892.34,8173.91,1.675,0.02,0,55438.0,0.691,0.8443,12,15,0.812,0.008,0.045,0,99,1,NORMAL_TRANSACTION,0,0,NORMAL_BASELINE
e1000000-0000-0000-0000-000000001924,2100.7,7.6505,0.0024,11,0,0,0,1,3,2100.7,4411.47,0.651,0.02,0,1814.0,0.136,0.916,11,16,0.706,0.008,0.045,0,99,1,NORMAL_TRANSACTION,0,0,NORMAL_BASELINE
e1000000-0000-0000-0000-000000001925,3126.11,8.0479,0.0,11,0,0,3,1,3,3126.11,6564.83,1.189,0.02,0,57061.0,0.408,0.875,9,18,0.526,0.008,0.045,0,99,1,NORMAL_TRANSACTION,0,0,NORMAL_BASELINE
e1000000-0000-0000-0000-000000001926,2896.08,7.9715,0.0,11,0,0,3,1,3,2896.08,6081.77,1.032,0.02,0,84760.0,1.0,0.8842,14,14,1.0,0.008,0.045,0,99,1,NORMAL_TRANSACTION,0,0,NORMAL_BASELINE
e1000000-0000-0000-0000-000000001927,100.0,4.6151,0.0,11,0,0,4,1,3,100.0,210.0,0.044,0.02,0,148775.0,0.007,0.996,9,9,1.0,0.008,0.045,0,99,1,NORMAL_TRANSACTION,0,0,NORMAL_BASELINE
e1000000-0000-0000-0000-000000001928,2824.54,7.9465,0.0018,11,0,0,0,1,3,2824.54,5931.53,1.498,0.02,0,66613.0,0.119,0.887,11,14,0.8,0.008,0.045,0,99,1,NORMAL_TRANSACTION,0,0,NORMAL_BASELINE
e1000000-0000-0000-0000-000000001929,6945.19,8.8459,0.0149,12,0,0,2,1,3,6945.19,14584.9,3.439,0.02,0,59319.0,0.211,0.7222,11,16,0.706,0.008,0.045,0,99,1,NORMAL_TRANSACTION,0,0,NORMAL_BASELINE
e1000000-0000-0000-0000-000000001930,3029.95,8.0166,0.0,12,0,0,3,1,3,3029.95,6362.89,1.033,0.02,0,76360.0,0.109,0.8788,7,13,0.571,0.008,0.045,0,99,1,NORMAL_TRANSACTION,0,0,NORMAL_BASELINE
e1000000-0000-0000-0000-000000001931,678.87,6.5219,0.0074,12,0,0,0,1,3,678.87,1425.63,0.306,0.02,0,72786.0,0.043,0.9728,11,22,0.522,0.008,0.045,0,99,1,NORMAL_TRANSACTION,0,0,NORMAL_BASELINE
e1000000-0000-0000-0000-000000001932,4427.27,8.3958,0.0011,12,0,0,0,1,3,4427.27,9297.27,1.944,0.02,0,14179.0,0.683,0.8229,17,15,1.125,0.008,0.045,0,99,1,NORMAL_TRANSACTION,0,0,NORMAL_BASELINE
e1000000-0000-0000-0000-000000001933,1898.1,7.5491,0.0026,12,0,0,0,1,3,1898.1,3986.01,0.935,0.02,0,70128.0,0.708,0.9241,15,8,1.778,0.008,0.045,0,99,1,NORMAL_TRANSACTION,0,0,NORMAL_BASELINE
e1000000-0000-0000-0000-000000001934,3663.44,8.2064,0.0014,12,0,0,0,1,3,3663.44,7693.22,1.59,0.02,0,69564.0,1.0,0.8535,13,17,0.778,0.008,0.045,0,99,1,NORMAL_TRANSACTION,0,0,NORMAL_BASELINE
e1000000-0000-0000-0000-000000001935,20.0,3.0445,0.0,12,0,0,4,1,3,20.0,42.0,0.006,0.02,0,17324.0,0.007,0.9992,9,18,0.526,0.008,0.045,0,99,1,NORMAL_TRANSACTION,0,0,NORMAL_BASELINE
e1000000-0000-0000-0000-000000001936,6870.73,8.8352,0.0149,12,0,0,2,1,3,6870.73,14428.53,2.444,0.02,0,4394.0,1.0,0.7252,14,14,1.0,0.008,0.045,0,99,1,NORMAL_TRANSACTION,0,0,NORMAL_BASELINE
e1000000-0000-0000-0000-000000001937,500.0,6.2166,0.0,13,0,0,4,1,3,500.0,1050.0,0.222,0.02,0,152411.0,0.015,0.98,16,13,1.214,0.008,0.045,0,99,1,NORMAL_TRANSACTION,0,0,NORMAL_BASELINE
e1000000-0000-0000-0000-000000001938,1115.43,7.0179,0.0,13,0,0,3,1,3,1115.43,2342.4,0.484,0.02,0,8065.0,0.148,0.9554,13,12,1.077,0.008,0.045,0,99,1,NORMAL_TRANSACTION,0,0,NORMAL_BASELINE
e1000000-0000-0000-0000-000000001939,2056.67,7.6293,0.0024,13,0,0,0,1,3,2056.67,4319.01,0.74,0.02,0,16122.0,0.873,0.9177,13,24,0.56,0.008,0.045,0,99,1,NORMAL_TRANSACTION,0,0,NORMAL_BASELINE
e1000000-0000-0000-0000-000000001940,7738.47,8.9541,0.0,13,0,0,1,1,3,7738.47,16250.79,1.563,0.02,0,56902.0,0.015,0.6905,18,18,1.0,0.008,0.045,0,99,1,NORMAL_TRANSACTION,0,0,NORMAL_BASELINE
e1000000-0000-0000-0000-000000001941,667.2,6.5046,0.0075,13,0,0,0,1,3,667.2,1401.12,0.366,0.02,0,17089.0,0.024,0.9733,14,23,0.625,0.008,0.045,0,99,1,NORMAL_TRANSACTION,0,0,NORMAL_BASELINE
e1000000-0000-0000-0000-000000001942,2722.44,7.9097,0.0,13,0,0,3,1,3,2722.44,5717.12,1.283,0.02,0,72147.0,0.288,0.8911,8,18,0.474,0.008,0.045,0,99,1,NORMAL_TRANSACTION,0,0,NORMAL_BASELINE
e1000000-0000-0000-0000-000000001943,6194.5,8.7316,0.0,13,0,0,1,1,3,6194.5,13008.45,1.052,0.02,0,171510.0,0.015,0.7522,16,11,1.417,0.008,0.045,0,99,1,NORMAL_TRANSACTION,0,0,NORMAL_BASELINE
e1000000-0000-0000-0000-000000001944,2339.49,7.7581,0.0021,13,0,0,0,1,3,2339.49,4912.93,1.397,0.02,0,77044.0,0.167,0.9064,7,21,0.364,0.008,0.045,0,99,1,NORMAL_TRANSACTION,0,0,NORMAL_BASELINE
e1000000-0000-0000-0000-000000001945,3519.63,8.1664,0.0014,13,0,0,0,1,3,3519.63,7391.22,1.604,0.02,0,2072.0,0.466,0.8592,13,12,1.077,0.008,0.045,0,99,1,NORMAL_TRANSACTION,0,0,NORMAL_BASELINE
e1000000-0000-0000-0000-000000001946,2996.19,8.0054,0.0017,14,0,0,0,1,3,2996.19,6292.0,0.972,0.02,0,188172.0,0.123,0.8802,11,16,0.706,0.008,0.045,0,99,1,NORMAL_TRANSACTION,0,0,NORMAL_BASELINE
e1000000-0000-0000-0000-000000001947,2781.34,7.931,0.0,14,0,0,3,1,3,2781.34,5840.81,1.299,0.02,0,87616.0,0.092,0.8887,12,23,0.542,0.008,0.045,0,99,1,NORMAL_TRANSACTION,0,0,NORMAL_BASELINE
e1000000-0000-0000-0000-000000001948,1158.13,7.0554,0.0,14,0,0,3,1,3,1158.13,2432.07,0.436,0.02,0,9183.0,0.151,0.9537,9,18,0.526,0.008,0.045,0,99,1,NORMAL_TRANSACTION,0,0,NORMAL_BASELINE
e1000000-0000-0000-0000-000000001949,20.0,3.0445,0.0,14,0,0,4,1,3,20.0,42.0,0.009,0.02,0,65786.0,0.001,0.9992,7,22,0.348,0.008,0.045,0,99,1,NORMAL_TRANSACTION,0,0,NORMAL_BASELINE
e1000000-0000-0000-0000-000000001950,1130.62,7.0314,0.0,14,0,0,3,1,3,1130.62,2374.3,0.574,0.02,0,8898.0,0.048,0.9548,11,14,0.8,0.008,0.045,0,99,1,NORMAL_TRANSACTION,0,0,NORMAL_BASELINE
e1000000-0000-0000-0000-000000001951,2189.27,7.6918,0.0149,14,0,0,2,1,3,2189.27,4597.47,0.867,0.02,0,67160.0,0.195,0.9124,16,18,0.895,0.008,0.045,0,99,1,NORMAL_TRANSACTION,0,0,NORMAL_BASELINE
e1000000-0000-0000-0000-000000001952,1173.11,7.0683,0.0043,14,0,0,0,1,3,1173.11,2463.53,0.509,0.02,0,15647.0,0.138,0.9531,8,17,0.5,0.008,0.045,0,99,1,NORMAL_TRANSACTION,0,0,NORMAL_BASELINE
e1000000-0000-0000-0000-000000001953,6823.8,8.8283,0.0,14,0,0,1,1,3,6823.8,14329.98,0.973,0.02,0,17891.0,0.023,0.727,16,16,1.0,0.008,0.045,0,99,1,NORMAL_TRANSACTION,0,0,NORMAL_BASELINE
e1000000-0000-0000-0000-000000001954,2031.42,7.617,0.0025,14,0,0,0,1,3,2031.42,4265.98,0.939,0.02,0,176656.0,0.069,0.9187,13,19,0.7,0.008,0.045,0,99,1,NORMAL_TRANSACTION,0,0,NORMAL_BASELINE
e1000000-0000-0000-0000-000000001955,2938.05,7.9858,0.0017,15,0,0,0,1,3,2938.05,6169.91,1.35,0.02,0,96437.0,1.0,0.8825,9,22,0.435,0.008,0.045,0,99,1,NORMAL_TRANSACTION,0,0,NORMAL_BASELINE
e1000000-0000-0000-0000-000000001956,3310.22,8.1051,0.0015,15,0,0,0,1,3,3310.22,6951.46,1.311,0.02,0,82127.0,0.5,0.8676,16,18,0.895,0.008,0.045,0,99,1,NORMAL_TRANSACTION,0,0,NORMAL_BASELINE
e1000000-0000-0000-0000-000000001957,1437.68,7.2715,0.0149,15,0,0,2,1,3,1437.68,3019.13,0.558,0.02,0,104006.0,0.043,0.9425,12,13,0.929,0.008,0.045,0,99,1,NORMAL_TRANSACTION,0,0,NORMAL_BASELINE
e1000000-0000-0000-0000-000000001958,1944.32,7.5732,0.0026,15,0,0,0,1,3,1944.32,4083.07,0.902,0.02,0,2217.0,0.066,0.9222,13,19,0.7,0.008,0.045,0,99,1,NORMAL_TRANSACTION,0,0,NORMAL_BASELINE
e1000000-0000-0000-0000-000000001959,2939.5,7.9863,0.0017,15,0,0,0,1,3,2939.5,6172.95,1.656,0.02,0,6817.0,0.104,0.8824,14,23,0.625,0.008,0.045,0,99,1,NORMAL_TRANSACTION,0,0,NORMAL_BASELINE
e1000000-0000-0000-0000-000000001960,2149.15,7.6733,0.0,15,0,0,3,1,3,2149.15,4513.22,0.803,0.02,0,24808.0,0.1,0.914,16,20,0.81,0.008,0.045,0,99,1,NORMAL_TRANSACTION,0,0,NORMAL_BASELINE
e1000000-0000-0000-0000-000000001961,1247.82,7.13,0.004,15,0,0,0,1,3,1247.82,2620.42,0.463,0.02,0,86693.0,0.048,0.9501,13,17,0.778,0.008,0.045,0,99,1,NORMAL_TRANSACTION,0,0,NORMAL_BASELINE
e1000000-0000-0000-0000-000000001962,1100.34,7.0043,0.0045,15,0,0,0,1,3,1100.34,2310.71,0.445,0.02,0,21873.0,0.046,0.956,18,13,1.357,0.008,0.045,0,99,1,NORMAL_TRANSACTION,0,0,NORMAL_BASELINE
e1000000-0000-0000-0000-000000001963,1407.59,7.2503,0.0,15,0,0,3,1,3,1407.59,2955.94,0.532,0.02,0,68621.0,0.048,0.9437,8,16,0.529,0.008,0.045,0,99,1,NORMAL_TRANSACTION,0,0,NORMAL_BASELINE
e1000000-0000-0000-0000-000000001964,481.27,6.1785,0.0,15,0,0,0,1,3,481.27,1010.67,0.222,0.02,0,6356.0,0.016,0.9807,12,23,0.542,0.008,0.045,0,99,1,NORMAL_TRANSACTION,0,0,NORMAL_BASELINE
e1000000-0000-0000-0000-000000001965,3029.23,8.0164,0.0,15,0,0,3,1,3,3029.23,6361.38,1.103,0.02,0,8626.0,1.0,0.8788,13,24,0.56,0.008,0.045,0,99,1,NORMAL_TRANSACTION,0,0,NORMAL_BASELINE
e1000000-0000-0000-0000-000000001966,2164.29,7.6803,0.0,16,0,0,3,1,3,2164.29,4545.01,0.799,0.02,0,72946.0,0.122,0.9134,14,20,0.714,0.008,0.045,0,99,1,NORMAL_TRANSACTION,0,0,NORMAL_BASELINE
e1000000-0000-0000-0000-000000001967,717.19,6.5767,0.007,16,0,0,0,1,3,717.19,1506.1,0.297,0.02,0,16960.0,0.127,0.9713,12,15,0.812,0.008,0.045,0,99,1,NORMAL_TRANSACTION,0,0,NORMAL_BASELINE
e1000000-0000-0000-0000-000000001968,790.81,6.6743,0.0149,16,0,0,2,1,3,790.81,1660.7,0.262,0.02,0,158272.0,0.037,0.9684,13,13,1.0,0.008,0.045,0,99,1,NORMAL_TRANSACTION,0,0,NORMAL_BASELINE
e1000000-0000-0000-0000-000000001969,3833.54,8.2518,0.0013,16,0,0,0,1,3,3833.54,8050.43,1.39,0.02,0,1363.0,1.0,0.8467,13,24,0.56,0.008,0.045,0,99,1,NORMAL_TRANSACTION,0,0,NORMAL_BASELINE
e1000000-0000-0000-0000-000000001970,5115.1,8.5401,0.0,16,0,0,1,1,3,5115.1,10741.71,1.254,0.02,0,107564.0,0.009,0.7954,10,13,0.786,0.008,0.045,0,99,1,NORMAL_TRANSACTION,0,0,NORMAL_BASELINE
e1000000-0000-0000-0000-000000001971,4413.06,8.3926,0.0011,16,0,0,0,1,3,4413.06,9267.43,2.45,0.02,0,184792.0,0.166,0.8235,14,19,0.75,0.008,0.045,0,99,1,NORMAL_TRANSACTION,0,0,NORMAL_BASELINE
e1000000-0000-0000-0000-000000001972,1279.64,7.1551,0.0,16,0,0,3,1,3,1279.64,2687.24,0.454,0.02,0,22251.0,0.251,0.9488,12,24,0.52,0.008,0.045,0,99,1,NORMAL_TRANSACTION,0,0,NORMAL_BASELINE
e1000000-0000-0000-0000-000000001973,7812.31,8.9636,0.0,16,0,0,1,1,3,7812.31,16405.85,1.32,0.02,0,10267.0,0.019,0.6875,16,11,1.417,0.008,0.045,0,99,1,NORMAL_TRANSACTION,0,0,NORMAL_BASELINE
e1000000-0000-0000-0000-000000001974,2819.47,7.9447,0.0,16,0,0,3,1,3,2819.47,5920.89,1.396,0.02,0,83331.0,0.083,0.8872,12,15,0.812,0.008,0.045,0,99,1,NORMAL_TRANSACTION,0,0,NORMAL_BASELINE
e1000000-0000-0000-0000-000000001975,6402.22,8.7646,0.0149,16,0,0,2,1,3,6402.22,13444.66,3.354,0.02,0,94372.0,0.672,0.7439,12,18,0.684,0.008,0.045,0,99,1,NORMAL_TRANSACTION,0,0,NORMAL_BASELINE
e1000000-0000-0000-0000-000000001976,1970.18,7.5864,0.0,16,0,0,1,1,3,1970.18,4137.38,0.281,0.02,0,7414.0,0.007,0.9212,16,16,1.0,0.008,0.045,0,99,1,NORMAL_TRANSACTION,0,0,NORMAL_BASELINE
e1000000-0000-0000-0000-000000001977,1705.5,7.4422,0.0029,17,0,0,0,1,3,1705.5,3581.55,1.166,0.02,0,22430.0,0.051,0.9318,14,14,1.0,0.008,0.045,0,99,1,NORMAL_TRANSACTION,0,0,NORMAL_BASELINE
e1000000-0000-0000-0000-000000001978,500.0,6.2166,0.0,17,0,0,4,1,3,500.0,1050.0,0.232,0.02,0,23165.0,0.028,0.98,14,21,0.682,0.008,0.045,0,99,1,NORMAL_TRANSACTION,0,0,NORMAL_BASELINE
e1000000-0000-0000-0000-000000001979,5417.29,8.5975,0.0,17,0,0,1,1,3,5417.29,11376.31,1.376,0.02,0,108006.0,0.009,0.7833,8,12,0.692,0.008,0.045,0,99,1,NORMAL_TRANSACTION,0,0,NORMAL_BASELINE
e1000000-0000-0000-0000-000000001980,3837.68,8.2529,0.0013,17,0,0,0,1,3,3837.68,8059.13,1.779,0.02,0,13250.0,0.405,0.8465,8,18,0.474,0.008,0.045,0,99,1,NORMAL_TRANSACTION,0,0,NORMAL_BASELINE
e1000000-0000-0000-0000-000000001981,2305.58,7.7435,0.0,17,0,0,3,1,3,2305.58,4841.72,0.822,0.02,0,3795.0,0.978,0.9078,13,24,0.56,0.008,0.045,0,99,1,NORMAL_TRANSACTION,0,0,NORMAL_BASELINE
e1000000-0000-0000-0000-000000001982,3752.38,8.2304,0.0013,17,0,0,0,1,3,3752.38,7880.0,1.196,0.02,0,24828.0,0.909,0.8499,11,16,0.706,0.008,0.045,0,99,1,NORMAL_TRANSACTION,0,0,NORMAL_BASELINE
e1000000-0000-0000-0000-000000001983,2133.59,7.666,0.0023,17,0,0,0,1,3,2133.59,4480.54,1.082,0.02,0,164122.0,0.11,0.9147,16,14,1.133,0.008,0.045,0,99,1,NORMAL_TRANSACTION,0,0,NORMAL_BASELINE
e1000000-0000-0000-0000-000000001984,3194.58,8.0695,0.0016,17,0,0,0,1,3,3194.58,6708.62,1.081,0.02,0,199655.0,0.113,0.8722,11,15,0.75,0.008,0.045,0,99,1,NORMAL_TRANSACTION,0,0,NORMAL_BASELINE
e1000000-0000-0000-0000-000000001985,2900.91,7.9731,0.0017,17,0,0,0,1,3,2900.91,6091.91,1.125,0.02,0,9132.0,0.438,0.884,16,18,0.895,0.008,0.045,0,99,1,NORMAL_TRANSACTION,0,0,NORMAL_BASELINE
e1000000-0000-0000-0000-000000001986,1033.71,6.9419,0.0,17,0,0,3,1,3,1033.71,2170.79,0.377,0.02,0,121474.0,0.033,0.9587,15,14,1.067,0.008,0.045,0,99,1,NORMAL_TRANSACTION,0,0,NORMAL_BASELINE
e1000000-0000-0000-0000-000000001987,3698.94,8.2161,0.0014,18,0,0,0,1,3,3698.94,7767.77,1.589,0.02,0,22329.0,0.113,0.852,11,16,0.706,0.008,0.045,0,99,1,NORMAL_TRANSACTION,0,0,NORMAL_BASELINE
e1000000-0000-0000-0000-000000001988,2726.4,7.9111,0.0,18,0,0,3,1,3,2726.4,5725.44,1.226,0.02,0,13415.0,0.32,0.8909,8,17,0.5,0.008,0.045,0,99,1,NORMAL_TRANSACTION,0,0,NORMAL_BASELINE
e1000000-0000-0000-0000-000000001989,713.59,6.5717,0.0149,18,0,0,2,1,3,713.59,1498.54,0.251,0.02,0,19565.0,0.249,0.9715,9,18,0.526,0.008,0.045,0,99,1,NORMAL_TRANSACTION,0,0,NORMAL_BASELINE
e1000000-0000-0000-0000-000000001990,2260.26,7.7237,0.0022,18,0,0,0,1,3,2260.26,4746.55,1.613,0.02,0,90456.0,0.483,0.9096,12,13,0.929,0.008,0.045,0,99,1,NORMAL_TRANSACTION,0,0,NORMAL_BASELINE
e1000000-0000-0000-0000-000000001991,754.22,6.627,0.0066,18,0,0,0,1,3,754.22,1583.86,0.354,0.02,0,15894.0,0.032,0.9698,7,22,0.348,0.008,0.045,0,99,1,NORMAL_TRANSACTION,0,0,NORMAL_BASELINE
e1000000-0000-0000-0000-000000001992,6699.29,8.8099,0.0149,18,0,0,2,1,3,6699.29,14068.51,2.361,0.02,0,193036.0,0.256,0.732,13,26,0.519,0.008,0.045,0,99,1,NORMAL_TRANSACTION,0,0,NORMAL_BASELINE
e1000000-0000-0000-0000-000000001993,8037.59,8.992,0.0,18,0,0,1,1,3,8037.59,16878.94,1.689,0.02,0,190297.0,0.019,0.6785,16,12,1.308,0.008,0.045,0,99,1,NORMAL_TRANSACTION,0,0,NORMAL_BASELINE
e1000000-0000-0000-0000-000000001994,2911.24,7.9767,0.0017,18,0,0,0,1,3,2911.24,6113.6,1.596,0.02,0,196072.0,0.37,0.8836,9,14,0.667,0.008,0.045,0,99,1,NORMAL_TRANSACTION,0,0,NORMAL_BASELINE
e1000000-0000-0000-0000-000000001995,2893.88,7.9707,0.0,18,0,0,1,1,3,2893.88,6077.15,0.694,0.02,0,9349.0,0.005,0.8842,10,13,0.786,0.008,0.045,0,99,1,NORMAL_TRANSACTION,0,0,NORMAL_BASELINE
e1000000-0000-0000-0000-000000001996,1009.43,6.9181,0.005,19,0,0,0,1,3,1009.43,2119.8,0.48,0.02,0,78819.0,0.038,0.9596,9,16,0.588,0.008,0.045,0,99,1,NORMAL_TRANSACTION,0,0,NORMAL_BASELINE
e1000000-0000-0000-0000-000000001997,2100.4,7.6504,0.0,19,0,0,3,1,3,2100.4,4410.84,0.78,0.02,0,2502.0,0.733,0.916,9,18,0.526,0.008,0.045,0,99,1,NORMAL_TRANSACTION,0,0,NORMAL_BASELINE
e1000000-0000-0000-0000-000000001998,6466.68,8.7746,0.0149,19,0,0,2,1,3,6466.68,13580.03,2.48,0.02,0,101619.0,0.279,0.7413,14,21,0.682,0.008,0.045,0,99,1,NORMAL_TRANSACTION,0,0,NORMAL_BASELINE
e1000000-0000-0000-0000-000000001999,6140.31,8.7228,0.0,19,0,0,1,1,3,6140.31,12894.65,1.2,0.02,0,20422.0,0.012,0.7544,18,18,1.0,0.008,0.045,0,99,1,NORMAL_TRANSACTION,0,0,NORMAL_BASELINE
e1000000-0000-0000-0000-000000002000,2196.68,7.6952,0.0149,19,0,0,2,1,3,2196.68,4613.03,1.127,0.02,0,263123.0,0.137,0.9121,13,42,0.326,0.008,0.045,0,99,1,NORMAL_TRANSACTION,0,0,NORMAL_BASELINE
e1000000-0000-0000-0000-000000002001,4057.91,8.3087,0.0012,19,0,0,0,1,3,4057.91,8521.61,1.547,0.02,0,13879.0,0.157,0.8377,13,17,0.778,0.008,0.045,0,99,1,NORMAL_TRANSACTION,0,0,NORMAL_BASELINE
e1000000-0000-0000-0000-000000002002,50.0,3.9318,0.0,19,0,0,4,1,3,50.0,105.0,0.02,0.02,0,180439.0,0.004,0.998,10,17,0.611,0.008,0.045,0,99,1,NORMAL_TRANSACTION,0,0,NORMAL_BASELINE
e1000000-0000-0000-0000-000000002003,965.0,6.8732,0.0052,19,0,0,0,1,3,965.0,2026.5,0.353,0.02,0,88619.0,1.0,0.9614,12,16,0.765,0.008,0.045,0,99,1,NORMAL_TRANSACTION,0,0,NORMAL_BASELINE
e1000000-0000-0000-0000-000000002004,1398.07,7.2436,0.0,19,0,0,3,1,3,1398.07,2935.95,0.457,0.02,0,92260.0,0.067,0.9441,8,15,0.562,0.008,0.045,0,99,1,NORMAL_TRANSACTION,0,0,NORMAL_BASELINE
e1000000-0000-0000-0000-000000002005,1050.95,6.9584,0.0048,19,0,0,0,1,3,1050.95,2207.0,0.488,0.02,0,103877.0,0.186,0.958,14,16,0.882,0.008,0.045,0,99,1,NORMAL_TRANSACTION,0,0,NORMAL_BASELINE
e1000000-0000-0000-0000-000000002006,6408.43,8.7655,0.0,20,0,0,1,1,3,6408.43,13457.7,0.995,0.02,0,31458.0,0.017,0.7437,20,19,1.05,0.008,0.045,0,99,1,NORMAL_TRANSACTION,0,0,NORMAL_BASELINE
e1000000-0000-0000-0000-000000002007,4422.64,8.3947,0.0011,20,0,0,0,1,3,4422.64,9287.54,1.897,0.02,0,32967.0,0.198,0.8231,16,20,0.81,0.008,0.045,0,99,1,NORMAL_TRANSACTION,0,0,NORMAL_BASELINE
e1000000-0000-0000-0000-000000002008,609.58,6.4144,0.0,20,0,0,3,1,3,609.58,1280.12,0.389,0.02,0,202563.0,0.031,0.9756,9,18,0.526,0.008,0.045,0,99,1,NORMAL_TRANSACTION,0,0,NORMAL_BASELINE
e1000000-0000-0000-0000-000000002009,2701.94,7.9021,0.0019,20,0,0,0,1,3,2701.94,5674.07,1.123,0.02,0,115001.0,0.215,0.8919,5,14,0.4,0.008,0.045,0,99,1,NORMAL_TRANSACTION,0,0,NORMAL_BASELINE
e1000000-0000-0000-0000-000000002010,885.94,6.7878,0.0,20,0,0,3,1,3,885.94,1860.47,0.431,0.02,0,188507.0,0.036,0.9646,13,25,0.538,0.008,0.045,0,99,1,NORMAL_TRANSACTION,0,0,NORMAL_BASELINE
e1000000-0000-0000-0000-000000002011,751.25,6.6231,0.0067,20,0,0,0,1,3,751.25,1577.62,0.28,0.02,0,16391.0,0.042,0.9699,14,20,0.714,0.008,0.045,0,99,1,NORMAL_TRANSACTION,0,0,NORMAL_BASELINE
e1000000-0000-0000-0000-000000002012,1126.47,7.0277,0.0,20,0,0,3,1,3,1126.47,2365.59,0.438,0.02,0,131780.0,0.13,0.9549,10,17,0.611,0.008,0.045,0,99,1,NORMAL_TRANSACTION,0,0,NORMAL_BASELINE
e1000000-0000-0000-0000-000000002013,3219.22,8.0772,0.0016,20,0,0,0,1,3,3219.22,6760.36,1.426,0.02,0,9111.0,0.378,0.8712,8,17,0.5,0.008,0.045,0,99,1,NORMAL_TRANSACTION,0,0,NORMAL_BASELINE
e1000000-0000-0000-0000-000000002014,824.45,6.7159,0.0061,20,0,0,0,1,3,824.45,1731.35,0.387,0.02,0,95185.0,0.228,0.967,13,13,1.0,0.008,0.045,0,99,1,NORMAL_TRANSACTION,0,0,NORMAL_BASELINE
e1000000-0000-0000-0000-000000002015,5622.74,8.6348,0.0149,20,0,0,2,1,3,5622.74,11807.75,2.856,0.02,0,5641.0,0.351,0.7751,13,42,0.326,0.008,0.045,0,99,1,NORMAL_TRANSACTION,0,0,NORMAL_BASELINE
e1000000-0000-0000-0000-000000002016,50.0,3.9318,0.0,21,0,0,4,1,3,50.0,105.0,0.029,0.02,0,219026.0,0.002,0.998,9,17,0.556,0.008,0.045,0,99,1,NORMAL_TRANSACTION,0,0,NORMAL_BASELINE
e1000000-0000-0000-0000-000000002017,1161.96,7.0587,0.0,21,0,0,3,1,3,1161.96,2440.12,0.477,0.02,0,190537.0,0.057,0.9535,10,16,0.647,0.008,0.045,0,99,1,NORMAL_TRANSACTION,0,0,NORMAL_BASELINE
e1000000-0000-0000-0000-000000002018,2860.87,7.9592,0.0017,21,0,0,0,1,3,2860.87,6007.83,1.399,0.02,0,4598.0,0.506,0.8856,14,16,0.882,0.008,0.045,0,99,1,NORMAL_TRANSACTION,0,0,NORMAL_BASELINE
e1000000-0000-0000-0000-000000002019,2299.33,7.7408,0.0022,21,0,0,0,1,3,2299.33,4828.59,1.176,0.02,0,17978.0,0.087,0.908,14,19,0.75,0.008,0.045,0,99,1,NORMAL_TRANSACTION,0,0,NORMAL_BASELINE
e1000000-0000-0000-0000-000000002020,2519.67,7.8323,0.002,21,0,0,0,1,3,2519.67,5291.31,0.977,0.02,0,26391.0,0.329,0.8992,9,18,0.526,0.008,0.045,0,99,1,NORMAL_TRANSACTION,0,0,NORMAL_BASELINE
e1000000-0000-0000-0000-000000002021,2117.83,7.6586,0.0024,21,0,0,0,1,3,2117.83,4447.44,1.315,0.02,0,1954.0,0.099,0.9153,9,17,0.556,0.008,0.045,0,99,1,NORMAL_TRANSACTION,0,0,NORMAL_BASELINE
e1000000-0000-0000-0000-000000002022,2788.76,7.9337,0.0,21,0,0,3,1,3,2788.76,5856.4,1.916,0.02,0,11568.0,0.596,0.8884,12,13,0.929,0.008,0.045,0,99,1,NORMAL_TRANSACTION,0,0,NORMAL_BASELINE
e1000000-0000-0000-0000-000000002023,4816.14,8.4799,0.0,21,0,0,1,1,3,4816.14,10113.89,0.702,0.02,0,43796.0,0.014,0.8074,7,10,0.727,0.008,0.045,0,99,1,NORMAL_TRANSACTION,0,0,NORMAL_BASELINE
e1000000-0000-0000-0000-000000002024,3266.16,8.0917,0.0149,8,0,1,2,1,3,3266.16,6858.94,1.272,0.02,0,58415.0,0.112,0.8694,8,16,0.529,0.008,0.045,0,99,1,NORMAL_TRANSACTION,0,0,NORMAL_BASELINE
e1000000-0000-0000-0000-000000002025,2290.56,7.737,0.0,8,0,1,3,1,3,2290.56,4810.18,0.989,0.02,0,161008.0,1.0,0.9084,10,12,0.846,0.008,0.045,0,99,1,NORMAL_TRANSACTION,0,0,NORMAL_BASELINE
e1000000-0000-0000-0000-000000002026,2236.23,7.713,0.0,8,0,1,3,1,3,2236.23,4696.08,0.813,0.02,0,56578.0,0.438,0.9106,12,24,0.52,0.008,0.045,0,99,1,NORMAL_TRANSACTION,0,0,NORMAL_BASELINE
e1000000-0000-0000-0000-000000002027,618.1,6.4283,0.0081,8,0,1,0,1,3,618.1,1298.01,0.257,0.02,0,50728.0,0.019,0.9753,11,16,0.706,0.008,0.045,0,99,1,NORMAL_TRANSACTION,0,0,NORMAL_BASELINE
e1000000-0000-0000-0000-000000002028,7452.81,8.9165,0.0,8,0,1,1,1,3,7452.81,15650.9,1.833,0.02,0,48498.0,0.012,0.7019,10,13,0.786,0.008,0.045,0,99,1,NORMAL_TRANSACTION,0,0,NORMAL_BASELINE
e1000000-0000-0000-0000-000000002029,200.0,5.3033,0.0,8,0,1,4,1,3,200.0,420.0,0.082,0.02,0,71286.0,0.031,0.992,17,15,1.125,0.008,0.045,0,99,1,NORMAL_TRANSACTION,0,0,NORMAL_BASELINE
e1000000-0000-0000-0000-000000002030,2344.46,7.7602,0.0,8,0,1,1,1,3,2344.46,4923.37,0.376,0.02,0,137342.0,0.005,0.9062,14,10,1.364,0.008,0.045,0,99,1,NORMAL_TRANSACTION,0,0,NORMAL_BASELINE
e1000000-0000-0000-0000-000000002031,753.16,6.6256,0.0,9,0,1,3,1,3,753.16,1581.64,0.319,0.02,0,239769.0,0.333,0.9699,11,16,0.706,0.008,0.045,0,99,1,NORMAL_TRANSACTION,0,0,NORMAL_BASELINE
e1000000-0000-0000-0000-000000002032,2001.07,7.6019,0.0149,9,0,1,2,1,3,2001.07,4202.25,0.634,0.02,0,79025.0,0.22,0.92,15,20,0.762,0.008,0.045,0,99,1,NORMAL_TRANSACTION,0,0,NORMAL_BASELINE
e1000000-0000-0000-0000-000000002033,997.97,6.9067,0.005,9,0,1,0,1,3,997.97,2095.74,0.322,0.02,0,81.0,0.11,0.9601,15,20,0.762,0.008,0.045,0,99,1,NORMAL_TRANSACTION,0,0,NORMAL_BASELINE
e1000000-0000-0000-0000-000000002034,2273.3,7.7294,0.0,9,0,1,1,1,3,2273.3,4773.93,0.399,0.02,0,212867.0,0.005,0.9091,5,10,0.545,0.008,0.045,0,99,1,NORMAL_TRANSACTION,0,0,NORMAL_BASELINE
e1000000-0000-0000-0000-000000002035,2547.7,7.8433,0.0,9,0,1,3,1,3,2547.7,5350.17,1.097,0.02,0,61291.0,0.453,0.8981,12,15,0.812,0.008,0.045,0,99,1,NORMAL_TRANSACTION,0,0,NORMAL_BASELINE
e1000000-0000-0000-0000-000000002036,2059.7,7.6308,0.0024,9,0,1,0,1,3,2059.7,4325.37,1.072,0.02,0,137347.0,0.139,0.9176,15,15,1.0,0.008,0.045,0,99,1,NORMAL_TRANSACTION,0,0,NORMAL_BASELINE
e1000000-0000-0000-0000-000000002037,875.21,6.7756,0.0149,9,0,1,2,1,3,875.21,1837.94,0.313,0.02,0,62954.0,0.041,0.965,13,13,1.0,0.008,0.045,0,99,1,NORMAL_TRANSACTION,0,0,NORMAL_BASELINE
e1000000-0000-0000-0000-000000002038,795.34,6.68,0.0149,9,0,1,2,1,3,795.34,1670.21,0.37,0.02,0,154243.0,0.027,0.9682,17,18,0.947,0.008,0.045,0,99,1,NORMAL_TRANSACTION,0,0,NORMAL_BASELINE
e1000000-0000-0000-0000-000000002039,200.0,5.3033,0.0,9,0,1,4,1,3,200.0,420.0,0.077,0.02,0,57030.0,0.006,0.992,15,14,1.067,0.008,0.045,0,99,1,NORMAL_TRANSACTION,0,0,NORMAL_BASELINE
e1000000-0000-0000-0000-000000002040,814.84,6.7042,0.0149,9,0,1,2,1,3,814.84,1711.16,0.325,0.02,0,70097.0,0.072,0.9674,16,18,0.895,0.008,0.045,0,99,1,NORMAL_TRANSACTION,0,0,NORMAL_BASELINE
e1000000-0000-0000-0000-000000002041,1273.31,7.1502,0.0,9,0,1,1,1,3,1273.31,2673.95,0.218,0.02,0,82415.0,0.004,0.9491,8,18,0.474,0.008,0.045,0,99,1,NORMAL_TRANSACTION,0,0,NORMAL_BASELINE
e1000000-0000-0000-0000-000000002042,3940.1,8.2792,0.0013,10,0,1,0,1,3,3940.1,8274.21,1.899,0.02,0,60840.0,0.22,0.8424,14,21,0.682,0.008,0.045,0,99,1,NORMAL_TRANSACTION,0,0,NORMAL_BASELINE
e1000000-0000-0000-0000-000000002043,7695.72,8.9485,0.0149,10,0,1,2,1,3,7695.72,16161.01,3.145,0.02,0,168000.0,0.225,0.6922,6,15,0.438,0.008,0.045,0,99,1,NORMAL_TRANSACTION,0,0,NORMAL_BASELINE
e1000000-0000-0000-0000-000000002044,9654.18,9.1752,0.0,10,0,1,1,1,3,9654.18,20273.78,1.725,0.02,0,559.0,0.028,0.6138,8,18,0.474,0.008,0.045,0,99,1,NORMAL_TRANSACTION,0,0,NORMAL_BASELINE
e1000000-0000-0000-0000-000000002045,4382.71,8.3857,0.0011,10,0,1,0,1,3,4382.71,9203.69,2.967,0.02,0,146736.0,0.142,0.8247,11,22,0.522,0.008,0.045,0,99,1,NORMAL_TRANSACTION,0,0,NORMAL_BASELINE
e1000000-0000-0000-0000-000000002046,50.0,3.9318,0.0,10,0,1,4,1,3,50.0,105.0,0.019,0.02,0,7970.0,0.002,0.998,8,16,0.529,0.008,0.045,0,99,1,NORMAL_TRANSACTION,0,0,NORMAL_BASELINE
e1000000-0000-0000-0000-000000002047,2254.39,7.7211,0.0,10,0,1,3,1,3,2254.39,4734.22,0.808,0.02,0,55635.0,0.097,0.9098,14,21,0.682,0.008,0.045,0,99,1,NORMAL_TRANSACTION,0,0,NORMAL_BASELINE
e1000000-0000-0000-0000-000000002048,310.07,5.74,0.0,11,0,1,3,1,3,310.07,651.15,0.119,0.02,0,56008.0,0.594,0.9876,12,16,0.765,0.008,0.045,0,99,1,NORMAL_TRANSACTION,0,0,NORMAL_BASELINE
e1000000-0000-0000-0000-000000002049,2334.42,7.7559,0.0,11,0,1,3,1,3,2334.42,4902.28,1.344,0.02,0,96077.0,0.215,0.9066,13,18,0.737,0.008,0.045,0,99,1,NORMAL_TRANSACTION,0,0,NORMAL_BASELINE
e1000000-0000-0000-0000-000000002050,7051.41,8.8611,0.0149,11,0,1,2,1,3,7051.41,14807.96,3.333,0.02,0,243870.0,0.207,0.7179,14,22,0.652,0.008,0.045,0,99,1,NORMAL_TRANSACTION,0,0,NORMAL_BASELINE
e1000000-0000-0000-0000-000000002051,1708.39,7.4439,0.0,12,0,1,1,1,3,1708.39,3587.62,0.312,0.02,0,139789.0,0.008,0.9317,12,13,0.929,0.008,0.045,0,99,1,NORMAL_TRANSACTION,0,0,NORMAL_BASELINE
e1000000-0000-0000-0000-000000002052,1482.16,7.3019,0.0034,12,0,1,0,1,3,1482.16,3112.54,0.536,0.02,0,6015.0,0.064,0.9407,14,21,0.682,0.008,0.045,0,99,1,NORMAL_TRANSACTION,0,0,NORMAL_BASELINE
e1000000-0000-0000-0000-000000002053,7582.91,8.9338,0.0,12,0,1,1,1,3,7582.91,15924.11,1.466,0.02,0,61017.0,0.015,0.6967,18,18,1.0,0.008,0.045,0,99,1,NORMAL_TRANSACTION,0,0,NORMAL_BASELINE
e1000000-0000-0000-0000-000000002054,3789.74,8.2403,0.0013,12,0,1,0,1,3,3789.74,7958.45,1.361,0.02,0,67915.0,1.0,0.8484,13,24,0.56,0.008,0.045,0,99,1,NORMAL_TRANSACTION,0,0,NORMAL_BASELINE
e1000000-0000-0000-0000-000000002055,712.42,6.5701,0.007,12,0,1,0,1,3,712.42,1496.08,0.257,0.02,0,142495.0,0.041,0.9715,15,22,0.696,0.008,0.045,0,99,1,NORMAL_TRANSACTION,0,0,NORMAL_BASELINE
e1000000-0000-0000-0000-000000002056,714.03,6.5723,0.0,12,0,1,3,1,3,714.03,1499.46,0.311,0.02,0,61625.0,0.053,0.9714,10,17,0.611,0.008,0.045,0,99,1,NORMAL_TRANSACTION,0,0,NORMAL_BASELINE
e1000000-0000-0000-0000-000000002057,1680.16,7.4272,0.003,12,0,1,0,1,3,1680.16,3528.34,0.86,0.02,0,258631.0,0.059,0.9328,15,21,0.727,0.008,0.045,0,99,1,NORMAL_TRANSACTION,0,0,NORMAL_BASELINE
e1000000-0000-0000-0000-000000002058,2470.44,7.8126,0.0149,12,0,1,2,1,3,2470.44,5187.92,1.207,0.02,0,63928.0,0.093,0.9012,9,16,0.588,0.008,0.045,0,99,1,NORMAL_TRANSACTION,0,0,NORMAL_BASELINE
e1000000-0000-0000-0000-000000002059,221.69,5.4058,0.0,12,0,1,3,1,3,221.69,465.55,0.108,0.02,0,11404.0,0.007,0.9911,17,18,0.947,0.008,0.045,0,99,1,NORMAL_TRANSACTION,0,0,NORMAL_BASELINE
e1000000-0000-0000-0000-000000002060,6893.58,8.8385,0.0,12,0,1,1,1,3,6893.58,14476.52,1.132,0.02,0,72946.0,0.016,0.7243,16,11,1.417,0.008,0.045,0,99,1,NORMAL_TRANSACTION,0,0,NORMAL_BASELINE
e1000000-0000-0000-0000-000000002061,354.12,5.8725,0.0,13,0,1,3,1,3,354.12,743.65,0.144,0.02,0,61140.0,0.016,0.9858,16,20,0.81,0.008,0.045,0,99,1,NORMAL_TRANSACTION,0,0,NORMAL_BASELINE
e1000000-0000-0000-0000-000000002062,2883.33,7.967,0.0017,13,0,1,0,1,3,2883.33,6054.99,0.957,0.02,0,65578.0,0.11,0.8847,13,26,0.519,0.008,0.045,0,99,1,NORMAL_TRANSACTION,0,0,NORMAL_BASELINE
e1000000-0000-0000-0000-000000002063,1173.3,7.0684,0.0,13,0,1,1,1,3,1173.3,2463.93,0.202,0.02,0,11545.0,0.003,0.9531,8,18,0.474,0.008,0.045,0,99,1,NORMAL_TRANSACTION,0,0,NORMAL_BASELINE
e1000000-0000-0000-0000-000000002064,1391.94,7.2392,0.0,13,0,1,3,1,3,1391.94,2923.07,0.918,0.02,0,62050.0,0.071,0.9443,9,18,0.526,0.008,0.045,0,99,1,NORMAL_TRANSACTION,0,0,NORMAL_BASELINE
e1000000-0000-0000-0000-000000002065,2663.62,7.8878,0.0,13,0,1,3,1,3,2663.62,5593.6,1.034,0.02,0,57467.0,0.348,0.8935,9,18,0.526,0.008,0.045,0,99,1,NORMAL_TRANSACTION,0,0,NORMAL_BASELINE
e1000000-0000-0000-0000-000000002066,4990.94,8.5156,0.0149,13,0,1,2,1,3,4990.94,10480.97,2.327,0.02,0,79324.0,0.171,0.8004,13,19,0.7,0.008,0.045,0,99,1,NORMAL_TRANSACTION,0,0,NORMAL_BASELINE
e1000000-0000-0000-0000-000000002067,1993.1,7.5979,0.0025,13,0,1,0,1,3,1993.1,4185.51,0.648,0.02,0,84740.0,0.081,0.9203,11,16,0.706,0.008,0.045,0,99,1,NORMAL_TRANSACTION,0,0,NORMAL_BASELINE
e1000000-0000-0000-0000-000000002068,5608.11,8.6321,0.0149,13,0,1,2,1,3,5608.11,11777.03,2.266,0.02,0,60393.0,0.645,0.7757,10,17,0.611,0.008,0.045,0,99,1,NORMAL_TRANSACTION,0,0,NORMAL_BASELINE
e1000000-0000-0000-0000-000000002069,963.35,6.8715,0.0,13,0,1,3,1,3,963.35,2023.04,0.507,0.02,0,84131.0,0.041,0.9615,11,14,0.8,0.008,0.045,0,99,1,NORMAL_TRANSACTION,0,0,NORMAL_BASELINE
e1000000-0000-0000-0000-000000002070,2630.63,7.8754,0.0,13,0,1,3,1,3,2630.63,5524.32,1.064,0.02,0,80635.0,0.079,0.8948,12,13,0.929,0.008,0.045,0,99,1,NORMAL_TRANSACTION,0,0,NORMAL_BASELINE
e1000000-0000-0000-0000-000000002071,2778.49,7.93,0.0,13,0,1,3,1,3,2778.49,5834.83,0.927,0.02,0,1372.0,0.114,0.8889,11,16,0.706,0.008,0.045,0,99,1,NORMAL_TRANSACTION,0,0,NORMAL_BASELINE
e1000000-0000-0000-0000-000000002072,2601.84,7.8644,0.0149,14,0,1,2,1,3,2601.84,5463.86,1.318,0.02,0,60239.0,0.098,0.8959,14,19,0.75,0.008,0.045,0,99,1,NORMAL_TRANSACTION,0,0,NORMAL_BASELINE
e1000000-0000-0000-0000-000000002073,2270.63,7.7283,0.0,14,0,1,3,1,3,2270.63,4768.32,0.804,0.02,0,6922.0,0.964,0.9092,13,24,0.56,0.008,0.045,0,99,1,NORMAL_TRANSACTION,0,0,NORMAL_BASELINE
e1000000-0000-0000-0000-000000002074,2169.78,7.6828,0.0023,14,0,1,0,1,3,2169.78,4556.54,1.077,0.02,0,91586.0,0.809,0.9132,15,8,1.778,0.008,0.045,0,99,1,NORMAL_TRANSACTION,0,0,NORMAL_BASELINE
e1000000-0000-0000-0000-000000002075,50.0,3.9318,0.0,14,0,1,4,1,3,50.0,105.0,0.024,0.02,0,70744.0,0.002,0.998,7,22,0.348,0.008,0.045,0,99,1,NORMAL_TRANSACTION,0,0,NORMAL_BASELINE
e1000000-0000-0000-0000-000000002076,2611.57,7.8681,0.0019,14,0,1,0,1,3,2611.57,5484.3,1.428,0.02,0,3152.0,0.11,0.8955,11,14,0.8,0.008,0.045,0,99,1,NORMAL_TRANSACTION,0,0,NORMAL_BASELINE
e1000000-0000-0000-0000-000000002077,1190.35,7.0828,0.0,14,0,1,3,1,3,1190.35,2499.74,0.852,0.02,0,106147.0,0.055,0.9524,10,15,0.688,0.008,0.045,0,99,1,NORMAL_TRANSACTION,0,0,NORMAL_BASELINE
e1000000-0000-0000-0000-000000002078,6336.43,8.7542,0.0,14,0,1,1,1,3,6336.43,13306.5,1.058,0.02,0,418346.0,0.016,0.7465,11,11,1.0,0.008,0.045,0,99,1,NORMAL_TRANSACTION,0,0,NORMAL_BASELINE
e1000000-0000-0000-0000-000000002079,1611.65,7.3856,0.0,15,0,1,1,1,3,1611.65,3384.47,0.305,0.02,0,108530.0,0.006,0.9355,14,12,1.154,0.008,0.045,0,99,1,NORMAL_TRANSACTION,0,0,NORMAL_BASELINE
e1000000-0000-0000-0000-000000002080,4304.01,8.3675,0.0012,15,0,1,0,1,3,4304.01,9038.42,1.731,0.02,0,4282.0,0.129,0.8278,12,13,0.929,0.008,0.045,0,99,1,NORMAL_TRANSACTION,0,0,NORMAL_BASELINE
e1000000-0000-0000-0000-000000002081,2447.96,7.8034,0.002,15,0,1,0,1,3,2447.96,5140.72,0.963,0.02,0,176028.0,0.077,0.9021,17,19,0.9,0.008,0.045,0,99,1,NORMAL_TRANSACTION,0,0,NORMAL_BASELINE
e1000000-0000-0000-0000-000000002082,5936.06,8.689,0.0,15,0,1,1,1,3,5936.06,12465.73,1.272,0.02,0,178305.0,0.017,0.7626,9,11,0.833,0.008,0.045,0,99,1,NORMAL_TRANSACTION,0,0,NORMAL_BASELINE
e1000000-0000-0000-0000-000000002083,2466.11,7.8108,0.0,15,0,1,1,1,3,2466.11,5178.83,0.429,0.02,0,179874.0,0.011,0.9014,15,16,0.941,0.008,0.045,0,99,1,NORMAL_TRANSACTION,0,0,NORMAL_BASELINE
e1000000-0000-0000-0000-000000002084,845.74,6.7414,0.0,15,0,1,3,1,3,845.74,1776.05,0.524,0.02,0,18452.0,0.027,0.9662,11,22,0.522,0.008,0.045,0,99,1,NORMAL_TRANSACTION,0,0,NORMAL_BASELINE
e1000000-0000-0000-0000-000000002085,3212.21,8.075,0.0016,15,0,1,0,1,3,3212.21,6745.64,1.373,0.02,0,12989.0,0.094,0.8715,14,22,0.652,0.008,0.045,0,99,1,NORMAL_TRANSACTION,0,0,NORMAL_BASELINE
e1000000-0000-0000-0000-000000002086,3158.92,8.0583,0.0016,15,0,1,0,1,3,3158.92,6633.73,1.322,0.02,0,95300.0,1.0,0.8736,13,17,0.778,0.008,0.045,0,99,1,NORMAL_TRANSACTION,0,0,NORMAL_BASELINE
e1000000-0000-0000-0000-000000002087,3595.83,8.1878,0.0014,15,0,1,0,1,3,3595.83,7551.24,1.535,0.02,0,102458.0,0.157,0.8562,10,20,0.524,0.008,0.045,0,99,1,NORMAL_TRANSACTION,0,0,NORMAL_BASELINE
e1000000-0000-0000-0000-000000002088,4270.4,8.3597,0.0012,15,0,1,0,1,3,4270.4,8967.84,1.754,0.02,0,786.0,1.0,0.8292,13,17,0.778,0.008,0.045,0,99,1,NORMAL_TRANSACTION,0,0,NORMAL_BASELINE
e1000000-0000-0000-0000-000000002089,2463.31,7.8097,0.0,15,0,1,3,1,3,2463.31,5172.95,1.716,0.02,0,238056.0,0.085,0.9015,12,22,0.565,0.008,0.045,0,99,1,NORMAL_TRANSACTION,0,0,NORMAL_BASELINE
e1000000-0000-0000-0000-000000002090,2400.47,7.7838,0.0,15,0,1,3,1,3,2400.47,5040.99,0.946,0.02,0,3058.0,0.075,0.904,17,19,0.9,0.008,0.045,0,99,1,NORMAL_TRANSACTION,0,0,NORMAL_BASELINE
e1000000-0000-0000-0000-000000002091,692.9,6.5423,0.0,16,0,1,3,1,3,692.9,1455.09,0.313,0.02,0,89517.0,0.706,0.9723,9,22,0.435,0.008,0.045,0,99,1,NORMAL_TRANSACTION,0,0,NORMAL_BASELINE
e1000000-0000-0000-0000-000000002092,6009.81,8.7013,0.0149,16,0,1,2,1,3,6009.81,12620.6,2.265,0.02,0,75388.0,1.0,0.7596,9,18,0.526,0.008,0.045,0,99,1,NORMAL_TRANSACTION,0,0,NORMAL_BASELINE
e1000000-0000-0000-0000-000000002093,1425.65,7.2631,0.0,16,0,1,1,1,3,1425.65,2993.87,0.351,0.02,0,84454.0,0.003,0.943,8,12,0.692,0.008,0.045,0,99,1,NORMAL_TRANSACTION,0,0,NORMAL_BASELINE
e1000000-0000-0000-0000-000000002094,1364.37,7.2192,0.0149,16,0,1,2,1,3,1364.37,2865.18,0.457,0.02,0,10363.0,0.056,0.9454,11,16,0.706,0.008,0.045,0,99,1,NORMAL_TRANSACTION,0,0,NORMAL_BASELINE
e1000000-0000-0000-0000-000000002095,2505.79,7.8268,0.002,16,0,1,0,1,3,2505.79,5262.16,1.109,0.02,0,157847.0,0.105,0.8998,8,18,0.474,0.008,0.045,0,99,1,NORMAL_TRANSACTION,0,0,NORMAL_BASELINE
e1000000-0000-0000-0000-000000002096,6066.44,8.7107,0.0149,17,0,1,2,1,3,6066.44,12739.52,2.105,0.02,0,1481.0,0.248,0.7573,11,16,0.706,0.008,0.045,0,99,1,NORMAL_TRANSACTION,0,0,NORMAL_BASELINE
e1000000-0000-0000-0000-000000002097,3299.51,8.1018,0.0149,17,0,1,2,1,3,3299.51,6928.97,2.088,0.02,0,7421.0,0.107,0.868,11,22,0.522,0.008,0.045,0,99,1,NORMAL_TRANSACTION,0,0,NORMAL_BASELINE
e1000000-0000-0000-0000-000000002098,1851.82,7.5245,0.0027,17,0,1,0,1,3,1851.82,3888.82,0.768,0.02,0,111904.0,0.217,0.9259,16,13,1.214,0.008,0.045,0,99,1,NORMAL_TRANSACTION,0,0,NORMAL_BASELINE
e1000000-0000-0000-0000-000000002099,4004.52,8.2954,0.0012,17,0,1,0,1,3,4004.52,8409.49,1.835,0.02,0,17484.0,0.298,0.8398,10,17,0.611,0.008,0.045,0,99,1,NORMAL_TRANSACTION,0,0,NORMAL_BASELINE
e1000000-0000-0000-0000-000000002100,3105.75,8.0413,0.0,17,0,1,3,1,3,3105.75,6522.08,1.81,0.02,0,100172.0,0.222,0.8758,7,21,0.364,0.008,0.045,0,99,1,NORMAL_TRANSACTION,0,0,NORMAL_BASELINE
e1000000-0000-0000-0000-000000002101,186.6,5.2343,0.0,17,0,1,3,1,3,186.6,391.86,0.087,0.02,0,90072.0,0.02,0.9925,12,18,0.684,0.008,0.045,0,99,1,NORMAL_TRANSACTION,0,0,NORMAL_BASELINE
e1000000-0000-0000-0000-000000002102,678.59,6.5215,0.0149,17,0,1,2,1,3,678.59,1425.04,0.299,0.02,0,3543.0,0.028,0.9729,8,18,0.474,0.008,0.045,0,99,1,NORMAL_TRANSACTION,0,0,NORMAL_BASELINE
e1000000-0000-0000-0000-000000002103,2616.07,7.8698,0.0019,18,0,1,0,1,3,2616.07,5493.75,0.914,0.02,0,7092.0,0.913,0.8954,9,18,0.526,0.008,0.045,0,99,1,NORMAL_TRANSACTION,0,0,NORMAL_BASELINE
e1000000-0000-0000-0000-000000002104,24950.0,10.1247,0.0002,18,0,1,0,1,3,24950.0,52395.0,12.952,0.02,0,164772.0,1.0,0.002,10,14,0.733,0.008,0.045,0,1,2,UNUSUALLY_LARGE,1,1,LARGE_TRANSACTION_BURST
e1000000-0000-0000-0000-000000002105,9062.37,9.112,0.0,18,0,1,1,1,3,9062.37,19030.98,1.923,0.02,0,167249.0,0.025,0.6375,16,10,1.545,0.008,0.045,0,99,1,NORMAL_TRANSACTION,0,0,NORMAL_BASELINE
e1000000-0000-0000-0000-000000002106,3519.81,8.1664,0.0,18,0,1,1,1,3,3519.81,7391.6,0.546,0.02,0,79875.0,0.009,0.8592,20,19,1.05,0.008,0.045,0,99,1,NORMAL_TRANSACTION,0,0,NORMAL_BASELINE
e1000000-0000-0000-0000-000000002107,2843.94,7.9533,0.0,18,0,1,3,1,3,2843.94,5972.27,1.232,0.02,0,35932.0,0.087,0.8862,11,16,0.706,0.008,0.045,0,99,1,NORMAL_TRANSACTION,0,0,NORMAL_BASELINE
e1000000-0000-0000-0000-000000002108,24800.0,10.1186,0.0002,18,0,1,0,1,3,24800.0,52080.0,11.028,0.02,0,171879.0,1.0,0.008,12,12,1.0,0.008,0.045,0,1,2,UNUSUALLY_LARGE,1,1,LARGE_TRANSACTION_BURST
e1000000-0000-0000-0000-000000002109,1996.65,7.5997,0.0,18,0,1,3,1,3,1996.65,4192.97,0.679,0.02,0,108784.0,0.072,0.9201,7,13,0.571,0.008,0.045,0,99,1,NORMAL_TRANSACTION,0,0,NORMAL_BASELINE
e1000000-0000-0000-0000-000000002110,2789.25,7.9339,0.0018,18,0,1,0,1,3,2789.25,5857.43,0.937,0.02,0,113944.0,0.088,0.8884,10,25,0.423,0.008,0.045,0,99,1,NORMAL_TRANSACTION,0,0,NORMAL_BASELINE
e1000000-0000-0000-0000-000000002111,1954.39,7.5783,0.0026,18,0,1,0,1,3,1954.39,4104.22,0.843,0.02,0,79187.0,0.229,0.9218,8,17,0.5,0.008,0.045,0,99,1,NORMAL_TRANSACTION,0,0,NORMAL_BASELINE
e1000000-0000-0000-0000-000000002112,2954.56,7.9914,0.0017,18,0,1,0,1,3,2954.56,6204.58,0.993,0.02,0,90534.0,0.104,0.8818,11,15,0.75,0.008,0.045,0,99,1,NORMAL_TRANSACTION,0,0,NORMAL_BASELINE
e1000000-0000-0000-0000-000000002113,49800.0,10.8158,0.0001,18,0,1,0,1,3,49800.0,104580.0,16.225,0.02,0,6074.0,1.0,0.004,11,16,0.706,0.008,0.045,0,1,2,UNUSUALLY_LARGE,1,1,LARGE_TRANSACTION_BURST
e1000000-0000-0000-0000-000000002114,7368.03,8.905,0.0149,19,0,1,2,1,3,7368.03,15472.86,3.435,0.02,0,110388.0,0.462,0.7053,11,22,0.522,0.008,0.045,0,99,1,NORMAL_TRANSACTION,0,0,NORMAL_BASELINE
e1000000-0000-0000-0000-000000002115,224.46,5.4181,0.0,19,0,1,3,1,3,224.46,471.37,0.085,0.02,0,349281.0,0.016,0.991,9,18,0.526,0.008,0.045,0,99,1,NORMAL_TRANSACTION,0,0,NORMAL_BASELINE
e1000000-0000-0000-0000-000000002116,2966.51,7.9955,0.0,19,0,1,3,1,3,2966.51,6229.67,1.555,0.02,0,163701.0,1.0,0.8813,15,17,0.889,0.008,0.045,0,99,1,NORMAL_TRANSACTION,0,0,NORMAL_BASELINE
e1000000-0000-0000-0000-000000002117,98500.0,11.4978,0.0001,19,0,1,0,1,3,98500.0,206850.0,37.913,0.02,0,92187.0,1.0,0.97,16,18,0.895,0.008,0.045,0,1,2,UNUSUALLY_LARGE,1,1,LARGE_TRANSACTION_BURST
e1000000-0000-0000-0000-000000002118,1691.19,7.4338,0.003,19,0,1,0,1,3,1691.19,3551.5,0.537,0.02,0,115675.0,0.11,0.9324,11,16,0.706,0.008,0.045,0,99,1,NORMAL_TRANSACTION,0,0,NORMAL_BASELINE
e1000000-0000-0000-0000-000000002119,4465.52,8.4044,0.0011,19,0,1,0,1,3,4465.52,9377.59,2.082,0.02,0,13584.0,1.0,0.8214,9,22,0.435,0.008,0.045,0,99,1,NORMAL_TRANSACTION,0,0,NORMAL_BASELINE
e1000000-0000-0000-0000-000000002120,2327.42,7.7529,0.0021,19,0,1,0,1,3,2327.42,4887.58,0.996,0.02,0,24317.0,0.104,0.9069,16,20,0.81,0.008,0.045,0,99,1,NORMAL_TRANSACTION,0,0,NORMAL_BASELINE
e1000000-0000-0000-0000-000000002121,3366.97,8.1221,0.0015,20,0,1,0,1,3,3366.97,7070.64,1.599,0.02,0,198870.0,0.791,0.8653,17,18,0.947,0.008,0.045,0,99,1,NORMAL_TRANSACTION,0,0,NORMAL_BASELINE
e1000000-0000-0000-0000-000000002122,24950.0,10.1247,0.0002,20,0,1,0,1,3,24950.0,52395.0,8.899,0.02,0,21183.0,1.0,0.002,13,24,0.56,0.008,0.045,0,1,2,UNUSUALLY_LARGE,1,1,LARGE_TRANSACTION_BURST
e1000000-0000-0000-0000-000000002123,4285.48,8.3632,0.0012,20,0,1,0,1,3,4285.48,8999.51,2.073,0.02,0,98332.0,0.126,0.8286,12,15,0.812,0.008,0.045,0,99,1,NORMAL_TRANSACTION,0,0,NORMAL_BASELINE
e1000000-0000-0000-0000-000000002124,1182.67,7.0764,0.0,20,0,1,3,1,3,1182.67,2483.61,0.57,0.02,0,116777.0,0.084,0.9527,9,9,1.0,0.008,0.045,0,99,1,NORMAL_TRANSACTION,0,0,NORMAL_BASELINE
e1000000-0000-0000-0000-000000002125,3202.82,8.0721,0.0016,20,0,1,0,1,3,3202.82,6725.92,1.348,0.02,0,102775.0,0.135,0.8719,18,13,1.357,0.008,0.045,0,99,1,NORMAL_TRANSACTION,0,0,NORMAL_BASELINE
e1000000-0000-0000-0000-000000002126,479.32,6.1745,0.0,20,0,1,0,1,3,479.32,1006.57,0.159,0.02,0,27730.0,0.018,0.9808,13,26,0.519,0.008,0.045,0,99,1,NORMAL_TRANSACTION,0,0,NORMAL_BASELINE
e1000000-0000-0000-0000-000000002127,1531.19,7.3345,0.0,20,0,1,1,1,3,1531.19,3215.5,0.244,0.02,0,9410.0,0.004,0.9388,20,19,1.05,0.008,0.045,0,99,1,NORMAL_TRANSACTION,0,0,NORMAL_BASELINE
e1000000-0000-0000-0000-000000002128,49800.0,10.8158,0.0001,21,0,1,0,1,3,49800.0,104580.0,17.484,0.02,0,10840.0,1.0,0.004,9,18,0.526,0.008,0.045,0,1,2,UNUSUALLY_LARGE,1,1,LARGE_TRANSACTION_BURST
e1000000-0000-0000-0000-000000002129,1870.86,7.5347,0.0027,21,0,1,0,1,3,1870.86,3928.81,0.803,0.02,0,86454.0,0.092,0.9252,10,16,0.647,0.008,0.045,0,99,1,NORMAL_TRANSACTION,0,0,NORMAL_BASELINE
e1000000-0000-0000-0000-000000002130,49800.0,10.8158,0.0001,21,0,1,0,1,3,49800.0,104580.0,16.788,0.02,0,268680.0,1.0,0.004,8,21,0.409,0.008,0.045,0,1,2,UNUSUALLY_LARGE,1,1,LARGE_TRANSACTION_BURST
e1000000-0000-0000-0000-000000002131,1752.03,7.4691,0.0029,21,0,1,0,1,3,1752.03,3679.26,0.323,0.02,0,1603.0,0.195,0.9299,8,21,0.409,0.008,0.045,0,99,1,NORMAL_TRANSACTION,0,0,NORMAL_BASELINE
e1000000-0000-0000-0000-000000002132,24800.0,10.1186,0.0002,21,0,1,0,1,3,24800.0,52080.0,10.409,0.02,0,9242.0,1.0,0.008,11,22,0.522,0.008,0.045,0,1,2,UNUSUALLY_LARGE,1,1,LARGE_TRANSACTION_BURST
e1000000-0000-0000-0000-000000002133,1084.99,6.9902,0.0046,21,0,1,0,1,3,1084.99,2278.48,0.53,0.02,0,384654.0,0.066,0.9566,13,11,1.167,0.008,0.045,0,99,1,NORMAL_TRANSACTION,0,0,NORMAL_BASELINE
e1000000-0000-0000-0000-000000002134,49800.0,10.8158,0.0001,22,0,1,0,1,3,49800.0,104580.0,19.282,0.02,0,93480.0,1.0,0.004,14,20,0.714,0.008,0.045,0,1,2,UNUSUALLY_LARGE,1,1,LARGE_TRANSACTION_BURST
e1000000-0000-0000-0000-000000002135,98500.0,11.4978,0.0001,23,1,1,0,1,3,98500.0,206850.0,50.684,0.02,0,38387.0,1.0,0.97,17,18,0.947,0.008,0.045,0,1,2,UNUSUALLY_LARGE,1,1,LARGE_TRANSACTION_BURST
e1000000-0000-0000-0000-000000002136,49800.0,10.8158,0.0001,23,1,1,0,1,3,49800.0,104580.0,21.685,0.02,0,17735.0,1.0,0.004,8,17,0.5,0.008,0.045,0,1,2,UNUSUALLY_LARGE,1,1,LARGE_TRANSACTION_BURST
e1000000-0000-0000-0000-000000002137,24800.0,10.1186,0.0002,0,1,1,0,1,3,24800.0,52080.0,12.809,0.02,0,54437.0,1.0,0.008,15,15,1.0,0.008,0.045,0,1,2,UNUSUALLY_LARGE,1,1,LARGE_TRANSACTION_BURST
e1000000-0000-0000-0000-000000002138,24800.0,10.1186,0.0002,1,1,1,0,1,3,24800.0,52080.0,14.983,0.02,0,27571.0,0.805,0.008,11,22,0.522,0.008,0.045,0,1,2,UNUSUALLY_LARGE,1,1,LARGE_TRANSACTION_BURST
e1000000-0000-0000-0000-000000002139,24800.0,10.1186,0.0002,1,1,1,0,1,3,24800.0,52080.0,10.586,0.02,0,140384.0,1.0,0.008,17,15,1.125,0.008,0.045,0,1,2,UNUSUALLY_LARGE,1,1,LARGE_TRANSACTION_BURST
e1000000-0000-0000-0000-000000002140,24950.0,10.1247,0.0002,2,1,1,0,1,3,24950.0,52395.0,8.321,0.02,0,63375.0,1.0,0.002,15,20,0.762,0.008,0.045,0,1,2,UNUSUALLY_LARGE,1,1,LARGE_TRANSACTION_BURST
e1000000-0000-0000-0000-000000002141,49500.0,10.8097,0.0001,3,1,1,0,1,3,49500.0,103950.0,10.246,0.02,0,16560.0,1.0,0.01,14,20,0.714,0.008,0.045,0,1,2,UNUSUALLY_LARGE,1,1,LARGE_TRANSACTION_BURST
e1000000-0000-0000-0000-000000002142,49800.0,10.8158,0.0001,3,1,1,0,1,3,49800.0,104580.0,11.584,0.02,0,33660.0,1.0,0.004,12,12,1.0,0.008,0.045,0,1,2,UNUSUALLY_LARGE,1,1,LARGE_TRANSACTION_BURST
e1000000-0000-0000-0000-000000002143,24800.0,10.1186,0.0002,4,1,1,0,1,3,24800.0,52080.0,8.341,0.02,0,35183.0,0.875,0.008,11,15,0.75,0.008,0.045,0,1,2,UNUSUALLY_LARGE,1,1,LARGE_TRANSACTION_BURST
e1000000-0000-0000-0000-000000002144,24800.0,10.1186,0.0002,5,1,1,0,1,3,24800.0,52080.0,4.726,0.02,0,27737.0,1.0,0.008,8,21,0.409,0.008,0.045,0,1,2,UNUSUALLY_LARGE,1,1,LARGE_TRANSACTION_BURST
e1000000-0000-0000-0000-000000002145,24950.0,10.1247,0.0002,6,0,1,0,1,3,24950.0,52395.0,12.88,0.02,0,62570.0,0.882,0.002,15,21,0.727,0.008,0.045,0,1,2,UNUSUALLY_LARGE,1,1,LARGE_TRANSACTION_BURST
e1000000-0000-0000-0000-000000002146,49800.0,10.8158,0.0001,7,0,1,0,1,3,49800.0,104580.0,18.37,0.02,0,67450.0,1.0,0.004,14,21,0.682,0.008,0.045,0,1,2,UNUSUALLY_LARGE,1,1,LARGE_TRANSACTION_BURST
e1000000-0000-0000-0000-000000002147,49500.0,10.8097,0.0001,7,0,1,0,1,3,49500.0,103950.0,22.795,0.02,0,42365.0,1.0,0.01,17,18,0.947,0.008,0.045,0,1,2,UNUSUALLY_LARGE,1,1,LARGE_TRANSACTION_BURST
e1000000-0000-0000-0000-000000002148,49800.0,10.8158,0.0001,8,0,1,0,1,3,49800.0,104580.0,10.657,0.02,0,4680.0,1.0,0.004,14,21,0.682,0.008,0.045,0,1,2,UNUSUALLY_LARGE,1,1,LARGE_TRANSACTION_BURST
e1000000-0000-0000-0000-000000002149,24950.0,10.1247,0.0002,8,0,1,0,1,3,24950.0,52395.0,4.404,0.02,0,49020.0,1.0,0.002,11,16,0.706,0.008,0.045,0,1,2,UNUSUALLY_LARGE,1,1,LARGE_TRANSACTION_BURST
e1000000-0000-0000-0000-000000002150,49800.0,10.8158,0.0001,8,0,1,0,1,3,49800.0,104580.0,33.429,0.02,0,62196.0,1.0,0.004,12,22,0.565,0.008,0.045,0,1,2,UNUSUALLY_LARGE,1,1,LARGE_TRANSACTION_BURST
e1000000-0000-0000-0000-000000002151,24950.0,10.1247,0.0002,9,0,1,0,1,3,24950.0,52395.0,9.859,0.02,0,63963.0,0.78,0.002,17,19,0.9,0.008,0.045,0,1,2,UNUSUALLY_LARGE,1,1,LARGE_TRANSACTION_BURST
e1000000-0000-0000-0000-000000002152,49800.0,10.8158,0.0001,10,0,1,0,1,3,49800.0,104580.0,30.184,0.02,0,132878.0,1.0,0.004,9,17,0.556,0.008,0.045,0,1,2,UNUSUALLY_LARGE,1,1,LARGE_TRANSACTION_BURST
e1000000-0000-0000-0000-000000002153,49800.0,10.8158,0.0001,10,0,1,0,1,3,49800.0,104580.0,17.163,0.02,0,50814.0,1.0,0.004,13,26,0.519,0.008,0.045,0,1,2,UNUSUALLY_LARGE,1,1,LARGE_TRANSACTION_BURST
e1000000-0000-0000-0000-000000002154,49500.0,10.8097,0.0001,11,0,1,0,1,3,49500.0,103950.0,26.033,0.02,0,147299.0,1.0,0.01,9,14,0.667,0.008,0.045,0,1,2,UNUSUALLY_LARGE,1,1,LARGE_TRANSACTION_BURST
e1000000-0000-0000-0000-000000002155,49800.0,10.8158,0.0001,12,0,1,0,1,3,49800.0,104580.0,21.702,0.02,0,56405.0,1.0,0.004,10,16,0.647,0.008,0.045,0,1,2,UNUSUALLY_LARGE,1,1,LARGE_TRANSACTION_BURST
e1000000-0000-0000-0000-000000002156,24950.0,10.1247,0.0002,13,0,1,0,1,3,24950.0,52395.0,10.281,0.02,0,147890.0,1.0,0.002,5,14,0.4,0.008,0.045,0,1,2,UNUSUALLY_LARGE,1,1,LARGE_TRANSACTION_BURST
e1000000-0000-0000-0000-000000002157,98500.0,11.4978,0.0001,13,0,1,0,1,3,98500.0,206850.0,32.202,0.02,0,64526.0,1.0,0.97,11,16,0.706,0.008,0.045,0,1,2,UNUSUALLY_LARGE,1,1,LARGE_TRANSACTION_BURST
e1000000-0000-0000-0000-000000002158,49800.0,10.8158,0.0001,13,0,1,0,1,3,49800.0,104580.0,8.755,0.02,0,3300.0,1.0,0.004,10,16,0.647,0.008,0.045,0,1,2,UNUSUALLY_LARGE,1,1,LARGE_TRANSACTION_BURST
e1000000-0000-0000-0000-000000002159,49500.0,10.8097,0.0001,14,0,1,0,1,3,49500.0,103950.0,35.856,0.02,0,86573.0,1.0,0.01,10,15,0.688,0.008,0.045,0,1,2,UNUSUALLY_LARGE,1,1,LARGE_TRANSACTION_BURST
e1000000-0000-0000-0000-000000002160,13868.39,9.5374,0.0004,15,0,1,0,1,3,13868.39,29123.62,7.85,0.02,0,100579.0,1.0,0.4453,13,18,0.737,0.008,0.045,0,1,4,NEW_DEVICE,1,1,NEW_ROOTED_DEVICE
e1000000-0000-0000-0000-000000002161,11101.27,9.3149,0.0005,16,0,1,0,1,3,11101.27,23312.67,2.843,0.02,0,27360.0,0.382,0.5559,12,22,0.565,0.008,0.045,0,1,4,NEW_DEVICE,1,1,NEW_ROOTED_DEVICE
e1000000-0000-0000-0000-000000002162,2336.71,7.7569,0.0021,16,0,1,0,12,18,18693.68,28040.52,1.039,0.15,0,157401.0,0.146,0.9065,13,42,0.326,0.008,0.045,0,1,3,HIGH_VELOCITY,1,1,VELOCITY_STORM_W-PERS-0014
e1000000-0000-0000-0000-000000002163,1695.53,7.4363,0.0029,16,0,1,0,12,18,13564.24,20346.36,0.751,0.15,0,37.0,0.106,0.9322,13,42,0.326,0.008,0.045,0,1,3,HIGH_VELOCITY,1,1,VELOCITY_STORM_W-PERS-0014
e1000000-0000-0000-0000-000000002164,2703.98,7.9028,0.0018,16,0,1,0,12,18,21631.84,32447.76,1.219,0.15,0,32.0,0.169,0.8918,13,42,0.326,0.008,0.045,0,1,3,HIGH_VELOCITY,1,1,VELOCITY_STORM_W-PERS-0014
e1000000-0000-0000-0000-000000002165,1572.33,7.3609,0.0032,16,0,1,0,12,18,12578.64,18867.96,0.699,0.15,0,18.0,0.098,0.9371,13,42,0.326,0.008,0.045,0,1,3,HIGH_VELOCITY,1,1,VELOCITY_STORM_W-PERS-0014
e1000000-0000-0000-0000-000000002166,2089.55,7.6452,0.0024,16,0,1,0,12,18,16716.4,25074.6,0.946,0.15,0,21.0,0.131,0.9164,13,42,0.326,0.008,0.045,0,1,3,HIGH_VELOCITY,1,1,VELOCITY_STORM_W-PERS-0014
e1000000-0000-0000-0000-000000002167,3172.11,8.0625,0.0016,16,0,1,0,12,18,25376.88,38065.32,1.44,0.15,0,44.0,0.198,0.8731,13,42,0.326,0.008,0.045,0,1,3,HIGH_VELOCITY,1,1,VELOCITY_STORM_W-PERS-0014
e1000000-0000-0000-0000-000000002168,3869.99,8.2613,0.0013,16,0,1,0,12,18,30959.92,46439.88,1.717,0.15,0,14.0,0.242,0.8452,13,42,0.326,0.008,0.045,0,1,3,HIGH_VELOCITY,1,1,VELOCITY_STORM_W-PERS-0014
e1000000-0000-0000-0000-000000002169,3179.0,8.0646,0.0016,16,0,1,0,12,18,25432.0,38148.0,1.362,0.15,0,36.0,0.199,0.8728,13,42,0.326,0.008,0.045,0,1,3,HIGH_VELOCITY,1,1,VELOCITY_STORM_W-PERS-0014
e1000000-0000-0000-0000-000000002170,2401.03,7.7841,0.0021,16,0,1,0,12,18,19208.24,28812.36,1.011,0.15,0,22.0,0.15,0.904,13,42,0.326,0.008,0.045,0,1,3,HIGH_VELOCITY,1,1,VELOCITY_STORM_W-PERS-0014
e1000000-0000-0000-0000-000000002171,2615.58,7.8696,0.0019,16,0,1,0,12,18,20924.64,31386.96,1.101,0.15,0,35.0,0.163,0.8954,13,42,0.326,0.008,0.045,0,1,3,HIGH_VELOCITY,1,1,VELOCITY_STORM_W-PERS-0014
e1000000-0000-0000-0000-000000002172,3073.69,8.031,0.0016,16,0,1,0,12,18,24589.52,36884.28,1.288,0.15,0,10.0,0.192,0.8771,13,42,0.326,0.008,0.045,0,1,3,HIGH_VELOCITY,1,1,VELOCITY_STORM_W-PERS-0014
e1000000-0000-0000-0000-000000002173,2410.03,7.7878,0.0021,16,0,1,0,12,18,19280.24,28920.36,0.998,0.15,0,43.0,0.151,0.9036,13,42,0.326,0.008,0.045,0,1,3,HIGH_VELOCITY,1,1,VELOCITY_STORM_W-PERS-0014
e1000000-0000-0000-0000-000000002174,4262.19,8.3578,0.0012,16,0,1,0,12,18,34097.52,51146.28,1.765,0.15,0,18.0,0.266,0.8295,13,42,0.326,0.008,0.045,0,1,3,HIGH_VELOCITY,1,1,VELOCITY_STORM_W-PERS-0014
e1000000-0000-0000-0000-000000002175,3492.11,8.1585,0.0014,16,0,1,0,12,18,27936.88,41905.32,1.405,0.15,0,23.0,0.218,0.8603,13,42,0.326,0.008,0.045,0,1,3,HIGH_VELOCITY,1,1,VELOCITY_STORM_W-PERS-0014
e1000000-0000-0000-0000-000000002176,1797.14,7.4945,0.0028,16,0,1,0,12,18,14377.12,21565.68,0.712,0.15,0,40.0,0.112,0.9281,13,42,0.326,0.008,0.045,0,1,3,HIGH_VELOCITY,1,1,VELOCITY_STORM_W-PERS-0014
e1000000-0000-0000-0000-000000002177,3381.09,8.1262,0.0015,16,0,1,0,12,18,27048.72,40573.08,1.354,0.15,0,45.0,0.211,0.8648,13,42,0.326,0.008,0.045,0,1,3,HIGH_VELOCITY,1,1,VELOCITY_STORM_W-PERS-0014
e1000000-0000-0000-0000-000000002178,3501.25,8.1612,0.0014,16,0,1,0,12,18,28010.0,42015.0,1.385,0.15,0,14.0,0.219,0.8599,13,42,0.326,0.008,0.045,0,1,3,HIGH_VELOCITY,1,1,VELOCITY_STORM_W-PERS-0014
e1000000-0000-0000-0000-000000002179,3781.55,8.2382,0.0013,16,0,1,0,12,18,30252.4,45378.6,1.477,0.15,0,19.0,0.236,0.8487,13,42,0.326,0.008,0.045,0,1,3,HIGH_VELOCITY,1,1,VELOCITY_STORM_W-PERS-0014
e1000000-0000-0000-0000-000000002180,4462.09,8.4036,0.0011,16,0,1,0,12,18,35696.72,53545.08,1.716,0.15,0,42.0,0.279,0.8215,13,42,0.326,0.008,0.045,0,1,3,HIGH_VELOCITY,1,1,VELOCITY_STORM_W-PERS-0014
e1000000-0000-0000-0000-000000002181,3380.82,8.1262,0.0015,16,0,1,0,12,18,27046.56,40569.84,1.272,0.15,0,20.0,0.211,0.8648,13,42,0.326,0.008,0.045,0,1,3,HIGH_VELOCITY,1,1,VELOCITY_STORM_W-PERS-0014
e1000000-0000-0000-0000-000000002182,2176.03,7.6857,0.0023,16,0,1,0,12,18,17408.24,26112.36,0.812,0.15,0,33.0,0.136,0.913,13,42,0.326,0.008,0.045,0,1,3,HIGH_VELOCITY,1,1,VELOCITY_STORM_W-PERS-0014
e1000000-0000-0000-0000-000000002183,3757.11,8.2317,0.0013,16,0,1,0,12,18,30056.88,45085.32,1.41,0.15,0,36.0,0.235,0.8497,13,42,0.326,0.008,0.045,0,1,3,HIGH_VELOCITY,1,1,VELOCITY_STORM_W-PERS-0014
e1000000-0000-0000-0000-000000002184,2683.89,7.8954,0.0019,16,0,1,0,12,18,21471.12,32206.68,0.995,0.15,0,30.0,0.168,0.8926,13,42,0.326,0.008,0.045,0,1,3,HIGH_VELOCITY,1,1,VELOCITY_STORM_W-PERS-0014
e1000000-0000-0000-0000-000000002185,2849.49,7.9552,0.0018,16,0,1,0,12,18,22795.92,34193.88,1.057,0.15,0,33.0,0.178,0.886,13,42,0.326,0.008,0.045,0,1,3,HIGH_VELOCITY,1,1,VELOCITY_STORM_W-PERS-0014
e1000000-0000-0000-0000-000000002186,3344.69,8.1154,0.0015,16,0,1,0,12,18,26757.52,40136.28,1.239,0.15,0,18.0,0.209,0.8662,13,42,0.326,0.008,0.045,0,1,3,HIGH_VELOCITY,1,1,VELOCITY_STORM_W-PERS-0014
e1000000-0000-0000-0000-000000002187,2719.6,7.9086,0.0018,16,0,1,0,12,18,21756.8,32635.2,1.001,0.15,0,42.0,0.17,0.8912,13,42,0.326,0.008,0.045,0,1,3,HIGH_VELOCITY,1,1,VELOCITY_STORM_W-PERS-0014
e1000000-0000-0000-0000-000000002188,3296.94,8.1011,0.0015,16,0,1,0,12,18,26375.52,39563.28,1.213,0.15,0,20.0,0.206,0.8681,13,42,0.326,0.008,0.045,0,1,3,HIGH_VELOCITY,1,1,VELOCITY_STORM_W-PERS-0014
e1000000-0000-0000-0000-000000002189,1725.17,7.4537,0.0029,16,0,1,0,12,18,13801.36,20702.04,0.632,0.15,0,41.0,0.108,0.931,13,42,0.326,0.008,0.045,0,1,3,HIGH_VELOCITY,1,1,VELOCITY_STORM_W-PERS-0014
e1000000-0000-0000-0000-000000002190,1699.0,7.4384,0.0029,16,0,1,0,12,18,13592.0,20388.0,0.628,0.15,0,11.0,0.106,0.932,13,42,0.326,0.008,0.045,0,1,3,HIGH_VELOCITY,1,1,VELOCITY_STORM_W-PERS-0014
e1000000-0000-0000-0000-000000002191,3424.2,8.1389,0.0015,16,0,1,0,12,18,27393.6,41090.4,1.276,0.15,0,19.0,0.214,0.863,13,42,0.326,0.008,0.045,0,1,3,HIGH_VELOCITY,1,1,VELOCITY_STORM_W-PERS-0014
e1000000-0000-0000-0000-000000002192,2342.5,7.7594,0.0021,16,0,1,0,12,18,18740.0,28110.0,0.868,0.15,0,27.0,0.146,0.9063,13,42,0.326,0.008,0.045,0,1,3,HIGH_VELOCITY,1,1,VELOCITY_STORM_W-PERS-0014
e1000000-0000-0000-0000-000000002193,4008.97,8.2965,0.0012,16,0,1,0,12,18,32071.76,48107.64,1.489,0.15,0,31.0,0.25,0.8396,13,42,0.326,0.008,0.045,0,1,3,HIGH_VELOCITY,1,1,VELOCITY_STORM_W-PERS-0014
e1000000-0000-0000-0000-000000002194,2424.43,7.7938,0.0021,16,0,1,0,12,18,19395.44,29093.16,0.891,0.15,0,30.0,0.151,0.903,13,42,0.326,0.008,0.045,0,1,3,HIGH_VELOCITY,1,1,VELOCITY_STORM_W-PERS-0014
e1000000-0000-0000-0000-000000002195,2658.28,7.8858,0.0019,16,0,1,0,12,18,21266.24,31899.36,0.979,0.15,0,42.0,0.166,0.8937,13,42,0.326,0.008,0.045,0,1,3,HIGH_VELOCITY,1,1,VELOCITY_STORM_W-PERS-0014
e1000000-0000-0000-0000-000000002196,11720.97,9.3692,0.0004,17,0,1,0,1,3,11720.97,24614.04,5.852,0.02,0,161746.0,0.474,0.5312,13,25,0.538,0.008,0.045,0,1,4,NEW_DEVICE,1,1,NEW_ROOTED_DEVICE
e1000000-0000-0000-0000-000000002197,17144.09,9.7495,0.0003,18,0,1,0,1,3,17144.09,36002.59,7.496,0.02,0,103262.0,0.586,0.3142,13,19,0.7,0.008,0.045,0,1,4,NEW_DEVICE,1,1,NEW_ROOTED_DEVICE
e1000000-0000-0000-0000-000000002198,17048.66,9.7439,0.0003,18,0,1,0,1,3,17048.66,35802.19,8.546,0.02,0,257266.0,1.0,0.3181,13,16,0.824,0.008,0.045,0,1,4,NEW_DEVICE,1,1,NEW_ROOTED_DEVICE
e1000000-0000-0000-0000-000000002199,17640.43,9.778,0.0003,19,0,1,0,1,3,17640.43,37044.9,7.869,0.02,0,84716.0,1.0,0.2944,9,22,0.435,0.008,0.045,0,1,4,NEW_DEVICE,1,1,NEW_ROOTED_DEVICE
e1000000-0000-0000-0000-000000002200,8430.83,9.0398,0.0006,20,0,1,0,1,3,8430.83,17704.74,4.2,0.02,0,107737.0,0.318,0.6628,14,19,0.75,0.008,0.045,0,1,4,NEW_DEVICE,1,1,NEW_ROOTED_DEVICE
e1000000-0000-0000-0000-000000002201,12969.7,9.4704,0.0004,20,0,1,0,1,3,12969.7,27236.37,4.789,0.02,0,370267.0,1.0,0.4812,10,18,0.579,0.008,0.045,0,1,4,NEW_DEVICE,1,1,NEW_ROOTED_DEVICE
e1000000-0000-0000-0000-000000002202,13932.34,9.542,0.0004,21,0,1,0,1,3,13932.34,29257.91,9.232,0.02,0,114729.0,0.714,0.4427,9,18,0.526,0.008,0.045,0,1,4,NEW_DEVICE,1,1,NEW_ROOTED_DEVICE
e1000000-0000-0000-0000-000000002203,7658.04,8.9436,0.0007,22,0,1,0,1,3,7658.04,16081.88,2.868,0.02,0,117191.0,0.881,0.6937,10,17,0.611,0.008,0.045,0,1,4,NEW_DEVICE,1,1,NEW_ROOTED_DEVICE
e1000000-0000-0000-0000-000000002204,14419.71,9.5764,0.0003,22,0,1,0,1,3,14419.71,30281.39,7.32,0.02,0,98374.0,1.0,0.4232,15,17,0.889,0.008,0.045,0,1,4,NEW_DEVICE,1,1,NEW_ROOTED_DEVICE
e1000000-0000-0000-0000-000000002205,15269.29,9.6337,0.0003,23,1,1,0,1,3,15269.29,32065.51,4.276,0.02,0,105180.0,0.822,0.3892,10,14,0.733,0.008,0.045,0,1,4,NEW_DEVICE,1,1,NEW_ROOTED_DEVICE
e1000000-0000-0000-0000-000000002206,8193.24,9.0112,0.0006,0,1,0,0,1,3,8193.24,17205.8,3.429,0.02,0,137857.0,0.258,0.6723,15,14,1.067,0.008,0.045,0,1,4,NEW_DEVICE,1,1,NEW_ROOTED_DEVICE
e1000000-0000-0000-0000-000000002207,11986.31,9.3916,0.0004,1,1,0,0,1,3,11986.31,25171.25,5.7,0.02,0,215882.0,0.356,0.5205,16,13,1.214,0.008,0.045,0,1,4,NEW_DEVICE,1,1,NEW_ROOTED_DEVICE
e1000000-0000-0000-0000-000000002208,6617.58,8.7976,0.0008,1,1,0,0,1,3,6617.58,13896.92,3.63,0.02,0,208264.0,0.234,0.7353,14,23,0.625,0.008,0.045,0,1,4,NEW_DEVICE,1,1,NEW_ROOTED_DEVICE
e1000000-0000-0000-0000-000000002209,5865.1,8.6769,0.0009,2,1,0,0,1,3,5865.1,12316.71,2.929,0.02,0,293009.0,0.356,0.7654,15,20,0.762,0.008,0.045,0,1,4,NEW_DEVICE,1,1,NEW_ROOTED_DEVICE
e1000000-0000-0000-0000-000000002210,17881.1,9.7916,0.0003,3,1,0,0,1,3,17881.1,37550.31,7.757,0.02,0,219769.0,1.0,0.2848,13,12,1.077,0.008,0.045,0,1,4,NEW_DEVICE,1,1,NEW_ROOTED_DEVICE
e1000000-0000-0000-0000-000000002211,7589.47,8.9346,0.0007,3,1,0,0,1,3,7589.47,15937.89,3.158,0.02,0,238209.0,0.301,0.6964,17,15,1.125,0.008,0.045,0,1,4,NEW_DEVICE,1,1,NEW_ROOTED_DEVICE
e1000000-0000-0000-0000-000000002212,6405.03,8.765,0.0008,4,1,0,0,1,3,6405.03,13450.56,3.023,0.02,0,199951.0,1.0,0.7438,14,16,0.882,0.008,0.045,0,1,4,NEW_DEVICE,1,1,NEW_ROOTED_DEVICE
e1000000-0000-0000-0000-000000002213,7354.36,8.9032,0.0007,5,1,0,0,1,3,7354.36,15444.16,2.479,0.02,0,124774.0,0.233,0.7058,10,25,0.423,0.008,0.045,0,1,4,NEW_DEVICE,1,1,NEW_ROOTED_DEVICE
e1000000-0000-0000-0000-000000002214,16013.27,9.6812,0.0003,5,1,0,0,1,3,16013.27,33627.87,5.403,0.02,0,26760.0,1.0,0.3595,10,17,0.611,0.008,0.045,0,1,4,NEW_DEVICE,1,1,NEW_ROOTED_DEVICE
e1000000-0000-0000-0000-000000002215,6656.49,8.8035,0.0008,6,0,0,0,1,3,6656.49,13978.63,2.878,0.02,0,322526.0,0.259,0.7337,13,19,0.7,0.008,0.045,0,1,4,NEW_DEVICE,1,1,NEW_ROOTED_DEVICE
e1000000-0000-0000-0000-000000002216,5519.19,8.6162,0.0009,7,0,0,0,1,3,5519.19,11590.3,0.724,0.02,0,114360.0,0.184,0.7792,17,18,0.947,0.008,0.045,0,1,4,NEW_DEVICE,1,1,NEW_ROOTED_DEVICE
e1000000-0000-0000-0000-000000002217,9388.88,9.1474,0.0005,7,0,0,0,1,3,9388.88,19716.65,3.357,0.02,0,164244.0,0.275,0.6244,6,15,0.438,0.008,0.045,0,1,4,NEW_DEVICE,1,1,NEW_ROOTED_DEVICE
e1000000-0000-0000-0000-000000002218,8128.84,9.0033,0.0006,8,0,0,0,1,3,8128.84,17070.56,1.49,0.02,0,126900.0,1.0,0.6748,9,18,0.526,0.008,0.045,0,1,4,NEW_DEVICE,1,1,NEW_ROOTED_DEVICE
e1000000-0000-0000-0000-000000002219,8467.57,9.0441,0.0006,9,0,0,0,1,3,8467.57,17781.9,2.658,0.02,0,228955.0,1.0,0.6613,11,16,0.706,0.008,0.045,0,1,4,NEW_DEVICE,1,1,NEW_ROOTED_DEVICE
e1000000-0000-0000-0000-000000002220,12198.23,9.4091,0.0004,9,0,0,0,1,3,12198.23,25616.28,4.944,0.02,0,170467.0,0.417,0.5121,8,16,0.529,0.008,0.045,0,1,4,NEW_DEVICE,1,1,NEW_ROOTED_DEVICE
e1000000-0000-0000-0000-000000002221,17563.2,9.7736,0.0003,10,0,0,0,1,3,17563.2,36882.72,5.232,0.02,0,130920.0,1.0,0.2975,11,22,0.522,0.008,0.045,0,1,4,NEW_DEVICE,1,1,NEW_ROOTED_DEVICE
e1000000-0000-0000-0000-000000002222,17408.15,9.7648,0.0003,11,0,0,0,1,3,17408.15,36557.12,4.804,0.02,0,140640.0,1.0,0.3037,13,24,0.56,0.008,0.045,0,1,4,NEW_DEVICE,1,1,NEW_ROOTED_DEVICE
e1000000-0000-0000-0000-000000002223,17663.12,9.7793,0.0003,12,0,0,0,1,3,17663.12,37092.55,7.282,0.02,0,68100.0,0.714,0.2935,13,25,0.538,0.008,0.045,0,1,4,NEW_DEVICE,1,1,NEW_ROOTED_DEVICE
e1000000-0000-0000-0000-000000002224,15989.97,9.6798,0.0003,12,0,0,0,1,3,15989.97,33578.94,4.564,0.02,0,34500.0,1.0,0.3604,13,12,1.077,0.008,0.045,0,1,4,NEW_DEVICE,1,1,NEW_ROOTED_DEVICE
e1000000-0000-0000-0000-000000002225,16594.51,9.7169,0.0003,13,0,0,0,1,3,16594.51,34848.47,4.658,0.02,0,15720.0,1.0,0.3362,11,16,0.706,0.008,0.045,0,1,4,NEW_DEVICE,1,1,NEW_ROOTED_DEVICE
e1000000-0000-0000-0000-000000002226,13725.1,9.5271,0.0004,13,0,0,0,1,3,13725.1,28822.71,3.097,0.02,0,1200.0,1.0,0.451,11,16,0.706,0.008,0.045,0,1,4,NEW_DEVICE,1,1,NEW_ROOTED_DEVICE
e1000000-0000-0000-0000-000000002227,7774.04,8.9587,0.0006,14,0,0,0,1,3,7774.04,16325.48,2.448,0.02,0,33840.0,0.246,0.689,10,25,0.423,0.008,0.045,0,1,4,NEW_DEVICE,1,1,NEW_ROOTED_DEVICE
e1000000-0000-0000-0000-000000002228,20549.1,9.9306,0.0002,15,0,0,0,1,3,20549.1,43153.11,2.738,0.02,0,28500.0,0.686,0.178,17,18,0.947,0.008,0.045,0,1,5,NEW_RECIPIENT,1,1,NEW_RECIPIENT_DISPERSAL
e1000000-0000-0000-0000-000000002229,16613.71,9.718,0.0003,16,0,0,0,1,3,16613.71,34888.79,7.381,0.02,0,255984.0,1.0,0.3355,8,18,0.474,0.008,0.045,0,1,5,NEW_RECIPIENT,1,1,NEW_RECIPIENT_DISPERSAL
e1000000-0000-0000-0000-000000002230,18495.18,9.8253,0.0003,17,0,0,0,1,3,18495.18,38839.88,9.321,0.02,0,258156.0,0.952,0.2602,16,14,1.133,0.008,0.045,0,1,5,NEW_RECIPIENT,1,1,NEW_RECIPIENT_DISPERSAL
e1000000-0000-0000-0000-000000002231,17898.24,9.7925,0.0003,18,0,0,0,1,3,17898.24,37586.3,8.028,0.02,0,208115.0,1.0,0.2841,11,16,0.706,0.008,0.045,0,1,5,NEW_RECIPIENT,1,1,NEW_RECIPIENT_DISPERSAL
e1000000-0000-0000-0000-000000002232,12248.59,9.4132,0.0004,19,0,0,0,1,3,12248.59,25722.04,5.039,0.02,0,170605.0,0.515,0.5101,18,13,1.357,0.008,0.045,0,1,5,NEW_RECIPIENT,1,1,NEW_RECIPIENT_DISPERSAL
e1000000-0000-0000-0000-000000002233,17306.27,9.7589,0.0003,20,0,0,0,1,3,17306.27,36343.17,7.216,0.02,0,211354.0,1.0,0.3077,16,18,0.895,0.008,0.045,0,1,5,NEW_RECIPIENT,1,1,NEW_RECIPIENT_DISPERSAL
e1000000-0000-0000-0000-000000002234,12928.28,9.4672,0.0004,21,0,0,0,1,3,12928.28,27149.39,4.413,0.02,0,263883.0,0.617,0.4829,8,15,0.562,0.008,0.045,0,1,5,NEW_RECIPIENT,1,1,NEW_RECIPIENT_DISPERSAL
e1000000-0000-0000-0000-000000002235,21456.84,9.9738,0.0002,22,0,0,0,1,3,21456.84,45059.36,3.312,0.02,0,136200.0,0.925,0.1417,14,21,0.682,0.008,0.045,0,1,5,NEW_RECIPIENT,1,1,NEW_RECIPIENT_DISPERSAL
e1000000-0000-0000-0000-000000002236,16861.23,9.7328,0.0003,22,0,0,0,1,3,16861.23,35408.58,4.627,0.02,0,6240.0,0.805,0.3256,8,15,0.562,0.008,0.045,0,1,5,NEW_RECIPIENT,1,1,NEW_RECIPIENT_DISPERSAL
e1000000-0000-0000-0000-000000002237,14770.75,9.6005,0.0003,23,1,0,0,1,3,14770.75,31018.58,2.902,0.02,0,133680.0,0.69,0.4092,9,17,0.556,0.008,0.045,0,1,5,NEW_RECIPIENT,1,1,NEW_RECIPIENT_DISPERSAL
e1000000-0000-0000-0000-000000002238,23223.19,10.0529,0.0002,0,1,0,0,1,3,23223.19,48768.7,5.467,0.02,0,114240.0,0.799,0.0711,12,22,0.565,0.008,0.045,0,1,5,NEW_RECIPIENT,1,1,NEW_RECIPIENT_DISPERSAL
e1000000-0000-0000-0000-000000002239,17426.95,9.7658,0.0003,1,1,0,0,1,3,17426.95,36596.6,3.039,0.02,0,6300.0,0.814,0.3029,9,17,0.556,0.008,0.045,0,1,5,NEW_RECIPIENT,1,1,NEW_RECIPIENT_DISPERSAL
e1000000-0000-0000-0000-000000002240,16142.21,9.6893,0.0003,2,1,0,0,1,3,16142.21,33898.64,6.504,0.02,0,198374.0,1.0,0.3543,9,18,0.526,0.008,0.045,0,1,5,NEW_RECIPIENT,1,1,NEW_RECIPIENT_DISPERSAL
e1000000-0000-0000-0000-000000002241,20690.14,9.9375,0.0002,3,1,0,0,1,3,20690.14,43449.29,9.499,0.02,0,90900.0,1.0,0.1724,15,20,0.762,0.008,0.045,0,1,5,NEW_RECIPIENT,1,1,NEW_RECIPIENT_DISPERSAL
e1000000-0000-0000-0000-000000002242,16178.76,9.6915,0.0003,4,1,0,0,1,3,16178.76,33975.4,5.022,0.02,0,114300.0,1.0,0.3528,10,18,0.579,0.008,0.045,0,1,5,NEW_RECIPIENT,1,1,NEW_RECIPIENT_DISPERSAL
e1000000-0000-0000-0000-000000002243,15118.31,9.6237,0.0003,5,1,0,0,1,3,15118.31,31748.45,4.402,0.02,0,39660.0,1.0,0.3953,11,16,0.706,0.008,0.045,0,1,5,NEW_RECIPIENT,1,1,NEW_RECIPIENT_DISPERSAL
e1000000-0000-0000-0000-000000002244,19025.93,9.8536,0.0003,6,0,0,0,1,3,19025.93,39954.45,10.582,0.02,0,218909.0,1.0,0.239,7,21,0.364,0.008,0.045,0,1,5,NEW_RECIPIENT,1,1,NEW_RECIPIENT_DISPERSAL
e1000000-0000-0000-0000-000000002245,14348.55,9.5715,0.0003,7,0,0,0,1,3,14348.55,30131.95,6.21,0.02,0,342762.0,0.889,0.4261,9,20,0.476,0.008,0.045,0,1,5,NEW_RECIPIENT,1,1,NEW_RECIPIENT_DISPERSAL
e1000000-0000-0000-0000-000000002246,21128.52,9.9584,0.0002,8,0,0,0,1,3,21128.52,44369.89,5.004,0.02,0,201480.0,1.0,0.1549,15,15,1.0,0.008,0.045,0,1,5,NEW_RECIPIENT,1,1,NEW_RECIPIENT_DISPERSAL
e1000000-0000-0000-0000-000000002247,13108.52,9.4811,0.0004,9,0,0,0,1,3,13108.52,27527.89,4.283,0.02,0,78600.0,0.53,0.4757,13,25,0.538,0.008,0.045,0,1,5,NEW_RECIPIENT,1,1,NEW_RECIPIENT_DISPERSAL
e1000000-0000-0000-0000-000000002248,12951.06,9.469,0.0004,10,0,0,0,1,3,12951.06,27197.23,1.836,0.02,0,44640.0,0.559,0.482,14,21,0.682,0.008,0.045,0,1,5,NEW_RECIPIENT,1,1,NEW_RECIPIENT_DISPERSAL
e1000000-0000-0000-0000-000000002249,13699.61,9.5252,0.0004,11,0,0,0,1,3,13699.61,28769.18,9.254,0.02,0,324651.0,0.41,0.452,14,14,1.0,0.008,0.045,0,1,5,NEW_RECIPIENT,1,1,NEW_RECIPIENT_DISPERSAL
e1000000-0000-0000-0000-000000002250,14232.24,9.5633,0.0004,12,0,0,0,1,3,14232.24,29887.7,4.205,0.02,0,79080.0,0.45,0.4307,10,25,0.423,0.008,0.045,0,1,5,NEW_RECIPIENT,1,1,NEW_RECIPIENT_DISPERSAL
e1000000-0000-0000-0000-000000002251,12801.35,9.4574,0.0004,13,0,0,0,1,3,12801.35,26882.84,2.824,0.02,0,203760.0,0.452,0.4879,11,15,0.75,0.008,0.045,0,1,5,NEW_RECIPIENT,1,1,NEW_RECIPIENT_DISPERSAL
e1000000-0000-0000-0000-000000002252,19855.46,9.8963,0.0003,13,0,0,0,1,3,19855.46,41696.47,5.735,0.02,0,13800.0,0.803,0.2058,13,25,0.538,0.008,0.045,0,1,5,NEW_RECIPIENT,1,1,NEW_RECIPIENT_DISPERSAL
e1000000-0000-0000-0000-000000002253,20893.14,9.9472,0.0002,15,0,0,0,1,3,20893.14,43875.59,9.807,0.02,0,151080.0,1.0,0.1643,9,18,0.526,0.008,0.045,0,1,5,NEW_RECIPIENT,1,1,NEW_RECIPIENT_DISPERSAL
e1000000-0000-0000-0000-000000002254,17079.17,9.7457,0.0003,16,0,0,0,1,3,17079.17,35866.26,6.033,0.02,0,163560.0,1.0,0.3168,13,16,0.824,0.008,0.045,0,1,5,NEW_RECIPIENT,1,1,NEW_RECIPIENT_DISPERSAL
e1000000-0000-0000-0000-000000002255,23536.11,10.0663,0.0002,16,0,0,0,1,3,23536.11,49425.83,8.624,0.02,0,289681.0,1.0,0.0586,12,24,0.52,0.008,0.045,0,1,5,NEW_RECIPIENT,1,1,NEW_RECIPIENT_DISPERSAL
e1000000-0000-0000-0000-000000002256,21274.04,9.9653,0.0002,17,0,0,0,1,3,21274.04,44675.48,9.103,0.02,0,250090.0,0.95,0.149,16,20,0.81,0.008,0.045,0,1,5,NEW_RECIPIENT,1,1,NEW_RECIPIENT_DISPERSAL
e1000000-0000-0000-0000-000000002257,18407.44,9.8206,0.0003,18,0,0,0,1,3,18407.44,38655.62,4.312,0.02,0,46080.0,1.0,0.2637,11,16,0.706,0.008,0.045,0,1,5,NEW_RECIPIENT,1,1,NEW_RECIPIENT_DISPERSAL
e1000000-0000-0000-0000-000000002258,16427.17,9.7068,0.0003,19,0,0,0,1,3,16427.17,34497.06,2.03,0.02,0,230520.0,0.701,0.3429,12,12,1.0,0.008,0.045,0,1,5,NEW_RECIPIENT,1,1,NEW_RECIPIENT_DISPERSAL
e1000000-0000-0000-0000-000000002259,14241.68,9.564,0.0004,20,0,0,0,1,3,14241.68,29907.53,2.981,0.02,0,208380.0,0.543,0.4303,13,26,0.519,0.008,0.045,0,1,5,NEW_RECIPIENT,1,1,NEW_RECIPIENT_DISPERSAL
e1000000-0000-0000-0000-000000002260,14061.53,9.5513,0.0004,21,0,0,0,1,3,14061.53,29529.21,4.65,0.02,0,23040.0,0.721,0.4375,9,18,0.526,0.008,0.045,0,1,5,NEW_RECIPIENT,1,1,NEW_RECIPIENT_DISPERSAL
e1000000-0000-0000-0000-000000002261,18010.96,9.7988,0.0003,23,1,0,0,1,3,18010.96,37823.02,3.456,0.02,0,15660.0,1.0,0.2796,11,16,0.706,0.008,0.045,0,1,5,NEW_RECIPIENT,1,1,NEW_RECIPIENT_DISPERSAL
e1000000-0000-0000-0000-000000002262,15966.89,9.6783,0.0149,2,1,0,2,4,6,23950.33,28740.4,6.93,0.96,1,289913.0,1.0,0.3613,10,17,0.611,0.008,0.045,0,1,6,UNUSUAL_TIME,1,1,NOCTURNAL_DEAD_HOURS_DRAIN
e1000000-0000-0000-0000-000000002263,30663.15,10.3308,0.0149,3,1,0,2,4,6,45994.73,55193.67,15.136,0.96,1,496806.0,1.0,0.2265,12,17,0.722,0.008,0.045,0,1,6,UNUSUAL_TIME,1,1,NOCTURNAL_DEAD_HOURS_DRAIN
e1000000-0000-0000-0000-000000002264,17197.52,9.7526,0.0149,2,1,0,2,4,6,25796.28,30955.54,2.66,0.96,1,263640.0,0.803,0.3121,9,17,0.556,0.008,0.045,0,1,6,UNUSUAL_TIME,1,1,NOCTURNAL_DEAD_HOURS_DRAIN
e1000000-0000-0000-0000-000000002265,34657.13,10.4533,0.0149,1,1,1,2,4,6,51985.69,62382.83,12.579,0.96,1,325740.0,1.0,0.3069,7,21,0.364,0.008,0.045,0,1,6,UNUSUAL_TIME,1,1,NOCTURNAL_DEAD_HOURS_DRAIN
e1000000-0000-0000-0000-000000002266,30976.76,10.341,0.0149,4,1,1,2,4,6,46465.14,55758.17,13.386,0.96,1,677986.0,1.0,0.2391,10,12,0.846,0.008,0.045,0,1,6,UNUSUAL_TIME,1,1,NOCTURNAL_DEAD_HOURS_DRAIN
e1000000-0000-0000-0000-000000002267,25501.02,10.1465,0.0149,4,1,0,2,4,6,38251.53,45901.84,16.933,0.96,1,1010986.0,0.787,0.02,15,11,1.333,0.008,0.045,0,1,6,UNUSUAL_TIME,1,1,NOCTURNAL_DEAD_HOURS_DRAIN
e1000000-0000-0000-0000-000000002268,27110.34,10.2077,0.0149,3,1,0,2,4,6,40665.51,48798.61,10.319,0.96,1,1266641.0,1.0,0.0844,14,9,1.5,0.008,0.045,0,1,6,UNUSUAL_TIME,1,1,NOCTURNAL_DEAD_HOURS_DRAIN
e1000000-0000-0000-0000-000000002269,33737.4,10.4264,0.0149,3,1,0,2,4,6,50606.1,60727.32,8.442,0.96,1,867180.0,1.0,0.3253,15,20,0.762,0.008,0.045,0,1,6,UNUSUAL_TIME,1,1,NOCTURNAL_DEAD_HOURS_DRAIN
e1000000-0000-0000-0000-000000002270,15728.33,9.6633,0.0149,2,1,0,2,4,6,23592.49,28310.99,4.802,0.96,1,800160.0,1.0,0.3709,16,18,0.895,0.008,0.045,0,1,6,UNUSUAL_TIME,1,1,NOCTURNAL_DEAD_HOURS_DRAIN
e1000000-0000-0000-0000-000000002271,27087.92,10.2069,0.0149,3,1,0,2,4,6,40631.88,48758.26,5.301,0.96,1,874200.0,0.932,0.0835,12,22,0.565,0.008,0.045,0,1,6,UNUSUAL_TIME,1,1,NOCTURNAL_DEAD_HOURS_DRAIN
e1000000-0000-0000-0000-000000002272,15477.52,9.6472,0.0149,3,1,1,2,4,6,23216.28,27859.54,5.189,0.96,1,950220.0,0.939,0.3809,15,20,0.762,0.008,0.045,0,1,6,UNUSUAL_TIME,1,1,NOCTURNAL_DEAD_HOURS_DRAIN
e1000000-0000-0000-0000-000000002273,23710.75,10.0737,0.0149,1,1,1,2,4,6,35566.12,42679.35,8.301,0.96,1,1233588.0,0.854,0.0516,7,13,0.571,0.008,0.045,0,1,6,UNUSUAL_TIME,1,1,NOCTURNAL_DEAD_HOURS_DRAIN
e1000000-0000-0000-0000-000000002274,26808.6,10.1965,0.0149,4,1,0,2,4,6,40212.9,48255.48,6.864,0.96,1,604740.0,0.827,0.0723,15,11,1.333,0.008,0.045,0,1,6,UNUSUAL_TIME,1,1,NOCTURNAL_DEAD_HOURS_DRAIN
e1000000-0000-0000-0000-000000002275,19889.84,9.898,0.0149,3,1,0,2,4,6,29834.76,35801.71,3.76,0.96,1,517920.0,1.0,0.2044,15,20,0.762,0.008,0.045,0,1,6,UNUSUAL_TIME,1,1,NOCTURNAL_DEAD_HOURS_DRAIN
e1000000-0000-0000-0000-000000002276,22984.78,10.0426,0.0149,3,1,0,2,4,6,34477.17,41372.6,8.752,0.96,1,1513738.0,0.688,0.0806,12,13,0.929,0.008,0.045,0,1,6,UNUSUAL_TIME,1,1,NOCTURNAL_DEAD_HOURS_DRAIN
e1000000-0000-0000-0000-000000002277,17608.28,9.7762,0.0149,2,1,0,2,4,6,26412.42,31694.9,6.615,0.96,1,1482420.0,1.0,0.2957,15,17,0.889,0.008,0.045,0,1,6,UNUSUAL_TIME,1,1,NOCTURNAL_DEAD_HOURS_DRAIN
e1000000-0000-0000-0000-000000002278,27800.46,10.2328,0.0149,2,1,0,2,4,6,41700.69,50040.83,11.227,0.96,1,1548600.0,1.0,0.112,14,16,0.882,0.008,0.045,0,1,6,UNUSUAL_TIME,1,1,NOCTURNAL_DEAD_HOURS_DRAIN
e1000000-0000-0000-0000-000000002279,24301.79,10.0983,0.0149,1,1,1,2,4,6,36452.68,43743.22,5.586,0.96,1,1649220.0,1.0,0.0279,10,14,0.733,0.008,0.045,0,1,6,UNUSUAL_TIME,1,1,NOCTURNAL_DEAD_HOURS_DRAIN
e1000000-0000-0000-0000-000000002280,20879.02,9.9465,0.0149,1,1,1,2,4,6,31318.53,37582.24,8.781,0.96,1,1851423.0,0.612,0.1648,14,22,0.652,0.008,0.045,0,1,6,UNUSUAL_TIME,1,1,NOCTURNAL_DEAD_HOURS_DRAIN
e1000000-0000-0000-0000-000000002281,33679.54,10.4247,0.0149,4,1,0,2,4,6,50519.31,60623.17,14.215,0.96,1,1938664.0,1.0,0.3264,16,13,1.214,0.008,0.045,0,1,6,UNUSUAL_TIME,1,1,NOCTURNAL_DEAD_HOURS_DRAIN
e1000000-0000-0000-0000-000000002282,18869.59,9.8454,0.0149,3,1,0,2,4,6,28304.39,33965.26,6.59,0.96,1,1909140.0,0.561,0.2452,16,13,1.214,0.008,0.045,0,1,6,UNUSUAL_TIME,1,1,NOCTURNAL_DEAD_HOURS_DRAIN
e1000000-0000-0000-0000-000000002283,17918.78,9.7937,0.0149,1,1,0,2,4,6,26878.17,32253.8,4.517,0.96,1,1116900.0,1.0,0.2832,16,18,0.895,0.008,0.045,0,1,6,UNUSUAL_TIME,1,1,NOCTURNAL_DEAD_HOURS_DRAIN
e1000000-0000-0000-0000-000000002284,25190.13,10.1342,0.0149,1,1,0,2,4,6,37785.19,45342.23,10.188,0.96,1,2209557.0,1.0,0.0076,12,16,0.765,0.008,0.045,0,1,6,UNUSUAL_TIME,1,1,NOCTURNAL_DEAD_HOURS_DRAIN
e1000000-0000-0000-0000-000000002285,23068.24,10.0463,0.0149,1,1,0,2,4,6,34602.36,41522.83,7.92,0.96,1,2051400.0,1.0,0.0773,9,20,0.476,0.008,0.045,0,1,6,UNUSUAL_TIME,1,1,NOCTURNAL_DEAD_HOURS_DRAIN
e1000000-0000-0000-0000-000000002286,21530.89,9.9773,0.0149,3,1,1,2,4,6,32296.33,38755.6,6.979,0.96,1,2196900.0,1.0,0.1388,16,14,1.133,0.008,0.045,0,1,6,UNUSUAL_TIME,1,1,NOCTURNAL_DEAD_HOURS_DRAIN
e1000000-0000-0000-0000-000000002287,23767.96,10.0761,0.0149,1,1,1,2,4,6,35651.94,42782.33,5.372,0.96,1,773940.0,1.0,0.0493,14,16,0.882,0.008,0.045,0,1,6,UNUSUAL_TIME,1,1,NOCTURNAL_DEAD_HOURS_DRAIN
e1000000-0000-0000-0000-000000002288,30586.16,10.3283,0.0149,1,1,0,2,4,6,45879.24,55055.09,7.931,0.96,1,2293560.0,0.968,0.2234,10,25,0.423,0.008,0.045,0,1,6,UNUSUAL_TIME,1,1,NOCTURNAL_DEAD_HOURS_DRAIN
e1000000-0000-0000-0000-000000002289,33658.95,10.4241,0.0149,1,1,0,2,4,6,50488.42,60586.11,5.707,0.96,1,1201440.0,1.0,0.3268,15,20,0.762,0.008,0.045,0,1,6,UNUSUAL_TIME,1,1,NOCTURNAL_DEAD_HOURS_DRAIN
e1000000-0000-0000-0000-000000002290,29450.87,10.2905,0.0149,4,1,0,2,4,6,44176.31,53011.57,11.07,0.96,1,2836025.0,1.0,0.178,14,23,0.625,0.008,0.045,0,1,6,UNUSUAL_TIME,1,1,NOCTURNAL_DEAD_HOURS_DRAIN
e1000000-0000-0000-0000-000000002291,27337.49,10.2161,0.0149,2,1,0,2,4,6,41006.24,49207.48,13.568,0.96,1,2680740.0,0.969,0.0935,14,23,0.625,0.008,0.045,0,1,6,UNUSUAL_TIME,1,1,NOCTURNAL_DEAD_HOURS_DRAIN
e1000000-0000-0000-0000-000000002292,21058.21,9.9551,0.0149,1,1,0,2,4,6,31587.31,37904.78,11.54,0.96,1,3064558.0,1.0,0.1577,13,14,0.933,0.008,0.045,0,1,6,UNUSUAL_TIME,1,1,NOCTURNAL_DEAD_HOURS_DRAIN
e1000000-0000-0000-0000-000000002293,18873.29,9.8456,0.0149,4,1,1,2,4,6,28309.94,33971.92,7.754,0.96,1,3152152.0,0.785,0.2451,17,17,1.0,0.008,0.045,0,1,6,UNUSUAL_TIME,1,1,NOCTURNAL_DEAD_HOURS_DRAIN
e1000000-0000-0000-0000-000000002294,19212.32,9.8634,0.0149,3,1,1,2,4,6,28818.48,34582.18,5.339,0.96,1,3003360.0,0.601,0.2315,17,19,0.9,0.008,0.045,0,1,6,UNUSUAL_TIME,1,1,NOCTURNAL_DEAD_HOURS_DRAIN
e1000000-0000-0000-0000-000000002295,29544.76,10.2937,0.0149,1,1,0,2,4,6,44317.14,53180.57,9.188,0.96,1,3092700.0,1.0,0.1818,15,21,0.727,0.008,0.045,0,1,6,UNUSUAL_TIME,1,1,NOCTURNAL_DEAD_HOURS_DRAIN
e1000000-0000-0000-0000-000000002296,24377.78,10.1015,0.0002,2,1,0,0,1,3,24377.78,51193.34,5.298,0.02,0,89040.0,0.861,0.0249,15,21,0.727,0.008,0.045,0,1,7,UNUSUAL_LOCATION,1,1,HIGH_RISK_BORDER_JUMP
e1000000-0000-0000-0000-000000002297,22351.21,10.0147,0.0002,5,1,0,0,1,3,22351.21,46937.54,10.953,0.02,0,3237068.0,1.0,0.106,12,18,0.684,0.008,0.045,0,1,7,UNUSUAL_LOCATION,1,1,HIGH_RISK_BORDER_JUMP
e1000000-0000-0000-0000-000000002298,21048.02,9.9546,0.0002,8,0,0,0,1,3,21048.02,44200.84,4.789,0.02,0,3093900.0,1.0,0.1581,13,12,1.077,0.008,0.045,0,1,7,UNUSUAL_LOCATION,1,1,HIGH_RISK_BORDER_JUMP
e1000000-0000-0000-0000-000000002299,22322.12,10.0134,0.0002,11,0,0,0,1,3,22322.12,46876.45,8.36,0.02,0,3278328.0,1.0,0.1071,15,22,0.696,0.008,0.045,0,1,7,UNUSUAL_LOCATION,1,1,HIGH_RISK_BORDER_JUMP
e1000000-0000-0000-0000-000000002300,21860.03,9.9925,0.0002,14,0,0,0,1,3,21860.03,45906.06,4.538,0.02,0,3194280.0,1.0,0.1256,10,15,0.688,0.008,0.045,0,1,7,UNUSUAL_LOCATION,1,1,HIGH_RISK_BORDER_JUMP
e1000000-0000-0000-0000-000000002301,21142.07,9.9591,0.0002,17,0,0,0,1,3,21142.07,44398.35,2.979,0.02,0,2816100.0,0.987,0.1543,9,17,0.556,0.008,0.045,0,1,7,UNUSUAL_LOCATION,1,1,HIGH_RISK_BORDER_JUMP
e1000000-0000-0000-0000-000000002302,24322.95,10.0992,0.0002,20,0,0,0,1,3,24322.95,51078.2,6.272,0.02,0,573240.0,1.0,0.0271,14,23,0.625,0.008,0.045,0,1,7,UNUSUAL_LOCATION,1,1,HIGH_RISK_BORDER_JUMP
e1000000-0000-0000-0000-000000002303,23610.32,10.0695,0.0002,23,1,0,0,1,3,23610.32,49581.67,2.866,0.02,0,3295680.0,1.0,0.0556,16,18,0.895,0.008,0.045,0,1,7,UNUSUAL_LOCATION,1,1,HIGH_RISK_BORDER_JUMP
e1000000-0000-0000-0000-000000002304,23092.6,10.0473,0.0002,2,1,0,0,1,3,23092.6,48494.46,8.51,0.02,0,3229294.0,1.0,0.0763,13,42,0.326,0.008,0.045,0,1,7,UNUSUAL_LOCATION,1,1,HIGH_RISK_BORDER_JUMP
e1000000-0000-0000-0000-000000002305,18640.88,9.8332,0.0003,5,1,0,0,1,3,18640.88,39145.85,2.367,0.02,0,43200.0,0.871,0.2544,9,17,0.556,0.008,0.045,0,1,7,UNUSUAL_LOCATION,1,1,HIGH_RISK_BORDER_JUMP
e1000000-0000-0000-0000-000000002306,22826.4,10.0357,0.0002,8,0,0,0,1,3,22826.4,47935.44,8.714,0.02,0,3308220.0,0.741,0.0869,11,22,0.522,0.008,0.045,0,1,7,UNUSUAL_LOCATION,1,1,HIGH_RISK_BORDER_JUMP
e1000000-0000-0000-0000-000000002307,18527.34,9.8271,0.0003,11,0,0,0,1,3,18527.34,38907.41,7.723,0.02,0,3353666.0,0.809,0.2589,10,20,0.524,0.008,0.045,0,1,7,UNUSUAL_LOCATION,1,1,HIGH_RISK_BORDER_JUMP
e1000000-0000-0000-0000-000000002308,24034.66,10.0873,0.0002,14,0,0,0,1,3,24034.66,50472.79,5.42,0.02,0,2811360.0,1.0,0.0386,7,21,0.364,0.008,0.045,0,1,7,UNUSUAL_LOCATION,1,1,HIGH_RISK_BORDER_JUMP
e1000000-0000-0000-0000-000000002309,23780.49,10.0767,0.0002,17,0,0,0,1,3,23780.49,49939.03,4.254,0.02,0,140400.0,0.84,0.0488,15,21,0.727,0.008,0.045,0,1,7,UNUSUAL_LOCATION,1,1,HIGH_RISK_BORDER_JUMP
e1000000-0000-0000-0000-000000002310,20692.45,9.9376,0.0002,20,0,0,0,1,3,20692.45,43454.15,4.163,0.02,0,843480.0,0.655,0.1723,10,25,0.423,0.008,0.045,0,1,7,UNUSUAL_LOCATION,1,1,HIGH_RISK_BORDER_JUMP
e1000000-0000-0000-0000-000000002311,20002.05,9.9036,0.0002,23,1,0,0,1,3,20002.05,42004.31,7.628,0.02,0,3417654.0,0.945,0.1999,13,13,1.0,0.008,0.045,0,1,7,UNUSUAL_LOCATION,1,1,HIGH_RISK_BORDER_JUMP
e1000000-0000-0000-0000-000000002312,19391.19,9.8726,0.0003,2,1,0,0,1,3,19391.19,40721.5,10.287,0.02,0,3410472.0,0.818,0.2244,11,14,0.8,0.008,0.045,0,1,7,UNUSUAL_LOCATION,1,1,HIGH_RISK_BORDER_JUMP
e1000000-0000-0000-0000-000000002313,21968.72,9.9974,0.0002,5,1,0,0,1,3,21968.72,46134.31,3.924,0.02,0,32400.0,0.695,0.1213,10,25,0.423,0.008,0.045,0,1,7,UNUSUAL_LOCATION,1,1,HIGH_RISK_BORDER_JUMP
e1000000-0000-0000-0000-000000002314,20126.43,9.9098,0.0002,8,0,0,0,1,3,20126.43,42265.5,5.651,0.02,0,3165300.0,1.0,0.1949,12,24,0.52,0.008,0.045,0,1,7,UNUSUAL_LOCATION,1,1,HIGH_RISK_BORDER_JUMP
e1000000-0000-0000-0000-000000002315,18535.02,9.8275,0.0003,11,0,0,0,1,3,18535.02,38923.54,5.29,0.02,0,2273820.0,1.0,0.2586,15,20,0.762,0.008,0.045,0,1,7,UNUSUAL_LOCATION,1,1,HIGH_RISK_BORDER_JUMP
e1000000-0000-0000-0000-000000002316,20785.53,9.9421,0.0002,14,0,0,0,1,3,20785.53,43649.61,2.397,0.02,0,3371340.0,1.0,0.1686,11,16,0.706,0.008,0.045,0,1,7,UNUSUAL_LOCATION,1,1,HIGH_RISK_BORDER_JUMP
e1000000-0000-0000-0000-000000002317,18333.83,9.8166,0.0003,17,0,0,0,1,3,18333.83,38501.04,4.479,0.02,0,3208260.0,0.741,0.2666,13,25,0.538,0.008,0.045,0,1,7,UNUSUAL_LOCATION,1,1,HIGH_RISK_BORDER_JUMP
e1000000-0000-0000-0000-000000002318,19894.25,9.8982,0.0003,20,0,0,0,1,3,19894.25,41777.93,2.899,0.02,0,3429960.0,1.0,0.2042,14,20,0.714,0.008,0.045,0,1,7,UNUSUAL_LOCATION,1,1,HIGH_RISK_BORDER_JUMP
e1000000-0000-0000-0000-000000002319,21717.98,9.9859,0.0002,23,1,0,0,1,3,21717.98,45607.76,5.888,0.02,0,3345780.0,1.0,0.1313,10,17,0.611,0.008,0.045,0,1,7,UNUSUAL_LOCATION,1,1,HIGH_RISK_BORDER_JUMP
e1000000-0000-0000-0000-000000002320,18649.81,9.8336,0.0003,2,1,0,0,1,3,18649.81,39164.6,6.724,0.02,0,3739375.0,0.701,0.254,14,17,0.833,0.008,0.045,0,1,7,UNUSUAL_LOCATION,1,1,HIGH_RISK_BORDER_JUMP
e1000000-0000-0000-0000-000000002321,18001.39,9.7983,0.0003,5,1,0,0,1,3,18001.39,37802.92,6.549,0.02,0,3373440.0,0.715,0.2799,17,15,1.125,0.008,0.045,0,1,7,UNUSUAL_LOCATION,1,1,HIGH_RISK_BORDER_JUMP
e1000000-0000-0000-0000-000000002322,20540.62,9.9302,0.0002,8,0,0,0,1,3,20540.62,43135.3,8.822,0.02,0,3412440.0,0.775,0.1784,14,19,0.75,0.008,0.045,0,1,7,UNUSUAL_LOCATION,1,1,HIGH_RISK_BORDER_JUMP
e1000000-0000-0000-0000-000000002323,19894.28,9.8982,0.0003,11,0,0,0,1,3,19894.28,41777.99,6.518,0.02,0,118800.0,0.839,0.2042,11,14,0.8,0.008,0.045,0,1,7,UNUSUAL_LOCATION,1,1,HIGH_RISK_BORDER_JUMP
e1000000-0000-0000-0000-000000002324,18422.13,9.8214,0.0003,14,0,0,0,1,3,18422.13,38686.47,3.094,0.02,0,259200.0,0.844,0.2631,10,15,0.688,0.008,0.045,0,1,7,UNUSUAL_LOCATION,1,1,HIGH_RISK_BORDER_JUMP
e1000000-0000-0000-0000-000000002325,23044.49,10.0452,0.0002,17,0,0,0,1,3,23044.49,48393.43,7.018,0.02,0,3282060.0,1.0,0.0782,16,20,0.81,0.008,0.045,0,1,7,UNUSUAL_LOCATION,1,1,HIGH_RISK_BORDER_JUMP
e1000000-0000-0000-0000-000000002326,19454.65,9.8759,0.0003,20,0,0,0,1,3,19454.65,40854.77,4.224,0.02,0,1612680.0,1.0,0.2218,16,13,1.214,0.008,0.045,0,1,7,UNUSUAL_LOCATION,1,1,HIGH_RISK_BORDER_JUMP
e1000000-0000-0000-0000-000000002327,20201.27,9.9136,0.0002,23,1,0,0,1,3,20201.27,42422.67,5.641,0.02,0,3307560.0,1.0,0.1919,13,16,0.824,0.008,0.045,0,1,7,UNUSUAL_LOCATION,1,1,HIGH_RISK_BORDER_JUMP
e1000000-0000-0000-0000-000000002328,20941.3,9.9495,0.0002,2,1,1,0,1,3,20941.3,43976.73,3.868,0.02,0,216000.0,1.0,0.1623,7,21,0.364,0.008,0.045,0,1,7,UNUSUAL_LOCATION,1,1,HIGH_RISK_BORDER_JUMP
e1000000-0000-0000-0000-000000002329,22586.77,10.0252,0.0002,5,1,1,0,1,3,22586.77,47432.22,4.037,0.02,0,32400.0,1.0,0.0965,16,13,1.214,0.008,0.045,0,1,7,UNUSUAL_LOCATION,1,1,HIGH_RISK_BORDER_JUMP
e1000000-0000-0000-0000-000000002330,42981.11,10.6685,0.0149,5,1,0,2,4,6,64471.67,77366.0,4.727,0.96,1,453600.0,1.0,0.1404,16,18,0.895,0.008,0.045,0,1,8,SUDDEN_BEHAVIORAL_CHANGE,1,1,DORMANT_COMPLETE_DRAIN
e1000000-0000-0000-0000-000000002331,39322.64,10.5796,0.0149,5,1,0,2,4,6,58983.96,70780.75,12.916,0.96,1,3748740.0,1.0,0.2135,18,13,1.357,0.008,0.045,0,1,8,SUDDEN_BEHAVIORAL_CHANGE,1,1,DORMANT_COMPLETE_DRAIN
e1000000-0000-0000-0000-000000002332,25866.74,10.1608,0.0149,5,1,0,2,4,6,38800.11,46560.13,11.979,0.96,1,4129193.0,1.0,0.0347,14,21,0.682,0.008,0.045,0,1,8,SUDDEN_BEHAVIORAL_CHANGE,1,1,DORMANT_COMPLETE_DRAIN
e1000000-0000-0000-0000-000000002333,23527.45,10.066,0.0149,5,1,1,2,4,6,35291.18,42349.41,4.085,0.96,1,4048140.0,1.0,0.0589,15,15,1.0,0.008,0.045,0,1,8,SUDDEN_BEHAVIORAL_CHANGE,1,1,DORMANT_COMPLETE_DRAIN
e1000000-0000-0000-0000-000000002334,24799.54,10.1186,0.0149,5,1,0,2,4,6,37199.31,44639.17,9.373,0.96,1,4540844.0,1.0,0.008,16,20,0.81,0.008,0.045,0,1,8,SUDDEN_BEHAVIORAL_CHANGE,1,1,DORMANT_COMPLETE_DRAIN
e1000000-0000-0000-0000-000000002335,40792.01,10.6163,0.0149,5,1,0,2,4,6,61188.01,73425.62,11.546,0.96,1,4238640.0,1.0,0.1842,12,17,0.722,0.008,0.045,0,1,8,SUDDEN_BEHAVIORAL_CHANGE,1,1,DORMANT_COMPLETE_DRAIN
e1000000-0000-0000-0000-000000002336,39880.87,10.5937,0.0149,5,1,1,2,4,6,59821.31,71785.57,19.846,0.96,1,4804591.0,1.0,0.2024,7,22,0.348,0.008,0.045,0,1,8,SUDDEN_BEHAVIORAL_CHANGE,1,1,DORMANT_COMPLETE_DRAIN
e1000000-0000-0000-0000-000000002337,34521.52,10.4494,0.0149,5,1,0,2,4,6,51782.28,62138.74,10.822,0.96,1,864000.0,1.0,0.3096,14,21,0.682,0.008,0.045,0,1,8,SUDDEN_BEHAVIORAL_CHANGE,1,1,DORMANT_COMPLETE_DRAIN
e1000000-0000-0000-0000-000000002338,39375.0,10.5809,0.0149,5,1,0,2,4,6,59062.5,70875.0,10.157,0.96,1,691200.0,1.0,0.2125,16,20,0.81,0.008,0.045,0,1,8,SUDDEN_BEHAVIORAL_CHANGE,1,1,DORMANT_COMPLETE_DRAIN
e1000000-0000-0000-0000-000000002339,37279.44,10.5262,0.0149,5,1,0,2,4,6,55919.16,67102.99,12.511,0.96,1,5167140.0,1.0,0.2544,8,16,0.529,0.008,0.045,0,1,8,SUDDEN_BEHAVIORAL_CHANGE,1,1,DORMANT_COMPLETE_DRAIN
e1000000-0000-0000-0000-000000002340,45285.33,10.7208,0.0149,5,1,1,2,4,6,67927.99,81513.59,20.004,0.96,1,5597621.0,1.0,0.0943,10,14,0.733,0.008,0.045,0,1,8,SUDDEN_BEHAVIORAL_CHANGE,1,1,DORMANT_COMPLETE_DRAIN
e1000000-0000-0000-0000-000000002341,26069.8,10.1686,0.0149,5,1,0,2,4,6,39104.7,46925.64,3.601,0.96,1,1382400.0,1.0,0.0428,15,15,1.0,0.008,0.045,0,1,8,SUDDEN_BEHAVIORAL_CHANGE,1,1,DORMANT_COMPLETE_DRAIN
e1000000-0000-0000-0000-000000002342,23271.72,10.055,0.0149,5,1,0,2,4,6,34907.58,41889.1,4.715,0.96,1,5807520.0,1.0,0.0691,8,17,0.5,0.008,0.045,0,1,8,SUDDEN_BEHAVIORAL_CHANGE,1,1,DORMANT_COMPLETE_DRAIN
e1000000-0000-0000-0000-000000002343,32128.54,10.3775,0.0149,5,1,1,2,4,6,48192.81,57831.37,9.631,0.96,1,5798100.0,1.0,0.2851,9,18,0.526,0.008,0.045,0,1,8,SUDDEN_BEHAVIORAL_CHANGE,1,1,DORMANT_COMPLETE_DRAIN
e1000000-0000-0000-0000-000000002344,39116.57,10.5743,0.0149,5,1,0,2,4,6,58674.85,70409.83,4.533,0.96,1,6102780.0,1.0,0.2177,10,16,0.647,0.008,0.045,0,1,8,SUDDEN_BEHAVIORAL_CHANGE,1,1,DORMANT_COMPLETE_DRAIN
e1000000-0000-0000-0000-000000002345,44426.93,10.7016,0.0149,5,1,0,2,4,6,66640.4,79968.47,12.601,0.96,1,6074520.0,1.0,0.1115,9,18,0.526,0.008,0.045,0,1,8,SUDDEN_BEHAVIORAL_CHANGE,1,1,DORMANT_COMPLETE_DRAIN
e1000000-0000-0000-0000-000000002346,30499.61,10.3255,0.0149,5,1,0,2,4,6,45749.42,54899.3,8.968,0.96,1,3543840.0,1.0,0.22,17,17,1.0,0.008,0.045,0,1,8,SUDDEN_BEHAVIORAL_CHANGE,1,1,DORMANT_COMPLETE_DRAIN
e1000000-0000-0000-0000-000000002347,39118.53,10.5744,0.0149,5,1,1,2,4,6,58677.79,70413.35,7.623,0.96,1,1209600.0,1.0,0.2176,10,14,0.733,0.008,0.045,0,1,8,SUDDEN_BEHAVIORAL_CHANGE,1,1,DORMANT_COMPLETE_DRAIN
e1000000-0000-0000-0000-000000002348,44571.48,10.7049,0.0149,5,1,0,2,4,6,66857.22,80228.66,7.444,0.96,1,5529900.0,1.0,0.1086,15,11,1.333,0.008,0.045,0,1,8,SUDDEN_BEHAVIORAL_CHANGE,1,1,DORMANT_COMPLETE_DRAIN
e1000000-0000-0000-0000-000000002349,26268.66,10.1762,0.0149,5,1,0,2,4,6,39402.99,47283.59,5.339,0.96,1,6395220.0,1.0,0.0507,10,12,0.846,0.008,0.045,0,1,8,SUDDEN_BEHAVIORAL_CHANGE,1,1,DORMANT_COMPLETE_DRAIN
e1000000-0000-0000-0000-000000002350,34659.25,10.4533,0.0149,5,1,1,2,4,6,51988.88,62386.65,11.179,0.96,1,3866400.0,1.0,0.3068,10,20,0.524,0.008,0.045,0,1,8,SUDDEN_BEHAVIORAL_CHANGE,1,1,DORMANT_COMPLETE_DRAIN
e1000000-0000-0000-0000-000000002351,23092.66,10.0473,0.0149,5,1,0,2,4,6,34638.99,41566.79,4.844,0.96,1,4093200.0,1.0,0.0763,14,23,0.625,0.008,0.045,0,1,8,SUDDEN_BEHAVIORAL_CHANGE,1,1,DORMANT_COMPLETE_DRAIN
e1000000-0000-0000-0000-000000002352,37701.97,10.5375,0.0149,5,1,0,2,4,6,56552.96,67863.55,8.387,0.96,1,2592000.0,1.0,0.246,14,21,0.682,0.008,0.045,0,1,8,SUDDEN_BEHAVIORAL_CHANGE,1,1,DORMANT_COMPLETE_DRAIN
e1000000-0000-0000-0000-000000002353,40740.39,10.615,0.0149,5,1,0,2,4,6,61110.58,73332.7,16.231,0.96,1,7597740.0,1.0,0.1852,13,19,0.7,0.008,0.045,0,1,8,SUDDEN_BEHAVIORAL_CHANGE,1,1,DORMANT_COMPLETE_DRAIN
e1000000-0000-0000-0000-000000002354,22239.85,10.0097,0.0149,5,1,1,2,4,6,33359.77,40031.73,2.56,0.96,1,2246400.0,1.0,0.1104,15,15,1.0,0.008,0.045,0,1,8,SUDDEN_BEHAVIORAL_CHANGE,1,1,DORMANT_COMPLETE_DRAIN
e1000000-0000-0000-0000-000000002355,42805.42,10.6644,0.0149,5,1,0,2,4,6,64208.13,77049.76,11.426,0.96,1,8046780.0,1.0,0.1439,17,15,1.125,0.008,0.045,0,1,8,SUDDEN_BEHAVIORAL_CHANGE,1,1,DORMANT_COMPLETE_DRAIN
e1000000-0000-0000-0000-000000002356,24719.53,10.1154,0.0149,5,1,0,2,4,6,37079.29,44495.15,8.717,0.96,1,8139240.0,0.779,0.0112,15,14,1.067,0.008,0.045,0,1,8,SUDDEN_BEHAVIORAL_CHANGE,1,1,DORMANT_COMPLETE_DRAIN
e1000000-0000-0000-0000-000000002357,27487.61,10.2215,0.0149,5,1,1,2,4,6,41231.42,49477.7,5.847,0.96,1,6321240.0,1.0,0.0995,16,18,0.895,0.008,0.045,0,1,8,SUDDEN_BEHAVIORAL_CHANGE,1,1,DORMANT_COMPLETE_DRAIN
e1000000-0000-0000-0000-000000002358,44302.13,10.6988,0.0149,5,1,0,2,4,6,66453.19,79743.83,21.135,0.96,1,8687055.0,1.0,0.114,12,23,0.542,0.008,0.045,0,1,8,SUDDEN_BEHAVIORAL_CHANGE,1,1,DORMANT_COMPLETE_DRAIN
e1000000-0000-0000-0000-000000002359,35802.6,10.4858,0.0149,5,1,0,2,4,6,53703.9,64444.68,6.13,0.96,1,345600.0,1.0,0.2839,16,18,0.895,0.008,0.045,0,1,8,SUDDEN_BEHAVIORAL_CHANGE,1,1,DORMANT_COMPLETE_DRAIN
e1000000-0000-0000-0000-000000002360,37924.06,10.5434,0.0149,5,1,0,2,4,6,56886.09,68263.31,5.633,0.96,1,5410800.0,1.0,0.2415,10,15,0.688,0.008,0.045,0,1,8,SUDDEN_BEHAVIORAL_CHANGE,1,1,DORMANT_COMPLETE_DRAIN
e1000000-0000-0000-0000-000000002361,42012.51,10.6457,0.0149,5,1,1,2,4,6,63018.76,75622.52,9.144,0.96,1,7876020.0,1.0,0.1597,7,13,0.571,0.008,0.045,0,1,8,SUDDEN_BEHAVIORAL_CHANGE,1,1,DORMANT_COMPLETE_DRAIN
e1000000-0000-0000-0000-000000002362,33828.77,10.4291,0.0149,5,1,0,2,4,6,50743.15,60891.79,6.726,0.96,1,3283200.0,1.0,0.3234,9,18,0.526,0.008,0.045,0,1,8,SUDDEN_BEHAVIORAL_CHANGE,1,1,DORMANT_COMPLETE_DRAIN
e1000000-0000-0000-0000-000000002363,29545.03,10.2937,0.0149,5,1,0,2,4,6,44317.54,53181.05,4.782,0.96,1,9415980.0,1.0,0.1818,8,21,0.409,0.008,0.045,0,1,8,SUDDEN_BEHAVIORAL_CHANGE,1,1,DORMANT_COMPLETE_DRAIN
e1000000-0000-0000-0000-000000002364,24135.61,10.0915,0.0002,9,0,0,0,8,14,120678.05,168949.27,3.603,0.0,6,2433900.0,1.0,0.0346,10,12,0.846,0.048,0.012,0,1,9,FAN_IN_MULE,1,1,SMURFING_RING_W-MULE-0008
e1000000-0000-0000-0000-000000002365,24425.87,10.1034,0.0002,9,0,0,0,8,14,122129.35,170981.09,9.078,0.0,6,9552830.0,0.945,0.023,13,17,0.778,0.048,0.012,0,1,9,FAN_IN_MULE,1,1,SMURFING_RING_W-MULE-0008
e1000000-0000-0000-0000-000000002366,24479.61,10.1056,0.0002,9,0,0,0,8,14,122398.05,171357.27,9.652,0.0,6,9480684.0,1.0,0.0208,13,17,0.778,0.048,0.012,0,1,9,FAN_IN_MULE,1,1,SMURFING_RING_W-MULE-0008
e1000000-0000-0000-0000-000000002367,24843.24,10.1204,0.0002,9,0,0,0,8,14,124216.2,173902.68,6.103,0.0,6,6084840.0,1.0,0.0063,13,13,1.0,0.048,0.012,0,1,9,FAN_IN_MULE,1,1,SMURFING_RING_W-MULE-0008
e1000000-0000-0000-0000-000000002368,24557.52,10.1088,0.0002,9,0,0,0,8,14,122787.6,171902.64,2.543,0.0,6,1570800.0,1.0,0.0177,15,15,1.0,0.048,0.012,0,1,9,FAN_IN_MULE,1,1,SMURFING_RING_W-MULE-0008
e1000000-0000-0000-0000-000000002369,24767.84,10.1173,0.0002,9,0,0,0,8,14,123839.2,173374.88,6.463,0.0,6,5988240.0,0.93,0.0093,14,17,0.833,0.048,0.012,0,1,9,FAN_IN_MULE,1,1,SMURFING_RING_W-MULE-0008
e1000000-0000-0000-0000-000000002370,24311.76,10.0988,0.0002,9,0,0,0,8,14,121558.8,170182.32,4.187,0.0,6,7025580.0,1.0,0.0275,14,16,0.882,0.048,0.012,0,1,9,FAN_IN_MULE,1,1,SMURFING_RING_W-MULE-0008
e1000000-0000-0000-0000-000000002371,24753.39,10.1168,0.0002,9,0,0,0,8,14,123766.95,173273.73,7.839,0.0,6,9184860.0,1.0,0.0099,10,17,0.611,0.048,0.012,0,1,9,FAN_IN_MULE,1,1,SMURFING_RING_W-MULE-0008
e1000000-0000-0000-0000-000000002372,24303.31,10.0984,0.0002,9,0,0,0,8,14,121516.55,170123.17,3.764,0.0,6,6107820.0,0.859,0.0279,15,21,0.727,0.048,0.012,0,1,9,FAN_IN_MULE,1,1,SMURFING_RING_W-MULE-0008
e1000000-0000-0000-0000-000000002373,24524.59,10.1075,0.0002,9,0,0,0,8,14,122622.95,171672.13,11.195,0.0,6,9466349.0,0.72,0.019,12,15,0.812,0.048,0.012,0,1,9,FAN_IN_MULE,1,1,SMURFING_RING_W-MULE-0008
e1000000-0000-0000-0000-000000002374,24861.61,10.1211,0.0002,9,0,0,0,8,14,124308.05,174031.27,7.745,0.0,6,9650833.0,0.855,0.0055,13,15,0.875,0.048,0.012,0,1,9,FAN_IN_MULE,1,1,SMURFING_RING_W-MULE-0008
e1000000-0000-0000-0000-000000002375,24417.58,10.1031,0.0002,9,0,0,0,8,14,122087.9,170923.06,5.285,0.0,6,6021900.0,0.987,0.0233,13,25,0.538,0.048,0.012,0,1,9,FAN_IN_MULE,1,1,SMURFING_RING_W-MULE-0008
e1000000-0000-0000-0000-000000002376,24866.91,10.1213,0.0002,9,0,0,0,8,14,124334.55,174068.37,3.035,0.0,6,9311640.0,0.83,0.0053,17,18,0.947,0.048,0.012,0,1,9,FAN_IN_MULE,1,1,SMURFING_RING_W-MULE-0008
e1000000-0000-0000-0000-000000002377,24528.21,10.1076,0.0002,9,0,0,0,8,14,122641.05,171697.47,7.816,0.0,6,6162660.0,1.0,0.0189,13,42,0.326,0.048,0.012,0,1,9,FAN_IN_MULE,1,1,SMURFING_RING_W-MULE-0008
e1000000-0000-0000-0000-000000002378,24851.93,10.1207,0.0002,9,0,0,0,8,14,124259.65,173963.51,6.326,0.0,6,9405720.0,1.0,0.0059,5,14,0.4,0.048,0.012,0,1,9,FAN_IN_MULE,1,1,SMURFING_RING_W-MULE-0008
e1000000-0000-0000-0000-000000002379,24794.84,10.1184,0.0002,10,0,0,0,8,14,123974.2,173563.88,4.316,0.0,6,4338180.0,1.0,0.0082,16,20,0.81,0.048,0.012,0,1,9,FAN_IN_MULE,1,1,SMURFING_RING_W-MULE-0008
e1000000-0000-0000-0000-000000002380,24715.12,10.1152,0.0002,10,0,0,0,8,14,123575.6,173005.84,4.58,0.0,6,4856820.0,1.0,0.0114,12,17,0.722,0.048,0.012,0,1,9,FAN_IN_MULE,1,1,SMURFING_RING_W-MULE-0008
e1000000-0000-0000-0000-000000002381,24497.31,10.1064,0.0002,10,0,0,0,8,14,122486.55,171481.17,4.993,0.0,6,2956140.0,1.0,0.0201,17,17,1.0,0.048,0.012,0,1,9,FAN_IN_MULE,1,1,SMURFING_RING_W-MULE-0008
e1000000-0000-0000-0000-000000002382,24527.27,10.1076,0.0002,10,0,0,0,8,14,122636.35,171690.89,8.206,0.0,6,6682020.0,0.869,0.0189,14,23,0.625,0.048,0.012,0,1,9,FAN_IN_MULE,1,1,SMURFING_RING_W-MULE-0008
e1000000-0000-0000-0000-000000002383,24723.74,10.1156,0.0002,10,0,0,0,8,14,123618.7,173066.18,5.739,0.0,6,6416280.0,0.773,0.0111,17,19,0.9,0.048,0.012,0,1,9,FAN_IN_MULE,1,1,SMURFING_RING_W-MULE-0008
e1000000-0000-0000-0000-000000002384,24840.5,10.1203,0.0002,10,0,0,0,8,14,124202.5,173883.5,4.037,0.0,6,5905140.0,1.0,0.0064,7,21,0.364,0.048,0.012,0,1,9,FAN_IN_MULE,1,1,SMURFING_RING_W-MULE-0008
e1000000-0000-0000-0000-000000002385,24680.58,10.1138,0.0002,10,0,0,0,8,14,123402.9,172764.06,5.878,0.0,6,6056700.0,1.0,0.0128,12,24,0.52,0.048,0.012,0,1,9,FAN_IN_MULE,1,1,SMURFING_RING_W-MULE-0008
e1000000-0000-0000-0000-000000002386,24624.88,10.1116,0.0002,10,0,0,0,8,14,123124.4,172374.16,4.789,0.0,6,9207780.0,0.94,0.015,13,26,0.519,0.048,0.012,0,1,9,FAN_IN_MULE,1,1,SMURFING_RING_W-MULE-0008
e1000000-0000-0000-0000-000000002387,24163.74,10.0926,0.0002,10,0,0,0,8,14,120818.7,169146.18,4.762,0.0,6,9412980.0,1.0,0.0335,9,14,0.667,0.048,0.012,0,1,9,FAN_IN_MULE,1,1,SMURFING_RING_W-MULE-0008
e1000000-0000-0000-0000-000000002388,24857.26,10.1209,0.0002,10,0,0,0,8,14,124286.3,174000.82,7.778,0.0,6,5971140.0,0.938,0.0057,14,19,0.75,0.048,0.012,0,1,9,FAN_IN_MULE,1,1,SMURFING_RING_W-MULE-0008
e1000000-0000-0000-0000-000000002389,24203.9,10.0943,0.0002,10,0,0,0,8,14,121019.5,169427.3,3.239,0.0,6,366060.0,0.871,0.0318,7,13,0.571,0.048,0.012,0,1,9,FAN_IN_MULE,1,1,SMURFING_RING_W-MULE-0008
e1000000-0000-0000-0000-000000002390,24235.22,10.0956,0.0002,10,0,0,0,8,14,121176.1,169646.54,5.356,0.0,6,9287220.0,1.0,0.0306,8,15,0.562,0.048,0.012,0,1,9,FAN_IN_MULE,1,1,SMURFING_RING_W-MULE-0008
e1000000-0000-0000-0000-000000002391,24432.46,10.1037,0.0002,10,0,0,0,8,14,122162.3,171027.22,11.183,0.0,6,9478324.0,1.0,0.0227,8,18,0.474,0.048,0.012,0,1,9,FAN_IN_MULE,1,1,SMURFING_RING_W-MULE-0008
e1000000-0000-0000-0000-000000002392,24263.27,10.0968,0.0002,10,0,0,0,8,14,121316.35,169842.89,4.841,0.0,6,9320400.0,1.0,0.0295,11,16,0.706,0.048,0.012,0,1,9,FAN_IN_MULE,1,1,SMURFING_RING_W-MULE-0008
e1000000-0000-0000-0000-000000002393,24178.08,10.0932,0.0002,10,0,0,0,8,14,120890.4,169246.56,5.925,0.0,6,7975620.0,0.724,0.0329,12,13,0.929,0.048,0.012,0,1,9,FAN_IN_MULE,1,1,SMURFING_RING_W-MULE-0008
e1000000-0000-0000-0000-000000002394,4999.0,8.5172,0.001,11,0,0,0,1,3,4999.0,10497.9,0.71,0.02,0,5520.0,0.884,0.8,14,16,0.882,0.008,0.045,0,1,11,REPEATED_TRANSFERS,1,1,REPEATED_IDENTICAL_TRANSFERS
e1000000-0000-0000-0000-000000002395,24347.59,10.1002,0.0002,11,0,0,0,8,14,121737.95,170433.13,4.181,0.0,6,1922520.0,1.0,0.0261,14,21,0.682,0.048,0.012,0,1,9,FAN_IN_MULE,1,1,SMURFING_RING_W-MULE-0008
e1000000-0000-0000-0000-000000002396,4999.0,8.5172,0.001,11,0,0,0,1,3,4999.0,10497.9,0.723,0.02,0,120.0,0.884,0.8,14,16,0.882,0.008,0.045,0,1,11,REPEATED_TRANSFERS,1,1,REPEATED_IDENTICAL_TRANSFERS
e1000000-0000-0000-0000-000000002397,4999.0,8.5172,0.001,11,0,0,0,1,3,4999.0,10497.9,0.735,0.02,0,180.0,0.884,0.8,14,16,0.882,0.008,0.045,0,1,11,REPEATED_TRANSFERS,1,1,REPEATED_IDENTICAL_TRANSFERS
e1000000-0000-0000-0000-000000002398,24611.22,10.111,0.0002,11,0,0,0,8,14,123056.1,172278.54,2.915,0.0,6,6156480.0,1.0,0.0156,9,17,0.556,0.048,0.012,0,1,9,FAN_IN_MULE,1,1,SMURFING_RING_W-MULE-0008
e1000000-0000-0000-0000-000000002399,4999.0,8.5172,0.001,11,0,0,0,1,3,4999.0,10497.9,0.746,0.02,0,120.0,0.884,0.8,14,16,0.882,0.008,0.045,0,1,11,REPEATED_TRANSFERS,1,1,REPEATED_IDENTICAL_TRANSFERS
e1000000-0000-0000-0000-000000002400,4999.0,8.5172,0.001,11,0,0,0,1,3,4999.0,10497.9,0.756,0.02,0,120.0,0.884,0.8,14,16,0.882,0.008,0.045,0,1,11,REPEATED_TRANSFERS,1,1,REPEATED_IDENTICAL_TRANSFERS
e1000000-0000-0000-0000-000000002401,24798.58,10.1186,0.0002,11,0,0,0,8,14,123992.9,173590.06,10.805,0.0,6,9244800.0,0.743,0.0081,14,14,1.0,0.048,0.012,0,1,9,FAN_IN_MULE,1,1,SMURFING_RING_W-MULE-0008
e1000000-0000-0000-0000-000000002402,24862.87,10.1212,0.0002,11,0,0,0,8,14,124314.35,174040.09,6.977,0.0,6,6221580.0,1.0,0.0055,15,22,0.696,0.048,0.012,0,1,9,FAN_IN_MULE,1,1,SMURFING_RING_W-MULE-0008
e1000000-0000-0000-0000-000000002403,4999.0,8.5172,0.001,11,0,0,0,1,3,4999.0,10497.9,0.766,0.02,0,180.0,0.884,0.8,14,16,0.882,0.008,0.045,0,1,11,REPEATED_TRANSFERS,1,1,REPEATED_IDENTICAL_TRANSFERS
e1000000-0000-0000-0000-000000002404,4999.0,8.5172,0.001,11,0,0,0,1,3,4999.0,10497.9,0.774,0.02,0,60.0,0.884,0.8,14,16,0.882,0.008,0.045,0,1,11,REPEATED_TRANSFERS,1,1,REPEATED_IDENTICAL_TRANSFERS
e1000000-0000-0000-0000-000000002405,4999.0,8.5172,0.001,11,0,0,0,1,3,4999.0,10497.9,0.782,0.02,0,120.0,0.884,0.8,14,16,0.882,0.008,0.045,0,1,11,REPEATED_TRANSFERS,1,1,REPEATED_IDENTICAL_TRANSFERS
e1000000-0000-0000-0000-000000002406,4999.0,8.5172,0.001,11,0,0,0,1,3,4999.0,10497.9,0.79,0.02,0,120.0,0.884,0.8,14,16,0.882,0.008,0.045,0,1,11,REPEATED_TRANSFERS,1,1,REPEATED_IDENTICAL_TRANSFERS
e1000000-0000-0000-0000-000000002407,4999.0,8.5172,0.001,11,0,0,0,1,3,4999.0,10497.9,0.797,0.02,0,60.0,0.884,0.8,14,16,0.882,0.008,0.045,0,1,11,REPEATED_TRANSFERS,1,1,REPEATED_IDENTICAL_TRANSFERS
e1000000-0000-0000-0000-000000002408,4999.0,8.5172,0.001,11,0,0,0,1,3,4999.0,10497.9,0.803,0.02,0,60.0,0.884,0.8,14,16,0.882,0.008,0.045,0,1,11,REPEATED_TRANSFERS,1,1,REPEATED_IDENTICAL_TRANSFERS
e1000000-0000-0000-0000-000000002409,4999.0,8.5172,0.001,11,0,0,0,1,3,4999.0,10497.9,0.809,0.02,0,180.0,0.884,0.8,14,16,0.882,0.008,0.045,0,1,11,REPEATED_TRANSFERS,1,1,REPEATED_IDENTICAL_TRANSFERS
e1000000-0000-0000-0000-000000002410,4999.0,8.5172,0.001,11,0,0,0,1,3,4999.0,10497.9,0.815,0.02,0,60.0,0.884,0.8,14,16,0.882,0.008,0.045,0,1,11,REPEATED_TRANSFERS,1,1,REPEATED_IDENTICAL_TRANSFERS
e1000000-0000-0000-0000-000000002411,4999.0,8.5172,0.001,11,0,0,0,1,3,4999.0,10497.9,0.821,0.02,0,60.0,0.884,0.8,14,16,0.882,0.008,0.045,0,1,11,REPEATED_TRANSFERS,1,1,REPEATED_IDENTICAL_TRANSFERS
e1000000-0000-0000-0000-000000002412,4999.0,8.5172,0.001,11,0,0,0,1,3,4999.0,10497.9,0.826,0.02,0,120.0,0.884,0.8,14,16,0.882,0.008,0.045,0,1,11,REPEATED_TRANSFERS,1,1,REPEATED_IDENTICAL_TRANSFERS
e1000000-0000-0000-0000-000000002413,4999.0,8.5172,0.001,11,0,0,0,1,3,4999.0,10497.9,0.83,0.02,0,180.0,0.884,0.8,14,16,0.882,0.008,0.045,0,1,11,REPEATED_TRANSFERS,1,1,REPEATED_IDENTICAL_TRANSFERS
e1000000-0000-0000-0000-000000002414,4999.0,8.5172,0.001,11,0,0,0,1,3,4999.0,10497.9,0.835,0.02,0,120.0,0.884,0.8,14,16,0.882,0.008,0.045,0,1,11,REPEATED_TRANSFERS,1,1,REPEATED_IDENTICAL_TRANSFERS
e1000000-0000-0000-0000-000000002415,4999.0,8.5172,0.001,11,0,0,0,1,3,4999.0,10497.9,0.839,0.02,0,180.0,0.884,0.8,14,16,0.882,0.008,0.045,0,1,11,REPEATED_TRANSFERS,1,1,REPEATED_IDENTICAL_TRANSFERS
e1000000-0000-0000-0000-000000002416,4999.0,8.5172,0.001,11,0,0,0,1,3,4999.0,10497.9,0.843,0.02,0,60.0,0.884,0.8,14,16,0.882,0.008,0.045,0,1,11,REPEATED_TRANSFERS,1,1,REPEATED_IDENTICAL_TRANSFERS
e1000000-0000-0000-0000-000000002417,4999.0,8.5172,0.001,11,0,0,0,1,3,4999.0,10497.9,0.847,0.02,0,180.0,0.884,0.8,14,16,0.882,0.008,0.045,0,1,11,REPEATED_TRANSFERS,1,1,REPEATED_IDENTICAL_TRANSFERS
e1000000-0000-0000-0000-000000002418,4999.0,8.5172,0.001,11,0,0,0,1,3,4999.0,10497.9,0.851,0.02,0,60.0,0.884,0.8,14,16,0.882,0.008,0.045,0,1,11,REPEATED_TRANSFERS,1,1,REPEATED_IDENTICAL_TRANSFERS
e1000000-0000-0000-0000-000000002419,4999.0,8.5172,0.001,11,0,0,0,1,3,4999.0,10497.9,0.855,0.02,0,180.0,0.884,0.8,14,16,0.882,0.008,0.045,0,1,11,REPEATED_TRANSFERS,1,1,REPEATED_IDENTICAL_TRANSFERS
e1000000-0000-0000-0000-000000002420,4999.0,8.5172,0.001,11,0,0,0,1,3,4999.0,10497.9,0.858,0.02,0,120.0,0.884,0.8,14,16,0.882,0.008,0.045,0,1,11,REPEATED_TRANSFERS,1,1,REPEATED_IDENTICAL_TRANSFERS
e1000000-0000-0000-0000-000000002421,4999.0,8.5172,0.001,11,0,0,0,1,3,4999.0,10497.9,0.861,0.02,0,60.0,0.884,0.8,14,16,0.882,0.008,0.045,0,1,11,REPEATED_TRANSFERS,1,1,REPEATED_IDENTICAL_TRANSFERS
e1000000-0000-0000-0000-000000002422,4999.0,8.5172,0.001,11,0,0,0,1,3,4999.0,10497.9,0.864,0.02,0,60.0,0.884,0.8,14,16,0.882,0.008,0.045,0,1,11,REPEATED_TRANSFERS,1,1,REPEATED_IDENTICAL_TRANSFERS
e1000000-0000-0000-0000-000000002423,4999.0,8.5172,0.001,11,0,0,0,1,3,4999.0,10497.9,0.867,0.02,0,120.0,0.884,0.8,14,16,0.882,0.008,0.045,0,1,11,REPEATED_TRANSFERS,1,1,REPEATED_IDENTICAL_TRANSFERS
e1000000-0000-0000-0000-000000002424,4999.0,8.5172,0.001,11,0,0,0,1,3,4999.0,10497.9,0.87,0.02,0,60.0,0.884,0.8,14,16,0.882,0.008,0.045,0,1,11,REPEATED_TRANSFERS,1,1,REPEATED_IDENTICAL_TRANSFERS
e1000000-0000-0000-0000-000000002425,4999.0,8.5172,0.001,11,0,0,0,1,3,4999.0,10497.9,0.873,0.02,0,120.0,0.884,0.8,14,16,0.882,0.008,0.045,0,1,11,REPEATED_TRANSFERS,1,1,REPEATED_IDENTICAL_TRANSFERS
e1000000-0000-0000-0000-000000002426,4999.0,8.5172,0.001,11,0,0,0,1,3,4999.0,10497.9,0.875,0.02,0,120.0,0.884,0.8,14,16,0.882,0.008,0.045,0,1,11,REPEATED_TRANSFERS,1,1,REPEATED_IDENTICAL_TRANSFERS
e1000000-0000-0000-0000-000000002427,4999.0,8.5172,0.001,11,0,0,0,1,3,4999.0,10497.9,0.878,0.02,0,60.0,0.884,0.8,14,16,0.882,0.008,0.045,0,1,11,REPEATED_TRANSFERS,1,1,REPEATED_IDENTICAL_TRANSFERS
e1000000-0000-0000-0000-000000002428,4999.0,8.5172,0.001,11,0,0,0,1,3,4999.0,10497.9,0.88,0.02,0,120.0,0.884,0.8,14,16,0.882,0.008,0.045,0,1,11,REPEATED_TRANSFERS,1,1,REPEATED_IDENTICAL_TRANSFERS
e1000000-0000-0000-0000-000000002429,4999.0,8.5172,0.001,11,0,0,0,1,3,4999.0,10497.9,0.883,0.02,0,120.0,0.884,0.8,14,16,0.882,0.008,0.045,0,1,11,REPEATED_TRANSFERS,1,1,REPEATED_IDENTICAL_TRANSFERS
e1000000-0000-0000-0000-000000002430,4999.0,8.5172,0.001,12,0,0,0,1,3,4999.0,10497.9,0.885,0.02,0,60.0,0.884,0.8,14,16,0.882,0.008,0.045,0,1,11,REPEATED_TRANSFERS,1,1,REPEATED_IDENTICAL_TRANSFERS
e1000000-0000-0000-0000-000000002431,4999.0,8.5172,0.001,12,0,0,0,1,3,4999.0,10497.9,0.887,0.02,0,180.0,0.884,0.8,14,16,0.882,0.008,0.045,0,1,11,REPEATED_TRANSFERS,1,1,REPEATED_IDENTICAL_TRANSFERS
e1000000-0000-0000-0000-000000002432,19500.0,9.8782,0.0003,5,1,0,0,1,3,19500.0,40950.0,3.44,0.02,0,71880.0,0.921,0.22,13,13,1.0,0.025,0.65,1,1,10,SUSPICIOUS_CHAIN,1,1,TRIANGULAR_CIRCULAR_LOOP
e1000000-0000-0000-0000-000000002433,19400.0,9.8731,0.0003,5,1,0,0,1,3,19400.0,40740.0,1.822,0.02,0,72120.0,1.0,0.224,15,15,1.0,0.025,0.65,1,1,10,SUSPICIOUS_CHAIN,1,1,TRIANGULAR_CIRCULAR_LOOP
e1000000-0000-0000-0000-000000002434,19300.0,9.8679,0.0003,5,1,0,0,1,3,19300.0,40530.0,3.754,0.02,0,72780.0,0.725,0.228,14,17,0.833,0.025,0.65,1,1,10,SUSPICIOUS_CHAIN,1,1,TRIANGULAR_CIRCULAR_LOOP
e1000000-0000-0000-0000-000000002435,19500.0,9.8782,0.0003,5,1,0,0,1,3,19500.0,40950.0,2.93,0.02,0,2040.0,0.921,0.22,13,13,1.0,0.025,0.65,1,1,10,SUSPICIOUS_CHAIN,1,1,TRIANGULAR_CIRCULAR_LOOP
e1000000-0000-0000-0000-000000002436,19400.0,9.8731,0.0003,6,0,0,0,1,3,19400.0,40740.0,1.733,0.02,0,2340.0,1.0,0.224,15,15,1.0,0.025,0.65,1,1,10,SUSPICIOUS_CHAIN,1,1,TRIANGULAR_CIRCULAR_LOOP
e1000000-0000-0000-0000-000000002437,19300.0,9.8679,0.0003,6,0,0,0,1,3,19300.0,40530.0,3.231,0.02,0,1980.0,0.725,0.228,14,17,0.833,0.025,0.65,1,1,10,SUSPICIOUS_CHAIN,1,1,TRIANGULAR_CIRCULAR_LOOP
e1000000-0000-0000-0000-000000002438,19500.0,9.8782,0.0003,6,0,0,0,1,3,19500.0,40950.0,2.596,0.02,0,2160.0,0.921,0.22,13,13,1.0,0.025,0.65,1,1,10,SUSPICIOUS_CHAIN,1,1,TRIANGULAR_CIRCULAR_LOOP
e1000000-0000-0000-0000-000000002439,19400.0,9.8731,0.0003,6,0,0,0,1,3,19400.0,40740.0,1.661,0.02,0,1800.0,1.0,0.224,15,15,1.0,0.025,0.65,1,1,10,SUSPICIOUS_CHAIN,1,1,TRIANGULAR_CIRCULAR_LOOP
e1000000-0000-0000-0000-000000002440,19300.0,9.8679,0.0003,6,0,0,0,1,3,19300.0,40530.0,2.875,0.02,0,1800.0,0.725,0.228,14,17,0.833,0.025,0.65,1,1,10,SUSPICIOUS_CHAIN,1,1,TRIANGULAR_CIRCULAR_LOOP
e1000000-0000-0000-0000-000000002441,19500.0,9.8782,0.0003,6,0,0,0,1,3,19500.0,40950.0,2.36,0.02,0,1680.0,0.921,0.22,13,13,1.0,0.025,0.65,1,1,10,SUSPICIOUS_CHAIN,1,1,TRIANGULAR_CIRCULAR_LOOP
e1000000-0000-0000-0000-000000002442,19400.0,9.8731,0.0003,7,0,0,0,1,3,19400.0,40740.0,1.602,0.02,0,1800.0,1.0,0.224,15,15,1.0,0.025,0.65,1,1,10,SUSPICIOUS_CHAIN,1,1,TRIANGULAR_CIRCULAR_LOOP
e1000000-0000-0000-0000-000000002443,19300.0,9.8679,0.0003,7,0,0,0,1,3,19300.0,40530.0,2.616,0.02,0,1980.0,0.725,0.228,14,17,0.833,0.025,0.65,1,1,10,SUSPICIOUS_CHAIN,1,1,TRIANGULAR_CIRCULAR_LOOP
e1000000-0000-0000-0000-000000002444,19500.0,9.8782,0.0003,7,0,0,0,1,3,19500.0,40950.0,2.185,0.02,0,1860.0,0.921,0.22,13,13,1.0,0.025,0.65,1,1,10,SUSPICIOUS_CHAIN,1,1,TRIANGULAR_CIRCULAR_LOOP
e1000000-0000-0000-0000-000000002445,19400.0,9.8731,0.0003,7,0,0,0,1,3,19400.0,40740.0,1.553,0.02,0,1740.0,1.0,0.224,15,15,1.0,0.025,0.65,1,1,10,SUSPICIOUS_CHAIN,1,1,TRIANGULAR_CIRCULAR_LOOP
e1000000-0000-0000-0000-000000002446,19300.0,9.8679,0.0003,7,0,0,0,1,3,19300.0,40530.0,2.421,0.02,0,1560.0,0.725,0.228,14,17,0.833,0.025,0.65,1,1,10,SUSPICIOUS_CHAIN,1,1,TRIANGULAR_CIRCULAR_LOOP
e1000000-0000-0000-0000-000000002447,19500.0,9.8782,0.0003,7,0,0,0,1,3,19500.0,40950.0,2.05,0.02,0,1680.0,0.921,0.22,13,13,1.0,0.025,0.65,1,1,10,SUSPICIOUS_CHAIN,1,1,TRIANGULAR_CIRCULAR_LOOP
e1000000-0000-0000-0000-000000002448,19400.0,9.8731,0.0003,7,0,0,0,1,3,19400.0,40740.0,1.511,0.02,0,1740.0,1.0,0.224,15,15,1.0,0.025,0.65,1,1,10,SUSPICIOUS_CHAIN,1,1,TRIANGULAR_CIRCULAR_LOOP
e1000000-0000-0000-0000-000000002449,19300.0,9.8679,0.0003,8,0,0,0,1,3,19300.0,40530.0,2.267,0.02,0,1860.0,0.725,0.228,14,17,0.833,0.025,0.65,1,1,10,SUSPICIOUS_CHAIN,1,1,TRIANGULAR_CIRCULAR_LOOP
e1000000-0000-0000-0000-000000002450,19500.0,9.8782,0.0003,8,0,0,0,1,3,19500.0,40950.0,1.943,0.02,0,2040.0,0.921,0.22,13,13,1.0,0.025,0.65,1,1,10,SUSPICIOUS_CHAIN,1,1,TRIANGULAR_CIRCULAR_LOOP
e1000000-0000-0000-0000-000000002451,19400.0,9.8731,0.0003,8,0,0,0,1,3,19400.0,40740.0,1.475,0.02,0,2220.0,1.0,0.224,15,15,1.0,0.025,0.65,1,1,10,SUSPICIOUS_CHAIN,1,1,TRIANGULAR_CIRCULAR_LOOP
e1000000-0000-0000-0000-000000002452,19300.0,9.8679,0.0003,8,0,0,0,1,3,19300.0,40530.0,2.144,0.02,0,2400.0,0.725,0.228,14,17,0.833,0.025,0.65,1,1,10,SUSPICIOUS_CHAIN,1,1,TRIANGULAR_CIRCULAR_LOOP
e1000000-0000-0000-0000-000000002453,19500.0,9.8782,0.0003,9,0,0,0,1,3,19500.0,40950.0,1.855,0.02,0,2460.0,0.921,0.22,13,13,1.0,0.025,0.65,1,1,10,SUSPICIOUS_CHAIN,1,1,TRIANGULAR_CIRCULAR_LOOP
e1000000-0000-0000-0000-000000002454,19400.0,9.8731,0.0003,9,0,0,0,1,3,19400.0,40740.0,1.444,0.02,0,2520.0,1.0,0.224,15,15,1.0,0.025,0.65,1,1,10,SUSPICIOUS_CHAIN,1,1,TRIANGULAR_CIRCULAR_LOOP
e1000000-0000-0000-0000-000000002455,19300.0,9.8679,0.0003,9,0,0,0,1,3,19300.0,40530.0,2.042,0.02,0,2280.0,0.725,0.228,14,17,0.833,0.025,0.65,1,1,10,SUSPICIOUS_CHAIN,1,1,TRIANGULAR_CIRCULAR_LOOP
e1000000-0000-0000-0000-000000002456,19500.0,9.8782,0.0003,9,0,0,0,1,3,19500.0,40950.0,1.783,0.02,0,2340.0,0.921,0.22,13,13,1.0,0.025,0.65,1,1,10,SUSPICIOUS_CHAIN,1,1,TRIANGULAR_CIRCULAR_LOOP
e1000000-0000-0000-0000-000000002457,19400.0,9.8731,0.0003,9,0,0,0,1,3,19400.0,40740.0,1.417,0.02,0,2040.0,1.0,0.224,15,15,1.0,0.025,0.65,1,1,10,SUSPICIOUS_CHAIN,1,1,TRIANGULAR_CIRCULAR_LOOP
e1000000-0000-0000-0000-000000002458,19300.0,9.8679,0.0003,10,0,0,0,1,3,19300.0,40530.0,1.957,0.02,0,2100.0,0.725,0.228,14,17,0.833,0.025,0.65,1,1,10,SUSPICIOUS_CHAIN,1,1,TRIANGULAR_CIRCULAR_LOOP
e1000000-0000-0000-0000-000000002459,19500.0,9.8782,0.0003,10,0,0,0,1,3,19500.0,40950.0,1.722,0.02,0,2100.0,0.921,0.22,13,13,1.0,0.025,0.65,1,1,10,SUSPICIOUS_CHAIN,1,1,TRIANGULAR_CIRCULAR_LOOP
e1000000-0000-0000-0000-000000002460,19400.0,9.8731,0.0003,10,0,0,0,1,3,19400.0,40740.0,1.393,0.02,0,2460.0,1.0,0.224,15,15,1.0,0.025,0.65,1,1,10,SUSPICIOUS_CHAIN,1,1,TRIANGULAR_CIRCULAR_LOOP
e1000000-0000-0000-0000-000000002461,19300.0,9.8679,0.0003,10,0,0,0,1,3,19300.0,40530.0,1.885,0.02,0,2580.0,0.725,0.228,14,17,0.833,0.025,0.65,1,1,10,SUSPICIOUS_CHAIN,1,1,TRIANGULAR_CIRCULAR_LOOP
e1000000-0000-0000-0000-000000002462,19500.0,9.8782,0.0003,10,0,0,0,1,3,19500.0,40950.0,1.669,0.02,0,2460.0,0.921,0.22,13,13,1.0,0.025,0.65,1,1,10,SUSPICIOUS_CHAIN,1,1,TRIANGULAR_CIRCULAR_LOOP
e1000000-0000-0000-0000-000000002463,19400.0,9.8731,0.0003,11,0,0,0,1,3,19400.0,40740.0,1.371,0.02,0,2040.0,1.0,0.224,15,15,1.0,0.025,0.65,1,1,10,SUSPICIOUS_CHAIN,1,1,TRIANGULAR_CIRCULAR_LOOP
e1000000-0000-0000-0000-000000002464,19300.0,9.8679,0.0003,11,0,0,0,1,3,19300.0,40530.0,1.823,0.02,0,2160.0,0.725,0.228,14,17,0.833,0.025,0.65,1,1,10,SUSPICIOUS_CHAIN,1,1,TRIANGULAR_CIRCULAR_LOOP
e1000000-0000-0000-0000-000000002465,35000.0,10.4631,0.0001,5,1,1,0,1,3,35000.0,73500.0,4.816,0.02,0,156540.0,1.0,0.3,15,21,0.727,0.048,0.012,0,1,12,SCAM_SYNDICATE,1,1,SCAM_SYNDICATE_STAGE_1_VICTIM_TRANSFER
e1000000-0000-0000-0000-000000002466,34500.0,10.4487,0.0001,5,1,1,0,1,3,34500.0,72450.0,1.0,0.02,0,86400.0,1.0,0.31,5,1,3.0,0.048,0.012,0,1,12,SCAM_SYNDICATE,1,1,SCAM_SYNDICATE_STAGE_2_MULE_LAYERING
e1000000-0000-0000-0000-000000002467,34000.0,10.4341,0.0149,5,1,1,2,4,6,51000.0,61200.0,1.0,0.96,1,86400.0,1.0,0.32,35,1,18.0,0.048,0.012,0,1,12,SCAM_SYNDICATE,1,1,SCAM_SYNDICATE_STAGE_3_AGENT_CASHOUT
e1000000-0000-0000-0000-000000002468,35000.0,10.4631,0.0001,5,1,1,0,1,3,35000.0,73500.0,4.131,0.02,0,1380.0,1.0,0.3,15,21,0.727,0.048,0.012,0,1,12,SCAM_SYNDICATE,1,1,SCAM_SYNDICATE_STAGE_1_VICTIM_TRANSFER
e1000000-0000-0000-0000-000000002469,34500.0,10.4487,0.0001,5,1,1,0,1,3,34500.0,72450.0,1.0,0.02,0,1380.0,1.0,0.31,5,1,3.0,0.048,0.012,0,1,12,SCAM_SYNDICATE,1,1,SCAM_SYNDICATE_STAGE_2_MULE_LAYERING
e1000000-0000-0000-0000-000000002470,34000.0,10.4341,0.0149,5,1,1,2,4,6,51000.0,61200.0,1.0,0.96,1,1260.0,1.0,0.32,35,1,18.0,0.048,0.012,0,1,12,SCAM_SYNDICATE,1,1,SCAM_SYNDICATE_STAGE_3_AGENT_CASHOUT
e1000000-0000-0000-0000-000000002471,35000.0,10.4631,0.0001,5,1,1,0,1,3,35000.0,73500.0,3.654,0.02,0,1320.0,1.0,0.3,15,21,0.727,0.048,0.012,0,1,12,SCAM_SYNDICATE,1,1,SCAM_SYNDICATE_STAGE_1_VICTIM_TRANSFER
e1000000-0000-0000-0000-000000002472,34500.0,10.4487,0.0001,5,1,1,0,1,3,34500.0,72450.0,1.0,0.02,0,1200.0,1.0,0.31,5,1,3.0,0.048,0.012,0,1,12,SCAM_SYNDICATE,1,1,SCAM_SYNDICATE_STAGE_2_MULE_LAYERING
e1000000-0000-0000-0000-000000002473,34000.0,10.4341,0.0149,6,0,1,2,4,6,51000.0,61200.0,1.0,0.96,1,1140.0,1.0,0.32,35,1,18.0,0.048,0.012,0,1,12,SCAM_SYNDICATE,1,1,SCAM_SYNDICATE_STAGE_3_AGENT_CASHOUT
e1000000-0000-0000-0000-000000002474,35000.0,10.4631,0.0001,6,0,1,0,1,3,35000.0,73500.0,3.303,0.02,0,1140.0,1.0,0.3,15,21,0.727,0.048,0.012,0,1,12,SCAM_SYNDICATE,1,1,SCAM_SYNDICATE_STAGE_1_VICTIM_TRANSFER
e1000000-0000-0000-0000-000000002475,34500.0,10.4487,0.0001,6,0,1,0,1,3,34500.0,72450.0,1.0,0.02,0,1260.0,1.0,0.31,5,1,3.0,0.048,0.012,0,1,12,SCAM_SYNDICATE,1,1,SCAM_SYNDICATE_STAGE_2_MULE_LAYERING
e1000000-0000-0000-0000-000000002476,34000.0,10.4341,0.0149,6,0,1,2,4,6,51000.0,61200.0,1.0,0.96,1,1500.0,1.0,0.32,35,1,18.0,0.048,0.012,0,1,12,SCAM_SYNDICATE,1,1,SCAM_SYNDICATE_STAGE_3_AGENT_CASHOUT
e1000000-0000-0000-0000-000000002477,35000.0,10.4631,0.0001,6,0,1,0,1,3,35000.0,73500.0,3.034,0.02,0,1500.0,1.0,0.3,15,21,0.727,0.048,0.012,0,1,12,SCAM_SYNDICATE,1,1,SCAM_SYNDICATE_STAGE_1_VICTIM_TRANSFER
e1000000-0000-0000-0000-000000002478,34500.0,10.4487,0.0001,6,0,1,0,1,3,34500.0,72450.0,1.0,0.02,0,1440.0,1.0,0.31,5,1,3.0,0.048,0.012,0,1,12,SCAM_SYNDICATE,1,1,SCAM_SYNDICATE_STAGE_2_MULE_LAYERING
e1000000-0000-0000-0000-000000002479,34000.0,10.4341,0.0149,6,0,1,2,4,6,51000.0,61200.0,1.0,0.96,1,1200.0,1.0,0.32,35,1,18.0,0.048,0.012,0,1,12,SCAM_SYNDICATE,1,1,SCAM_SYNDICATE_STAGE_3_AGENT_CASHOUT
e1000000-0000-0000-0000-000000002480,35000.0,10.4631,0.0001,6,0,1,0,1,3,35000.0,73500.0,2.822,0.02,0,1140.0,1.0,0.3,15,21,0.727,0.048,0.012,0,1,12,SCAM_SYNDICATE,1,1,SCAM_SYNDICATE_STAGE_1_VICTIM_TRANSFER
e1000000-0000-0000-0000-000000002481,34500.0,10.4487,0.0001,7,0,1,0,1,3,34500.0,72450.0,1.0,0.02,0,1200.0,1.0,0.31,5,1,3.0,0.048,0.012,0,1,12,SCAM_SYNDICATE,1,1,SCAM_SYNDICATE_STAGE_2_MULE_LAYERING
e1000000-0000-0000-0000-000000002482,34000.0,10.4341,0.0149,7,0,1,2,4,6,51000.0,61200.0,1.0,0.96,1,1200.0,1.0,0.32,35,1,18.0,0.048,0.012,0,1,12,SCAM_SYNDICATE,1,1,SCAM_SYNDICATE_STAGE_3_AGENT_CASHOUT
e1000000-0000-0000-0000-000000002483,35000.0,10.4631,0.0001,7,0,1,0,1,3,35000.0,73500.0,2.649,0.02,0,1440.0,1.0,0.3,15,21,0.727,0.048,0.012,0,1,12,SCAM_SYNDICATE,1,1,SCAM_SYNDICATE_STAGE_1_VICTIM_TRANSFER
e1000000-0000-0000-0000-000000002484,34500.0,10.4487,0.0001,7,0,1,0,1,3,34500.0,72450.0,1.0,0.02,0,1440.0,1.0,0.31,5,1,3.0,0.048,0.012,0,1,12,SCAM_SYNDICATE,1,1,SCAM_SYNDICATE_STAGE_2_MULE_LAYERING
e1000000-0000-0000-0000-000000002485,34000.0,10.4341,0.0149,7,0,1,2,4,6,51000.0,61200.0,1.0,0.96,1,1740.0,1.0,0.32,35,1,18.0,0.048,0.012,0,1,12,SCAM_SYNDICATE,1,1,SCAM_SYNDICATE_STAGE_3_AGENT_CASHOUT
e1000000-0000-0000-0000-000000002486,35000.0,10.4631,0.0001,7,0,1,0,1,3,35000.0,73500.0,2.507,0.02,0,1500.0,1.0,0.3,15,21,0.727,0.048,0.012,0,1,12,SCAM_SYNDICATE,1,1,SCAM_SYNDICATE_STAGE_1_VICTIM_TRANSFER
e1000000-0000-0000-0000-000000002487,34500.0,10.4487,0.0001,7,0,1,0,1,3,34500.0,72450.0,1.0,0.02,0,1620.0,1.0,0.31,5,1,3.0,0.048,0.012,0,1,12,SCAM_SYNDICATE,1,1,SCAM_SYNDICATE_STAGE_2_MULE_LAYERING
e1000000-0000-0000-0000-000000002488,34000.0,10.4341,0.0149,8,0,1,2,4,6,51000.0,61200.0,1.0,0.96,1,1560.0,1.0,0.32,35,1,18.0,0.048,0.012,0,1,12,SCAM_SYNDICATE,1,1,SCAM_SYNDICATE_STAGE_3_AGENT_CASHOUT
e1000000-0000-0000-0000-000000002489,35000.0,10.4631,0.0001,8,0,1,0,1,3,35000.0,73500.0,2.387,0.02,0,1560.0,1.0,0.3,15,21,0.727,0.048,0.012,0,1,12,SCAM_SYNDICATE,1,1,SCAM_SYNDICATE_STAGE_1_VICTIM_TRANSFER
e1000000-0000-0000-0000-000000002490,34500.0,10.4487,0.0001,8,0,1,0,1,3,34500.0,72450.0,1.0,0.02,0,1260.0,1.0,0.31,5,1,3.0,0.048,0.012,0,1,12,SCAM_SYNDICATE,1,1,SCAM_SYNDICATE_STAGE_2_MULE_LAYERING
e1000000-0000-0000-0000-000000002491,34000.0,10.4341,0.0149,8,0,1,2,4,6,51000.0,61200.0,1.0,0.96,1,960.0,1.0,0.32,35,1,18.0,0.048,0.012,0,1,12,SCAM_SYNDICATE,1,1,SCAM_SYNDICATE_STAGE_3_AGENT_CASHOUT
e1000000-0000-0000-0000-000000002492,35000.0,10.4631,0.0001,8,0,1,0,1,3,35000.0,73500.0,2.285,0.02,0,1380.0,1.0,0.3,15,21,0.727,0.048,0.012,0,1,12,SCAM_SYNDICATE,1,1,SCAM_SYNDICATE_STAGE_1_VICTIM_TRANSFER
e1000000-0000-0000-0000-000000002493,34500.0,10.4487,0.0001,8,0,1,0,1,3,34500.0,72450.0,1.0,0.02,0,1740.0,1.0,0.31,5,1,3.0,0.048,0.012,0,1,12,SCAM_SYNDICATE,1,1,SCAM_SYNDICATE_STAGE_2_MULE_LAYERING
e1000000-0000-0000-0000-000000002494,34000.0,10.4341,0.0149,8,0,1,2,4,6,51000.0,61200.0,1.0,0.96,1,2040.0,1.0,0.32,35,1,18.0,0.048,0.012,0,1,12,SCAM_SYNDICATE,1,1,SCAM_SYNDICATE_STAGE_3_AGENT_CASHOUT
e1000000-0000-0000-0000-000000002495,35000.0,10.4631,0.0001,9,0,1,0,1,3,35000.0,73500.0,2.197,0.02,0,1680.0,1.0,0.3,15,21,0.727,0.048,0.012,0,1,12,SCAM_SYNDICATE,1,1,SCAM_SYNDICATE_STAGE_1_VICTIM_TRANSFER
e1000000-0000-0000-0000-000000002496,34500.0,10.4487,0.0001,9,0,1,0,1,3,34500.0,72450.0,1.0,0.02,0,1380.0,1.0,0.31,5,1,3.0,0.048,0.012,0,1,12,SCAM_SYNDICATE,1,1,SCAM_SYNDICATE_STAGE_2_MULE_LAYERING
e1000000-0000-0000-0000-000000002497,34000.0,10.4341,0.0149,9,0,1,2,4,6,51000.0,61200.0,1.0,0.96,1,1260.0,1.0,0.32,35,1,18.0,0.048,0.012,0,1,12,SCAM_SYNDICATE,1,1,SCAM_SYNDICATE_STAGE_3_AGENT_CASHOUT
