id,source_wallet_id,target_wallet_id,connection_type,total_tx_count,total_volume,first_interaction_at,last_interaction_at,is_part_of_cycle,risk_weight
c2000000-0000-0000-0000-000000000001,c1000000-0000-0000-0000-000000000094,c1000000-0000-0000-0000-000000000138,DIRECT_TRANSFER,3,4397.08,2026-01-15T08:06:38+00:00,2026-01-29T11:45:12+00:00,False,0.05
c2000000-0000-0000-0000-000000000002,c1000000-0000-0000-0000-000000000099,c1000000-0000-0000-0000-000000000133,DIRECT_TRANSFER,2,3647.06,2026-01-15T08:13:53+00:00,2026-01-17T08:51:42+00:00,False,0.05
c2000000-0000-0000-0000-000000000003,c1000000-0000-0000-0000-000000000085,c1000000-0000-0000-0000-000000000134,DIRECT_TRANSFER,1,3013.74,2026-01-15T08:42:52+00:00,2026-01-15T08:42:52+00:00,False,0.05
c2000000-0000-0000-0000-000000000004,c1000000-0000-0000-0000-000000000018,c1000000-0000-0000-0000-000000000096,DIRECT_TRANSFER,1,640.73,2026-01-15T08:47:17+00:00,2026-01-15T08:47:17+00:00,False,0.05
c2000000-0000-0000-0000-000000000005,c1000000-0000-0000-0000-000000000031,c1000000-0000-0000-0000-000000000037,DIRECT_TRANSFER,1,3076.6,2026-01-15T08:55:21+00:00,2026-01-15T08:55:21+00:00,False,0.05
c2000000-0000-0000-0000-000000000006,c1000000-0000-0000-0000-000000000034,c1000000-0000-0000-0000-000000000017,DIRECT_TRANSFER,1,4213.02,2026-01-15T09:04:34+00:00,2026-01-15T09:04:34+00:00,False,0.05
c2000000-0000-0000-0000-000000000007,c1000000-0000-0000-0000-000000000001,c1000000-0000-0000-0000-000000000094,DIRECT_TRANSFER,1,3966.17,2026-01-15T09:18:27+00:00,2026-01-15T09:18:27+00:00,False,0.05
c2000000-0000-0000-0000-000000000008,c1000000-0000-0000-0000-000000000033,c1000000-0000-0000-0000-000000000133,DIRECT_TRANSFER,2,2411.8,2026-01-15T09:24:57+00:00,2026-01-17T08:40:24+00:00,False,0.05
c2000000-0000-0000-0000-000000000009,c1000000-0000-0000-0000-000000000012,c1000000-0000-0000-0000-000000000029,DIRECT_TRANSFER,1,1200.44,2026-01-15T09:37:27+00:00,2026-01-15T09:37:27+00:00,False,0.05
c2000000-0000-0000-0000-000000000010,c1000000-0000-0000-0000-000000000006,c1000000-0000-0000-0000-000000000106,DIRECT_TRANSFER,1,3001.67,2026-01-15T09:40:27+00:00,2026-01-15T09:40:27+00:00,False,0.05
c2000000-0000-0000-0000-000000000011,c1000000-0000-0000-0000-000000000041,c1000000-0000-0000-0000-000000000086,DIRECT_TRANSFER,1,3846.47,2026-01-15T09:42:58+00:00,2026-01-15T09:42:58+00:00,False,0.05
c2000000-0000-0000-0000-000000000012,c1000000-0000-0000-0000-000000000110,c1000000-0000-0000-0000-000000000035,DIRECT_TRANSFER,1,3535.81,2026-01-15T09:56:06+00:00,2026-01-15T09:56:06+00:00,False,0.05
c2000000-0000-0000-0000-000000000013,c1000000-0000-0000-0000-000000000035,c1000000-0000-0000-0000-000000000091,DIRECT_TRANSFER,1,4227.61,2026-01-15T10:23:22+00:00,2026-01-15T10:23:22+00:00,False,0.05
c2000000-0000-0000-0000-000000000014,c1000000-0000-0000-0000-000000000051,c1000000-0000-0000-0000-000000000077,DIRECT_TRANSFER,1,2626.89,2026-01-15T10:39:34+00:00,2026-01-15T10:39:34+00:00,False,0.05
c2000000-0000-0000-0000-000000000015,c1000000-0000-0000-0000-000000000022,c1000000-0000-0000-0000-000000000114,DIRECT_TRANSFER,1,4457.55,2026-01-15T10:42:30+00:00,2026-01-15T10:42:30+00:00,False,0.05
c2000000-0000-0000-0000-000000000016,c1000000-0000-0000-0000-000000000074,c1000000-0000-0000-0000-000000000121,DIRECT_TRANSFER,1,2322.48,2026-01-15T10:46:59+00:00,2026-01-15T10:46:59+00:00,False,0.05
c2000000-0000-0000-0000-000000000017,c1000000-0000-0000-0000-000000000055,c1000000-0000-0000-0000-000000000141,DIRECT_TRANSFER,2,2188.14,2026-01-15T10:47:28+00:00,2026-01-24T14:24:10+00:00,False,0.05
c2000000-0000-0000-0000-000000000018,c1000000-0000-0000-0000-000000000117,c1000000-0000-0000-0000-000000000055,DIRECT_TRANSFER,1,4699.92,2026-01-15T11:06:06+00:00,2026-01-15T11:06:06+00:00,False,0.05
c2000000-0000-0000-0000-000000000019,c1000000-0000-0000-0000-000000000123,c1000000-0000-0000-0000-000000000100,DIRECT_TRANSFER,1,9301.91,2026-01-15T11:09:23+00:00,2026-01-15T11:09:23+00:00,False,0.05
c2000000-0000-0000-0000-000000000020,c1000000-0000-0000-0000-000000000018,c1000000-0000-0000-0000-000000000139,DIRECT_TRANSFER,1,709.64,2026-01-15T11:12:12+00:00,2026-01-15T11:12:12+00:00,False,0.05
c2000000-0000-0000-0000-000000000021,c1000000-0000-0000-0000-000000000070,c1000000-0000-0000-0000-000000000011,DIRECT_TRANSFER,1,795.01,2026-01-15T11:17:21+00:00,2026-01-15T11:17:21+00:00,False,0.05
c2000000-0000-0000-0000-000000000022,c1000000-0000-0000-0000-000000000070,c1000000-0000-0000-0000-000000000092,DIRECT_TRANSFER,1,1500.82,2026-01-15T11:23:18+00:00,2026-01-15T11:23:18+00:00,False,0.05
c2000000-0000-0000-0000-000000000023,c1000000-0000-0000-0000-000000000048,c1000000-0000-0000-0000-000000000022,DIRECT_TRANSFER,1,2805.34,2026-01-15T11:29:44+00:00,2026-01-15T11:29:44+00:00,False,0.05
c2000000-0000-0000-0000-000000000024,c1000000-0000-0000-0000-000000000011,c1000000-0000-0000-0000-000000000055,DIRECT_TRANSFER,1,3026.7,2026-01-15T11:37:38+00:00,2026-01-15T11:37:38+00:00,False,0.05
c2000000-0000-0000-0000-000000000025,c1000000-0000-0000-0000-000000000126,c1000000-0000-0000-0000-000000000006,DIRECT_TRANSFER,1,7788.1,2026-01-15T11:41:04+00:00,2026-01-15T11:41:04+00:00,False,0.05
c2000000-0000-0000-0000-000000000026,c1000000-0000-0000-0000-000000000100,c1000000-0000-0000-0000-000000000107,DIRECT_TRANSFER,1,2217.86,2026-01-15T11:43:20+00:00,2026-01-15T11:43:20+00:00,False,0.05
c2000000-0000-0000-0000-000000000027,c1000000-0000-0000-0000-000000000065,c1000000-0000-0000-0000-000000000121,DIRECT_TRANSFER,3,25000.77,2026-01-15T11:43:40+00:00,2026-02-11T02:51:00+00:00,False,0.7
c2000000-0000-0000-0000-000000000028,c1000000-0000-0000-0000-000000000049,c1000000-0000-0000-0000-000000000013,DIRECT_TRANSFER,2,5507.48,2026-01-15T11:48:21+00:00,2026-01-18T15:56:24+00:00,False,0.05
c2000000-0000-0000-0000-000000000029,c1000000-0000-0000-0000-000000000031,c1000000-0000-0000-0000-000000000135,DIRECT_TRANSFER,2,3765.33,2026-01-15T11:53:01+00:00,2026-01-21T17:50:21+00:00,False,0.05
c2000000-0000-0000-0000-000000000030,c1000000-0000-0000-0000-000000000128,c1000000-0000-0000-0000-000000000026,DIRECT_TRANSFER,1,7416.54,2026-01-15T11:59:34+00:00,2026-01-15T11:59:34+00:00,False,0.05
c2000000-0000-0000-0000-000000000031,c1000000-0000-0000-0000-000000000070,c1000000-0000-0000-0000-000000000133,DIRECT_TRANSFER,1,2431.33,2026-01-15T12:13:03+00:00,2026-01-15T12:13:03+00:00,False,0.05
c2000000-0000-0000-0000-000000000032,c1000000-0000-0000-0000-000000000101,c1000000-0000-0000-0000-000000000141,DIRECT_TRANSFER,3,2676.24,2026-01-15T12:27:44+00:00,2026-01-19T16:14:11+00:00,False,0.05
c2000000-0000-0000-0000-000000000033,c1000000-0000-0000-0000-000000000123,c1000000-0000-0000-0000-000000000016,DIRECT_TRANSFER,1,9758.04,2026-01-15T12:51:02+00:00,2026-01-15T12:51:02+00:00,False,0.05
c2000000-0000-0000-0000-000000000034,c1000000-0000-0000-0000-000000000029,c1000000-0000-0000-0000-000000000106,DIRECT_TRANSFER,1,5450.25,2026-01-15T12:52:50+00:00,2026-01-15T12:52:50+00:00,False,0.05
c2000000-0000-0000-0000-000000000035,c1000000-0000-0000-0000-000000000096,c1000000-0000-0000-0000-000000000141,DIRECT_TRANSFER,2,1734.21,2026-01-15T12:53:05+00:00,2026-01-27T18:51:33+00:00,False,0.05
c2000000-0000-0000-0000-000000000036,c1000000-0000-0000-0000-000000000036,c1000000-0000-0000-0000-000000000138,DIRECT_TRANSFER,1,500.0,2026-01-15T12:55:04+00:00,2026-01-15T12:55:04+00:00,False,0.05
c2000000-0000-0000-0000-000000000037,c1000000-0000-0000-0000-000000000034,c1000000-0000-0000-0000-000000000111,DIRECT_TRANSFER,1,4854.42,2026-01-15T13:01:07+00:00,2026-01-15T13:01:07+00:00,False,0.05
c2000000-0000-0000-0000-000000000038,c1000000-0000-0000-0000-000000000105,c1000000-0000-0000-0000-000000000141,DIRECT_TRANSFER,2,3851.81,2026-01-15T13:48:57+00:00,2026-01-22T09:22:26+00:00,False,0.05
c2000000-0000-0000-0000-000000000039,c1000000-0000-0000-0000-000000000053,c1000000-0000-0000-0000-000000000125,DIRECT_TRANSFER,1,6121.08,2026-01-15T13:49:35+00:00,2026-01-15T13:49:35+00:00,False,0.05
c2000000-0000-0000-0000-000000000040,c1000000-0000-0000-0000-000000000107,c1000000-0000-0000-0000-000000000046,DIRECT_TRANSFER,1,2890.69,2026-01-15T13:57:59+00:00,2026-01-15T13:57:59+00:00,False,0.05
c2000000-0000-0000-0000-000000000041,c1000000-0000-0000-0000-000000000092,c1000000-0000-0000-0000-000000000041,DIRECT_TRANSFER,1,1226.35,2026-01-15T13:59:16+00:00,2026-01-15T13:59:16+00:00,False,0.05
c2000000-0000-0000-0000-000000000042,c1000000-0000-0000-0000-000000000073,c1000000-0000-0000-0000-000000000093,DIRECT_TRANSFER,1,1553.11,2026-01-15T14:17:04+00:00,2026-01-15T14:17:04+00:00,False,0.05
c2000000-0000-0000-0000-000000000043,c1000000-0000-0000-0000-000000000039,c1000000-0000-0000-0000-000000000130,DIRECT_TRANSFER,1,3424.9,2026-01-15T14:30:00+00:00,2026-01-15T14:30:00+00:00,False,0.05
c2000000-0000-0000-0000-000000000044,c1000000-0000-0000-0000-000000000089,c1000000-0000-0000-0000-000000000081,DIRECT_TRANSFER,1,1244.25,2026-01-15T14:45:12+00:00,2026-01-15T14:45:12+00:00,False,0.05
c2000000-0000-0000-0000-000000000045,c1000000-0000-0000-0000-000000000029,c1000000-0000-0000-0000-000000000112,DIRECT_TRANSFER,1,6624.4,2026-01-15T14:55:02+00:00,2026-01-15T14:55:02+00:00,False,0.05
c2000000-0000-0000-0000-000000000046,c1000000-0000-0000-0000-000000000019,c1000000-0000-0000-0000-000000000137,DIRECT_TRANSFER,2,595.87,2026-01-15T14:56:58+00:00,2026-01-18T11:26:31+00:00,False,0.05
c2000000-0000-0000-0000-000000000047,c1000000-0000-0000-0000-000000000087,c1000000-0000-0000-0000-000000000104,DIRECT_TRANSFER,1,1938.56,2026-01-15T15:01:24+00:00,2026-01-15T15:01:24+00:00,False,0.05
c2000000-0000-0000-0000-000000000048,c1000000-0000-0000-0000-000000000118,c1000000-0000-0000-0000-000000000036,DIRECT_TRANSFER,1,7768.09,2026-01-15T15:20:21+00:00,2026-01-15T15:20:21+00:00,False,0.05
c2000000-0000-0000-0000-000000000049,c1000000-0000-0000-0000-000000000089,c1000000-0000-0000-0000-000000000001,DIRECT_TRANSFER,1,4038.44,2026-01-15T15:25:15+00:00,2026-01-15T15:25:15+00:00,False,0.05
c2000000-0000-0000-0000-000000000050,c1000000-0000-0000-0000-000000000122,c1000000-0000-0000-0000-000000000061,DIRECT_TRANSFER,1,8143.62,2026-01-15T15:28:28+00:00,2026-01-15T15:28:28+00:00,False,0.05
c2000000-0000-0000-0000-000000000051,c1000000-0000-0000-0000-000000000121,c1000000-0000-0000-0000-000000000058,DIRECT_TRANSFER,1,3332.72,2026-01-15T15:57:10+00:00,2026-01-15T15:57:10+00:00,False,0.05
c2000000-0000-0000-0000-000000000052,c1000000-0000-0000-0000-000000000032,c1000000-0000-0000-0000-000000000136,DIRECT_TRANSFER,2,2610.53,2026-01-15T15:57:33+00:00,2026-01-19T08:43:00+00:00,False,0.05
c2000000-0000-0000-0000-000000000053,c1000000-0000-0000-0000-000000000071,c1000000-0000-0000-0000-000000000019,DIRECT_TRANSFER,1,2048.08,2026-01-15T16:02:53+00:00,2026-01-15T16:02:53+00:00,False,0.05
c2000000-0000-0000-0000-000000000054,c1000000-0000-0000-0000-000000000070,c1000000-0000-0000-0000-000000000139,DIRECT_TRANSFER,2,2422.93,2026-01-15T16:12:45+00:00,2026-01-28T17:26:40+00:00,False,0.05
c2000000-0000-0000-0000-000000000055,c1000000-0000-0000-0000-000000000010,c1000000-0000-0000-0000-000000000092,DIRECT_TRANSFER,1,2913.74,2026-01-15T16:14:37+00:00,2026-01-15T16:14:37+00:00,False,0.05
c2000000-0000-0000-0000-000000000056,c1000000-0000-0000-0000-000000000075,c1000000-0000-0000-0000-000000000139,DIRECT_TRANSFER,1,1254.09,2026-01-15T16:16:47+00:00,2026-01-15T16:16:47+00:00,False,0.05
c2000000-0000-0000-0000-000000000057,c1000000-0000-0000-0000-000000000047,c1000000-0000-0000-0000-000000000136,DIRECT_TRANSFER,3,4767.35,2026-01-15T16:18:53+00:00,2026-01-29T20:51:16+00:00,False,0.05
c2000000-0000-0000-0000-000000000058,c1000000-0000-0000-0000-000000000052,c1000000-0000-0000-0000-000000000137,DIRECT_TRANSFER,1,1840.96,2026-01-15T16:19:42+00:00,2026-01-15T16:19:42+00:00,False,0.05
c2000000-0000-0000-0000-000000000059,c1000000-0000-0000-0000-000000000109,c1000000-0000-0000-0000-000000000020,DIRECT_TRANSFER,1,6647.01,2026-01-15T16:31:05+00:00,2026-01-15T16:31:05+00:00,False,0.05
c2000000-0000-0000-0000-000000000060,c1000000-0000-0000-0000-000000000078,c1000000-0000-0000-0000-000000000136,DIRECT_TRANSFER,1,1639.1,2026-01-15T16:47:47+00:00,2026-01-15T16:47:47+00:00,False,0.05
c2000000-0000-0000-0000-000000000061,c1000000-0000-0000-0000-000000000060,c1000000-0000-0000-0000-000000000069,DIRECT_TRANSFER,1,1281.08,2026-01-15T17:04:24+00:00,2026-01-15T17:04:24+00:00,False,0.05
c2000000-0000-0000-0000-000000000062,c1000000-0000-0000-0000-000000000132,c1000000-0000-0000-0000-000000000009,DIRECT_TRANSFER,1,9801.86,2026-01-15T17:05:05+00:00,2026-01-15T17:05:05+00:00,False,0.05
c2000000-0000-0000-0000-000000000063,c1000000-0000-0000-0000-000000000047,c1000000-0000-0000-0000-000000000105,DIRECT_TRANSFER,1,1522.31,2026-01-15T17:20:31+00:00,2026-01-15T17:20:31+00:00,False,0.05
c2000000-0000-0000-0000-000000000064,c1000000-0000-0000-0000-000000000068,c1000000-0000-0000-0000-000000000111,DIRECT_TRANSFER,1,926.6,2026-01-15T17:30:32+00:00,2026-01-15T17:30:32+00:00,False,0.05
c2000000-0000-0000-0000-000000000065,c1000000-0000-0000-0000-000000000032,c1000000-0000-0000-0000-000000000135,DIRECT_TRANSFER,1,1559.89,2026-01-15T17:40:10+00:00,2026-01-15T17:40:10+00:00,False,0.05
c2000000-0000-0000-0000-000000000066,c1000000-0000-0000-0000-000000000054,c1000000-0000-0000-0000-000000000082,DIRECT_TRANSFER,1,2675.38,2026-01-15T17:54:49+00:00,2026-01-15T17:54:49+00:00,False,0.05
c2000000-0000-0000-0000-000000000067,c1000000-0000-0000-0000-000000000082,c1000000-0000-0000-0000-000000000138,DIRECT_TRANSFER,3,2851.89,2026-01-15T18:05:18+00:00,2026-01-28T12:17:29+00:00,False,0.05
c2000000-0000-0000-0000-000000000068,c1000000-0000-0000-0000-000000000019,c1000000-0000-0000-0000-000000000106,DIRECT_TRANSFER,3,9290.89,2026-01-15T18:19:14+00:00,2026-01-27T09:41:27+00:00,False,0.05
c2000000-0000-0000-0000-000000000069,c1000000-0000-0000-0000-000000000111,c1000000-0000-0000-0000-000000000079,DIRECT_TRANSFER,1,6121.95,2026-01-15T18:24:43+00:00,2026-01-15T18:24:43+00:00,False,0.05
c2000000-0000-0000-0000-000000000070,c1000000-0000-0000-0000-000000000024,c1000000-0000-0000-0000-000000000107,DIRECT_TRANSFER,1,2451.17,2026-01-15T18:27:08+00:00,2026-01-15T18:27:08+00:00,False,0.05
c2000000-0000-0000-0000-000000000071,c1000000-0000-0000-0000-000000000097,c1000000-0000-0000-0000-000000000134,DIRECT_TRANSFER,2,1601.32,2026-01-15T18:41:19+00:00,2026-01-22T21:34:45+00:00,False,0.05
c2000000-0000-0000-0000-000000000072,c1000000-0000-0000-0000-000000000052,c1000000-0000-0000-0000-000000000095,DIRECT_TRANSFER,1,1659.0,2026-01-15T18:41:41+00:00,2026-01-15T18:41:41+00:00,False,0.05
c2000000-0000-0000-0000-000000000073,c1000000-0000-0000-0000-000000000123,c1000000-0000-0000-0000-000000000097,DIRECT_TRANSFER,1,3401.43,2026-01-15T18:46:07+00:00,2026-01-15T18:46:07+00:00,False,0.05
c2000000-0000-0000-0000-000000000074,c1000000-0000-0000-0000-000000000054,c1000000-0000-0000-0000-000000000053,DIRECT_TRANSFER,1,1622.79,2026-01-15T19:09:45+00:00,2026-01-15T19:09:45+00:00,False,0.05
c2000000-0000-0000-0000-000000000075,c1000000-0000-0000-0000-000000000081,c1000000-0000-0000-0000-000000000115,DIRECT_TRANSFER,1,6812.52,2026-01-15T20:11:32+00:00,2026-01-15T20:11:32+00:00,False,0.05
c2000000-0000-0000-0000-000000000076,c1000000-0000-0000-0000-000000000013,c1000000-0000-0000-0000-000000000118,DIRECT_TRANSFER,1,2584.8,2026-01-15T20:18:05+00:00,2026-01-15T20:18:05+00:00,False,0.05
c2000000-0000-0000-0000-000000000077,c1000000-0000-0000-0000-000000000090,c1000000-0000-0000-0000-000000000067,DIRECT_TRANSFER,2,51997.56,2026-01-15T20:27:14+00:00,2026-01-31T08:18:00+00:00,False,0.7
c2000000-0000-0000-0000-000000000078,c1000000-0000-0000-0000-000000000129,c1000000-0000-0000-0000-000000000095,DIRECT_TRANSFER,1,7035.66,2026-01-15T20:34:43+00:00,2026-01-15T20:34:43+00:00,False,0.05
c2000000-0000-0000-0000-000000000079,c1000000-0000-0000-0000-000000000031,c1000000-0000-0000-0000-000000000137,DIRECT_TRANSFER,2,3650.53,2026-01-15T20:49:33+00:00,2026-01-18T18:31:08+00:00,False,0.05
c2000000-0000-0000-0000-000000000080,c1000000-0000-0000-0000-000000000014,c1000000-0000-0000-0000-000000000133,DIRECT_TRANSFER,1,100.0,2026-01-15T20:52:10+00:00,2026-01-15T20:52:10+00:00,False,0.05
c2000000-0000-0000-0000-000000000081,c1000000-0000-0000-0000-000000000111,c1000000-0000-0000-0000-000000000090,DIRECT_TRANSFER,1,4803.53,2026-01-15T20:55:00+00:00,2026-01-15T20:55:00+00:00,False,0.05
c2000000-0000-0000-0000-000000000082,c1000000-0000-0000-0000-000000000095,c1000000-0000-0000-0000-000000000131,DIRECT_TRANSFER,2,9774.0,2026-01-15T20:59:26+00:00,2026-01-23T09:19:31+00:00,False,0.05
c2000000-0000-0000-0000-000000000083,c1000000-0000-0000-0000-000000000031,c1000000-0000-0000-0000-000000000111,DIRECT_TRANSFER,2,7023.84,2026-01-15T21:00:05+00:00,2026-01-29T10:40:02+00:00,False,0.05
c2000000-0000-0000-0000-000000000084,c1000000-0000-0000-0000-000000000056,c1000000-0000-0000-0000-000000000102,DIRECT_TRANSFER,1,2693.93,2026-01-15T21:00:19+00:00,2026-01-15T21:00:19+00:00,False,0.05
c2000000-0000-0000-0000-000000000085,c1000000-0000-0000-0000-000000000060,c1000000-0000-0000-0000-000000000087,DIRECT_TRANSFER,1,2483.87,2026-01-15T21:07:29+00:00,2026-01-15T21:07:29+00:00,False,0.05
c2000000-0000-0000-0000-000000000086,c1000000-0000-0000-0000-000000000053,c1000000-0000-0000-0000-000000000106,DIRECT_TRANSFER,1,1845.2,2026-01-15T21:10:51+00:00,2026-01-15T21:10:51+00:00,False,0.05
c2000000-0000-0000-0000-000000000087,c1000000-0000-0000-0000-000000000087,c1000000-0000-0000-0000-000000000136,DIRECT_TRANSFER,3,4588.77,2026-01-15T21:11:04+00:00,2026-01-20T14:40:50+00:00,False,0.05
c2000000-0000-0000-0000-000000000088,c1000000-0000-0000-0000-000000000049,c1000000-0000-0000-0000-000000000001,DIRECT_TRANSFER,1,4436.83,2026-01-15T21:25:57+00:00,2026-01-15T21:25:57+00:00,False,0.05
c2000000-0000-0000-0000-000000000089,c1000000-0000-0000-0000-000000000071,c1000000-0000-0000-0000-000000000134,DIRECT_TRANSFER,1,304.29,2026-01-15T21:59:04+00:00,2026-01-15T21:59:04+00:00,False,0.05
c2000000-0000-0000-0000-000000000090,c1000000-0000-0000-0000-000000000115,c1000000-0000-0000-0000-000000000044,DIRECT_TRANSFER,1,4159.21,2026-01-16T08:11:17+00:00,2026-01-16T08:11:17+00:00,False,0.05
c2000000-0000-0000-0000-000000000091,c1000000-0000-0000-0000-000000000128,c1000000-0000-0000-0000-000000000059,DIRECT_TRANSFER,1,1640.62,2026-01-16T08:14:18+00:00,2026-01-16T08:14:18+00:00,False,0.05
c2000000-0000-0000-0000-000000000092,c1000000-0000-0000-0000-000000000008,c1000000-0000-0000-0000-000000000133,DIRECT_TRANSFER,1,50.0,2026-01-16T08:14:25+00:00,2026-01-16T08:14:25+00:00,False,0.05
c2000000-0000-0000-0000-000000000093,c1000000-0000-0000-0000-000000000057,c1000000-0000-0000-0000-000000000141,DIRECT_TRANSFER,1,1744.38,2026-01-16T08:15:45+00:00,2026-01-16T08:15:45+00:00,False,0.05
c2000000-0000-0000-0000-000000000094,c1000000-0000-0000-0000-000000000017,c1000000-0000-0000-0000-000000000141,DIRECT_TRANSFER,3,5960.39,2026-01-16T08:17:54+00:00,2026-01-29T09:35:54+00:00,False,0.05
c2000000-0000-0000-0000-000000000095,c1000000-0000-0000-0000-000000000046,c1000000-0000-0000-0000-000000000049,DIRECT_TRANSFER,2,6112.9,2026-01-16T08:20:50+00:00,2026-01-26T17:24:27+00:00,False,0.05
c2000000-0000-0000-0000-000000000096,c1000000-0000-0000-0000-000000000044,c1000000-0000-0000-0000-000000000128,DIRECT_TRANSFER,1,1132.47,2026-01-16T08:28:06+00:00,2026-01-16T08:28:06+00:00,False,0.05
c2000000-0000-0000-0000-000000000097,c1000000-0000-0000-0000-000000000088,c1000000-0000-0000-0000-000000000134,DIRECT_TRANSFER,1,1645.32,2026-01-16T08:30:54+00:00,2026-01-16T08:30:54+00:00,False,0.05
c2000000-0000-0000-0000-000000000098,c1000000-0000-0000-0000-000000000093,c1000000-0000-0000-0000-000000000053,DIRECT_TRANSFER,1,2300.88,2026-01-16T08:33:12+00:00,2026-01-16T08:33:12+00:00,False,0.05
c2000000-0000-0000-0000-000000000099,c1000000-0000-0000-0000-000000000085,c1000000-0000-0000-0000-000000000122,DIRECT_TRANSFER,1,2762.23,2026-01-16T08:46:50+00:00,2026-01-16T08:46:50+00:00,False,0.05
c2000000-0000-0000-0000-000000000100,c1000000-0000-0000-0000-000000000017,c1000000-0000-0000-0000-000000000102,DIRECT_TRANSFER,2,5147.14,2026-01-16T08:50:21+00:00,2026-01-16T13:47:26+00:00,False,0.05
c2000000-0000-0000-0000-000000000101,c1000000-0000-0000-0000-000000000018,c1000000-0000-0000-0000-000000000118,DIRECT_TRANSFER,1,3902.33,2026-01-16T09:06:15+00:00,2026-01-16T09:06:15+00:00,False,0.05
c2000000-0000-0000-0000-000000000102,c1000000-0000-0000-0000-000000000115,c1000000-0000-0000-0000-000000000030,DIRECT_TRANSFER,1,7720.9,2026-01-16T09:15:40+00:00,2026-01-16T09:15:40+00:00,False,0.05
c2000000-0000-0000-0000-000000000103,c1000000-0000-0000-0000-000000000099,c1000000-0000-0000-0000-000000000052,DIRECT_TRANSFER,2,8136.64,2026-01-16T09:20:16+00:00,2026-01-27T17:46:19+00:00,False,0.05
c2000000-0000-0000-0000-000000000104,c1000000-0000-0000-0000-000000000050,c1000000-0000-0000-0000-000000000137,DIRECT_TRANSFER,2,3224.17,2026-01-16T09:21:06+00:00,2026-01-29T17:25:40+00:00,False,0.05
c2000000-0000-0000-0000-000000000105,c1000000-0000-0000-0000-000000000087,c1000000-0000-0000-0000-000000000088,DIRECT_TRANSFER,1,2750.48,2026-01-16T09:22:27+00:00,2026-01-16T09:22:27+00:00,False,0.05
c2000000-0000-0000-0000-000000000106,c1000000-0000-0000-0000-000000000119,c1000000-0000-0000-0000-000000000003,DIRECT_TRANSFER,1,5137.79,2026-01-16T09:25:55+00:00,2026-01-16T09:25:55+00:00,False,0.05
c2000000-0000-0000-0000-000000000107,c1000000-0000-0000-0000-000000000059,c1000000-0000-0000-0000-000000000135,DIRECT_TRANSFER,3,5579.68,2026-01-16T09:27:23+00:00,2026-01-26T13:41:46+00:00,False,0.05
c2000000-0000-0000-0000-000000000108,c1000000-0000-0000-0000-000000000042,c1000000-0000-0000-0000-000000000134,DIRECT_TRANSFER,1,2766.09,2026-01-16T09:30:22+00:00,2026-01-16T09:30:22+00:00,False,0.05
c2000000-0000-0000-0000-000000000109,c1000000-0000-0000-0000-000000000002,c1000000-0000-0000-0000-000000000047,DIRECT_TRANSFER,1,3596.93,2026-01-16T09:42:55+00:00,2026-01-16T09:42:55+00:00,False,0.05
c2000000-0000-0000-0000-000000000110,c1000000-0000-0000-0000-000000000083,c1000000-0000-0000-0000-000000000138,DIRECT_TRANSFER,1,334.68,2026-01-16T09:43:23+00:00,2026-01-16T09:43:23+00:00,False,0.05
c2000000-0000-0000-0000-000000000111,c1000000-0000-0000-0000-000000000096,c1000000-0000-0000-0000-000000000069,DIRECT_TRANSFER,1,4288.77,2026-01-16T09:46:12+00:00,2026-01-16T09:46:12+00:00,False,0.05
c2000000-0000-0000-0000-000000000112,c1000000-0000-0000-0000-000000000013,c1000000-0000-0000-0000-000000000097,DIRECT_TRANSFER,1,3376.82,2026-01-16T09:53:05+00:00,2026-01-16T09:53:05+00:00,False,0.05
c2000000-0000-0000-0000-000000000113,c1000000-0000-0000-0000-000000000085,c1000000-0000-0000-0000-000000000136,DIRECT_TRANSFER,1,2107.2,2026-01-16T09:54:52+00:00,2026-01-16T09:54:52+00:00,False,0.05
c2000000-0000-0000-0000-000000000114,c1000000-0000-0000-0000-000000000061,c1000000-0000-0000-0000-000000000140,DIRECT_TRANSFER,2,3358.31,2026-01-16T09:55:00+00:00,2026-01-22T18:35:43+00:00,False,0.05
c2000000-0000-0000-0000-000000000115,c1000000-0000-0000-0000-000000000019,c1000000-0000-0000-0000-000000000009,DIRECT_TRANSFER,1,742.62,2026-01-16T09:57:05+00:00,2026-01-16T09:57:05+00:00,False,0.05
c2000000-0000-0000-0000-000000000116,c1000000-0000-0000-0000-000000000076,c1000000-0000-0000-0000-000000000115,DIRECT_TRANSFER,2,11296.54,2026-01-16T10:04:28+00:00,2026-01-24T16:34:42+00:00,False,0.05
c2000000-0000-0000-0000-000000000117,c1000000-0000-0000-0000-000000000030,c1000000-0000-0000-0000-000000000141,DIRECT_TRANSFER,3,5433.84,2026-01-16T10:08:24+00:00,2026-01-23T10:16:59+00:00,False,0.05
c2000000-0000-0000-0000-000000000118,c1000000-0000-0000-0000-000000000039,c1000000-0000-0000-0000-000000000134,DIRECT_TRANSFER,3,5771.95,2026-01-16T10:09:51+00:00,2026-01-25T08:32:27+00:00,False,0.05
c2000000-0000-0000-0000-000000000119,c1000000-0000-0000-0000-000000000053,c1000000-0000-0000-0000-000000000059,DIRECT_TRANSFER,1,3164.3,2026-01-16T10:35:04+00:00,2026-01-16T10:35:04+00:00,False,0.05
c2000000-0000-0000-0000-000000000120,c1000000-0000-0000-0000-000000000040,c1000000-0000-0000-0000-000000000123,DIRECT_TRANSFER,1,3325.09,2026-01-16T10:38:45+00:00,2026-01-16T10:38:45+00:00,False,0.05
c2000000-0000-0000-0000-000000000121,c1000000-0000-0000-0000-000000000097,c1000000-0000-0000-0000-000000000140,DIRECT_TRANSFER,1,2227.46,2026-01-16T10:49:40+00:00,2026-01-16T10:49:40+00:00,False,0.05
c2000000-0000-0000-0000-000000000122,c1000000-0000-0000-0000-000000000023,c1000000-0000-0000-0000-000000000079,DIRECT_TRANSFER,1,857.34,2026-01-16T11:06:09+00:00,2026-01-16T11:06:09+00:00,False,0.05
c2000000-0000-0000-0000-000000000123,c1000000-0000-0000-0000-000000000093,c1000000-0000-0000-0000-000000000141,DIRECT_TRANSFER,1,1970.21,2026-01-16T11:13:47+00:00,2026-01-16T11:13:47+00:00,False,0.05
c2000000-0000-0000-0000-000000000124,c1000000-0000-0000-0000-000000000038,c1000000-0000-0000-0000-000000000102,DIRECT_TRANSFER,1,634.91,2026-01-16T11:14:08+00:00,2026-01-16T11:14:08+00:00,False,0.05
c2000000-0000-0000-0000-000000000125,c1000000-0000-0000-0000-000000000036,c1000000-0000-0000-0000-000000000078,DIRECT_TRANSFER,2,5731.79,2026-01-16T11:22:51+00:00,2026-01-18T20:03:36+00:00,False,0.05
c2000000-0000-0000-0000-000000000126,c1000000-0000-0000-0000-000000000021,c1000000-0000-0000-0000-000000000138,DIRECT_TRANSFER,1,1100.49,2026-01-16T11:24:26+00:00,2026-01-16T11:24:26+00:00,False,0.05
c2000000-0000-0000-0000-000000000127,c1000000-0000-0000-0000-000000000030,c1000000-0000-0000-0000-000000000116,DIRECT_TRANSFER,1,6307.76,2026-01-16T11:37:13+00:00,2026-01-16T11:37:13+00:00,False,0.05
c2000000-0000-0000-0000-000000000128,c1000000-0000-0000-0000-000000000018,c1000000-0000-0000-0000-000000000134,DIRECT_TRANSFER,3,2374.16,2026-01-16T11:58:38+00:00,2026-01-25T21:01:23+00:00,False,0.05
c2000000-0000-0000-0000-000000000129,c1000000-0000-0000-0000-000000000090,c1000000-0000-0000-0000-000000000135,DIRECT_TRANSFER,2,4569.7,2026-01-16T12:02:03+00:00,2026-01-20T09:25:32+00:00,False,0.05
c2000000-0000-0000-0000-000000000130,c1000000-0000-0000-0000-000000000012,c1000000-0000-0000-0000-000000000037,DIRECT_TRANSFER,1,3991.01,2026-01-16T12:20:54+00:00,2026-01-16T12:20:54+00:00,False,0.05
c2000000-0000-0000-0000-000000000131,c1000000-0000-0000-0000-000000000078,c1000000-0000-0000-0000-000000000140,DIRECT_TRANSFER,2,3058.68,2026-01-16T12:28:42+00:00,2026-01-27T21:45:59+00:00,False,0.05
c2000000-0000-0000-0000-000000000132,c1000000-0000-0000-0000-000000000012,c1000000-0000-0000-0000-000000000136,DIRECT_TRANSFER,2,4643.78,2026-01-16T12:35:00+00:00,2026-01-20T15:48:38+00:00,False,0.05
c2000000-0000-0000-0000-000000000133,c1000000-0000-0000-0000-000000000047,c1000000-0000-0000-0000-000000000095,DIRECT_TRANSFER,1,765.07,2026-01-16T12:50:28+00:00,2026-01-16T12:50:28+00:00,False,0.05
c2000000-0000-0000-0000-000000000134,c1000000-0000-0000-0000-000000000009,c1000000-0000-0000-0000-000000000053,DIRECT_TRANSFER,1,2314.51,2026-01-16T12:55:30+00:00,2026-01-16T12:55:30+00:00,False,0.05
c2000000-0000-0000-0000-000000000135,c1000000-0000-0000-0000-000000000017,c1000000-0000-0000-0000-000000000096,DIRECT_TRANSFER,1,2010.13,2026-01-16T13:01:11+00:00,2026-01-16T13:01:11+00:00,False,0.05
c2000000-0000-0000-0000-000000000136,c1000000-0000-0000-0000-000000000034,c1000000-0000-0000-0000-000000000070,DIRECT_TRANSFER,1,731.43,2026-01-16T13:05:50+00:00,2026-01-16T13:05:50+00:00,False,0.05
c2000000-0000-0000-0000-000000000137,c1000000-0000-0000-0000-000000000020,c1000000-0000-0000-0000-000000000140,DIRECT_TRANSFER,2,1281.04,2026-01-16T13:06:36+00:00,2026-01-25T11:13:39+00:00,False,0.05
c2000000-0000-0000-0000-000000000138,c1000000-0000-0000-0000-000000000059,c1000000-0000-0000-0000-000000000132,DIRECT_TRANSFER,1,5672.08,2026-01-16T13:10:51+00:00,2026-01-16T13:10:51+00:00,False,0.05
c2000000-0000-0000-0000-000000000139,c1000000-0000-0000-0000-000000000117,c1000000-0000-0000-0000-000000000020,DIRECT_TRANSFER,1,7181.39,2026-01-16T13:27:20+00:00,2026-01-16T13:27:20+00:00,False,0.05
c2000000-0000-0000-0000-000000000140,c1000000-0000-0000-0000-000000000038,c1000000-0000-0000-0000-000000000133,DIRECT_TRANSFER,2,2653.77,2026-01-16T13:36:18+00:00,2026-01-26T17:34:57+00:00,False,0.05
c2000000-0000-0000-0000-000000000141,c1000000-0000-0000-0000-000000000011,c1000000-0000-0000-0000-000000000044,DIRECT_TRANSFER,1,3865.07,2026-01-16T13:39:44+00:00,2026-01-16T13:39:44+00:00,False,0.05
c2000000-0000-0000-0000-000000000142,c1000000-0000-0000-0000-000000000100,c1000000-0000-0000-0000-000000000044,DIRECT_TRANSFER,1,3119.26,2026-01-16T13:58:18+00:00,2026-01-16T13:58:18+00:00,False,0.05
c2000000-0000-0000-0000-000000000143,c1000000-0000-0000-0000-000000000001,c1000000-0000-0000-0000-000000000137,DIRECT_TRANSFER,2,3516.24,2026-01-16T13:59:50+00:00,2026-01-27T11:28:23+00:00,False,0.05
c2000000-0000-0000-0000-000000000144,c1000000-0000-0000-0000-000000000126,c1000000-0000-0000-0000-000000000084,DIRECT_TRANSFER,1,8899.36,2026-01-16T14:06:50+00:00,2026-01-16T14:06:50+00:00,False,0.05
c2000000-0000-0000-0000-000000000145,c1000000-0000-0000-0000-000000000107,c1000000-0000-0000-0000-000000000041,DIRECT_TRANSFER,1,7702.35,2026-01-16T14:14:54+00:00,2026-01-16T14:14:54+00:00,False,0.05
c2000000-0000-0000-0000-000000000146,c1000000-0000-0000-0000-000000000112,c1000000-0000-0000-0000-000000000057,DIRECT_TRANSFER,1,5002.26,2026-01-16T14:17:02+00:00,2026-01-16T14:17:02+00:00,False,0.05
c2000000-0000-0000-0000-000000000147,c1000000-0000-0000-0000-000000000130,c1000000-0000-0000-0000-000000000063,DIRECT_TRANSFER,1,8851.45,2026-01-16T14:20:40+00:00,2026-01-16T14:20:40+00:00,False,0.05
c2000000-0000-0000-0000-000000000148,c1000000-0000-0000-0000-000000000044,c1000000-0000-0000-0000-000000000060,DIRECT_TRANSFER,1,1914.54,2026-01-16T14:28:56+00:00,2026-01-16T14:28:56+00:00,False,0.05
c2000000-0000-0000-0000-000000000149,c1000000-0000-0000-0000-000000000111,c1000000-0000-0000-0000-000000000023,DIRECT_TRANSFER,1,1710.72,2026-01-16T14:36:43+00:00,2026-01-16T14:36:43+00:00,False,0.05
c2000000-0000-0000-0000-000000000150,c1000000-0000-0000-0000-000000000119,c1000000-0000-0000-0000-000000000084,DIRECT_TRANSFER,1,1891.19,2026-01-16T14:37:47+00:00,2026-01-16T14:37:47+00:00,False,0.05
c2000000-0000-0000-0000-000000000151,c1000000-0000-0000-0000-000000000083,c1000000-0000-0000-0000-000000000044,DIRECT_TRANSFER,1,254.4,2026-01-16T14:42:23+00:00,2026-01-16T14:42:23+00:00,False,0.05
c2000000-0000-0000-0000-000000000152,c1000000-0000-0000-0000-000000000020,c1000000-0000-0000-0000-000000000121,DIRECT_TRANSFER,1,7736.18,2026-01-16T14:42:50+00:00,2026-01-16T14:42:50+00:00,False,0.05
c2000000-0000-0000-0000-000000000153,c1000000-0000-0000-0000-000000000075,c1000000-0000-0000-0000-000000000048,DIRECT_TRANSFER,1,2235.02,2026-01-16T14:44:15+00:00,2026-01-16T14:44:15+00:00,False,0.05
c2000000-0000-0000-0000-000000000154,c1000000-0000-0000-0000-000000000090,c1000000-0000-0000-0000-000000000059,DIRECT_TRANSFER,1,1364.94,2026-01-16T14:47:35+00:00,2026-01-16T14:47:35+00:00,False,0.05
c2000000-0000-0000-0000-000000000155,c1000000-0000-0000-0000-000000000032,c1000000-0000-0000-0000-000000000140,DIRECT_TRANSFER,1,500.0,2026-01-16T14:53:30+00:00,2026-01-16T14:53:30+00:00,False,0.05
c2000000-0000-0000-0000-000000000156,c1000000-0000-0000-0000-000000000076,c1000000-0000-0000-0000-000000000052,DIRECT_TRANSFER,1,2453.04,2026-01-16T14:54:06+00:00,2026-01-16T14:54:06+00:00,False,0.05
c2000000-0000-0000-0000-000000000157,c1000000-0000-0000-0000-000000000064,c1000000-0000-0000-0000-000000000128,DIRECT_TRANSFER,1,2688.96,2026-01-16T15:07:41+00:00,2026-01-16T15:07:41+00:00,False,0.05
c2000000-0000-0000-0000-000000000158,c1000000-0000-0000-0000-000000000103,c1000000-0000-0000-0000-000000000060,DIRECT_TRANSFER,1,4075.2,2026-01-16T15:16:42+00:00,2026-01-16T15:16:42+00:00,False,0.05
c2000000-0000-0000-0000-000000000159,c1000000-0000-0000-0000-000000000055,c1000000-0000-0000-0000-000000000137,DIRECT_TRANSFER,2,3904.38,2026-01-16T15:19:55+00:00,2026-01-21T20:52:18+00:00,False,0.05
c2000000-0000-0000-0000-000000000160,c1000000-0000-0000-0000-000000000037,c1000000-0000-0000-0000-000000000010,DIRECT_TRANSFER,1,2972.07,2026-01-16T15:28:02+00:00,2026-01-16T15:28:02+00:00,False,0.05
c2000000-0000-0000-0000-000000000161,c1000000-0000-0000-0000-000000000076,c1000000-0000-0000-0000-000000000014,DIRECT_TRANSFER,1,2143.62,2026-01-16T15:28:49+00:00,2026-01-16T15:28:49+00:00,False,0.05
c2000000-0000-0000-0000-000000000162,c1000000-0000-0000-0000-000000000036,c1000000-0000-0000-0000-000000000135,DIRECT_TRANSFER,1,3190.68,2026-01-16T15:33:41+00:00,2026-01-16T15:33:41+00:00,False,0.05
c2000000-0000-0000-0000-000000000163,c1000000-0000-0000-0000-000000000124,c1000000-0000-0000-0000-000000000008,DIRECT_TRANSFER,1,4167.48,2026-01-16T15:40:19+00:00,2026-01-16T15:40:19+00:00,False,0.05
c2000000-0000-0000-0000-000000000164,c1000000-0000-0000-0000-000000000050,c1000000-0000-0000-0000-000000000063,DIRECT_TRANSFER,1,658.61,2026-01-16T15:54:19+00:00,2026-01-16T15:54:19+00:00,False,0.05
c2000000-0000-0000-0000-000000000165,c1000000-0000-0000-0000-000000000025,c1000000-0000-0000-0000-000000000138,DIRECT_TRANSFER,1,1995.27,2026-01-16T15:58:51+00:00,2026-01-16T15:58:51+00:00,False,0.05
c2000000-0000-0000-0000-000000000166,c1000000-0000-0000-0000-000000000072,c1000000-0000-0000-0000-000000000138,DIRECT_TRANSFER,1,20.0,2026-01-16T16:03:37+00:00,2026-01-16T16:03:37+00:00,False,0.05
c2000000-0000-0000-0000-000000000167,c1000000-0000-0000-0000-000000000117,c1000000-0000-0000-0000-000000000094,DIRECT_TRANSFER,1,9624.01,2026-01-16T16:12:57+00:00,2026-01-16T16:12:57+00:00,False,0.05
c2000000-0000-0000-0000-000000000168,c1000000-0000-0000-0000-000000000024,c1000000-0000-0000-0000-000000000029,DIRECT_TRANSFER,1,1669.45,2026-01-16T16:23:01+00:00,2026-01-16T16:23:01+00:00,False,0.05
c2000000-0000-0000-0000-000000000169,c1000000-0000-0000-0000-000000000022,c1000000-0000-0000-0000-000000000034,DIRECT_TRANSFER,1,4130.41,2026-01-16T16:32:58+00:00,2026-01-16T16:32:58+00:00,False,0.05
c2000000-0000-0000-0000-000000000170,c1000000-0000-0000-0000-000000000077,c1000000-0000-0000-0000-000000000068,DIRECT_TRANSFER,1,1468.06,2026-01-16T16:45:20+00:00,2026-01-16T16:45:20+00:00,False,0.05
c2000000-0000-0000-0000-000000000171,c1000000-0000-0000-0000-000000000114,c1000000-0000-0000-0000-000000000074,DIRECT_TRANSFER,1,1362.09,2026-01-16T17:01:48+00:00,2026-01-16T17:01:48+00:00,False,0.05
c2000000-0000-0000-0000-000000000172,c1000000-0000-0000-0000-000000000021,c1000000-0000-0000-0000-000000000098,DIRECT_TRANSFER,1,2856.7,2026-01-16T17:05:56+00:00,2026-01-16T17:05:56+00:00,False,0.05
c2000000-0000-0000-0000-000000000173,c1000000-0000-0000-0000-000000000057,c1000000-0000-0000-0000-000000000013,DIRECT_TRANSFER,1,2461.59,2026-01-16T17:21:55+00:00,2026-01-16T17:21:55+00:00,False,0.05
c2000000-0000-0000-0000-000000000174,c1000000-0000-0000-0000-000000000089,c1000000-0000-0000-0000-000000000100,DIRECT_TRANSFER,1,2886.38,2026-01-16T17:24:09+00:00,2026-01-16T17:24:09+00:00,False,0.05
c2000000-0000-0000-0000-000000000175,c1000000-0000-0000-0000-000000000048,c1000000-0000-0000-0000-000000000134,DIRECT_TRANSFER,2,4662.21,2026-01-16T17:24:52+00:00,2026-01-24T15:26:48+00:00,False,0.05
c2000000-0000-0000-0000-000000000176,c1000000-0000-0000-0000-000000000082,c1000000-0000-0000-0000-000000000139,DIRECT_TRANSFER,1,1033.02,2026-01-16T17:27:36+00:00,2026-01-16T17:27:36+00:00,False,0.05
c2000000-0000-0000-0000-000000000177,c1000000-0000-0000-0000-000000000075,c1000000-0000-0000-0000-000000000071,DIRECT_TRANSFER,1,4303.2,2026-01-16T17:38:32+00:00,2026-01-16T17:38:32+00:00,False,0.05
c2000000-0000-0000-0000-000000000178,c1000000-0000-0000-0000-000000000004,c1000000-0000-0000-0000-000000000065,DIRECT_TRANSFER,1,3859.1,2026-01-16T17:39:42+00:00,2026-01-16T17:39:42+00:00,False,0.05
c2000000-0000-0000-0000-000000000179,c1000000-0000-0000-0000-000000000095,c1000000-0000-0000-0000-000000000082,DIRECT_TRANSFER,2,6069.97,2026-01-16T17:42:25+00:00,2026-01-30T19:35:34+00:00,False,0.05
c2000000-0000-0000-0000-000000000180,c1000000-0000-0000-0000-000000000058,c1000000-0000-0000-0000-000000000123,DIRECT_TRANSFER,1,4132.56,2026-01-16T17:42:31+00:00,2026-01-16T17:42:31+00:00,False,0.05
c2000000-0000-0000-0000-000000000181,c1000000-0000-0000-0000-000000000075,c1000000-0000-0000-0000-000000000135,DIRECT_TRANSFER,1,858.17,2026-01-16T17:43:15+00:00,2026-01-16T17:43:15+00:00,False,0.05
c2000000-0000-0000-0000-000000000182,c1000000-0000-0000-0000-000000000037,c1000000-0000-0000-0000-000000000140,DIRECT_TRANSFER,1,529.28,2026-01-16T17:47:52+00:00,2026-01-16T17:47:52+00:00,False,0.05
c2000000-0000-0000-0000-000000000183,c1000000-0000-0000-0000-000000000107,c1000000-0000-0000-0000-000000000078,DIRECT_TRANSFER,2,9676.73,2026-01-16T17:55:43+00:00,2026-01-29T16:55:59+00:00,False,0.05
c2000000-0000-0000-0000-000000000184,c1000000-0000-0000-0000-000000000079,c1000000-0000-0000-0000-000000000029,DIRECT_TRANSFER,1,2984.91,2026-01-16T17:56:35+00:00,2026-01-16T17:56:35+00:00,False,0.05
c2000000-0000-0000-0000-000000000185,c1000000-0000-0000-0000-000000000019,c1000000-0000-0000-0000-000000000010,DIRECT_TRANSFER,1,456.44,2026-01-16T18:09:58+00:00,2026-01-16T18:09:58+00:00,False,0.05
c2000000-0000-0000-0000-000000000186,c1000000-0000-0000-0000-000000000069,c1000000-0000-0000-0000-000000000130,DIRECT_TRANSFER,1,4126.23,2026-01-16T18:17:39+00:00,2026-01-16T18:17:39+00:00,False,0.05
c2000000-0000-0000-0000-000000000187,c1000000-0000-0000-0000-000000000035,c1000000-0000-0000-0000-000000000072,DIRECT_TRANSFER,1,763.36,2026-01-16T18:28:48+00:00,2026-01-16T18:28:48+00:00,False,0.05
c2000000-0000-0000-0000-000000000188,c1000000-0000-0000-0000-000000000081,c1000000-0000-0000-0000-000000000041,DIRECT_TRANSFER,1,849.12,2026-01-16T18:40:39+00:00,2026-01-16T18:40:39+00:00,False,0.05
c2000000-0000-0000-0000-000000000189,c1000000-0000-0000-0000-000000000127,c1000000-0000-0000-0000-000000000018,DIRECT_TRANSFER,2,15958.86,2026-01-16T18:48:46+00:00,2026-01-24T18:30:57+00:00,False,0.05
c2000000-0000-0000-0000-000000000190,c1000000-0000-0000-0000-000000000007,c1000000-0000-0000-0000-000000000136,DIRECT_TRANSFER,1,1731.24,2026-01-16T18:55:34+00:00,2026-01-16T18:55:34+00:00,False,0.05
c2000000-0000-0000-0000-000000000191,c1000000-0000-0000-0000-000000000028,c1000000-0000-0000-0000-000000000035,DIRECT_TRANSFER,1,3039.84,2026-01-16T19:06:48+00:00,2026-01-16T19:06:48+00:00,False,0.05
c2000000-0000-0000-0000-000000000192,c1000000-0000-0000-0000-000000000020,c1000000-0000-0000-0000-000000000108,DIRECT_TRANSFER,1,4021.18,2026-01-16T19:09:26+00:00,2026-01-16T19:09:26+00:00,False,0.05
c2000000-0000-0000-0000-000000000193,c1000000-0000-0000-0000-000000000018,c1000000-0000-0000-0000-000000000133,DIRECT_TRANSFER,1,3036.1,2026-01-16T19:19:41+00:00,2026-01-16T19:19:41+00:00,False,0.05
c2000000-0000-0000-0000-000000000194,c1000000-0000-0000-0000-000000000012,c1000000-0000-0000-0000-000000000031,DIRECT_TRANSFER,1,4336.22,2026-01-16T19:20:38+00:00,2026-01-16T19:20:38+00:00,False,0.05
c2000000-0000-0000-0000-000000000195,c1000000-0000-0000-0000-000000000022,c1000000-0000-0000-0000-000000000010,DIRECT_TRANSFER,1,2395.08,2026-01-16T19:21:14+00:00,2026-01-16T19:21:14+00:00,False,0.05
c2000000-0000-0000-0000-000000000196,c1000000-0000-0000-0000-000000000064,c1000000-0000-0000-0000-000000000140,DIRECT_TRANSFER,1,395.35,2026-01-16T19:25:17+00:00,2026-01-16T19:25:17+00:00,False,0.05
c2000000-0000-0000-0000-000000000197,c1000000-0000-0000-0000-000000000120,c1000000-0000-0000-0000-000000000102,DIRECT_TRANSFER,1,1155.19,2026-01-16T19:30:41+00:00,2026-01-16T19:30:41+00:00,False,0.05
c2000000-0000-0000-0000-000000000198,c1000000-0000-0000-0000-000000000081,c1000000-0000-0000-0000-000000000078,DIRECT_TRANSFER,1,3637.05,2026-01-16T19:31:07+00:00,2026-01-16T19:31:07+00:00,False,0.05
c2000000-0000-0000-0000-000000000199,c1000000-0000-0000-0000-000000000118,c1000000-0000-0000-0000-000000000105,DIRECT_TRANSFER,1,7844.5,2026-01-16T19:31:18+00:00,2026-01-16T19:31:18+00:00,False,0.05
c2000000-0000-0000-0000-000000000200,c1000000-0000-0000-0000-000000000042,c1000000-0000-0000-0000-000000000016,DIRECT_TRANSFER,1,233.24,2026-01-16T20:08:48+00:00,2026-01-16T20:08:48+00:00,False,0.05
c2000000-0000-0000-0000-000000000201,c1000000-0000-0000-0000-000000000127,c1000000-0000-0000-0000-000000000051,DIRECT_TRANSFER,2,10878.73,2026-01-16T20:14:55+00:00,2026-01-30T13:20:24+00:00,False,0.05
c2000000-0000-0000-0000-000000000202,c1000000-0000-0000-0000-000000000103,c1000000-0000-0000-0000-000000000109,DIRECT_TRANSFER,1,4012.49,2026-01-16T20:18:47+00:00,2026-01-16T20:18:47+00:00,False,0.05
c2000000-0000-0000-0000-000000000203,c1000000-0000-0000-0000-000000000080,c1000000-0000-0000-0000-000000000136,DIRECT_TRANSFER,2,5590.51,2026-01-16T20:26:38+00:00,2026-01-19T11:57:41+00:00,False,0.05
c2000000-0000-0000-0000-000000000204,c1000000-0000-0000-0000-000000000042,c1000000-0000-0000-0000-000000000136,DIRECT_TRANSFER,1,3141.36,2026-01-16T20:34:24+00:00,2026-01-16T20:34:24+00:00,False,0.05
c2000000-0000-0000-0000-000000000205,c1000000-0000-0000-0000-000000000057,c1000000-0000-0000-0000-000000000111,DIRECT_TRANSFER,1,5705.01,2026-01-16T20:40:45+00:00,2026-01-16T20:40:45+00:00,False,0.05
c2000000-0000-0000-0000-000000000206,c1000000-0000-0000-0000-000000000103,c1000000-0000-0000-0000-000000000136,DIRECT_TRANSFER,1,1446.67,2026-01-16T20:50:40+00:00,2026-01-16T20:50:40+00:00,False,0.05
c2000000-0000-0000-0000-000000000207,c1000000-0000-0000-0000-000000000046,c1000000-0000-0000-0000-000000000136,DIRECT_TRANSFER,3,5728.67,2026-01-16T20:51:14+00:00,2026-01-21T14:35:52+00:00,False,0.05
c2000000-0000-0000-0000-000000000208,c1000000-0000-0000-0000-000000000083,c1000000-0000-0000-0000-000000000141,DIRECT_TRANSFER,1,230.07,2026-01-16T20:52:39+00:00,2026-01-16T20:52:39+00:00,False,0.05
c2000000-0000-0000-0000-000000000209,c1000000-0000-0000-0000-000000000129,c1000000-0000-0000-0000-000000000088,DIRECT_TRANSFER,1,9212.03,2026-01-16T21:08:42+00:00,2026-01-16T21:08:42+00:00,False,0.05
c2000000-0000-0000-0000-000000000210,c1000000-0000-0000-0000-000000000085,c1000000-0000-0000-0000-000000000019,DIRECT_TRANSFER,1,4142.01,2026-01-16T21:09:21+00:00,2026-01-16T21:09:21+00:00,False,0.05
c2000000-0000-0000-0000-000000000211,c1000000-0000-0000-0000-000000000023,c1000000-0000-0000-0000-000000000040,DIRECT_TRANSFER,1,260.84,2026-01-16T21:12:18+00:00,2026-01-16T21:12:18+00:00,False,0.05
c2000000-0000-0000-0000-000000000212,c1000000-0000-0000-0000-000000000036,c1000000-0000-0000-0000-000000000075,DIRECT_TRANSFER,2,2934.79,2026-01-16T21:35:23+00:00,2026-01-25T10:59:18+00:00,False,0.05
c2000000-0000-0000-0000-000000000213,c1000000-0000-0000-0000-000000000093,c1000000-0000-0000-0000-000000000133,DIRECT_TRANSFER,1,3103.62,2026-01-16T21:42:48+00:00,2026-01-16T21:42:48+00:00,False,0.05
c2000000-0000-0000-0000-000000000214,c1000000-0000-0000-0000-000000000102,c1000000-0000-0000-0000-000000000124,DIRECT_TRANSFER,1,6369.77,2026-01-16T21:43:38+00:00,2026-01-16T21:43:38+00:00,False,0.05
c2000000-0000-0000-0000-000000000215,c1000000-0000-0000-0000-000000000085,c1000000-0000-0000-0000-000000000138,DIRECT_TRANSFER,1,2823.0,2026-01-16T21:47:56+00:00,2026-01-16T21:47:56+00:00,False,0.05
c2000000-0000-0000-0000-000000000216,c1000000-0000-0000-0000-000000000061,c1000000-0000-0000-0000-000000000068,DIRECT_TRANSFER,1,2165.05,2026-01-17T08:08:45+00:00,2026-01-17T08:08:45+00:00,False,0.05
c2000000-0000-0000-0000-000000000217,c1000000-0000-0000-0000-000000000092,c1000000-0000-0000-0000-000000000051,DIRECT_TRANSFER,1,4194.16,2026-01-17T08:13:37+00:00,2026-01-17T08:13:37+00:00,False,0.05
c2000000-0000-0000-0000-000000000218,c1000000-0000-0000-0000-000000000026,c1000000-0000-0000-0000-000000000006,DIRECT_TRANSFER,1,1557.06,2026-01-17T08:18:12+00:00,2026-01-17T08:18:12+00:00,False,0.05
c2000000-0000-0000-0000-000000000219,c1000000-0000-0000-0000-000000000054,c1000000-0000-0000-0000-000000000113,DIRECT_TRANSFER,1,7720.14,2026-01-17T08:18:24+00:00,2026-01-17T08:18:24+00:00,False,0.05
c2000000-0000-0000-0000-000000000220,c1000000-0000-0000-0000-000000000131,c1000000-0000-0000-0000-000000000068,DIRECT_TRANSFER,1,3868.61,2026-01-17T08:22:41+00:00,2026-01-17T08:22:41+00:00,False,0.05
c2000000-0000-0000-0000-000000000221,c1000000-0000-0000-0000-000000000060,c1000000-0000-0000-0000-000000000141,DIRECT_TRANSFER,1,545.8,2026-01-17T08:23:35+00:00,2026-01-17T08:23:35+00:00,False,0.05
c2000000-0000-0000-0000-000000000222,c1000000-0000-0000-0000-000000000119,c1000000-0000-0000-0000-000000000104,DIRECT_TRANSFER,1,9457.41,2026-01-17T08:32:52+00:00,2026-01-17T08:32:52+00:00,False,0.05
c2000000-0000-0000-0000-000000000223,c1000000-0000-0000-0000-000000000023,c1000000-0000-0000-0000-000000000126,DIRECT_TRANSFER,1,5590.63,2026-01-17T08:35:37+00:00,2026-01-17T08:35:37+00:00,False,0.05
c2000000-0000-0000-0000-000000000224,c1000000-0000-0000-0000-000000000003,c1000000-0000-0000-0000-000000000058,DIRECT_TRANSFER,1,1548.88,2026-01-17T08:36:44+00:00,2026-01-17T08:36:44+00:00,False,0.05
c2000000-0000-0000-0000-000000000225,c1000000-0000-0000-0000-000000000054,c1000000-0000-0000-0000-000000000024,DIRECT_TRANSFER,1,3056.8,2026-01-17T08:39:22+00:00,2026-01-17T08:39:22+00:00,False,0.05
c2000000-0000-0000-0000-000000000226,c1000000-0000-0000-0000-000000000125,c1000000-0000-0000-0000-000000000062,DIRECT_TRANSFER,1,6933.56,2026-01-17T08:39:40+00:00,2026-01-17T08:39:40+00:00,False,0.05
c2000000-0000-0000-0000-000000000227,c1000000-0000-0000-0000-000000000071,c1000000-0000-0000-0000-000000000109,DIRECT_TRANSFER,1,5835.51,2026-01-17T08:41:30+00:00,2026-01-17T08:41:30+00:00,False,0.05
c2000000-0000-0000-0000-000000000228,c1000000-0000-0000-0000-000000000006,c1000000-0000-0000-0000-000000000084,DIRECT_TRANSFER,1,3515.4,2026-01-17T08:52:55+00:00,2026-01-17T08:52:55+00:00,False,0.05
c2000000-0000-0000-0000-000000000229,c1000000-0000-0000-0000-000000000067,c1000000-0000-0000-0000-000000000050,DIRECT_TRANSFER,1,4128.23,2026-01-17T09:01:47+00:00,2026-01-17T09:01:47+00:00,False,0.05
c2000000-0000-0000-0000-000000000230,c1000000-0000-0000-0000-000000000093,c1000000-0000-0000-0000-000000000140,DIRECT_TRANSFER,2,1357.31,2026-01-17T09:19:25+00:00,2026-01-23T15:25:31+00:00,False,0.05
c2000000-0000-0000-0000-000000000231,c1000000-0000-0000-0000-000000000058,c1000000-0000-0000-0000-000000000079,DIRECT_TRANSFER,1,3285.95,2026-01-17T09:20:42+00:00,2026-01-17T09:20:42+00:00,False,0.05
c2000000-0000-0000-0000-000000000232,c1000000-0000-0000-0000-000000000080,c1000000-0000-0000-0000-000000000068,DIRECT_TRANSFER,1,1285.4,2026-01-17T09:33:09+00:00,2026-01-17T09:33:09+00:00,False,0.05
c2000000-0000-0000-0000-000000000233,c1000000-0000-0000-0000-000000000066,c1000000-0000-0000-0000-000000000135,DIRECT_TRANSFER,1,3056.01,2026-01-17T09:42:40+00:00,2026-01-17T09:42:40+00:00,False,0.05
c2000000-0000-0000-0000-000000000234,c1000000-0000-0000-0000-000000000071,c1000000-0000-0000-0000-000000000065,DIRECT_TRANSFER,1,1069.27,2026-01-17T09:58:36+00:00,2026-01-17T09:58:36+00:00,False,0.05
c2000000-0000-0000-0000-000000000235,c1000000-0000-0000-0000-000000000053,c1000000-0000-0000-0000-000000000024,DIRECT_TRANSFER,1,3506.58,2026-01-17T09:59:30+00:00,2026-01-17T09:59:30+00:00,False,0.05
c2000000-0000-0000-0000-000000000236,c1000000-0000-0000-0000-000000000105,c1000000-0000-0000-0000-000000000135,DIRECT_TRANSFER,1,2682.67,2026-01-17T10:02:22+00:00,2026-01-17T10:02:22+00:00,False,0.05
c2000000-0000-0000-0000-000000000237,c1000000-0000-0000-0000-000000000069,c1000000-0000-0000-0000-000000000061,DIRECT_TRANSFER,1,1236.16,2026-01-17T10:19:24+00:00,2026-01-17T10:19:24+00:00,False,0.05
c2000000-0000-0000-0000-000000000238,c1000000-0000-0000-0000-000000000015,c1000000-0000-0000-0000-000000000136,DIRECT_TRANSFER,1,2336.6,2026-01-17T10:20:54+00:00,2026-01-17T10:20:54+00:00,False,0.05
c2000000-0000-0000-0000-000000000239,c1000000-0000-0000-0000-000000000021,c1000000-0000-0000-0000-000000000139,DIRECT_TRANSFER,1,3171.38,2026-01-17T10:20:59+00:00,2026-01-17T10:20:59+00:00,False,0.05
c2000000-0000-0000-0000-000000000240,c1000000-0000-0000-0000-000000000070,c1000000-0000-0000-0000-000000000138,DIRECT_TRANSFER,1,2211.4,2026-01-17T10:29:58+00:00,2026-01-17T10:29:58+00:00,False,0.05
c2000000-0000-0000-0000-000000000241,c1000000-0000-0000-0000-000000000130,c1000000-0000-0000-0000-000000000049,DIRECT_TRANSFER,1,2329.98,2026-01-17T10:33:40+00:00,2026-01-17T10:33:40+00:00,False,0.05
c2000000-0000-0000-0000-000000000242,c1000000-0000-0000-0000-000000000023,c1000000-0000-0000-0000-000000000070,DIRECT_TRANSFER,1,1890.15,2026-01-17T10:41:55+00:00,2026-01-17T10:41:55+00:00,False,0.05
c2000000-0000-0000-0000-000000000243,c1000000-0000-0000-0000-000000000058,c1000000-0000-0000-0000-000000000098,DIRECT_TRANSFER,1,1348.08,2026-01-17T11:00:16+00:00,2026-01-17T11:00:16+00:00,False,0.05
c2000000-0000-0000-0000-000000000244,c1000000-0000-0000-0000-000000000029,c1000000-0000-0000-0000-000000000126,DIRECT_TRANSFER,1,2246.27,2026-01-17T11:03:42+00:00,2026-01-17T11:03:42+00:00,False,0.05
c2000000-0000-0000-0000-000000000245,c1000000-0000-0000-0000-000000000058,c1000000-0000-0000-0000-000000000111,DIRECT_TRANSFER,2,8604.46,2026-01-17T11:07:08+00:00,2026-01-30T16:52:05+00:00,False,0.05
c2000000-0000-0000-0000-000000000246,c1000000-0000-0000-0000-000000000007,c1000000-0000-0000-0000-000000000038,DIRECT_TRANSFER,1,2328.05,2026-01-17T11:13:37+00:00,2026-01-17T11:13:37+00:00,False,0.05
c2000000-0000-0000-0000-000000000247,c1000000-0000-0000-0000-000000000073,c1000000-0000-0000-0000-000000000121,DIRECT_TRANSFER,1,2533.21,2026-01-17T11:13:57+00:00,2026-01-17T11:13:57+00:00,False,0.05
c2000000-0000-0000-0000-000000000248,c1000000-0000-0000-0000-000000000085,c1000000-0000-0000-0000-000000000067,DIRECT_TRANSFER,1,1150.48,2026-01-17T11:19:56+00:00,2026-01-17T11:19:56+00:00,False,0.05
c2000000-0000-0000-0000-000000000249,c1000000-0000-0000-0000-000000000004,c1000000-0000-0000-0000-000000000042,DIRECT_TRANSFER,1,4202.55,2026-01-17T11:24:05+00:00,2026-01-17T11:24:05+00:00,False,0.05
c2000000-0000-0000-0000-000000000250,c1000000-0000-0000-0000-000000000120,c1000000-0000-0000-0000-000000000009,DIRECT_TRANSFER,1,1997.72,2026-01-17T11:26:40+00:00,2026-01-17T11:26:40+00:00,False,0.05
c2000000-0000-0000-0000-000000000251,c1000000-0000-0000-0000-000000000043,c1000000-0000-0000-0000-000000000115,DIRECT_TRANSFER,2,11585.27,2026-01-17T11:30:13+00:00,2026-01-17T17:38:06+00:00,False,0.05
c2000000-0000-0000-0000-000000000252,c1000000-0000-0000-0000-000000000130,c1000000-0000-0000-0000-000000000062,DIRECT_TRANSFER,2,17791.06,2026-01-17T11:47:07+00:00,2026-01-27T13:44:25+00:00,False,0.05
c2000000-0000-0000-0000-000000000253,c1000000-0000-0000-0000-000000000004,c1000000-0000-0000-0000-000000000119,DIRECT_TRANSFER,1,899.43,2026-01-17T11:52:28+00:00,2026-01-17T11:52:28+00:00,False,0.05
c2000000-0000-0000-0000-000000000254,c1000000-0000-0000-0000-000000000116,c1000000-0000-0000-0000-000000000074,DIRECT_TRANSFER,1,6381.26,2026-01-17T11:52:58+00:00,2026-01-17T11:52:58+00:00,False,0.05
c2000000-0000-0000-0000-000000000255,c1000000-0000-0000-0000-000000000098,c1000000-0000-0000-0000-000000000141,DIRECT_TRANSFER,2,2556.82,2026-01-17T12:04:24+00:00,2026-01-26T14:42:00+00:00,False,0.05
c2000000-0000-0000-0000-000000000256,c1000000-0000-0000-0000-000000000058,c1000000-0000-0000-0000-000000000067,DIRECT_TRANSFER,1,833.6,2026-01-17T12:05:48+00:00,2026-01-17T12:05:48+00:00,False,0.05
c2000000-0000-0000-0000-000000000257,c1000000-0000-0000-0000-000000000056,c1000000-0000-0000-0000-000000000110,DIRECT_TRANSFER,1,7118.42,2026-01-17T12:34:00+00:00,2026-01-17T12:34:00+00:00,False,0.05
c2000000-0000-0000-0000-000000000258,c1000000-0000-0000-0000-000000000084,c1000000-0000-0000-0000-000000000126,DIRECT_TRANSFER,1,6196.89,2026-01-17T12:43:52+00:00,2026-01-17T12:43:52+00:00,False,0.05
c2000000-0000-0000-0000-000000000259,c1000000-0000-0000-0000-000000000092,c1000000-0000-0000-0000-000000000128,DIRECT_TRANSFER,1,7454.93,2026-01-17T12:57:19+00:00,2026-01-17T12:57:19+00:00,False,0.05
c2000000-0000-0000-0000-000000000260,c1000000-0000-0000-0000-000000000110,c1000000-0000-0000-0000-000000000014,DIRECT_TRANSFER,2,11027.74,2026-01-17T12:59:35+00:00,2026-01-19T19:37:11+00:00,False,0.05
c2000000-0000-0000-0000-000000000261,c1000000-0000-0000-0000-000000000071,c1000000-0000-0000-0000-000000000126,DIRECT_TRANSFER,1,4908.39,2026-01-17T13:08:56+00:00,2026-01-17T13:08:56+00:00,False,0.05
c2000000-0000-0000-0000-000000000262,c1000000-0000-0000-0000-000000000033,c1000000-0000-0000-0000-000000000135,DIRECT_TRANSFER,1,192.96,2026-01-17T13:10:46+00:00,2026-01-17T13:10:46+00:00,False,0.05
c2000000-0000-0000-0000-000000000263,c1000000-0000-0000-0000-000000000109,c1000000-0000-0000-0000-000000000099,DIRECT_TRANSFER,1,6237.13,2026-01-17T13:15:46+00:00,2026-01-17T13:15:46+00:00,False,0.05
c2000000-0000-0000-0000-000000000264,c1000000-0000-0000-0000-000000000099,c1000000-0000-0000-0000-000000000012,DIRECT_TRANSFER,2,3868.06,2026-01-17T13:18:41+00:00,2026-01-23T10:18:09+00:00,False,0.05
c2000000-0000-0000-0000-000000000265,c1000000-0000-0000-0000-000000000061,c1000000-0000-0000-0000-000000000141,DIRECT_TRANSFER,1,2596.08,2026-01-17T13:26:44+00:00,2026-01-17T13:26:44+00:00,False,0.05
c2000000-0000-0000-0000-000000000266,c1000000-0000-0000-0000-000000000117,c1000000-0000-0000-0000-000000000079,DIRECT_TRANSFER,1,9983.36,2026-01-17T13:28:02+00:00,2026-01-17T13:28:02+00:00,False,0.05
c2000000-0000-0000-0000-000000000267,c1000000-0000-0000-0000-000000000018,c1000000-0000-0000-0000-000000000063,DIRECT_TRANSFER,1,858.7,2026-01-17T13:39:14+00:00,2026-01-17T13:39:14+00:00,False,0.05
c2000000-0000-0000-0000-000000000268,c1000000-0000-0000-0000-000000000099,c1000000-0000-0000-0000-000000000018,DIRECT_TRANSFER,1,222.28,2026-01-17T13:45:30+00:00,2026-01-17T13:45:30+00:00,False,0.05
c2000000-0000-0000-0000-000000000269,c1000000-0000-0000-0000-000000000045,c1000000-0000-0000-0000-000000000053,DIRECT_TRANSFER,1,762.29,2026-01-17T13:55:45+00:00,2026-01-17T13:55:45+00:00,False,0.05
c2000000-0000-0000-0000-000000000270,c1000000-0000-0000-0000-000000000049,c1000000-0000-0000-0000-000000000139,DIRECT_TRANSFER,1,394.76,2026-01-17T13:57:24+00:00,2026-01-17T13:57:24+00:00,False,0.05
c2000000-0000-0000-0000-000000000271,c1000000-0000-0000-0000-000000000129,c1000000-0000-0000-0000-000000000062,DIRECT_TRANSFER,1,2925.88,2026-01-17T13:59:28+00:00,2026-01-17T13:59:28+00:00,False,0.05
c2000000-0000-0000-0000-000000000272,c1000000-0000-0000-0000-000000000067,c1000000-0000-0000-0000-000000000037,DIRECT_TRANSFER,1,3837.51,2026-01-17T13:59:45+00:00,2026-01-17T13:59:45+00:00,False,0.05
c2000000-0000-0000-0000-000000000273,c1000000-0000-0000-0000-000000000064,c1000000-0000-0000-0000-000000000138,DIRECT_TRANSFER,1,2969.15,2026-01-17T14:21:11+00:00,2026-01-17T14:21:11+00:00,False,0.05
c2000000-0000-0000-0000-000000000274,c1000000-0000-0000-0000-000000000082,c1000000-0000-0000-0000-000000000133,DIRECT_TRANSFER,2,2393.68,2026-01-17T14:24:35+00:00,2026-01-19T16:25:38+00:00,False,0.05
c2000000-0000-0000-0000-000000000275,c1000000-0000-0000-0000-000000000016,c1000000-0000-0000-0000-000000000122,DIRECT_TRANSFER,1,1647.62,2026-01-17T14:32:58+00:00,2026-01-17T14:32:58+00:00,False,0.05
c2000000-0000-0000-0000-000000000276,c1000000-0000-0000-0000-000000000087,c1000000-0000-0000-0000-000000000140,DIRECT_TRANSFER,2,3230.51,2026-01-17T14:36:02+00:00,2026-01-30T17:48:52+00:00,False,0.05
c2000000-0000-0000-0000-000000000277,c1000000-0000-0000-0000-000000000061,c1000000-0000-0000-0000-000000000121,DIRECT_TRANSFER,2,7201.47,2026-01-17T14:41:59+00:00,2026-01-21T20:09:43+00:00,False,0.05
c2000000-0000-0000-0000-000000000278,c1000000-0000-0000-0000-000000000005,c1000000-0000-0000-0000-000000000136,DIRECT_TRANSFER,2,1993.6,2026-01-17T14:52:34+00:00,2026-01-25T11:35:12+00:00,False,0.05
c2000000-0000-0000-0000-000000000279,c1000000-0000-0000-0000-000000000111,c1000000-0000-0000-0000-000000000018,DIRECT_TRANSFER,1,7482.82,2026-01-17T15:10:46+00:00,2026-01-17T15:10:46+00:00,False,0.05
c2000000-0000-0000-0000-000000000280,c1000000-0000-0000-0000-000000000100,c1000000-0000-0000-0000-000000000008,DIRECT_TRANSFER,1,802.58,2026-01-17T15:14:34+00:00,2026-01-17T15:14:34+00:00,False,0.05
c2000000-0000-0000-0000-000000000281,c1000000-0000-0000-0000-000000000065,c1000000-0000-0000-0000-000000000137,DIRECT_TRANSFER,2,4059.83,2026-01-17T15:19:10+00:00,2026-01-22T11:18:42+00:00,False,0.05
c2000000-0000-0000-0000-000000000282,c1000000-0000-0000-0000-000000000003,c1000000-0000-0000-0000-000000000013,DIRECT_TRANSFER,1,4264.5,2026-01-17T15:31:56+00:00,2026-01-17T15:31:56+00:00,False,0.05
c2000000-0000-0000-0000-000000000283,c1000000-0000-0000-0000-000000000044,c1000000-0000-0000-0000-000000000114,DIRECT_TRANSFER,1,6225.2,2026-01-17T15:35:41+00:00,2026-01-17T15:35:41+00:00,False,0.05
c2000000-0000-0000-0000-000000000284,c1000000-0000-0000-0000-000000000003,c1000000-0000-0000-0000-000000000114,DIRECT_TRANSFER,2,6772.97,2026-01-17T15:39:00+00:00,2026-01-23T14:40:14+00:00,False,0.05
c2000000-0000-0000-0000-000000000285,c1000000-0000-0000-0000-000000000016,c1000000-0000-0000-0000-000000000036,DIRECT_TRANSFER,1,2133.26,2026-01-17T16:06:20+00:00,2026-01-17T16:06:20+00:00,False,0.05
c2000000-0000-0000-0000-000000000286,c1000000-0000-0000-0000-000000000027,c1000000-0000-0000-0000-000000000044,DIRECT_TRANSFER,1,2980.84,2026-01-17T16:08:24+00:00,2026-01-17T16:08:24+00:00,False,0.05
c2000000-0000-0000-0000-000000000287,c1000000-0000-0000-0000-000000000013,c1000000-0000-0000-0000-000000000135,DIRECT_TRANSFER,2,6257.61,2026-01-17T16:20:05+00:00,2026-01-19T18:12:20+00:00,False,0.05
c2000000-0000-0000-0000-000000000288,c1000000-0000-0000-0000-000000000078,c1000000-0000-0000-0000-000000000066,DIRECT_TRANSFER,1,1925.96,2026-01-17T16:23:48+00:00,2026-01-17T16:23:48+00:00,False,0.05
c2000000-0000-0000-0000-000000000289,c1000000-0000-0000-0000-000000000059,c1000000-0000-0000-0000-000000000045,DIRECT_TRANSFER,1,867.02,2026-01-17T16:24:52+00:00,2026-01-17T16:24:52+00:00,False,0.05
c2000000-0000-0000-0000-000000000290,c1000000-0000-0000-0000-000000000017,c1000000-0000-0000-0000-000000000067,DIRECT_TRANSFER,1,1986.33,2026-01-17T16:28:51+00:00,2026-01-17T16:28:51+00:00,False,0.05
c2000000-0000-0000-0000-000000000291,c1000000-0000-0000-0000-000000000093,c1000000-0000-0000-0000-000000000106,DIRECT_TRANSFER,1,3469.62,2026-01-17T16:29:43+00:00,2026-01-17T16:29:43+00:00,False,0.05
c2000000-0000-0000-0000-000000000292,c1000000-0000-0000-0000-000000000065,c1000000-0000-0000-0000-000000000120,DIRECT_TRANSFER,1,2546.28,2026-01-17T16:31:56+00:00,2026-01-17T16:31:56+00:00,False,0.05
c2000000-0000-0000-0000-000000000293,c1000000-0000-0000-0000-000000000105,c1000000-0000-0000-0000-000000000136,DIRECT_TRANSFER,1,500.0,2026-01-17T16:33:26+00:00,2026-01-17T16:33:26+00:00,False,0.05
c2000000-0000-0000-0000-000000000294,c1000000-0000-0000-0000-000000000068,c1000000-0000-0000-0000-000000000094,DIRECT_TRANSFER,1,1381.39,2026-01-17T16:35:26+00:00,2026-01-17T16:35:26+00:00,False,0.05
c2000000-0000-0000-0000-000000000295,c1000000-0000-0000-0000-000000000010,c1000000-0000-0000-0000-000000000133,DIRECT_TRANSFER,1,2481.23,2026-01-17T16:41:03+00:00,2026-01-17T16:41:03+00:00,False,0.05
c2000000-0000-0000-0000-000000000296,c1000000-0000-0000-0000-000000000047,c1000000-0000-0000-0000-000000000067,DIRECT_TRANSFER,1,3996.09,2026-01-17T16:41:22+00:00,2026-01-17T16:41:22+00:00,False,0.05
c2000000-0000-0000-0000-000000000297,c1000000-0000-0000-0000-000000000091,c1000000-0000-0000-0000-000000000133,DIRECT_TRANSFER,2,2634.42,2026-01-17T17:02:28+00:00,2026-01-21T17:34:33+00:00,False,0.05
c2000000-0000-0000-0000-000000000298,c1000000-0000-0000-0000-000000000103,c1000000-0000-0000-0000-000000000098,DIRECT_TRANSFER,1,2726.61,2026-01-17T17:02:55+00:00,2026-01-17T17:02:55+00:00,False,0.05
c2000000-0000-0000-0000-000000000299,c1000000-0000-0000-0000-000000000050,c1000000-0000-0000-0000-000000000127,DIRECT_TRANSFER,1,7223.94,2026-01-17T17:15:36+00:00,2026-01-17T17:15:36+00:00,False,0.05
c2000000-0000-0000-0000-000000000300,c1000000-0000-0000-0000-000000000069,c1000000-0000-0000-0000-000000000121,DIRECT_TRANSFER,1,5815.55,2026-01-17T17:21:32+00:00,2026-01-17T17:21:32+00:00,False,0.05
c2000000-0000-0000-0000-000000000301,c1000000-0000-0000-0000-000000000036,c1000000-0000-0000-0000-000000000141,DIRECT_TRANSFER,2,2992.63,2026-01-17T17:30:12+00:00,2026-01-26T11:58:24+00:00,False,0.05
c2000000-0000-0000-0000-000000000302,c1000000-0000-0000-0000-000000000101,c1000000-0000-0000-0000-000000000136,DIRECT_TRANSFER,2,629.58,2026-01-17T17:30:16+00:00,2026-01-29T20:09:41+00:00,False,0.05
c2000000-0000-0000-0000-000000000303,c1000000-0000-0000-0000-000000000074,c1000000-0000-0000-0000-000000000136,DIRECT_TRANSFER,2,5270.07,2026-01-17T17:34:01+00:00,2026-01-19T10:50:16+00:00,False,0.05
c2000000-0000-0000-0000-000000000304,c1000000-0000-0000-0000-000000000080,c1000000-0000-0000-0000-000000000094,DIRECT_TRANSFER,1,4078.6,2026-01-17T17:37:09+00:00,2026-01-17T17:37:09+00:00,False,0.05
c2000000-0000-0000-0000-000000000305,c1000000-0000-0000-0000-000000000079,c1000000-0000-0000-0000-000000000083,DIRECT_TRANSFER,1,4057.28,2026-01-17T17:43:48+00:00,2026-01-17T17:43:48+00:00,False,0.05
c2000000-0000-0000-0000-000000000306,c1000000-0000-0000-0000-000000000084,c1000000-0000-0000-0000-000000000047,DIRECT_TRANSFER,1,3178.9,2026-01-17T17:46:36+00:00,2026-01-17T17:46:36+00:00,False,0.05
c2000000-0000-0000-0000-000000000307,c1000000-0000-0000-0000-000000000106,c1000000-0000-0000-0000-000000000034,DIRECT_TRANSFER,1,5979.8,2026-01-17T17:55:14+00:00,2026-01-17T17:55:14+00:00,False,0.05
c2000000-0000-0000-0000-000000000308,c1000000-0000-0000-0000-000000000104,c1000000-0000-0000-0000-000000000088,DIRECT_TRANSFER,1,1946.2,2026-01-17T18:19:30+00:00,2026-01-17T18:19:30+00:00,False,0.05
c2000000-0000-0000-0000-000000000309,c1000000-0000-0000-0000-000000000039,c1000000-0000-0000-0000-000000000080,DIRECT_TRANSFER,2,4904.33,2026-01-17T18:35:17+00:00,2026-01-28T20:12:36+00:00,False,0.05
c2000000-0000-0000-0000-000000000310,c1000000-0000-0000-0000-000000000013,c1000000-0000-0000-0000-000000000052,DIRECT_TRANSFER,1,1804.75,2026-01-17T18:39:07+00:00,2026-01-17T18:39:07+00:00,False,0.05
c2000000-0000-0000-0000-000000000311,c1000000-0000-0000-0000-000000000009,c1000000-0000-0000-0000-000000000032,DIRECT_TRANSFER,1,3547.62,2026-01-17T18:50:28+00:00,2026-01-17T18:50:28+00:00,False,0.05
c2000000-0000-0000-0000-000000000312,c1000000-0000-0000-0000-000000000073,c1000000-0000-0000-0000-000000000127,DIRECT_TRANSFER,1,746.76,2026-01-17T18:59:17+00:00,2026-01-17T18:59:17+00:00,False,0.05
c2000000-0000-0000-0000-000000000313,c1000000-0000-0000-0000-000000000062,c1000000-0000-0000-0000-000000000140,DIRECT_TRANSFER,1,772.27,2026-01-17T19:03:10+00:00,2026-01-17T19:03:10+00:00,False,0.05
c2000000-0000-0000-0000-000000000314,c1000000-0000-0000-0000-000000000042,c1000000-0000-0000-0000-000000000086,DIRECT_TRANSFER,1,2257.0,2026-01-17T19:08:33+00:00,2026-01-17T19:08:33+00:00,False,0.05
c2000000-0000-0000-0000-000000000315,c1000000-0000-0000-0000-000000000071,c1000000-0000-0000-0000-000000000116,DIRECT_TRANSFER,1,6316.35,2026-01-17T19:13:25+00:00,2026-01-17T19:13:25+00:00,False,0.05
c2000000-0000-0000-0000-000000000316,c1000000-0000-0000-0000-000000000079,c1000000-0000-0000-0000-000000000140,DIRECT_TRANSFER,2,3312.09,2026-01-17T19:13:26+00:00,2026-01-20T20:19:10+00:00,False,0.05
c2000000-0000-0000-0000-000000000317,c1000000-0000-0000-0000-000000000055,c1000000-0000-0000-0000-000000000045,DIRECT_TRANSFER,1,3211.65,2026-01-17T19:13:37+00:00,2026-01-17T19:13:37+00:00,False,0.05
c2000000-0000-0000-0000-000000000318,c1000000-0000-0000-0000-000000000043,c1000000-0000-0000-0000-000000000030,DIRECT_TRANSFER,1,1833.31,2026-01-17T19:26:18+00:00,2026-01-17T19:26:18+00:00,False,0.05
c2000000-0000-0000-0000-000000000319,c1000000-0000-0000-0000-000000000018,c1000000-0000-0000-0000-000000000009,DIRECT_TRANSFER,1,3278.99,2026-01-17T19:30:40+00:00,2026-01-17T19:30:40+00:00,False,0.05
c2000000-0000-0000-0000-000000000320,c1000000-0000-0000-0000-000000000100,c1000000-0000-0000-0000-000000000137,DIRECT_TRANSFER,1,874.8,2026-01-17T19:38:33+00:00,2026-01-17T19:38:33+00:00,False,0.05
c2000000-0000-0000-0000-000000000321,c1000000-0000-0000-0000-000000000023,c1000000-0000-0000-0000-000000000119,DIRECT_TRANSFER,1,7116.84,2026-01-17T19:46:54+00:00,2026-01-17T19:46:54+00:00,False,0.05
c2000000-0000-0000-0000-000000000322,c1000000-0000-0000-0000-000000000047,c1000000-0000-0000-0000-000000000052,DIRECT_TRANSFER,1,1551.86,2026-01-17T20:04:36+00:00,2026-01-17T20:04:36+00:00,False,0.05
c2000000-0000-0000-0000-000000000323,c1000000-0000-0000-0000-000000000056,c1000000-0000-0000-0000-000000000135,DIRECT_TRANSFER,2,2221.92,2026-01-17T20:05:46+00:00,2026-01-21T10:46:56+00:00,False,0.05
c2000000-0000-0000-0000-000000000324,c1000000-0000-0000-0000-000000000061,c1000000-0000-0000-0000-000000000091,DIRECT_TRANSFER,1,3773.78,2026-01-17T20:09:08+00:00,2026-01-17T20:09:08+00:00,False,0.05
c2000000-0000-0000-0000-000000000325,c1000000-0000-0000-0000-000000000131,c1000000-0000-0000-0000-000000000011,DIRECT_TRANSFER,1,5729.56,2026-01-17T20:15:43+00:00,2026-01-17T20:15:43+00:00,False,0.05
c2000000-0000-0000-0000-000000000326,c1000000-0000-0000-0000-000000000079,c1000000-0000-0000-0000-000000000137,DIRECT_TRANSFER,2,3406.78,2026-01-17T20:16:45+00:00,2026-01-25T12:46:08+00:00,False,0.05
c2000000-0000-0000-0000-000000000327,c1000000-0000-0000-0000-000000000091,c1000000-0000-0000-0000-000000000063,DIRECT_TRANSFER,2,2837.62,2026-01-17T20:18:45+00:00,2026-01-28T08:49:42+00:00,False,0.05
c2000000-0000-0000-0000-000000000328,c1000000-0000-0000-0000-000000000026,c1000000-0000-0000-0000-000000000103,DIRECT_TRANSFER,2,3992.23,2026-01-17T20:23:32+00:00,2026-01-20T08:16:10+00:00,False,0.05
c2000000-0000-0000-0000-000000000329,c1000000-0000-0000-0000-000000000052,c1000000-0000-0000-0000-000000000060,DIRECT_TRANSFER,1,2629.51,2026-01-17T20:25:05+00:00,2026-01-17T20:25:05+00:00,False,0.05
c2000000-0000-0000-0000-000000000330,c1000000-0000-0000-0000-000000000007,c1000000-0000-0000-0000-000000000074,DIRECT_TRANSFER,1,2615.81,2026-01-17T20:25:23+00:00,2026-01-17T20:25:23+00:00,False,0.05
c2000000-0000-0000-0000-000000000331,c1000000-0000-0000-0000-000000000004,c1000000-0000-0000-0000-000000000140,DIRECT_TRANSFER,1,2861.44,2026-01-17T20:36:26+00:00,2026-01-17T20:36:26+00:00,False,0.05
c2000000-0000-0000-0000-000000000332,c1000000-0000-0000-0000-000000000086,c1000000-0000-0000-0000-000000000138,DIRECT_TRANSFER,1,20.0,2026-01-17T20:43:54+00:00,2026-01-17T20:43:54+00:00,False,0.05
c2000000-0000-0000-0000-000000000333,c1000000-0000-0000-0000-000000000074,c1000000-0000-0000-0000-000000000088,DIRECT_TRANSFER,1,2535.72,2026-01-17T20:46:17+00:00,2026-01-17T20:46:17+00:00,False,0.05
c2000000-0000-0000-0000-000000000334,c1000000-0000-0000-0000-000000000116,c1000000-0000-0000-0000-000000000027,DIRECT_TRANSFER,1,4336.34,2026-01-17T20:46:30+00:00,2026-01-17T20:46:30+00:00,False,0.05
c2000000-0000-0000-0000-000000000335,c1000000-0000-0000-0000-000000000128,c1000000-0000-0000-0000-000000000093,DIRECT_TRANSFER,1,1705.85,2026-01-17T20:47:08+00:00,2026-01-17T20:47:08+00:00,False,0.05
c2000000-0000-0000-0000-000000000336,c1000000-0000-0000-0000-000000000069,c1000000-0000-0000-0000-000000000136,DIRECT_TRANSFER,3,6883.61,2026-01-17T20:47:50+00:00,2026-01-30T13:31:20+00:00,False,0.05
c2000000-0000-0000-0000-000000000337,c1000000-0000-0000-0000-000000000039,c1000000-0000-0000-0000-000000000061,DIRECT_TRANSFER,1,3096.05,2026-01-17T21:00:48+00:00,2026-01-17T21:00:48+00:00,False,0.05
c2000000-0000-0000-0000-000000000338,c1000000-0000-0000-0000-000000000015,c1000000-0000-0000-0000-000000000055,DIRECT_TRANSFER,1,2709.92,2026-01-17T21:01:23+00:00,2026-01-17T21:01:23+00:00,False,0.05
c2000000-0000-0000-0000-000000000339,c1000000-0000-0000-0000-000000000124,c1000000-0000-0000-0000-000000000057,DIRECT_TRANSFER,1,5155.12,2026-01-17T21:12:23+00:00,2026-01-17T21:12:23+00:00,False,0.05
c2000000-0000-0000-0000-000000000340,c1000000-0000-0000-0000-000000000041,c1000000-0000-0000-0000-000000000136,DIRECT_TRANSFER,1,2477.52,2026-01-17T21:20:59+00:00,2026-01-17T21:20:59+00:00,False,0.05
c2000000-0000-0000-0000-000000000341,c1000000-0000-0000-0000-000000000038,c1000000-0000-0000-0000-000000000107,DIRECT_TRANSFER,1,2657.23,2026-01-17T21:22:49+00:00,2026-01-17T21:22:49+00:00,False,0.05
c2000000-0000-0000-0000-000000000342,c1000000-0000-0000-0000-000000000025,c1000000-0000-0000-0000-000000000133,DIRECT_TRANSFER,3,4446.34,2026-01-17T21:23:05+00:00,2026-01-27T13:06:54+00:00,False,0.05
c2000000-0000-0000-0000-000000000343,c1000000-0000-0000-0000-000000000096,c1000000-0000-0000-0000-000000000137,DIRECT_TRANSFER,3,6710.57,2026-01-17T21:25:50+00:00,2026-01-26T14:56:28+00:00,False,0.05
c2000000-0000-0000-0000-000000000344,c1000000-0000-0000-0000-000000000124,c1000000-0000-0000-0000-000000000013,DIRECT_TRANSFER,1,9053.12,2026-01-17T21:27:41+00:00,2026-01-17T21:27:41+00:00,False,0.05
c2000000-0000-0000-0000-000000000345,c1000000-0000-0000-0000-000000000041,c1000000-0000-0000-0000-000000000084,DIRECT_TRANSFER,1,518.91,2026-01-17T21:36:04+00:00,2026-01-17T21:36:04+00:00,False,0.05
c2000000-0000-0000-0000-000000000346,c1000000-0000-0000-0000-000000000020,c1000000-0000-0000-0000-000000000002,DIRECT_TRANSFER,1,1140.49,2026-01-17T21:40:14+00:00,2026-01-17T21:40:14+00:00,False,0.05
c2000000-0000-0000-0000-000000000347,c1000000-0000-0000-0000-000000000103,c1000000-0000-0000-0000-000000000048,DIRECT_TRANSFER,1,2078.89,2026-01-17T21:41:21+00:00,2026-01-17T21:41:21+00:00,False,0.05
c2000000-0000-0000-0000-000000000348,c1000000-0000-0000-0000-000000000008,c1000000-0000-0000-0000-000000000123,DIRECT_TRANSFER,1,3595.08,2026-01-17T21:45:09+00:00,2026-01-17T21:45:09+00:00,False,0.05
c2000000-0000-0000-0000-000000000349,c1000000-0000-0000-0000-000000000010,c1000000-0000-0000-0000-000000000045,DIRECT_TRANSFER,1,2802.23,2026-01-18T08:06:27+00:00,2026-01-18T08:06:27+00:00,False,0.05
c2000000-0000-0000-0000-000000000350,c1000000-0000-0000-0000-000000000057,c1000000-0000-0000-0000-000000000120,DIRECT_TRANSFER,1,505.07,2026-01-18T08:07:59+00:00,2026-01-18T08:07:59+00:00,False,0.05
c2000000-0000-0000-0000-000000000351,c1000000-0000-0000-0000-000000000110,c1000000-0000-0000-0000-000000000100,DIRECT_TRANSFER,1,1998.29,2026-01-18T08:09:37+00:00,2026-01-18T08:09:37+00:00,False,0.05
c2000000-0000-0000-0000-000000000352,c1000000-0000-0000-0000-000000000011,c1000000-0000-0000-0000-000000000140,DIRECT_TRANSFER,1,2723.5,2026-01-18T08:13:10+00:00,2026-01-18T08:13:10+00:00,False,0.05
c2000000-0000-0000-0000-000000000353,c1000000-0000-0000-0000-000000000076,c1000000-0000-0000-0000-000000000029,DIRECT_TRANSFER,1,2433.61,2026-01-18T08:13:30+00:00,2026-01-18T08:13:30+00:00,False,0.05
c2000000-0000-0000-0000-000000000354,c1000000-0000-0000-0000-000000000128,c1000000-0000-0000-0000-000000000017,DIRECT_TRANSFER,2,6102.54,2026-01-18T08:17:55+00:00,2026-01-21T19:51:50+00:00,False,0.05
c2000000-0000-0000-0000-000000000355,c1000000-0000-0000-0000-000000000010,c1000000-0000-0000-0000-000000000138,DIRECT_TRANSFER,4,5578.93,2026-01-18T08:20:16+00:00,2026-01-29T16:47:39+00:00,False,0.05
c2000000-0000-0000-0000-000000000356,c1000000-0000-0000-0000-000000000101,c1000000-0000-0000-0000-000000000039,DIRECT_TRANSFER,1,3380.18,2026-01-18T08:23:12+00:00,2026-01-18T08:23:12+00:00,False,0.05
c2000000-0000-0000-0000-000000000357,c1000000-0000-0000-0000-000000000089,c1000000-0000-0000-0000-000000000113,DIRECT_TRANSFER,2,2646.42,2026-01-18T08:25:56+00:00,2026-01-26T15:47:19+00:00,False,0.05
c2000000-0000-0000-0000-000000000358,c1000000-0000-0000-0000-000000000028,c1000000-0000-0000-0000-000000000006,DIRECT_TRANSFER,1,4167.09,2026-01-18T08:37:04+00:00,2026-01-18T08:37:04+00:00,False,0.05
c2000000-0000-0000-0000-000000000359,c1000000-0000-0000-0000-000000000055,c1000000-0000-0000-0000-000000000128,DIRECT_TRANSFER,1,1491.31,2026-01-18T08:44:21+00:00,2026-01-18T08:44:21+00:00,False,0.05
c2000000-0000-0000-0000-000000000360,c1000000-0000-0000-0000-000000000099,c1000000-0000-0000-0000-000000000136,DIRECT_TRANSFER,1,3120.64,2026-01-18T08:51:30+00:00,2026-01-18T08:51:30+00:00,False,0.05
c2000000-0000-0000-0000-000000000361,c1000000-0000-0000-0000-000000000087,c1000000-0000-0000-0000-000000000135,DIRECT_TRANSFER,1,2986.26,2026-01-18T08:54:21+00:00,2026-01-18T08:54:21+00:00,False,0.05
c2000000-0000-0000-0000-000000000362,c1000000-0000-0000-0000-000000000006,c1000000-0000-0000-0000-000000000062,DIRECT_TRANSFER,1,1765.1,2026-01-18T08:54:55+00:00,2026-01-18T08:54:55+00:00,False,0.05
c2000000-0000-0000-0000-000000000363,c1000000-0000-0000-0000-000000000029,c1000000-0000-0000-0000-000000000110,DIRECT_TRANSFER,1,1986.0,2026-01-18T09:00:03+00:00,2026-01-18T09:00:03+00:00,False,0.05
c2000000-0000-0000-0000-000000000364,c1000000-0000-0000-0000-000000000066,c1000000-0000-0000-0000-000000000097,DIRECT_TRANSFER,1,2430.83,2026-01-18T09:00:06+00:00,2026-01-18T09:00:06+00:00,False,0.05
c2000000-0000-0000-0000-000000000365,c1000000-0000-0000-0000-000000000074,c1000000-0000-0000-0000-000000000056,DIRECT_TRANSFER,1,3733.25,2026-01-18T09:02:29+00:00,2026-01-18T09:02:29+00:00,False,0.05
c2000000-0000-0000-0000-000000000366,c1000000-0000-0000-0000-000000000003,c1000000-0000-0000-0000-000000000141,DIRECT_TRANSFER,1,1607.87,2026-01-18T09:03:14+00:00,2026-01-18T09:03:14+00:00,False,0.05
c2000000-0000-0000-0000-000000000367,c1000000-0000-0000-0000-000000000104,c1000000-0000-0000-0000-000000000135,DIRECT_TRANSFER,3,4113.63,2026-01-18T09:12:57+00:00,2026-01-29T11:08:14+00:00,False,0.05
c2000000-0000-0000-0000-000000000368,c1000000-0000-0000-0000-000000000053,c1000000-0000-0000-0000-000000000141,DIRECT_TRANSFER,1,500.0,2026-01-18T09:21:13+00:00,2026-01-18T09:21:13+00:00,False,0.05
c2000000-0000-0000-0000-000000000369,c1000000-0000-0000-0000-000000000051,c1000000-0000-0000-0000-000000000124,DIRECT_TRANSFER,2,2525.08,2026-01-18T09:23:45+00:00,2026-01-19T12:43:33+00:00,False,0.05
c2000000-0000-0000-0000-000000000370,c1000000-0000-0000-0000-000000000042,c1000000-0000-0000-0000-000000000036,DIRECT_TRANSFER,1,2434.66,2026-01-18T09:24:35+00:00,2026-01-18T09:24:35+00:00,False,0.05
c2000000-0000-0000-0000-000000000371,c1000000-0000-0000-0000-000000000040,c1000000-0000-0000-0000-000000000135,DIRECT_TRANSFER,4,3921.03,2026-01-18T09:29:39+00:00,2026-01-30T20:13:26+00:00,False,0.05
c2000000-0000-0000-0000-000000000372,c1000000-0000-0000-0000-000000000051,c1000000-0000-0000-0000-000000000134,DIRECT_TRANSFER,1,1955.28,2026-01-18T09:32:08+00:00,2026-01-18T09:32:08+00:00,False,0.05
c2000000-0000-0000-0000-000000000373,c1000000-0000-0000-0000-000000000023,c1000000-0000-0000-0000-000000000113,DIRECT_TRANSFER,1,6532.54,2026-01-18T09:32:43+00:00,2026-01-18T09:32:43+00:00,False,0.05
c2000000-0000-0000-0000-000000000374,c1000000-0000-0000-0000-000000000048,c1000000-0000-0000-0000-000000000087,DIRECT_TRANSFER,1,4086.34,2026-01-18T09:41:23+00:00,2026-01-18T09:41:23+00:00,False,0.05
c2000000-0000-0000-0000-000000000375,c1000000-0000-0000-0000-000000000041,c1000000-0000-0000-0000-000000000139,DIRECT_TRANSFER,1,518.25,2026-01-18T10:06:10+00:00,2026-01-18T10:06:10+00:00,False,0.05
c2000000-0000-0000-0000-000000000376,c1000000-0000-0000-0000-000000000017,c1000000-0000-0000-0000-000000000107,DIRECT_TRANSFER,1,3675.31,2026-01-18T10:10:13+00:00,2026-01-18T10:10:13+00:00,False,0.05
c2000000-0000-0000-0000-000000000377,c1000000-0000-0000-0000-000000000102,c1000000-0000-0000-0000-000000000126,DIRECT_TRANSFER,1,7704.97,2026-01-18T10:10:46+00:00,2026-01-18T10:10:46+00:00,False,0.05
c2000000-0000-0000-0000-000000000378,c1000000-0000-0000-0000-000000000080,c1000000-0000-0000-0000-000000000107,DIRECT_TRANSFER,1,6991.42,2026-01-18T10:11:20+00:00,2026-01-18T10:11:20+00:00,False,0.05
c2000000-0000-0000-0000-000000000379,c1000000-0000-0000-0000-000000000043,c1000000-0000-0000-0000-000000000132,DIRECT_TRANSFER,1,5151.44,2026-01-18T10:19:00+00:00,2026-01-18T10:19:00+00:00,False,0.05
c2000000-0000-0000-0000-000000000380,c1000000-0000-0000-0000-000000000114,c1000000-0000-0000-0000-000000000094,DIRECT_TRANSFER,1,8977.73,2026-01-18T10:23:08+00:00,2026-01-18T10:23:08+00:00,False,0.05
c2000000-0000-0000-0000-000000000381,c1000000-0000-0000-0000-000000000125,c1000000-0000-0000-0000-000000000101,DIRECT_TRANSFER,1,4211.43,2026-01-18T10:45:35+00:00,2026-01-18T10:45:35+00:00,False,0.05
c2000000-0000-0000-0000-000000000382,c1000000-0000-0000-0000-000000000012,c1000000-0000-0000-0000-000000000138,DIRECT_TRANSFER,2,2847.73,2026-01-18T10:46:04+00:00,2026-01-29T20:18:14+00:00,False,0.05
c2000000-0000-0000-0000-000000000383,c1000000-0000-0000-0000-000000000103,c1000000-0000-0000-0000-000000000092,DIRECT_TRANSFER,1,3384.86,2026-01-18T10:59:54+00:00,2026-01-18T10:59:54+00:00,False,0.05
c2000000-0000-0000-0000-000000000384,c1000000-0000-0000-0000-000000000012,c1000000-0000-0000-0000-000000000092,DIRECT_TRANSFER,1,3081.11,2026-01-18T11:22:20+00:00,2026-01-18T11:22:20+00:00,False,0.05
c2000000-0000-0000-0000-000000000385,c1000000-0000-0000-0000-000000000099,c1000000-0000-0000-0000-000000000087,DIRECT_TRANSFER,2,6152.03,2026-01-18T11:28:23+00:00,2026-01-21T12:41:37+00:00,False,0.05
c2000000-0000-0000-0000-000000000386,c1000000-0000-0000-0000-000000000049,c1000000-0000-0000-0000-000000000022,DIRECT_TRANSFER,1,797.01,2026-01-18T11:36:33+00:00,2026-01-18T11:36:33+00:00,False,0.05
c2000000-0000-0000-0000-000000000387,c1000000-0000-0000-0000-000000000099,c1000000-0000-0000-0000-000000000071,DIRECT_TRANSFER,1,315.74,2026-01-18T11:37:34+00:00,2026-01-18T11:37:34+00:00,False,0.05
c2000000-0000-0000-0000-000000000388,c1000000-0000-0000-0000-000000000084,c1000000-0000-0000-0000-000000000039,DIRECT_TRANSFER,1,883.6,2026-01-18T11:44:58+00:00,2026-01-18T11:44:58+00:00,False,0.05
c2000000-0000-0000-0000-000000000389,c1000000-0000-0000-0000-000000000023,c1000000-0000-0000-0000-000000000104,DIRECT_TRANSFER,1,3830.42,2026-01-18T11:51:08+00:00,2026-01-18T11:51:08+00:00,False,0.05
c2000000-0000-0000-0000-000000000390,c1000000-0000-0000-0000-000000000077,c1000000-0000-0000-0000-000000000034,DIRECT_TRANSFER,1,1574.92,2026-01-18T11:52:40+00:00,2026-01-18T11:52:40+00:00,False,0.05
c2000000-0000-0000-0000-000000000391,c1000000-0000-0000-0000-000000000037,c1000000-0000-0000-0000-000000000022,DIRECT_TRANSFER,2,7634.32,2026-01-18T12:02:17+00:00,2026-01-22T16:13:45+00:00,False,0.05
c2000000-0000-0000-0000-000000000392,c1000000-0000-0000-0000-000000000074,c1000000-0000-0000-0000-000000000071,DIRECT_TRANSFER,1,3811.37,2026-01-18T12:15:06+00:00,2026-01-18T12:15:06+00:00,False,0.05
c2000000-0000-0000-0000-000000000393,c1000000-0000-0000-0000-000000000066,c1000000-0000-0000-0000-000000000134,DIRECT_TRANSFER,3,5387.71,2026-01-18T12:36:17+00:00,2026-01-28T20:32:23+00:00,False,0.05
c2000000-0000-0000-0000-000000000394,c1000000-0000-0000-0000-000000000131,c1000000-0000-0000-0000-000000000031,DIRECT_TRANSFER,1,5453.99,2026-01-18T12:41:03+00:00,2026-01-18T12:41:03+00:00,False,0.05
c2000000-0000-0000-0000-000000000395,c1000000-0000-0000-0000-000000000113,c1000000-0000-0000-0000-000000000008,DIRECT_TRANSFER,1,3200.32,2026-01-18T12:44:27+00:00,2026-01-18T12:44:27+00:00,False,0.05
c2000000-0000-0000-0000-000000000396,c1000000-0000-0000-0000-000000000085,c1000000-0000-0000-0000-000000000081,DIRECT_TRANSFER,1,2780.93,2026-01-18T13:00:27+00:00,2026-01-18T13:00:27+00:00,False,0.05
c2000000-0000-0000-0000-000000000397,c1000000-0000-0000-0000-000000000129,c1000000-0000-0000-0000-000000000094,DIRECT_TRANSFER,1,3767.6,2026-01-18T13:00:48+00:00,2026-01-18T13:00:48+00:00,False,0.05
c2000000-0000-0000-0000-000000000398,c1000000-0000-0000-0000-000000000039,c1000000-0000-0000-0000-000000000115,DIRECT_TRANSFER,1,2602.6,2026-01-18T13:01:21+00:00,2026-01-18T13:01:21+00:00,False,0.05
c2000000-0000-0000-0000-000000000399,c1000000-0000-0000-0000-000000000054,c1000000-0000-0000-0000-000000000011,DIRECT_TRANSFER,1,699.1,2026-01-18T13:01:30+00:00,2026-01-18T13:01:30+00:00,False,0.05
c2000000-0000-0000-0000-000000000400,c1000000-0000-0000-0000-000000000041,c1000000-0000-0000-0000-000000000114,DIRECT_TRANSFER,1,6694.98,2026-01-18T13:15:26+00:00,2026-01-18T13:15:26+00:00,False,0.05
c2000000-0000-0000-0000-000000000401,c1000000-0000-0000-0000-000000000121,c1000000-0000-0000-0000-000000000077,DIRECT_TRANSFER,1,6550.02,2026-01-18T13:16:15+00:00,2026-01-18T13:16:15+00:00,False,0.05
c2000000-0000-0000-0000-000000000402,c1000000-0000-0000-0000-000000000027,c1000000-0000-0000-0000-000000000141,DIRECT_TRANSFER,1,1622.92,2026-01-18T13:19:21+00:00,2026-01-18T13:19:21+00:00,False,0.05
c2000000-0000-0000-0000-000000000403,c1000000-0000-0000-0000-000000000041,c1000000-0000-0000-0000-000000000078,DIRECT_TRANSFER,1,1141.79,2026-01-18T13:24:17+00:00,2026-01-18T13:24:17+00:00,False,0.05
c2000000-0000-0000-0000-000000000404,c1000000-0000-0000-0000-000000000039,c1000000-0000-0000-0000-000000000034,DIRECT_TRANSFER,1,3726.39,2026-01-18T13:25:32+00:00,2026-01-18T13:25:32+00:00,False,0.05
c2000000-0000-0000-0000-000000000405,c1000000-0000-0000-0000-000000000026,c1000000-0000-0000-0000-000000000018,DIRECT_TRANSFER,1,3553.73,2026-01-18T13:28:17+00:00,2026-01-18T13:28:17+00:00,False,0.05
c2000000-0000-0000-0000-000000000406,c1000000-0000-0000-0000-000000000088,c1000000-0000-0000-0000-000000000139,DIRECT_TRANSFER,1,411.37,2026-01-18T13:35:24+00:00,2026-01-18T13:35:24+00:00,False,0.05
c2000000-0000-0000-0000-000000000407,c1000000-0000-0000-0000-000000000100,c1000000-0000-0000-0000-000000000136,DIRECT_TRANSFER,1,500.0,2026-01-18T13:37:31+00:00,2026-01-18T13:37:31+00:00,False,0.05
c2000000-0000-0000-0000-000000000408,c1000000-0000-0000-0000-000000000054,c1000000-0000-0000-0000-000000000135,DIRECT_TRANSFER,3,4755.16,2026-01-18T13:44:09+00:00,2026-01-25T16:18:06+00:00,False,0.05
c2000000-0000-0000-0000-000000000409,c1000000-0000-0000-0000-000000000009,c1000000-0000-0000-0000-000000000035,DIRECT_TRANSFER,1,3262.99,2026-01-18T13:51:27+00:00,2026-01-18T13:51:27+00:00,False,0.05
c2000000-0000-0000-0000-000000000410,c1000000-0000-0000-0000-000000000037,c1000000-0000-0000-0000-000000000137,DIRECT_TRANSFER,2,1198.27,2026-01-18T14:04:56+00:00,2026-01-20T16:01:11+00:00,False,0.05
c2000000-0000-0000-0000-000000000411,c1000000-0000-0000-0000-000000000014,c1000000-0000-0000-0000-000000000116,DIRECT_TRANSFER,1,3256.71,2026-01-18T14:05:46+00:00,2026-01-18T14:05:46+00:00,False,0.05
c2000000-0000-0000-0000-000000000412,c1000000-0000-0000-0000-000000000071,c1000000-0000-0000-0000-000000000012,DIRECT_TRANSFER,1,2766.78,2026-01-18T14:06:01+00:00,2026-01-18T14:06:01+00:00,False,0.05
c2000000-0000-0000-0000-000000000413,c1000000-0000-0000-0000-000000000034,c1000000-0000-0000-0000-000000000140,DIRECT_TRANSFER,1,1568.43,2026-01-18T14:23:11+00:00,2026-01-18T14:23:11+00:00,False,0.05
c2000000-0000-0000-0000-000000000414,c1000000-0000-0000-0000-000000000028,c1000000-0000-0000-0000-000000000134,DIRECT_TRANSFER,2,5241.53,2026-01-18T14:39:43+00:00,2026-01-20T09:36:25+00:00,False,0.05
c2000000-0000-0000-0000-000000000415,c1000000-0000-0000-0000-000000000130,c1000000-0000-0000-0000-000000000030,DIRECT_TRANSFER,2,7782.03,2026-01-18T14:40:19+00:00,2026-01-28T21:11:12+00:00,False,0.05
c2000000-0000-0000-0000-000000000416,c1000000-0000-0000-0000-000000000022,c1000000-0000-0000-0000-000000000134,DIRECT_TRANSFER,4,7344.9,2026-01-18T14:45:53+00:00,2026-01-23T21:35:02+00:00,False,0.05
c2000000-0000-0000-0000-000000000417,c1000000-0000-0000-0000-000000000008,c1000000-0000-0000-0000-000000000051,DIRECT_TRANSFER,1,3719.14,2026-01-18T14:48:37+00:00,2026-01-18T14:48:37+00:00,False,0.05
c2000000-0000-0000-0000-000000000418,c1000000-0000-0000-0000-000000000035,c1000000-0000-0000-0000-000000000102,DIRECT_TRANSFER,1,4468.12,2026-01-18T14:49:20+00:00,2026-01-18T14:49:20+00:00,False,0.05
c2000000-0000-0000-0000-000000000419,c1000000-0000-0000-0000-000000000110,c1000000-0000-0000-0000-000000000083,DIRECT_TRANSFER,1,9936.46,2026-01-18T14:49:52+00:00,2026-01-18T14:49:52+00:00,False,0.05
c2000000-0000-0000-0000-000000000420,c1000000-0000-0000-0000-000000000042,c1000000-0000-0000-0000-000000000137,DIRECT_TRANSFER,1,1180.15,2026-01-18T14:52:13+00:00,2026-01-18T14:52:13+00:00,False,0.05
c2000000-0000-0000-0000-000000000421,c1000000-0000-0000-0000-000000000071,c1000000-0000-0000-0000-000000000136,DIRECT_TRANSFER,2,1846.5,2026-01-18T14:54:28+00:00,2026-01-29T15:53:28+00:00,False,0.05
c2000000-0000-0000-0000-000000000422,c1000000-0000-0000-0000-000000000012,c1000000-0000-0000-0000-000000000137,DIRECT_TRANSFER,1,1318.2,2026-01-18T14:56:35+00:00,2026-01-18T14:56:35+00:00,False,0.05
c2000000-0000-0000-0000-000000000423,c1000000-0000-0000-0000-000000000089,c1000000-0000-0000-0000-000000000009,DIRECT_TRANSFER,1,1707.07,2026-01-18T15:00:16+00:00,2026-01-18T15:00:16+00:00,False,0.05
c2000000-0000-0000-0000-000000000424,c1000000-0000-0000-0000-000000000072,c1000000-0000-0000-0000-000000000122,DIRECT_TRANSFER,1,5398.02,2026-01-18T15:08:12+00:00,2026-01-18T15:08:12+00:00,False,0.05
c2000000-0000-0000-0000-000000000425,c1000000-0000-0000-0000-000000000036,c1000000-0000-0000-0000-000000000055,DIRECT_TRANSFER,1,1488.93,2026-01-18T15:09:04+00:00,2026-01-18T15:09:04+00:00,False,0.05
c2000000-0000-0000-0000-000000000426,c1000000-0000-0000-0000-000000000016,c1000000-0000-0000-0000-000000000012,DIRECT_TRANSFER,1,877.75,2026-01-18T15:19:29+00:00,2026-01-18T15:19:29+00:00,False,0.05
c2000000-0000-0000-0000-000000000427,c1000000-0000-0000-0000-000000000084,c1000000-0000-0000-0000-000000000125,DIRECT_TRANSFER,1,1520.93,2026-01-18T15:21:27+00:00,2026-01-18T15:21:27+00:00,False,0.05
c2000000-0000-0000-0000-000000000428,c1000000-0000-0000-0000-000000000064,c1000000-0000-0000-0000-000000000074,DIRECT_TRANSFER,1,917.59,2026-01-18T15:29:32+00:00,2026-01-18T15:29:32+00:00,False,0.05
c2000000-0000-0000-0000-000000000429,c1000000-0000-0000-0000-000000000108,c1000000-0000-0000-0000-000000000083,DIRECT_TRANSFER,1,5897.13,2026-01-18T15:31:57+00:00,2026-01-18T15:31:57+00:00,False,0.05
c2000000-0000-0000-0000-000000000430,c1000000-0000-0000-0000-000000000091,c1000000-0000-0000-0000-000000000028,DIRECT_TRANSFER,1,1084.87,2026-01-18T15:37:27+00:00,2026-01-18T15:37:27+00:00,False,0.05
c2000000-0000-0000-0000-000000000431,c1000000-0000-0000-0000-000000000126,c1000000-0000-0000-0000-000000000023,DIRECT_TRANSFER,1,5994.21,2026-01-18T15:40:34+00:00,2026-01-18T15:40:34+00:00,False,0.05
c2000000-0000-0000-0000-000000000432,c1000000-0000-0000-0000-000000000002,c1000000-0000-0000-0000-000000000048,DIRECT_TRANSFER,1,4215.87,2026-01-18T15:40:38+00:00,2026-01-18T15:40:38+00:00,False,0.05
c2000000-0000-0000-0000-000000000433,c1000000-0000-0000-0000-000000000009,c1000000-0000-0000-0000-000000000137,DIRECT_TRANSFER,2,1563.06,2026-01-18T15:46:44+00:00,2026-01-19T08:14:48+00:00,False,0.05
c2000000-0000-0000-0000-000000000434,c1000000-0000-0000-0000-000000000113,c1000000-0000-0000-0000-000000000027,DIRECT_TRANSFER,1,8296.32,2026-01-18T15:55:07+00:00,2026-01-18T15:55:07+00:00,False,0.05
c2000000-0000-0000-0000-000000000435,c1000000-0000-0000-0000-000000000080,c1000000-0000-0000-0000-000000000079,DIRECT_TRANSFER,1,1256.87,2026-01-18T15:56:09+00:00,2026-01-18T15:56:09+00:00,False,0.05
c2000000-0000-0000-0000-000000000436,c1000000-0000-0000-0000-000000000072,c1000000-0000-0000-0000-000000000055,DIRECT_TRANSFER,1,4321.39,2026-01-18T16:11:35+00:00,2026-01-18T16:11:35+00:00,False,0.05
c2000000-0000-0000-0000-000000000437,c1000000-0000-0000-0000-000000000130,c1000000-0000-0000-0000-000000000054,DIRECT_TRANSFER,2,6520.57,2026-01-18T16:18:40+00:00,2026-01-30T12:01:01+00:00,False,0.05
c2000000-0000-0000-0000-000000000438,c1000000-0000-0000-0000-000000000035,c1000000-0000-0000-0000-000000000141,DIRECT_TRANSFER,1,2661.01,2026-01-18T16:32:07+00:00,2026-01-18T16:32:07+00:00,False,0.05
c2000000-0000-0000-0000-000000000439,c1000000-0000-0000-0000-000000000022,c1000000-0000-0000-0000-000000000140,DIRECT_TRANSFER,1,1221.12,2026-01-18T16:36:00+00:00,2026-01-18T16:36:00+00:00,False,0.05
c2000000-0000-0000-0000-000000000440,c1000000-0000-0000-0000-000000000074,c1000000-0000-0000-0000-000000000135,DIRECT_TRANSFER,3,2374.52,2026-01-18T16:36:57+00:00,2026-01-23T11:37:00+00:00,False,0.05
c2000000-0000-0000-0000-000000000441,c1000000-0000-0000-0000-000000000124,c1000000-0000-0000-0000-000000000073,DIRECT_TRANSFER,1,2278.92,2026-01-18T17:01:45+00:00,2026-01-18T17:01:45+00:00,False,0.05
c2000000-0000-0000-0000-000000000442,c1000000-0000-0000-0000-000000000127,c1000000-0000-0000-0000-000000000013,DIRECT_TRANSFER,1,1771.37,2026-01-18T17:03:09+00:00,2026-01-18T17:03:09+00:00,False,0.05
c2000000-0000-0000-0000-000000000443,c1000000-0000-0000-0000-000000000024,c1000000-0000-0000-0000-000000000117,DIRECT_TRANSFER,1,2944.89,2026-01-18T17:06:51+00:00,2026-01-18T17:06:51+00:00,False,0.05
c2000000-0000-0000-0000-000000000444,c1000000-0000-0000-0000-000000000059,c1000000-0000-0000-0000-000000000081,DIRECT_TRANSFER,1,941.87,2026-01-18T17:07:22+00:00,2026-01-18T17:07:22+00:00,False,0.05
c2000000-0000-0000-0000-000000000445,c1000000-0000-0000-0000-000000000052,c1000000-0000-0000-0000-000000000019,DIRECT_TRANSFER,1,2858.45,2026-01-18T17:30:02+00:00,2026-01-18T17:30:02+00:00,False,0.05
c2000000-0000-0000-0000-000000000446,c1000000-0000-0000-0000-000000000116,c1000000-0000-0000-0000-000000000016,DIRECT_TRANSFER,1,3147.15,2026-01-18T17:37:05+00:00,2026-01-18T17:37:05+00:00,False,0.05
c2000000-0000-0000-0000-000000000447,c1000000-0000-0000-0000-000000000109,c1000000-0000-0000-0000-000000000014,DIRECT_TRANSFER,1,6064.15,2026-01-18T17:37:37+00:00,2026-01-18T17:37:37+00:00,False,0.05
c2000000-0000-0000-0000-000000000448,c1000000-0000-0000-0000-000000000099,c1000000-0000-0000-0000-000000000032,DIRECT_TRANSFER,1,3027.69,2026-01-18T17:40:58+00:00,2026-01-18T17:40:58+00:00,False,0.05
c2000000-0000-0000-0000-000000000449,c1000000-0000-0000-0000-000000000055,c1000000-0000-0000-0000-000000000041,DIRECT_TRANSFER,1,3601.63,2026-01-18T17:46:24+00:00,2026-01-18T17:46:24+00:00,False,0.05
c2000000-0000-0000-0000-000000000450,c1000000-0000-0000-0000-000000000036,c1000000-0000-0000-0000-000000000102,DIRECT_TRANSFER,1,1889.62,2026-01-18T17:50:15+00:00,2026-01-18T17:50:15+00:00,False,0.05
c2000000-0000-0000-0000-000000000451,c1000000-0000-0000-0000-000000000127,c1000000-0000-0000-0000-000000000098,DIRECT_TRANSFER,1,1435.68,2026-01-18T17:54:31+00:00,2026-01-18T17:54:31+00:00,False,0.05
c2000000-0000-0000-0000-000000000452,c1000000-0000-0000-0000-000000000023,c1000000-0000-0000-0000-000000000024,DIRECT_TRANSFER,1,1217.17,2026-01-18T17:54:51+00:00,2026-01-18T17:54:51+00:00,False,0.05
c2000000-0000-0000-0000-000000000453,c1000000-0000-0000-0000-000000000077,c1000000-0000-0000-0000-000000000137,DIRECT_TRANSFER,1,2525.86,2026-01-18T18:05:15+00:00,2026-01-18T18:05:15+00:00,False,0.05
c2000000-0000-0000-0000-000000000454,c1000000-0000-0000-0000-000000000041,c1000000-0000-0000-0000-000000000104,DIRECT_TRANSFER,1,1889.7,2026-01-18T18:08:15+00:00,2026-01-18T18:08:15+00:00,False,0.05
c2000000-0000-0000-0000-000000000455,c1000000-0000-0000-0000-000000000056,c1000000-0000-0000-0000-000000000139,DIRECT_TRANSFER,1,239.04,2026-01-18T18:11:11+00:00,2026-01-18T18:11:11+00:00,False,0.05
c2000000-0000-0000-0000-000000000456,c1000000-0000-0000-0000-000000000102,c1000000-0000-0000-0000-000000000133,DIRECT_TRANSFER,3,3312.31,2026-01-18T18:15:17+00:00,2026-01-25T14:33:59+00:00,False,0.05
c2000000-0000-0000-0000-000000000457,c1000000-0000-0000-0000-000000000082,c1000000-0000-0000-0000-000000000134,DIRECT_TRANSFER,2,4167.45,2026-01-18T18:26:24+00:00,2026-01-29T21:44:27+00:00,False,0.05
c2000000-0000-0000-0000-000000000458,c1000000-0000-0000-0000-000000000036,c1000000-0000-0000-0000-000000000134,DIRECT_TRANSFER,1,1095.22,2026-01-18T18:34:34+00:00,2026-01-18T18:34:34+00:00,False,0.05
c2000000-0000-0000-0000-000000000459,c1000000-0000-0000-0000-000000000083,c1000000-0000-0000-0000-000000000139,DIRECT_TRANSFER,1,3098.77,2026-01-18T18:39:02+00:00,2026-01-18T18:39:02+00:00,False,0.05
c2000000-0000-0000-0000-000000000460,c1000000-0000-0000-0000-000000000076,c1000000-0000-0000-0000-000000000034,DIRECT_TRANSFER,1,4144.94,2026-01-18T18:40:41+00:00,2026-01-18T18:40:41+00:00,False,0.05
c2000000-0000-0000-0000-000000000461,c1000000-0000-0000-0000-000000000058,c1000000-0000-0000-0000-000000000010,DIRECT_TRANSFER,1,3636.54,2026-01-18T18:48:43+00:00,2026-01-18T18:48:43+00:00,False,0.05
c2000000-0000-0000-0000-000000000462,c1000000-0000-0000-0000-000000000031,c1000000-0000-0000-0000-000000000140,DIRECT_TRANSFER,2,3451.99,2026-01-18T18:55:59+00:00,2026-01-24T19:14:29+00:00,False,0.05
c2000000-0000-0000-0000-000000000463,c1000000-0000-0000-0000-000000000081,c1000000-0000-0000-0000-000000000141,DIRECT_TRANSFER,1,2574.28,2026-01-18T18:56:51+00:00,2026-01-18T18:56:51+00:00,False,0.05
c2000000-0000-0000-0000-000000000464,c1000000-0000-0000-0000-000000000094,c1000000-0000-0000-0000-000000000054,DIRECT_TRANSFER,1,4367.14,2026-01-18T19:00:03+00:00,2026-01-18T19:00:03+00:00,False,0.05
c2000000-0000-0000-0000-000000000465,c1000000-0000-0000-0000-000000000045,c1000000-0000-0000-0000-000000000141,DIRECT_TRANSFER,1,1727.53,2026-01-18T19:00:10+00:00,2026-01-18T19:00:10+00:00,False,0.05
c2000000-0000-0000-0000-000000000466,c1000000-0000-0000-0000-000000000022,c1000000-0000-0000-0000-000000000125,DIRECT_TRANSFER,1,7173.15,2026-01-18T19:01:27+00:00,2026-01-18T19:01:27+00:00,False,0.05
c2000000-0000-0000-0000-000000000467,c1000000-0000-0000-0000-000000000051,c1000000-0000-0000-0000-000000000041,DIRECT_TRANSFER,1,1453.23,2026-01-18T19:12:30+00:00,2026-01-18T19:12:30+00:00,False,0.05
c2000000-0000-0000-0000-000000000468,c1000000-0000-0000-0000-000000000132,c1000000-0000-0000-0000-000000000089,DIRECT_TRANSFER,1,1622.43,2026-01-18T19:13:28+00:00,2026-01-18T19:13:28+00:00,False,0.05
c2000000-0000-0000-0000-000000000469,c1000000-0000-0000-0000-000000000012,c1000000-0000-0000-0000-000000000001,DIRECT_TRANSFER,1,4254.73,2026-01-18T19:24:20+00:00,2026-01-18T19:24:20+00:00,False,0.05
c2000000-0000-0000-0000-000000000470,c1000000-0000-0000-0000-000000000025,c1000000-0000-0000-0000-000000000140,DIRECT_TRANSFER,1,794.74,2026-01-18T19:26:38+00:00,2026-01-18T19:26:38+00:00,False,0.05
c2000000-0000-0000-0000-000000000471,c1000000-0000-0000-0000-000000000117,c1000000-0000-0000-0000-000000000009,DIRECT_TRANSFER,1,8161.1,2026-01-18T19:29:40+00:00,2026-01-18T19:29:40+00:00,False,0.05
c2000000-0000-0000-0000-000000000472,c1000000-0000-0000-0000-000000000099,c1000000-0000-0000-0000-000000000124,DIRECT_TRANSFER,1,742.87,2026-01-18T19:36:25+00:00,2026-01-18T19:36:25+00:00,False,0.05
c2000000-0000-0000-0000-000000000473,c1000000-0000-0000-0000-000000000115,c1000000-0000-0000-0000-000000000005,DIRECT_TRANSFER,1,5047.59,2026-01-18T19:53:41+00:00,2026-01-18T19:53:41+00:00,False,0.05
c2000000-0000-0000-0000-000000000474,c1000000-0000-0000-0000-000000000063,c1000000-0000-0000-0000-000000000042,DIRECT_TRANSFER,1,2702.41,2026-01-18T19:59:56+00:00,2026-01-18T19:59:56+00:00,False,0.05
c2000000-0000-0000-0000-000000000475,c1000000-0000-0000-0000-000000000093,c1000000-0000-0000-0000-000000000134,DIRECT_TRANSFER,1,846.63,2026-01-18T20:06:57+00:00,2026-01-18T20:06:57+00:00,False,0.05
c2000000-0000-0000-0000-000000000476,c1000000-0000-0000-0000-000000000076,c1000000-0000-0000-0000-000000000083,DIRECT_TRANSFER,1,3481.86,2026-01-18T20:09:34+00:00,2026-01-18T20:09:34+00:00,False,0.05
c2000000-0000-0000-0000-000000000477,c1000000-0000-0000-0000-000000000035,c1000000-0000-0000-0000-000000000020,DIRECT_TRANSFER,1,1834.0,2026-01-18T20:15:45+00:00,2026-01-18T20:15:45+00:00,False,0.05
c2000000-0000-0000-0000-000000000478,c1000000-0000-0000-0000-000000000024,c1000000-0000-0000-0000-000000000057,DIRECT_TRANSFER,1,2130.03,2026-01-18T20:17:06+00:00,2026-01-18T20:17:06+00:00,False,0.05
c2000000-0000-0000-0000-000000000479,c1000000-0000-0000-0000-000000000077,c1000000-0000-0000-0000-000000000140,DIRECT_TRANSFER,2,4389.15,2026-01-18T20:24:04+00:00,2026-01-30T15:40:24+00:00,False,0.05
c2000000-0000-0000-0000-000000000480,c1000000-0000-0000-0000-000000000014,c1000000-0000-0000-0000-000000000140,DIRECT_TRANSFER,1,578.96,2026-01-18T20:39:14+00:00,2026-01-18T20:39:14+00:00,False,0.05
c2000000-0000-0000-0000-000000000481,c1000000-0000-0000-0000-000000000101,c1000000-0000-0000-0000-000000000139,DIRECT_TRANSFER,3,2058.32,2026-01-18T20:44:39+00:00,2026-01-30T13:23:51+00:00,False,0.05
c2000000-0000-0000-0000-000000000482,c1000000-0000-0000-0000-000000000101,c1000000-0000-0000-0000-000000000140,DIRECT_TRANSFER,1,1199.3,2026-01-18T20:45:22+00:00,2026-01-18T20:45:22+00:00,False,0.05
c2000000-0000-0000-0000-000000000483,c1000000-0000-0000-0000-000000000089,c1000000-0000-0000-0000-000000000038,DIRECT_TRANSFER,1,747.6,2026-01-18T21:11:24+00:00,2026-01-18T21:11:24+00:00,False,0.05
c2000000-0000-0000-0000-000000000484,c1000000-0000-0000-0000-000000000096,c1000000-0000-0000-0000-000000000057,DIRECT_TRANSFER,1,3528.33,2026-01-18T21:14:08+00:00,2026-01-18T21:14:08+00:00,False,0.05
c2000000-0000-0000-0000-000000000485,c1000000-0000-0000-0000-000000000051,c1000000-0000-0000-0000-000000000121,DIRECT_TRANSFER,1,1566.29,2026-01-18T21:15:48+00:00,2026-01-18T21:15:48+00:00,False,0.05
c2000000-0000-0000-0000-000000000486,c1000000-0000-0000-0000-000000000050,c1000000-0000-0000-0000-000000000101,DIRECT_TRANSFER,2,2494.51,2026-01-18T21:24:00+00:00,2026-01-23T09:01:54+00:00,False,0.05
c2000000-0000-0000-0000-000000000487,c1000000-0000-0000-0000-000000000117,c1000000-0000-0000-0000-000000000059,DIRECT_TRANSFER,1,9770.99,2026-01-18T21:33:26+00:00,2026-01-18T21:33:26+00:00,False,0.05
c2000000-0000-0000-0000-000000000488,c1000000-0000-0000-0000-000000000053,c1000000-0000-0000-0000-000000000034,DIRECT_TRANSFER,1,1847.09,2026-01-18T21:34:56+00:00,2026-01-18T21:34:56+00:00,False,0.05
c2000000-0000-0000-0000-000000000489,c1000000-0000-0000-0000-000000000102,c1000000-0000-0000-0000-000000000138,DIRECT_TRANSFER,2,2389.98,2026-01-18T21:44:26+00:00,2026-01-26T20:29:36+00:00,False,0.05
c2000000-0000-0000-0000-000000000490,c1000000-0000-0000-0000-000000000022,c1000000-0000-0000-0000-000000000135,DIRECT_TRANSFER,1,2543.79,2026-01-18T21:45:39+00:00,2026-01-18T21:45:39+00:00,False,0.05
c2000000-0000-0000-0000-000000000491,c1000000-0000-0000-0000-000000000028,c1000000-0000-0000-0000-000000000138,DIRECT_TRANSFER,1,602.39,2026-01-18T21:45:44+00:00,2026-01-18T21:45:44+00:00,False,0.05
c2000000-0000-0000-0000-000000000492,c1000000-0000-0000-0000-000000000120,c1000000-0000-0000-0000-000000000070,DIRECT_TRANSFER,1,2966.88,2026-01-18T21:48:02+00:00,2026-01-18T21:48:02+00:00,False,0.05
c2000000-0000-0000-0000-000000000493,c1000000-0000-0000-0000-000000000070,c1000000-0000-0000-0000-000000000137,DIRECT_TRANSFER,1,50.0,2026-01-18T21:51:56+00:00,2026-01-18T21:51:56+00:00,False,0.05
c2000000-0000-0000-0000-000000000494,c1000000-0000-0000-0000-000000000070,c1000000-0000-0000-0000-000000000135,DIRECT_TRANSFER,2,4459.19,2026-01-18T21:53:36+00:00,2026-01-25T11:47:12+00:00,False,0.05
c2000000-0000-0000-0000-000000000495,c1000000-0000-0000-0000-000000000027,c1000000-0000-0000-0000-000000000122,DIRECT_TRANSFER,1,5051.95,2026-01-18T21:54:42+00:00,2026-01-18T21:54:42+00:00,False,0.05
c2000000-0000-0000-0000-000000000496,c1000000-0000-0000-0000-000000000110,c1000000-0000-0000-0000-000000000028,DIRECT_TRANSFER,1,7606.69,2026-01-19T08:14:14+00:00,2026-01-19T08:14:14+00:00,False,0.05
c2000000-0000-0000-0000-000000000497,c1000000-0000-0000-0000-000000000074,c1000000-0000-0000-0000-000000000101,DIRECT_TRANSFER,1,4349.15,2026-01-19T08:24:03+00:00,2026-01-19T08:24:03+00:00,False,0.05
c2000000-0000-0000-0000-000000000498,c1000000-0000-0000-0000-000000000022,c1000000-0000-0000-0000-000000000031,DIRECT_TRANSFER,1,531.48,2026-01-19T08:32:56+00:00,2026-01-19T08:32:56+00:00,False,0.05
c2000000-0000-0000-0000-000000000499,c1000000-0000-0000-0000-000000000106,c1000000-0000-0000-0000-000000000042,DIRECT_TRANSFER,1,7811.63,2026-01-19T08:34:12+00:00,2026-01-19T08:34:12+00:00,False,0.05
c2000000-0000-0000-0000-000000000500,c1000000-0000-0000-0000-000000000049,c1000000-0000-0000-0000-000000000134,DIRECT_TRANSFER,1,1819.21,2026-01-19T08:44:07+00:00,2026-01-19T08:44:07+00:00,False,0.05
c2000000-0000-0000-0000-000000000501,c1000000-0000-0000-0000-000000000130,c1000000-0000-0000-0000-000000000096,DIRECT_TRANSFER,1,6189.84,2026-01-19T08:45:55+00:00,2026-01-19T08:45:55+00:00,False,0.05
c2000000-0000-0000-0000-000000000502,c1000000-0000-0000-0000-000000000106,c1000000-0000-0000-0000-000000000044,DIRECT_TRANSFER,1,4196.25,2026-01-19T09:06:48+00:00,2026-01-19T09:06:48+00:00,False,0.05
c2000000-0000-0000-0000-000000000503,c1000000-0000-0000-0000-000000000016,c1000000-0000-0000-0000-000000000052,DIRECT_TRANSFER,1,1127.03,2026-01-19T09:16:39+00:00,2026-01-19T09:16:39+00:00,False,0.05
c2000000-0000-0000-0000-000000000504,c1000000-0000-0000-0000-000000000099,c1000000-0000-0000-0000-000000000030,DIRECT_TRANSFER,1,4113.37,2026-01-19T09:27:08+00:00,2026-01-19T09:27:08+00:00,False,0.05
c2000000-0000-0000-0000-000000000505,c1000000-0000-0000-0000-000000000129,c1000000-0000-0000-0000-000000000104,DIRECT_TRANSFER,1,6031.28,2026-01-19T09:30:08+00:00,2026-01-19T09:30:08+00:00,False,0.05
c2000000-0000-0000-0000-000000000506,c1000000-0000-0000-0000-000000000036,c1000000-0000-0000-0000-000000000137,DIRECT_TRANSFER,1,1914.83,2026-01-19T09:45:33+00:00,2026-01-19T09:45:33+00:00,False,0.05
c2000000-0000-0000-0000-000000000507,c1000000-0000-0000-0000-000000000043,c1000000-0000-0000-0000-000000000036,DIRECT_TRANSFER,1,416.51,2026-01-19T09:48:31+00:00,2026-01-19T09:48:31+00:00,False,0.05
c2000000-0000-0000-0000-000000000508,c1000000-0000-0000-0000-000000000016,c1000000-0000-0000-0000-000000000140,DIRECT_TRANSFER,1,2422.98,2026-01-19T09:54:31+00:00,2026-01-19T09:54:31+00:00,False,0.05
c2000000-0000-0000-0000-000000000509,c1000000-0000-0000-0000-000000000002,c1000000-0000-0000-0000-000000000110,DIRECT_TRANSFER,1,5475.16,2026-01-19T09:54:48+00:00,2026-01-19T09:54:48+00:00,False,0.05
c2000000-0000-0000-0000-000000000510,c1000000-0000-0000-0000-000000000039,c1000000-0000-0000-0000-000000000054,DIRECT_TRANSFER,1,432.47,2026-01-19T09:55:43+00:00,2026-01-19T09:55:43+00:00,False,0.05
c2000000-0000-0000-0000-000000000511,c1000000-0000-0000-0000-000000000077,c1000000-0000-0000-0000-000000000051,DIRECT_TRANSFER,1,2509.75,2026-01-19T10:07:02+00:00,2026-01-19T10:07:02+00:00,False,0.05
c2000000-0000-0000-0000-000000000512,c1000000-0000-0000-0000-000000000131,c1000000-0000-0000-0000-000000000005,DIRECT_TRANSFER,1,4376.73,2026-01-19T10:07:23+00:00,2026-01-19T10:07:23+00:00,False,0.05
c2000000-0000-0000-0000-000000000513,c1000000-0000-0000-0000-000000000059,c1000000-0000-0000-0000-000000000137,DIRECT_TRANSFER,2,5648.8,2026-01-19T10:07:25+00:00,2026-01-27T14:46:28+00:00,False,0.05
c2000000-0000-0000-0000-000000000514,c1000000-0000-0000-0000-000000000033,c1000000-0000-0000-0000-000000000025,DIRECT_TRANSFER,1,692.88,2026-01-19T10:10:11+00:00,2026-01-19T10:10:11+00:00,False,0.05
c2000000-0000-0000-0000-000000000515,c1000000-0000-0000-0000-000000000073,c1000000-0000-0000-0000-000000000140,DIRECT_TRANSFER,2,686.83,2026-01-19T10:12:21+00:00,2026-01-21T17:23:02+00:00,False,0.05
c2000000-0000-0000-0000-000000000516,c1000000-0000-0000-0000-000000000051,c1000000-0000-0000-0000-000000000138,DIRECT_TRANSFER,1,1681.61,2026-01-19T10:29:32+00:00,2026-01-19T10:29:32+00:00,False,0.05
c2000000-0000-0000-0000-000000000517,c1000000-0000-0000-0000-000000000125,c1000000-0000-0000-0000-000000000004,DIRECT_TRANSFER,1,8763.18,2026-01-19T10:39:24+00:00,2026-01-19T10:39:24+00:00,False,0.05
c2000000-0000-0000-0000-000000000518,c1000000-0000-0000-0000-000000000052,c1000000-0000-0000-0000-000000000139,DIRECT_TRANSFER,1,3094.25,2026-01-19T10:39:27+00:00,2026-01-19T10:39:27+00:00,False,0.05
c2000000-0000-0000-0000-000000000519,c1000000-0000-0000-0000-000000000074,c1000000-0000-0000-0000-000000000019,DIRECT_TRANSFER,1,440.42,2026-01-19T10:40:32+00:00,2026-01-19T10:40:32+00:00,False,0.05
c2000000-0000-0000-0000-000000000520,c1000000-0000-0000-0000-000000000032,c1000000-0000-0000-0000-000000000133,DIRECT_TRANSFER,1,540.05,2026-01-19T10:41:53+00:00,2026-01-19T10:41:53+00:00,False,0.05
c2000000-0000-0000-0000-000000000521,c1000000-0000-0000-0000-000000000037,c1000000-0000-0000-0000-000000000081,DIRECT_TRANSFER,1,500.18,2026-01-19T10:42:41+00:00,2026-01-19T10:42:41+00:00,False,0.05
c2000000-0000-0000-0000-000000000522,c1000000-0000-0000-0000-000000000059,c1000000-0000-0000-0000-000000000078,DIRECT_TRANSFER,1,2739.56,2026-01-19T10:46:43+00:00,2026-01-19T10:46:43+00:00,False,0.05
c2000000-0000-0000-0000-000000000523,c1000000-0000-0000-0000-000000000123,c1000000-0000-0000-0000-000000000038,DIRECT_TRANSFER,1,9641.21,2026-01-19T10:47:25+00:00,2026-01-19T10:47:25+00:00,False,0.05
c2000000-0000-0000-0000-000000000524,c1000000-0000-0000-0000-000000000078,c1000000-0000-0000-0000-000000000093,DIRECT_TRANSFER,1,3712.91,2026-01-19T11:09:11+00:00,2026-01-19T11:09:11+00:00,False,0.05
c2000000-0000-0000-0000-000000000525,c1000000-0000-0000-0000-000000000107,c1000000-0000-0000-0000-000000000104,DIRECT_TRANSFER,1,8715.84,2026-01-19T11:09:33+00:00,2026-01-19T11:09:33+00:00,False,0.05
c2000000-0000-0000-0000-000000000526,c1000000-0000-0000-0000-000000000115,c1000000-0000-0000-0000-000000000088,DIRECT_TRANSFER,1,3255.05,2026-01-19T11:17:48+00:00,2026-01-19T11:17:48+00:00,False,0.05
c2000000-0000-0000-0000-000000000527,c1000000-0000-0000-0000-000000000021,c1000000-0000-0000-0000-000000000133,DIRECT_TRANSFER,2,2419.82,2026-01-19T11:22:45+00:00,2026-01-25T09:30:53+00:00,False,0.05
c2000000-0000-0000-0000-000000000528,c1000000-0000-0000-0000-000000000062,c1000000-0000-0000-0000-000000000135,DIRECT_TRANSFER,1,50.0,2026-01-19T11:28:38+00:00,2026-01-19T11:28:38+00:00,False,0.05
c2000000-0000-0000-0000-000000000529,c1000000-0000-0000-0000-000000000120,c1000000-0000-0000-0000-000000000029,DIRECT_TRANSFER,1,9203.38,2026-01-19T11:39:55+00:00,2026-01-19T11:39:55+00:00,False,0.05
c2000000-0000-0000-0000-000000000530,c1000000-0000-0000-0000-000000000039,c1000000-0000-0000-0000-000000000139,DIRECT_TRANSFER,1,2168.08,2026-01-19T11:44:43+00:00,2026-01-19T11:44:43+00:00,False,0.05
c2000000-0000-0000-0000-000000000531,c1000000-0000-0000-0000-000000000072,c1000000-0000-0000-0000-000000000133,DIRECT_TRANSFER,2,809.97,2026-01-19T11:48:39+00:00,2026-01-30T11:15:03+00:00,False,0.05
c2000000-0000-0000-0000-000000000532,c1000000-0000-0000-0000-000000000008,c1000000-0000-0000-0000-000000000033,DIRECT_TRANSFER,1,342.21,2026-01-19T11:56:53+00:00,2026-01-19T11:56:53+00:00,False,0.05
c2000000-0000-0000-0000-000000000533,c1000000-0000-0000-0000-000000000026,c1000000-0000-0000-0000-000000000079,DIRECT_TRANSFER,1,1058.92,2026-01-19T12:07:50+00:00,2026-01-19T12:07:50+00:00,False,0.05
c2000000-0000-0000-0000-000000000534,c1000000-0000-0000-0000-000000000129,c1000000-0000-0000-0000-000000000045,DIRECT_TRANSFER,1,2905.63,2026-01-19T12:13:47+00:00,2026-01-19T12:13:47+00:00,False,0.05
c2000000-0000-0000-0000-000000000535,c1000000-0000-0000-0000-000000000124,c1000000-0000-0000-0000-000000000098,DIRECT_TRANSFER,1,2425.92,2026-01-19T12:13:48+00:00,2026-01-19T12:13:48+00:00,False,0.05
c2000000-0000-0000-0000-000000000536,c1000000-0000-0000-0000-000000000068,c1000000-0000-0000-0000-000000000138,DIRECT_TRANSFER,3,2024.33,2026-01-19T12:29:46+00:00,2026-01-26T21:56:41+00:00,False,0.05
c2000000-0000-0000-0000-000000000537,c1000000-0000-0000-0000-000000000119,c1000000-0000-0000-0000-000000000014,DIRECT_TRANSFER,1,5604.26,2026-01-19T12:39:38+00:00,2026-01-19T12:39:38+00:00,False,0.05
c2000000-0000-0000-0000-000000000538,c1000000-0000-0000-0000-000000000038,c1000000-0000-0000-0000-000000000137,DIRECT_TRANSFER,1,1566.05,2026-01-19T12:41:14+00:00,2026-01-19T12:41:14+00:00,False,0.05
c2000000-0000-0000-0000-000000000539,c1000000-0000-0000-0000-000000000100,c1000000-0000-0000-0000-000000000141,DIRECT_TRANSFER,2,3749.97,2026-01-19T12:45:32+00:00,2026-01-22T16:42:53+00:00,False,0.05
c2000000-0000-0000-0000-000000000540,c1000000-0000-0000-0000-000000000094,c1000000-0000-0000-0000-000000000043,DIRECT_TRANSFER,1,3974.91,2026-01-19T12:53:23+00:00,2026-01-19T12:53:23+00:00,False,0.05
c2000000-0000-0000-0000-000000000541,c1000000-0000-0000-0000-000000000041,c1000000-0000-0000-0000-000000000141,DIRECT_TRANSFER,3,3684.42,2026-01-19T12:53:44+00:00,2026-01-28T09:48:11+00:00,False,0.05
c2000000-0000-0000-0000-000000000542,c1000000-0000-0000-0000-000000000095,c1000000-0000-0000-0000-000000000133,DIRECT_TRANSFER,1,1928.22,2026-01-19T12:58:26+00:00,2026-01-19T12:58:26+00:00,False,0.05
c2000000-0000-0000-0000-000000000543,c1000000-0000-0000-0000-000000000075,c1000000-0000-0000-0000-000000000137,DIRECT_TRANSFER,1,946.97,2026-01-19T13:06:09+00:00,2026-01-19T13:06:09+00:00,False,0.05
c2000000-0000-0000-0000-000000000544,c1000000-0000-0000-0000-000000000018,c1000000-0000-0000-0000-000000000119,DIRECT_TRANSFER,1,5018.93,2026-01-19T13:18:28+00:00,2026-01-19T13:18:28+00:00,False,0.05
c2000000-0000-0000-0000-000000000545,c1000000-0000-0000-0000-000000000078,c1000000-0000-0000-0000-000000000090,DIRECT_TRANSFER,1,3478.21,2026-01-19T13:32:56+00:00,2026-01-19T13:32:56+00:00,False,0.05
c2000000-0000-0000-0000-000000000546,c1000000-0000-0000-0000-000000000014,c1000000-0000-0000-0000-000000000135,DIRECT_TRANSFER,2,3674.84,2026-01-19T13:49:19+00:00,2026-01-26T18:19:55+00:00,False,0.05
c2000000-0000-0000-0000-000000000547,c1000000-0000-0000-0000-000000000035,c1000000-0000-0000-0000-000000000134,DIRECT_TRANSFER,1,100.0,2026-01-19T13:57:28+00:00,2026-01-19T13:57:28+00:00,False,0.05
c2000000-0000-0000-0000-000000000548,c1000000-0000-0000-0000-000000000025,c1000000-0000-0000-0000-000000000022,DIRECT_TRANSFER,1,4276.76,2026-01-19T13:57:31+00:00,2026-01-19T13:57:31+00:00,False,0.05
c2000000-0000-0000-0000-000000000549,c1000000-0000-0000-0000-000000000101,c1000000-0000-0000-0000-000000000088,DIRECT_TRANSFER,1,1495.81,2026-01-19T13:59:32+00:00,2026-01-19T13:59:32+00:00,False,0.05
c2000000-0000-0000-0000-000000000550,c1000000-0000-0000-0000-000000000028,c1000000-0000-0000-0000-000000000086,DIRECT_TRANSFER,1,1627.1,2026-01-19T14:05:22+00:00,2026-01-19T14:05:22+00:00,False,0.05
c2000000-0000-0000-0000-000000000551,c1000000-0000-0000-0000-000000000067,c1000000-0000-0000-0000-000000000065,DIRECT_TRANSFER,1,3142.78,2026-01-19T14:08:06+00:00,2026-01-19T14:08:06+00:00,False,0.05
c2000000-0000-0000-0000-000000000552,c1000000-0000-0000-0000-000000000101,c1000000-0000-0000-0000-000000000029,DIRECT_TRANSFER,1,3262.46,2026-01-19T14:10:00+00:00,2026-01-19T14:10:00+00:00,False,0.05
c2000000-0000-0000-0000-000000000553,c1000000-0000-0000-0000-000000000021,c1000000-0000-0000-0000-000000000076,DIRECT_TRANSFER,1,3837.86,2026-01-19T14:17:35+00:00,2026-01-19T14:17:35+00:00,False,0.05
c2000000-0000-0000-0000-000000000554,c1000000-0000-0000-0000-000000000001,c1000000-0000-0000-0000-000000000134,DIRECT_TRANSFER,1,2564.94,2026-01-19T14:26:02+00:00,2026-01-19T14:26:02+00:00,False,0.05
c2000000-0000-0000-0000-000000000555,c1000000-0000-0000-0000-000000000084,c1000000-0000-0000-0000-000000000010,DIRECT_TRANSFER,1,2421.65,2026-01-19T14:41:24+00:00,2026-01-19T14:41:24+00:00,False,0.05
c2000000-0000-0000-0000-000000000556,c1000000-0000-0000-0000-000000000129,c1000000-0000-0000-0000-000000000004,DIRECT_TRANSFER,1,6898.61,2026-01-19T14:42:20+00:00,2026-01-19T14:42:20+00:00,False,0.05
c2000000-0000-0000-0000-000000000557,c1000000-0000-0000-0000-000000000005,c1000000-0000-0000-0000-000000000072,DIRECT_TRANSFER,1,1320.65,2026-01-19T14:49:37+00:00,2026-01-19T14:49:37+00:00,False,0.05
c2000000-0000-0000-0000-000000000558,c1000000-0000-0000-0000-000000000034,c1000000-0000-0000-0000-000000000076,DIRECT_TRANSFER,1,1464.42,2026-01-19T14:50:56+00:00,2026-01-19T14:50:56+00:00,False,0.05
c2000000-0000-0000-0000-000000000559,c1000000-0000-0000-0000-000000000121,c1000000-0000-0000-0000-000000000087,DIRECT_TRANSFER,1,5309.33,2026-01-19T14:51:21+00:00,2026-01-19T14:51:21+00:00,False,0.05
c2000000-0000-0000-0000-000000000560,c1000000-0000-0000-0000-000000000050,c1000000-0000-0000-0000-000000000114,DIRECT_TRANSFER,1,4551.78,2026-01-19T14:58:50+00:00,2026-01-19T14:58:50+00:00,False,0.05
c2000000-0000-0000-0000-000000000561,c1000000-0000-0000-0000-000000000075,c1000000-0000-0000-0000-000000000134,DIRECT_TRANSFER,1,1590.27,2026-01-19T15:03:55+00:00,2026-01-19T15:03:55+00:00,False,0.05
c2000000-0000-0000-0000-000000000562,c1000000-0000-0000-0000-000000000023,c1000000-0000-0000-0000-000000000096,DIRECT_TRANSFER,1,2409.54,2026-01-19T15:11:43+00:00,2026-01-19T15:11:43+00:00,False,0.05
c2000000-0000-0000-0000-000000000563,c1000000-0000-0000-0000-000000000118,c1000000-0000-0000-0000-000000000020,DIRECT_TRANSFER,1,8551.3,2026-01-19T15:22:42+00:00,2026-01-19T15:22:42+00:00,False,0.05
c2000000-0000-0000-0000-000000000564,c1000000-0000-0000-0000-000000000003,c1000000-0000-0000-0000-000000000139,DIRECT_TRANSFER,1,2203.56,2026-01-19T15:40:25+00:00,2026-01-19T15:40:25+00:00,False,0.05
c2000000-0000-0000-0000-000000000565,c1000000-0000-0000-0000-000000000051,c1000000-0000-0000-0000-000000000029,DIRECT_TRANSFER,1,4033.18,2026-01-19T15:41:49+00:00,2026-01-19T15:41:49+00:00,False,0.05
c2000000-0000-0000-0000-000000000566,c1000000-0000-0000-0000-000000000020,c1000000-0000-0000-0000-000000000043,DIRECT_TRANSFER,1,2766.59,2026-01-19T15:45:59+00:00,2026-01-19T15:45:59+00:00,False,0.05
c2000000-0000-0000-0000-000000000567,c1000000-0000-0000-0000-000000000077,c1000000-0000-0000-0000-000000000133,DIRECT_TRANSFER,1,832.5,2026-01-19T15:58:08+00:00,2026-01-19T15:58:08+00:00,False,0.05
c2000000-0000-0000-0000-000000000568,c1000000-0000-0000-0000-000000000053,c1000000-0000-0000-0000-000000000058,DIRECT_TRANSFER,1,397.68,2026-01-19T15:58:31+00:00,2026-01-19T15:58:31+00:00,False,0.05
c2000000-0000-0000-0000-000000000569,c1000000-0000-0000-0000-000000000086,c1000000-0000-0000-0000-000000000081,DIRECT_TRANSFER,1,3526.4,2026-01-19T16:00:40+00:00,2026-01-19T16:00:40+00:00,False,0.05
c2000000-0000-0000-0000-000000000570,c1000000-0000-0000-0000-000000000045,c1000000-0000-0000-0000-000000000121,DIRECT_TRANSFER,1,6444.93,2026-01-19T16:25:22+00:00,2026-01-19T16:25:22+00:00,False,0.05
c2000000-0000-0000-0000-000000000571,c1000000-0000-0000-0000-000000000090,c1000000-0000-0000-0000-000000000122,DIRECT_TRANSFER,1,3717.17,2026-01-19T16:26:23+00:00,2026-01-19T16:26:23+00:00,False,0.05
c2000000-0000-0000-0000-000000000572,c1000000-0000-0000-0000-000000000107,c1000000-0000-0000-0000-000000000022,DIRECT_TRANSFER,1,5431.8,2026-01-19T16:33:23+00:00,2026-01-19T16:33:23+00:00,False,0.05
c2000000-0000-0000-0000-000000000573,c1000000-0000-0000-0000-000000000091,c1000000-0000-0000-0000-000000000134,DIRECT_TRANSFER,1,2470.36,2026-01-19T16:34:44+00:00,2026-01-19T16:34:44+00:00,False,0.05
c2000000-0000-0000-0000-000000000574,c1000000-0000-0000-0000-000000000056,c1000000-0000-0000-0000-000000000140,DIRECT_TRANSFER,1,2969.33,2026-01-19T16:47:03+00:00,2026-01-19T16:47:03+00:00,False,0.05
c2000000-0000-0000-0000-000000000575,c1000000-0000-0000-0000-000000000115,c1000000-0000-0000-0000-000000000089,DIRECT_TRANSFER,1,6980.44,2026-01-19T16:50:50+00:00,2026-01-19T16:50:50+00:00,False,0.05
c2000000-0000-0000-0000-000000000576,c1000000-0000-0000-0000-000000000103,c1000000-0000-0000-0000-000000000066,DIRECT_TRANSFER,1,2115.89,2026-01-19T16:52:49+00:00,2026-01-19T16:52:49+00:00,False,0.05
c2000000-0000-0000-0000-000000000577,c1000000-0000-0000-0000-000000000061,c1000000-0000-0000-0000-000000000059,DIRECT_TRANSFER,1,3990.67,2026-01-19T16:58:50+00:00,2026-01-19T16:58:50+00:00,False,0.05
c2000000-0000-0000-0000-000000000578,c1000000-0000-0000-0000-000000000079,c1000000-0000-0000-0000-000000000133,DIRECT_TRANSFER,1,2827.15,2026-01-19T17:06:11+00:00,2026-01-19T17:06:11+00:00,False,0.05
c2000000-0000-0000-0000-000000000579,c1000000-0000-0000-0000-000000000099,c1000000-0000-0000-0000-000000000135,DIRECT_TRANSFER,1,2050.8,2026-01-19T17:09:50+00:00,2026-01-19T17:09:50+00:00,False,0.05
c2000000-0000-0000-0000-000000000580,c1000000-0000-0000-0000-000000000088,c1000000-0000-0000-0000-000000000051,DIRECT_TRANSFER,1,3446.38,2026-01-19T17:23:39+00:00,2026-01-19T17:23:39+00:00,False,0.05
c2000000-0000-0000-0000-000000000581,c1000000-0000-0000-0000-000000000049,c1000000-0000-0000-0000-000000000136,DIRECT_TRANSFER,2,2842.51,2026-01-19T17:33:07+00:00,2026-01-20T20:15:35+00:00,False,0.05
c2000000-0000-0000-0000-000000000582,c1000000-0000-0000-0000-000000000034,c1000000-0000-0000-0000-000000000097,DIRECT_TRANSFER,1,3772.74,2026-01-19T17:35:22+00:00,2026-01-19T17:35:22+00:00,False,0.05
c2000000-0000-0000-0000-000000000583,c1000000-0000-0000-0000-000000000127,c1000000-0000-0000-0000-000000000096,DIRECT_TRANSFER,1,9044.79,2026-01-19T17:36:42+00:00,2026-01-19T17:36:42+00:00,False,0.05
c2000000-0000-0000-0000-000000000584,c1000000-0000-0000-0000-000000000019,c1000000-0000-0000-0000-000000000129,DIRECT_TRANSFER,1,5990.03,2026-01-19T17:36:42+00:00,2026-01-19T17:36:42+00:00,False,0.05
c2000000-0000-0000-0000-000000000585,c1000000-0000-0000-0000-000000000127,c1000000-0000-0000-0000-000000000017,DIRECT_TRANSFER,1,9832.02,2026-01-19T17:45:18+00:00,2026-01-19T17:45:18+00:00,False,0.05
c2000000-0000-0000-0000-000000000586,c1000000-0000-0000-0000-000000000113,c1000000-0000-0000-0000-000000000096,DIRECT_TRANSFER,1,6824.07,2026-01-19T17:55:43+00:00,2026-01-19T17:55:43+00:00,False,0.05
c2000000-0000-0000-0000-000000000587,c1000000-0000-0000-0000-000000000077,c1000000-0000-0000-0000-000000000058,DIRECT_TRANSFER,1,963.61,2026-01-19T18:01:15+00:00,2026-01-19T18:01:15+00:00,False,0.05
c2000000-0000-0000-0000-000000000588,c1000000-0000-0000-0000-000000000093,c1000000-0000-0000-0000-000000000075,DIRECT_TRANSFER,1,2294.92,2026-01-19T18:04:16+00:00,2026-01-19T18:04:16+00:00,False,0.05
c2000000-0000-0000-0000-000000000589,c1000000-0000-0000-0000-000000000084,c1000000-0000-0000-0000-000000000053,DIRECT_TRANSFER,1,2407.11,2026-01-19T18:14:43+00:00,2026-01-19T18:14:43+00:00,False,0.05
c2000000-0000-0000-0000-000000000590,c1000000-0000-0000-0000-000000000027,c1000000-0000-0000-0000-000000000140,DIRECT_TRANSFER,1,3048.58,2026-01-19T18:19:56+00:00,2026-01-19T18:19:56+00:00,False,0.05
c2000000-0000-0000-0000-000000000591,c1000000-0000-0000-0000-000000000084,c1000000-0000-0000-0000-000000000093,DIRECT_TRANSFER,1,4294.41,2026-01-19T18:20:55+00:00,2026-01-19T18:20:55+00:00,False,0.05
c2000000-0000-0000-0000-000000000592,c1000000-0000-0000-0000-000000000022,c1000000-0000-0000-0000-000000000086,DIRECT_TRANSFER,1,3968.93,2026-01-19T18:22:32+00:00,2026-01-19T18:22:32+00:00,False,0.05
c2000000-0000-0000-0000-000000000593,c1000000-0000-0000-0000-000000000011,c1000000-0000-0000-0000-000000000120,DIRECT_TRANSFER,2,10339.07,2026-01-19T18:24:25+00:00,2026-01-20T18:31:59+00:00,False,0.05
c2000000-0000-0000-0000-000000000594,c1000000-0000-0000-0000-000000000096,c1000000-0000-0000-0000-000000000075,DIRECT_TRANSFER,1,395.72,2026-01-19T18:46:39+00:00,2026-01-19T18:46:39+00:00,False,0.05
c2000000-0000-0000-0000-000000000595,c1000000-0000-0000-0000-000000000089,c1000000-0000-0000-0000-000000000134,DIRECT_TRANSFER,2,2454.22,2026-01-19T18:55:21+00:00,2026-01-24T17:20:19+00:00,False,0.05
c2000000-0000-0000-0000-000000000596,c1000000-0000-0000-0000-000000000113,c1000000-0000-0000-0000-000000000046,DIRECT_TRANSFER,1,3009.95,2026-01-19T18:57:21+00:00,2026-01-19T18:57:21+00:00,False,0.05
c2000000-0000-0000-0000-000000000597,c1000000-0000-0000-0000-000000000065,c1000000-0000-0000-0000-000000000082,DIRECT_TRANSFER,1,334.14,2026-01-19T19:04:57+00:00,2026-01-19T19:04:57+00:00,False,0.05
c2000000-0000-0000-0000-000000000598,c1000000-0000-0000-0000-000000000060,c1000000-0000-0000-0000-000000000066,DIRECT_TRANSFER,1,1906.85,2026-01-19T19:12:17+00:00,2026-01-19T19:12:17+00:00,False,0.05
c2000000-0000-0000-0000-000000000599,c1000000-0000-0000-0000-000000000107,c1000000-0000-0000-0000-000000000082,DIRECT_TRANSFER,1,8537.2,2026-01-19T19:21:06+00:00,2026-01-19T19:21:06+00:00,False,0.05
c2000000-0000-0000-0000-000000000600,c1000000-0000-0000-0000-000000000048,c1000000-0000-0000-0000-000000000133,DIRECT_TRANSFER,2,4383.68,2026-01-19T19:31:48+00:00,2026-01-20T16:47:56+00:00,False,0.05
c2000000-0000-0000-0000-000000000601,c1000000-0000-0000-0000-000000000092,c1000000-0000-0000-0000-000000000043,DIRECT_TRANSFER,1,362.91,2026-01-19T19:43:09+00:00,2026-01-19T19:43:09+00:00,False,0.05
c2000000-0000-0000-0000-000000000602,c1000000-0000-0000-0000-000000000049,c1000000-0000-0000-0000-000000000045,DIRECT_TRANSFER,1,2173.69,2026-01-19T19:45:41+00:00,2026-01-19T19:45:41+00:00,False,0.05
c2000000-0000-0000-0000-000000000603,c1000000-0000-0000-0000-000000000070,c1000000-0000-0000-0000-000000000005,DIRECT_TRANSFER,1,1742.33,2026-01-19T19:50:18+00:00,2026-01-19T19:50:18+00:00,False,0.05
c2000000-0000-0000-0000-000000000604,c1000000-0000-0000-0000-000000000001,c1000000-0000-0000-0000-000000000003,DIRECT_TRANSFER,1,3088.02,2026-01-19T19:59:30+00:00,2026-01-19T19:59:30+00:00,False,0.05
c2000000-0000-0000-0000-000000000605,c1000000-0000-0000-0000-000000000023,c1000000-0000-0000-0000-000000000042,DIRECT_TRANSFER,1,2928.35,2026-01-19T20:05:31+00:00,2026-01-19T20:05:31+00:00,False,0.05
c2000000-0000-0000-0000-000000000606,c1000000-0000-0000-0000-000000000022,c1000000-0000-0000-0000-000000000109,DIRECT_TRANSFER,1,1493.84,2026-01-19T20:26:41+00:00,2026-01-19T20:26:41+00:00,False,0.05
c2000000-0000-0000-0000-000000000607,c1000000-0000-0000-0000-000000000007,c1000000-0000-0000-0000-000000000086,DIRECT_TRANSFER,1,664.89,2026-01-19T20:34:39+00:00,2026-01-19T20:34:39+00:00,False,0.05
c2000000-0000-0000-0000-000000000608,c1000000-0000-0000-0000-000000000112,c1000000-0000-0000-0000-000000000100,DIRECT_TRANSFER,1,7524.23,2026-01-19T20:37:34+00:00,2026-01-19T20:37:34+00:00,False,0.05
c2000000-0000-0000-0000-000000000609,c1000000-0000-0000-0000-000000000103,c1000000-0000-0000-0000-000000000095,DIRECT_TRANSFER,1,4103.79,2026-01-19T20:49:24+00:00,2026-01-19T20:49:24+00:00,False,0.05
c2000000-0000-0000-0000-000000000610,c1000000-0000-0000-0000-000000000076,c1000000-0000-0000-0000-000000000141,DIRECT_TRANSFER,1,560.64,2026-01-19T20:57:28+00:00,2026-01-19T20:57:28+00:00,False,0.05
c2000000-0000-0000-0000-000000000611,c1000000-0000-0000-0000-000000000085,c1000000-0000-0000-0000-000000000004,DIRECT_TRANSFER,1,2238.15,2026-01-19T20:59:28+00:00,2026-01-19T20:59:28+00:00,False,0.05
c2000000-0000-0000-0000-000000000612,c1000000-0000-0000-0000-000000000103,c1000000-0000-0000-0000-000000000087,DIRECT_TRANSFER,1,1544.64,2026-01-19T21:02:54+00:00,2026-01-19T21:02:54+00:00,False,0.05
c2000000-0000-0000-0000-000000000613,c1000000-0000-0000-0000-000000000123,c1000000-0000-0000-0000-000000000060,DIRECT_TRANSFER,1,6802.07,2026-01-19T21:03:54+00:00,2026-01-19T21:03:54+00:00,False,0.05
c2000000-0000-0000-0000-000000000614,c1000000-0000-0000-0000-000000000090,c1000000-0000-0000-0000-000000000139,DIRECT_TRANSFER,4,4676.35,2026-01-19T21:06:13+00:00,2026-01-27T14:09:34+00:00,False,0.05
c2000000-0000-0000-0000-000000000615,c1000000-0000-0000-0000-000000000076,c1000000-0000-0000-0000-000000000140,DIRECT_TRANSFER,1,2596.91,2026-01-19T21:10:06+00:00,2026-01-19T21:10:06+00:00,False,0.05
c2000000-0000-0000-0000-000000000616,c1000000-0000-0000-0000-000000000113,c1000000-0000-0000-0000-000000000088,DIRECT_TRANSFER,1,5811.72,2026-01-19T21:12:21+00:00,2026-01-19T21:12:21+00:00,False,0.05
c2000000-0000-0000-0000-000000000617,c1000000-0000-0000-0000-000000000072,c1000000-0000-0000-0000-000000000140,DIRECT_TRANSFER,1,2335.81,2026-01-19T21:14:54+00:00,2026-01-19T21:14:54+00:00,False,0.05
c2000000-0000-0000-0000-000000000618,c1000000-0000-0000-0000-000000000014,c1000000-0000-0000-0000-000000000004,DIRECT_TRANSFER,1,1837.74,2026-01-19T21:27:51+00:00,2026-01-19T21:27:51+00:00,False,0.05
c2000000-0000-0000-0000-000000000619,c1000000-0000-0000-0000-000000000012,c1000000-0000-0000-0000-000000000141,DIRECT_TRANSFER,2,874.07,2026-01-19T21:36:42+00:00,2026-01-21T10:29:53+00:00,False,0.05
c2000000-0000-0000-0000-000000000620,c1000000-0000-0000-0000-000000000074,c1000000-0000-0000-0000-000000000141,DIRECT_TRANSFER,2,3630.71,2026-01-19T21:42:19+00:00,2026-01-27T09:59:14+00:00,False,0.05
c2000000-0000-0000-0000-000000000621,c1000000-0000-0000-0000-000000000130,c1000000-0000-0000-0000-000000000066,DIRECT_TRANSFER,1,2263.34,2026-01-19T21:51:39+00:00,2026-01-19T21:51:39+00:00,False,0.05
c2000000-0000-0000-0000-000000000622,c1000000-0000-0000-0000-000000000026,c1000000-0000-0000-0000-000000000114,DIRECT_TRANSFER,1,6001.58,2026-01-19T21:52:08+00:00,2026-01-19T21:52:08+00:00,False,0.05
c2000000-0000-0000-0000-000000000623,c1000000-0000-0000-0000-000000000042,c1000000-0000-0000-0000-000000000062,DIRECT_TRANSFER,1,2208.93,2026-01-20T08:02:42+00:00,2026-01-20T08:02:42+00:00,False,0.05
c2000000-0000-0000-0000-000000000624,c1000000-0000-0000-0000-000000000070,c1000000-0000-0000-0000-000000000061,DIRECT_TRANSFER,1,980.9,2026-01-20T08:17:49+00:00,2026-01-20T08:17:49+00:00,False,0.05
c2000000-0000-0000-0000-000000000625,c1000000-0000-0000-0000-000000000041,c1000000-0000-0000-0000-000000000003,DIRECT_TRANSFER,1,3517.55,2026-01-20T08:19:14+00:00,2026-01-20T08:19:14+00:00,False,0.05
c2000000-0000-0000-0000-000000000626,c1000000-0000-0000-0000-000000000040,c1000000-0000-0000-0000-000000000120,DIRECT_TRANSFER,1,4033.93,2026-01-20T08:21:44+00:00,2026-01-20T08:21:44+00:00,False,0.05
c2000000-0000-0000-0000-000000000627,c1000000-0000-0000-0000-000000000007,c1000000-0000-0000-0000-000000000137,DIRECT_TRANSFER,1,1749.37,2026-01-20T08:40:49+00:00,2026-01-20T08:40:49+00:00,False,0.05
c2000000-0000-0000-0000-000000000628,c1000000-0000-0000-0000-000000000013,c1000000-0000-0000-0000-000000000043,DIRECT_TRANSFER,1,1754.89,2026-01-20T08:43:13+00:00,2026-01-20T08:43:13+00:00,False,0.05
c2000000-0000-0000-0000-000000000629,c1000000-0000-0000-0000-000000000010,c1000000-0000-0000-0000-000000000112,DIRECT_TRANSFER,1,7704.4,2026-01-20T08:46:04+00:00,2026-01-20T08:46:04+00:00,False,0.05
c2000000-0000-0000-0000-000000000630,c1000000-0000-0000-0000-000000000041,c1000000-0000-0000-0000-000000000065,DIRECT_TRANSFER,1,4061.92,2026-01-20T08:54:30+00:00,2026-01-20T08:54:30+00:00,False,0.05
c2000000-0000-0000-0000-000000000631,c1000000-0000-0000-0000-000000000088,c1000000-0000-0000-0000-000000000048,DIRECT_TRANSFER,1,870.76,2026-01-20T08:59:52+00:00,2026-01-20T08:59:52+00:00,False,0.05
c2000000-0000-0000-0000-000000000632,c1000000-0000-0000-0000-000000000052,c1000000-0000-0000-0000-000000000066,DIRECT_TRANSFER,1,1651.31,2026-01-20T09:10:50+00:00,2026-01-20T09:10:50+00:00,False,0.05
c2000000-0000-0000-0000-000000000633,c1000000-0000-0000-0000-000000000002,c1000000-0000-0000-0000-000000000135,DIRECT_TRANSFER,4,7328.93,2026-01-20T09:15:40+00:00,2026-01-28T13:44:06+00:00,False,0.05
c2000000-0000-0000-0000-000000000634,c1000000-0000-0000-0000-000000000081,c1000000-0000-0000-0000-000000000019,DIRECT_TRANSFER,1,3933.51,2026-01-20T09:24:39+00:00,2026-01-20T09:24:39+00:00,False,0.05
c2000000-0000-0000-0000-000000000635,c1000000-0000-0000-0000-000000000015,c1000000-0000-0000-0000-000000000104,DIRECT_TRANSFER,1,2407.13,2026-01-20T09:32:18+00:00,2026-01-20T09:32:18+00:00,False,0.05
c2000000-0000-0000-0000-000000000636,c1000000-0000-0000-0000-000000000041,c1000000-0000-0000-0000-000000000047,DIRECT_TRANSFER,1,1139.83,2026-01-20T09:35:59+00:00,2026-01-20T09:35:59+00:00,False,0.05
c2000000-0000-0000-0000-000000000637,c1000000-0000-0000-0000-000000000045,c1000000-0000-0000-0000-000000000136,DIRECT_TRANSFER,1,1128.25,2026-01-20T09:42:26+00:00,2026-01-20T09:42:26+00:00,False,0.05
c2000000-0000-0000-0000-000000000638,c1000000-0000-0000-0000-000000000080,c1000000-0000-0000-0000-000000000019,DIRECT_TRANSFER,1,3935.64,2026-01-20T09:47:03+00:00,2026-01-20T09:47:03+00:00,False,0.05
c2000000-0000-0000-0000-000000000639,c1000000-0000-0000-0000-000000000127,c1000000-0000-0000-0000-000000000064,DIRECT_TRANSFER,1,6524.44,2026-01-20T09:58:05+00:00,2026-01-20T09:58:05+00:00,False,0.05
c2000000-0000-0000-0000-000000000640,c1000000-0000-0000-0000-000000000121,c1000000-0000-0000-0000-000000000070,DIRECT_TRANSFER,1,1293.06,2026-01-20T10:03:33+00:00,2026-01-20T10:03:33+00:00,False,0.05
c2000000-0000-0000-0000-000000000641,c1000000-0000-0000-0000-000000000117,c1000000-0000-0000-0000-000000000086,DIRECT_TRANSFER,1,4556.29,2026-01-20T10:05:17+00:00,2026-01-20T10:05:17+00:00,False,0.05
c2000000-0000-0000-0000-000000000642,c1000000-0000-0000-0000-000000000075,c1000000-0000-0000-0000-000000000032,DIRECT_TRANSFER,1,1201.87,2026-01-20T10:08:16+00:00,2026-01-20T10:08:16+00:00,False,0.05
c2000000-0000-0000-0000-000000000643,c1000000-0000-0000-0000-000000000074,c1000000-0000-0000-0000-000000000097,DIRECT_TRANSFER,1,412.04,2026-01-20T10:08:21+00:00,2026-01-20T10:08:21+00:00,False,0.05
c2000000-0000-0000-0000-000000000644,c1000000-0000-0000-0000-000000000105,c1000000-0000-0000-0000-000000000098,DIRECT_TRANSFER,1,3846.17,2026-01-20T10:19:00+00:00,2026-01-20T10:19:00+00:00,False,0.05
c2000000-0000-0000-0000-000000000645,c1000000-0000-0000-0000-000000000021,c1000000-0000-0000-0000-000000000065,DIRECT_TRANSFER,1,593.03,2026-01-20T10:23:49+00:00,2026-01-20T10:23:49+00:00,False,0.05
c2000000-0000-0000-0000-000000000646,c1000000-0000-0000-0000-000000000019,c1000000-0000-0000-0000-000000000135,DIRECT_TRANSFER,1,100.0,2026-01-20T10:27:58+00:00,2026-01-20T10:27:58+00:00,False,0.05
c2000000-0000-0000-0000-000000000647,c1000000-0000-0000-0000-000000000072,c1000000-0000-0000-0000-000000000102,DIRECT_TRANSFER,1,2971.98,2026-01-20T10:31:14+00:00,2026-01-20T10:31:14+00:00,False,0.05
c2000000-0000-0000-0000-000000000648,c1000000-0000-0000-0000-000000000090,c1000000-0000-0000-0000-000000000124,DIRECT_TRANSFER,1,6646.36,2026-01-20T10:31:52+00:00,2026-01-20T10:31:52+00:00,False,0.05
c2000000-0000-0000-0000-000000000649,c1000000-0000-0000-0000-000000000061,c1000000-0000-0000-0000-000000000080,DIRECT_TRANSFER,1,1675.31,2026-01-20T10:35:16+00:00,2026-01-20T10:35:16+00:00,False,0.05
c2000000-0000-0000-0000-000000000650,c1000000-0000-0000-0000-000000000088,c1000000-0000-0000-0000-000000000136,DIRECT_TRANSFER,1,20.0,2026-01-20T10:36:08+00:00,2026-01-20T10:36:08+00:00,False,0.05
c2000000-0000-0000-0000-000000000651,c1000000-0000-0000-0000-000000000129,c1000000-0000-0000-0000-000000000090,DIRECT_TRANSFER,1,7747.66,2026-01-20T10:46:15+00:00,2026-01-20T10:46:15+00:00,False,0.05
c2000000-0000-0000-0000-000000000652,c1000000-0000-0000-0000-000000000025,c1000000-0000-0000-0000-000000000121,DIRECT_TRANSFER,1,6028.34,2026-01-20T10:47:43+00:00,2026-01-20T10:47:43+00:00,False,0.05
c2000000-0000-0000-0000-000000000653,c1000000-0000-0000-0000-000000000087,c1000000-0000-0000-0000-000000000066,DIRECT_TRANSFER,1,2296.22,2026-01-20T10:49:18+00:00,2026-01-20T10:49:18+00:00,False,0.05
c2000000-0000-0000-0000-000000000654,c1000000-0000-0000-0000-000000000056,c1000000-0000-0000-0000-000000000042,DIRECT_TRANSFER,1,3144.37,2026-01-20T11:15:04+00:00,2026-01-20T11:15:04+00:00,False,0.05
c2000000-0000-0000-0000-000000000655,c1000000-0000-0000-0000-000000000112,c1000000-0000-0000-0000-000000000072,DIRECT_TRANSFER,1,6543.97,2026-01-20T11:31:25+00:00,2026-01-20T11:31:25+00:00,False,0.05
c2000000-0000-0000-0000-000000000656,c1000000-0000-0000-0000-000000000081,c1000000-0000-0000-0000-000000000114,DIRECT_TRANSFER,1,7090.08,2026-01-20T11:32:17+00:00,2026-01-20T11:32:17+00:00,False,0.05
c2000000-0000-0000-0000-000000000657,c1000000-0000-0000-0000-000000000095,c1000000-0000-0000-0000-000000000100,DIRECT_TRANSFER,1,604.03,2026-01-20T11:47:02+00:00,2026-01-20T11:47:02+00:00,False,0.05
c2000000-0000-0000-0000-000000000658,c1000000-0000-0000-0000-000000000067,c1000000-0000-0000-0000-000000000115,DIRECT_TRANSFER,1,1960.6,2026-01-20T11:54:42+00:00,2026-01-20T11:54:42+00:00,False,0.05
c2000000-0000-0000-0000-000000000659,c1000000-0000-0000-0000-000000000067,c1000000-0000-0000-0000-000000000137,DIRECT_TRANSFER,1,1018.26,2026-01-20T12:05:27+00:00,2026-01-20T12:05:27+00:00,False,0.05
c2000000-0000-0000-0000-000000000660,c1000000-0000-0000-0000-000000000120,c1000000-0000-0000-0000-000000000081,DIRECT_TRANSFER,2,11734.52,2026-01-20T12:14:15+00:00,2026-01-23T15:53:45+00:00,False,0.05
c2000000-0000-0000-0000-000000000661,c1000000-0000-0000-0000-000000000112,c1000000-0000-0000-0000-000000000097,DIRECT_TRANSFER,1,2841.06,2026-01-20T12:26:14+00:00,2026-01-20T12:26:14+00:00,False,0.05
c2000000-0000-0000-0000-000000000662,c1000000-0000-0000-0000-000000000090,c1000000-0000-0000-0000-000000000070,DIRECT_TRANSFER,1,961.26,2026-01-20T12:35:28+00:00,2026-01-20T12:35:28+00:00,False,0.05
c2000000-0000-0000-0000-000000000663,c1000000-0000-0000-0000-000000000087,c1000000-0000-0000-0000-000000000078,DIRECT_TRANSFER,1,1055.52,2026-01-20T13:01:26+00:00,2026-01-20T13:01:26+00:00,False,0.05
c2000000-0000-0000-0000-000000000664,c1000000-0000-0000-0000-000000000050,c1000000-0000-0000-0000-000000000053,DIRECT_TRANSFER,1,2840.05,2026-01-20T13:05:38+00:00,2026-01-20T13:05:38+00:00,False,0.05
c2000000-0000-0000-0000-000000000665,c1000000-0000-0000-0000-000000000077,c1000000-0000-0000-0000-000000000141,DIRECT_TRANSFER,1,639.05,2026-01-20T13:20:46+00:00,2026-01-20T13:20:46+00:00,False,0.05
c2000000-0000-0000-0000-000000000666,c1000000-0000-0000-0000-000000000012,c1000000-0000-0000-0000-000000000058,DIRECT_TRANSFER,1,1523.83,2026-01-20T13:30:34+00:00,2026-01-20T13:30:34+00:00,False,0.05
c2000000-0000-0000-0000-000000000667,c1000000-0000-0000-0000-000000000125,c1000000-0000-0000-0000-000000000083,DIRECT_TRANSFER,1,4559.1,2026-01-20T13:41:18+00:00,2026-01-20T13:41:18+00:00,False,0.05
c2000000-0000-0000-0000-000000000668,c1000000-0000-0000-0000-000000000016,c1000000-0000-0000-0000-000000000136,DIRECT_TRANSFER,1,2430.42,2026-01-20T13:56:52+00:00,2026-01-20T13:56:52+00:00,False,0.05
c2000000-0000-0000-0000-000000000669,c1000000-0000-0000-0000-000000000037,c1000000-0000-0000-0000-000000000078,DIRECT_TRANSFER,1,270.1,2026-01-20T14:00:46+00:00,2026-01-20T14:00:46+00:00,False,0.05
c2000000-0000-0000-0000-000000000670,c1000000-0000-0000-0000-000000000061,c1000000-0000-0000-0000-000000000072,DIRECT_TRANSFER,2,3584.63,2026-01-20T14:06:06+00:00,2026-01-28T08:30:10+00:00,False,0.05
c2000000-0000-0000-0000-000000000671,c1000000-0000-0000-0000-000000000028,c1000000-0000-0000-0000-000000000034,DIRECT_TRANSFER,1,2249.12,2026-01-20T14:06:44+00:00,2026-01-20T14:06:44+00:00,False,0.05
c2000000-0000-0000-0000-000000000672,c1000000-0000-0000-0000-000000000117,c1000000-0000-0000-0000-000000000047,DIRECT_TRANSFER,1,8688.93,2026-01-20T14:13:26+00:00,2026-01-20T14:13:26+00:00,False,0.05
c2000000-0000-0000-0000-000000000673,c1000000-0000-0000-0000-000000000132,c1000000-0000-0000-0000-000000000082,DIRECT_TRANSFER,1,9399.25,2026-01-20T14:19:28+00:00,2026-01-20T14:19:28+00:00,False,0.05
c2000000-0000-0000-0000-000000000674,c1000000-0000-0000-0000-000000000058,c1000000-0000-0000-0000-000000000141,DIRECT_TRANSFER,2,3330.4,2026-01-20T14:19:58+00:00,2026-01-30T13:59:22+00:00,False,0.05
c2000000-0000-0000-0000-000000000675,c1000000-0000-0000-0000-000000000095,c1000000-0000-0000-0000-000000000083,DIRECT_TRANSFER,1,1875.81,2026-01-20T14:25:15+00:00,2026-01-20T14:25:15+00:00,False,0.05
c2000000-0000-0000-0000-000000000676,c1000000-0000-0000-0000-000000000010,c1000000-0000-0000-0000-000000000134,DIRECT_TRANSFER,1,644.1,2026-01-20T14:40:39+00:00,2026-01-20T14:40:39+00:00,False,0.05
c2000000-0000-0000-0000-000000000677,c1000000-0000-0000-0000-000000000080,c1000000-0000-0000-0000-000000000117,DIRECT_TRANSFER,1,6320.12,2026-01-20T14:46:11+00:00,2026-01-20T14:46:11+00:00,False,0.05
c2000000-0000-0000-0000-000000000678,c1000000-0000-0000-0000-000000000093,c1000000-0000-0000-0000-000000000138,DIRECT_TRANSFER,2,2505.66,2026-01-20T14:48:40+00:00,2026-01-27T19:10:57+00:00,False,0.05
c2000000-0000-0000-0000-000000000679,c1000000-0000-0000-0000-000000000006,c1000000-0000-0000-0000-000000000076,DIRECT_TRANSFER,1,3568.94,2026-01-20T14:50:15+00:00,2026-01-20T14:50:15+00:00,False,0.05
c2000000-0000-0000-0000-000000000680,c1000000-0000-0000-0000-000000000083,c1000000-0000-0000-0000-000000000050,DIRECT_TRANSFER,1,3029.06,2026-01-20T15:12:06+00:00,2026-01-20T15:12:06+00:00,False,0.05
c2000000-0000-0000-0000-000000000681,c1000000-0000-0000-0000-000000000047,c1000000-0000-0000-0000-000000000060,DIRECT_TRANSFER,1,203.1,2026-01-20T15:18:52+00:00,2026-01-20T15:18:52+00:00,False,0.05
c2000000-0000-0000-0000-000000000682,c1000000-0000-0000-0000-000000000042,c1000000-0000-0000-0000-000000000135,DIRECT_TRANSFER,2,252.87,2026-01-20T15:24:43+00:00,2026-01-23T18:10:03+00:00,False,0.05
c2000000-0000-0000-0000-000000000683,c1000000-0000-0000-0000-000000000045,c1000000-0000-0000-0000-000000000089,DIRECT_TRANSFER,2,51513.23,2026-01-20T15:25:47+00:00,2026-01-30T23:48:00+00:00,False,0.7
c2000000-0000-0000-0000-000000000684,c1000000-0000-0000-0000-000000000121,c1000000-0000-0000-0000-000000000097,DIRECT_TRANSFER,1,5293.6,2026-01-20T15:34:00+00:00,2026-01-20T15:34:00+00:00,False,0.05
c2000000-0000-0000-0000-000000000685,c1000000-0000-0000-0000-000000000107,c1000000-0000-0000-0000-000000000032,DIRECT_TRANSFER,1,9300.43,2026-01-20T15:35:59+00:00,2026-01-20T15:35:59+00:00,False,0.05
c2000000-0000-0000-0000-000000000686,c1000000-0000-0000-0000-000000000085,c1000000-0000-0000-0000-000000000035,DIRECT_TRANSFER,1,3050.82,2026-01-20T15:41:00+00:00,2026-01-20T15:41:00+00:00,False,0.05
c2000000-0000-0000-0000-000000000687,c1000000-0000-0000-0000-000000000070,c1000000-0000-0000-0000-000000000140,DIRECT_TRANSFER,1,728.82,2026-01-20T15:45:28+00:00,2026-01-20T15:45:28+00:00,False,0.05
c2000000-0000-0000-0000-000000000688,c1000000-0000-0000-0000-000000000047,c1000000-0000-0000-0000-000000000073,DIRECT_TRANSFER,1,2597.21,2026-01-20T15:47:21+00:00,2026-01-20T15:47:21+00:00,False,0.05
c2000000-0000-0000-0000-000000000689,c1000000-0000-0000-0000-000000000064,c1000000-0000-0000-0000-000000000018,DIRECT_TRANSFER,1,4480.92,2026-01-20T15:51:00+00:00,2026-01-20T15:51:00+00:00,False,0.05
c2000000-0000-0000-0000-000000000690,c1000000-0000-0000-0000-000000000034,c1000000-0000-0000-0000-000000000135,DIRECT_TRANSFER,2,3315.81,2026-01-20T15:59:25+00:00,2026-01-22T13:32:46+00:00,False,0.05
c2000000-0000-0000-0000-000000000691,c1000000-0000-0000-0000-000000000108,c1000000-0000-0000-0000-000000000071,DIRECT_TRANSFER,1,3560.44,2026-01-20T16:00:47+00:00,2026-01-20T16:00:47+00:00,False,0.05
c2000000-0000-0000-0000-000000000692,c1000000-0000-0000-0000-000000000039,c1000000-0000-0000-0000-000000000136,DIRECT_TRANSFER,1,1249.3,2026-01-20T16:07:16+00:00,2026-01-20T16:07:16+00:00,False,0.05
c2000000-0000-0000-0000-000000000693,c1000000-0000-0000-0000-000000000051,c1000000-0000-0000-0000-000000000086,DIRECT_TRANSFER,1,790.22,2026-01-20T16:17:14+00:00,2026-01-20T16:17:14+00:00,False,0.05
c2000000-0000-0000-0000-000000000694,c1000000-0000-0000-0000-000000000022,c1000000-0000-0000-0000-000000000088,DIRECT_TRANSFER,1,355.06,2026-01-20T16:33:44+00:00,2026-01-20T16:33:44+00:00,False,0.05
c2000000-0000-0000-0000-000000000695,c1000000-0000-0000-0000-000000000114,c1000000-0000-0000-0000-000000000032,DIRECT_TRANSFER,2,10546.1,2026-01-20T16:34:00+00:00,2026-01-23T18:16:48+00:00,False,0.05
c2000000-0000-0000-0000-000000000696,c1000000-0000-0000-0000-000000000017,c1000000-0000-0000-0000-000000000024,DIRECT_TRANSFER,1,3956.02,2026-01-20T16:42:04+00:00,2026-01-20T16:42:04+00:00,False,0.05
c2000000-0000-0000-0000-000000000697,c1000000-0000-0000-0000-000000000088,c1000000-0000-0000-0000-000000000113,DIRECT_TRANSFER,1,3630.0,2026-01-20T16:43:39+00:00,2026-01-20T16:43:39+00:00,False,0.05
c2000000-0000-0000-0000-000000000698,c1000000-0000-0000-0000-000000000019,c1000000-0000-0000-0000-000000000095,DIRECT_TRANSFER,1,326.78,2026-01-20T16:46:07+00:00,2026-01-20T16:46:07+00:00,False,0.05
c2000000-0000-0000-0000-000000000699,c1000000-0000-0000-0000-000000000115,c1000000-0000-0000-0000-000000000033,DIRECT_TRANSFER,1,6059.25,2026-01-20T16:46:20+00:00,2026-01-20T16:46:20+00:00,False,0.05
c2000000-0000-0000-0000-000000000700,c1000000-0000-0000-0000-000000000014,c1000000-0000-0000-0000-000000000138,DIRECT_TRANSFER,2,2707.2,2026-01-20T16:47:35+00:00,2026-01-26T08:17:53+00:00,False,0.05
c2000000-0000-0000-0000-000000000701,c1000000-0000-0000-0000-000000000080,c1000000-0000-0000-0000-000000000020,DIRECT_TRANSFER,1,562.54,2026-01-20T16:48:05+00:00,2026-01-20T16:48:05+00:00,False,0.05
c2000000-0000-0000-0000-000000000702,c1000000-0000-0000-0000-000000000029,c1000000-0000-0000-0000-000000000135,DIRECT_TRANSFER,2,1333.95,2026-01-20T17:09:20+00:00,2026-01-27T09:18:17+00:00,False,0.05
c2000000-0000-0000-0000-000000000703,c1000000-0000-0000-0000-000000000036,c1000000-0000-0000-0000-000000000136,DIRECT_TRANSFER,1,500.0,2026-01-20T17:22:22+00:00,2026-01-20T17:22:22+00:00,False,0.05
c2000000-0000-0000-0000-000000000704,c1000000-0000-0000-0000-000000000129,c1000000-0000-0000-0000-000000000018,DIRECT_TRANSFER,1,8694.99,2026-01-20T17:22:49+00:00,2026-01-20T17:22:49+00:00,False,0.05
c2000000-0000-0000-0000-000000000705,c1000000-0000-0000-0000-000000000121,c1000000-0000-0000-0000-000000000025,DIRECT_TRANSFER,1,3885.79,2026-01-20T17:28:17+00:00,2026-01-20T17:28:17+00:00,False,0.05
c2000000-0000-0000-0000-000000000706,c1000000-0000-0000-0000-000000000041,c1000000-0000-0000-0000-000000000072,DIRECT_TRANSFER,1,4463.29,2026-01-20T17:28:59+00:00,2026-01-20T17:28:59+00:00,False,0.05
c2000000-0000-0000-0000-000000000707,c1000000-0000-0000-0000-000000000018,c1000000-0000-0000-0000-000000000115,DIRECT_TRANSFER,1,5663.99,2026-01-20T17:34:43+00:00,2026-01-20T17:34:43+00:00,False,0.05
c2000000-0000-0000-0000-000000000708,c1000000-0000-0000-0000-000000000030,c1000000-0000-0000-0000-000000000031,DIRECT_TRANSFER,1,3155.72,2026-01-20T17:36:39+00:00,2026-01-20T17:36:39+00:00,False,0.05
c2000000-0000-0000-0000-000000000709,c1000000-0000-0000-0000-000000000041,c1000000-0000-0000-0000-000000000052,DIRECT_TRANSFER,1,2829.47,2026-01-20T17:47:52+00:00,2026-01-20T17:47:52+00:00,False,0.05
c2000000-0000-0000-0000-000000000710,c1000000-0000-0000-0000-000000000124,c1000000-0000-0000-0000-000000000049,DIRECT_TRANSFER,1,1706.3,2026-01-20T18:19:02+00:00,2026-01-20T18:19:02+00:00,False,0.05
c2000000-0000-0000-0000-000000000711,c1000000-0000-0000-0000-000000000056,c1000000-0000-0000-0000-000000000122,DIRECT_TRANSFER,1,5298.4,2026-01-20T18:47:40+00:00,2026-01-20T18:47:40+00:00,False,0.05
c2000000-0000-0000-0000-000000000712,c1000000-0000-0000-0000-000000000002,c1000000-0000-0000-0000-000000000065,DIRECT_TRANSFER,1,1133.91,2026-01-20T19:00:14+00:00,2026-01-20T19:00:14+00:00,False,0.05
c2000000-0000-0000-0000-000000000713,c1000000-0000-0000-0000-000000000105,c1000000-0000-0000-0000-000000000139,DIRECT_TRANSFER,2,656.64,2026-01-20T19:04:42+00:00,2026-01-25T11:04:00+00:00,False,0.05
c2000000-0000-0000-0000-000000000714,c1000000-0000-0000-0000-000000000077,c1000000-0000-0000-0000-000000000069,DIRECT_TRANSFER,1,578.49,2026-01-20T19:06:57+00:00,2026-01-20T19:06:57+00:00,False,0.05
c2000000-0000-0000-0000-000000000715,c1000000-0000-0000-0000-000000000106,c1000000-0000-0000-0000-000000000049,DIRECT_TRANSFER,1,6247.04,2026-01-20T19:09:44+00:00,2026-01-20T19:09:44+00:00,False,0.05
c2000000-0000-0000-0000-000000000716,c1000000-0000-0000-0000-000000000117,c1000000-0000-0000-0000-000000000093,DIRECT_TRANSFER,1,2212.59,2026-01-20T19:12:01+00:00,2026-01-20T19:12:01+00:00,False,0.05
c2000000-0000-0000-0000-000000000717,c1000000-0000-0000-0000-000000000111,c1000000-0000-0000-0000-000000000013,DIRECT_TRANSFER,1,2930.12,2026-01-20T19:14:28+00:00,2026-01-20T19:14:28+00:00,False,0.05
c2000000-0000-0000-0000-000000000718,c1000000-0000-0000-0000-000000000025,c1000000-0000-0000-0000-000000000069,DIRECT_TRANSFER,1,3024.57,2026-01-20T19:14:34+00:00,2026-01-20T19:14:34+00:00,False,0.05
c2000000-0000-0000-0000-000000000719,c1000000-0000-0000-0000-000000000067,c1000000-0000-0000-0000-000000000098,DIRECT_TRANSFER,1,1312.23,2026-01-20T19:34:13+00:00,2026-01-20T19:34:13+00:00,False,0.05
c2000000-0000-0000-0000-000000000720,c1000000-0000-0000-0000-000000000029,c1000000-0000-0000-0000-000000000079,DIRECT_TRANSFER,1,3286.73,2026-01-20T19:37:16+00:00,2026-01-20T19:37:16+00:00,False,0.05
c2000000-0000-0000-0000-000000000721,c1000000-0000-0000-0000-000000000105,c1000000-0000-0000-0000-000000000111,DIRECT_TRANSFER,1,5302.18,2026-01-20T19:38:03+00:00,2026-01-20T19:38:03+00:00,False,0.05
c2000000-0000-0000-0000-000000000722,c1000000-0000-0000-0000-000000000078,c1000000-0000-0000-0000-000000000061,DIRECT_TRANSFER,1,3261.68,2026-01-20T19:49:30+00:00,2026-01-20T19:49:30+00:00,False,0.05
c2000000-0000-0000-0000-000000000723,c1000000-0000-0000-0000-000000000077,c1000000-0000-0000-0000-000000000056,DIRECT_TRANSFER,1,579.0,2026-01-20T20:05:52+00:00,2026-01-20T20:05:52+00:00,False,0.05
c2000000-0000-0000-0000-000000000724,c1000000-0000-0000-0000-000000000004,c1000000-0000-0000-0000-000000000099,DIRECT_TRANSFER,1,4439.61,2026-01-20T20:12:06+00:00,2026-01-20T20:12:06+00:00,False,0.05
c2000000-0000-0000-0000-000000000725,c1000000-0000-0000-0000-000000000009,c1000000-0000-0000-0000-000000000025,DIRECT_TRANSFER,1,787.48,2026-01-20T20:17:26+00:00,2026-01-20T20:17:26+00:00,False,0.05
c2000000-0000-0000-0000-000000000726,c1000000-0000-0000-0000-000000000001,c1000000-0000-0000-0000-000000000072,DIRECT_TRANSFER,1,1806.67,2026-01-20T20:18:38+00:00,2026-01-20T20:18:38+00:00,False,0.05
c2000000-0000-0000-0000-000000000727,c1000000-0000-0000-0000-000000000059,c1000000-0000-0000-0000-000000000133,DIRECT_TRANSFER,2,2537.84,2026-01-20T20:21:49+00:00,2026-01-28T17:51:40+00:00,False,0.05
c2000000-0000-0000-0000-000000000728,c1000000-0000-0000-0000-000000000042,c1000000-0000-0000-0000-000000000139,DIRECT_TRANSFER,2,2797.66,2026-01-20T20:35:09+00:00,2026-01-30T16:01:40+00:00,False,0.05
c2000000-0000-0000-0000-000000000729,c1000000-0000-0000-0000-000000000072,c1000000-0000-0000-0000-000000000073,DIRECT_TRANSFER,1,2280.17,2026-01-20T20:35:30+00:00,2026-01-20T20:35:30+00:00,False,0.05
c2000000-0000-0000-0000-000000000730,c1000000-0000-0000-0000-000000000128,c1000000-0000-0000-0000-000000000007,DIRECT_TRANSFER,1,2446.64,2026-01-20T20:35:39+00:00,2026-01-20T20:35:39+00:00,False,0.05
c2000000-0000-0000-0000-000000000731,c1000000-0000-0000-0000-000000000083,c1000000-0000-0000-0000-000000000020,DIRECT_TRANSFER,1,3215.71,2026-01-20T20:40:03+00:00,2026-01-20T20:40:03+00:00,False,0.05
c2000000-0000-0000-0000-000000000732,c1000000-0000-0000-0000-000000000060,c1000000-0000-0000-0000-000000000133,DIRECT_TRANSFER,1,100.0,2026-01-20T20:51:31+00:00,2026-01-20T20:51:31+00:00,False,0.05
c2000000-0000-0000-0000-000000000733,c1000000-0000-0000-0000-000000000122,c1000000-0000-0000-0000-000000000058,DIRECT_TRANSFER,1,4725.9,2026-01-20T20:55:23+00:00,2026-01-20T20:55:23+00:00,False,0.05
c2000000-0000-0000-0000-000000000734,c1000000-0000-0000-0000-000000000084,c1000000-0000-0000-0000-000000000050,DIRECT_TRANSFER,1,1194.03,2026-01-20T21:06:01+00:00,2026-01-20T21:06:01+00:00,False,0.05
c2000000-0000-0000-0000-000000000735,c1000000-0000-0000-0000-000000000032,c1000000-0000-0000-0000-000000000081,DIRECT_TRANSFER,1,1730.92,2026-01-20T21:16:13+00:00,2026-01-20T21:16:13+00:00,False,0.05
c2000000-0000-0000-0000-000000000736,c1000000-0000-0000-0000-000000000098,c1000000-0000-0000-0000-000000000066,DIRECT_TRANSFER,1,1405.15,2026-01-20T21:17:31+00:00,2026-01-20T21:17:31+00:00,False,0.05
c2000000-0000-0000-0000-000000000737,c1000000-0000-0000-0000-000000000021,c1000000-0000-0000-0000-000000000136,DIRECT_TRANSFER,1,840.13,2026-01-20T21:24:31+00:00,2026-01-20T21:24:31+00:00,False,0.05
c2000000-0000-0000-0000-000000000738,c1000000-0000-0000-0000-000000000099,c1000000-0000-0000-0000-000000000092,DIRECT_TRANSFER,1,1270.54,2026-01-20T21:24:53+00:00,2026-01-20T21:24:53+00:00,False,0.05
c2000000-0000-0000-0000-000000000739,c1000000-0000-0000-0000-000000000120,c1000000-0000-0000-0000-000000000032,DIRECT_TRANSFER,1,4848.0,2026-01-20T21:39:31+00:00,2026-01-20T21:39:31+00:00,False,0.05
c2000000-0000-0000-0000-000000000740,c1000000-0000-0000-0000-000000000016,c1000000-0000-0000-0000-000000000091,DIRECT_TRANSFER,1,2428.28,2026-01-20T21:43:49+00:00,2026-01-20T21:43:49+00:00,False,0.05
c2000000-0000-0000-0000-000000000741,c1000000-0000-0000-0000-000000000057,c1000000-0000-0000-0000-000000000049,DIRECT_TRANSFER,1,2621.62,2026-01-20T21:50:36+00:00,2026-01-20T21:50:36+00:00,False,0.05
c2000000-0000-0000-0000-000000000742,c1000000-0000-0000-0000-000000000091,c1000000-0000-0000-0000-000000000126,DIRECT_TRANSFER,1,4952.98,2026-01-21T08:00:11+00:00,2026-01-21T08:00:11+00:00,False,0.05
c2000000-0000-0000-0000-000000000743,c1000000-0000-0000-0000-000000000101,c1000000-0000-0000-0000-000000000093,DIRECT_TRANSFER,1,384.1,2026-01-21T08:02:21+00:00,2026-01-21T08:02:21+00:00,False,0.05
c2000000-0000-0000-0000-000000000744,c1000000-0000-0000-0000-000000000080,c1000000-0000-0000-0000-000000000141,DIRECT_TRANSFER,1,2651.37,2026-01-21T08:15:56+00:00,2026-01-21T08:15:56+00:00,False,0.05
c2000000-0000-0000-0000-000000000745,c1000000-0000-0000-0000-000000000065,c1000000-0000-0000-0000-000000000010,DIRECT_TRANSFER,1,3861.21,2026-01-21T08:18:31+00:00,2026-01-21T08:18:31+00:00,False,0.05
c2000000-0000-0000-0000-000000000746,c1000000-0000-0000-0000-000000000077,c1000000-0000-0000-0000-000000000012,DIRECT_TRANSFER,1,1633.15,2026-01-21T08:19:59+00:00,2026-01-21T08:19:59+00:00,False,0.05
c2000000-0000-0000-0000-000000000747,c1000000-0000-0000-0000-000000000062,c1000000-0000-0000-0000-000000000109,DIRECT_TRANSFER,1,4754.33,2026-01-21T08:24:44+00:00,2026-01-21T08:24:44+00:00,False,0.05
c2000000-0000-0000-0000-000000000748,c1000000-0000-0000-0000-000000000070,c1000000-0000-0000-0000-000000000131,DIRECT_TRANSFER,1,543.13,2026-01-21T08:29:31+00:00,2026-01-21T08:29:31+00:00,False,0.05
c2000000-0000-0000-0000-000000000749,c1000000-0000-0000-0000-000000000114,c1000000-0000-0000-0000-000000000102,DIRECT_TRANSFER,1,1610.52,2026-01-21T08:40:12+00:00,2026-01-21T08:40:12+00:00,False,0.05
c2000000-0000-0000-0000-000000000750,c1000000-0000-0000-0000-000000000109,c1000000-0000-0000-0000-000000000007,DIRECT_TRANSFER,1,2508.4,2026-01-21T08:41:16+00:00,2026-01-21T08:41:16+00:00,False,0.05
c2000000-0000-0000-0000-000000000751,c1000000-0000-0000-0000-000000000056,c1000000-0000-0000-0000-000000000033,DIRECT_TRANSFER,1,1637.47,2026-01-21T08:41:23+00:00,2026-01-21T08:41:23+00:00,False,0.05
c2000000-0000-0000-0000-000000000752,c1000000-0000-0000-0000-000000000046,c1000000-0000-0000-0000-000000000109,DIRECT_TRANSFER,1,6959.36,2026-01-21T08:45:35+00:00,2026-01-21T08:45:35+00:00,False,0.05
c2000000-0000-0000-0000-000000000753,c1000000-0000-0000-0000-000000000082,c1000000-0000-0000-0000-000000000001,DIRECT_TRANSFER,1,4211.44,2026-01-21T08:57:31+00:00,2026-01-21T08:57:31+00:00,False,0.05
c2000000-0000-0000-0000-000000000754,c1000000-0000-0000-0000-000000000084,c1000000-0000-0000-0000-000000000003,DIRECT_TRANSFER,2,5076.16,2026-01-21T09:02:47+00:00,2026-01-26T09:51:53+00:00,False,0.05
c2000000-0000-0000-0000-000000000755,c1000000-0000-0000-0000-000000000044,c1000000-0000-0000-0000-000000000118,DIRECT_TRANSFER,1,5198.83,2026-01-21T09:09:17+00:00,2026-01-21T09:09:17+00:00,False,0.05
c2000000-0000-0000-0000-000000000756,c1000000-0000-0000-0000-000000000112,c1000000-0000-0000-0000-000000000079,DIRECT_TRANSFER,1,6790.04,2026-01-21T09:09:34+00:00,2026-01-21T09:09:34+00:00,False,0.05
c2000000-0000-0000-0000-000000000757,c1000000-0000-0000-0000-000000000022,c1000000-0000-0000-0000-000000000137,DIRECT_TRANSFER,1,2492.22,2026-01-21T09:22:30+00:00,2026-01-21T09:22:30+00:00,False,0.05
c2000000-0000-0000-0000-000000000758,c1000000-0000-0000-0000-000000000115,c1000000-0000-0000-0000-000000000003,DIRECT_TRANSFER,1,6198.04,2026-01-21T09:33:49+00:00,2026-01-21T09:33:49+00:00,False,0.05
c2000000-0000-0000-0000-000000000759,c1000000-0000-0000-0000-000000000060,c1000000-0000-0000-0000-000000000086,DIRECT_TRANSFER,1,4225.58,2026-01-21T09:44:11+00:00,2026-01-21T09:44:11+00:00,False,0.05
c2000000-0000-0000-0000-000000000760,c1000000-0000-0000-0000-000000000049,c1000000-0000-0000-0000-000000000135,DIRECT_TRANSFER,2,514.42,2026-01-21T09:50:54+00:00,2026-01-25T15:20:41+00:00,False,0.05
c2000000-0000-0000-0000-000000000761,c1000000-0000-0000-0000-000000000115,c1000000-0000-0000-0000-000000000083,DIRECT_TRANSFER,1,2828.08,2026-01-21T09:53:29+00:00,2026-01-21T09:53:29+00:00,False,0.05
c2000000-0000-0000-0000-000000000762,c1000000-0000-0000-0000-000000000085,c1000000-0000-0000-0000-000000000099,DIRECT_TRANSFER,1,4069.56,2026-01-21T09:54:38+00:00,2026-01-21T09:54:38+00:00,False,0.05
c2000000-0000-0000-0000-000000000763,c1000000-0000-0000-0000-000000000025,c1000000-0000-0000-0000-000000000135,DIRECT_TRANSFER,2,1355.87,2026-01-21T09:56:40+00:00,2026-01-27T12:53:43+00:00,False,0.05
c2000000-0000-0000-0000-000000000764,c1000000-0000-0000-0000-000000000044,c1000000-0000-0000-0000-000000000141,DIRECT_TRANSFER,1,1503.13,2026-01-21T10:04:19+00:00,2026-01-21T10:04:19+00:00,False,0.05
c2000000-0000-0000-0000-000000000765,c1000000-0000-0000-0000-000000000107,c1000000-0000-0000-0000-000000000019,DIRECT_TRANSFER,1,8684.46,2026-01-21T10:09:03+00:00,2026-01-21T10:09:03+00:00,False,0.05
c2000000-0000-0000-0000-000000000766,c1000000-0000-0000-0000-000000000014,c1000000-0000-0000-0000-000000000089,DIRECT_TRANSFER,1,3700.49,2026-01-21T10:19:25+00:00,2026-01-21T10:19:25+00:00,False,0.05
c2000000-0000-0000-0000-000000000767,c1000000-0000-0000-0000-000000000027,c1000000-0000-0000-0000-000000000090,DIRECT_TRANSFER,1,2741.17,2026-01-21T10:30:24+00:00,2026-01-21T10:30:24+00:00,False,0.05
c2000000-0000-0000-0000-000000000768,c1000000-0000-0000-0000-000000000092,c1000000-0000-0000-0000-000000000134,DIRECT_TRANSFER,2,4071.99,2026-01-21T10:32:06+00:00,2026-01-25T13:57:23+00:00,False,0.05
c2000000-0000-0000-0000-000000000769,c1000000-0000-0000-0000-000000000033,c1000000-0000-0000-0000-000000000002,DIRECT_TRANSFER,1,3388.15,2026-01-21T10:39:17+00:00,2026-01-21T10:39:17+00:00,False,0.05
c2000000-0000-0000-0000-000000000770,c1000000-0000-0000-0000-000000000089,c1000000-0000-0000-0000-000000000141,DIRECT_TRANSFER,2,1191.13,2026-01-21T10:43:18+00:00,2026-01-23T21:43:01+00:00,False,0.05
c2000000-0000-0000-0000-000000000771,c1000000-0000-0000-0000-000000000057,c1000000-0000-0000-0000-000000000136,DIRECT_TRANSFER,2,4671.6,2026-01-21T10:44:23+00:00,2026-01-23T12:46:12+00:00,False,0.05
c2000000-0000-0000-0000-000000000772,c1000000-0000-0000-0000-000000000092,c1000000-0000-0000-0000-000000000007,DIRECT_TRANSFER,1,2004.2,2026-01-21T10:55:09+00:00,2026-01-21T10:55:09+00:00,False,0.05
c2000000-0000-0000-0000-000000000773,c1000000-0000-0000-0000-000000000081,c1000000-0000-0000-0000-000000000103,DIRECT_TRANSFER,1,707.08,2026-01-21T11:00:07+00:00,2026-01-21T11:00:07+00:00,False,0.05
c2000000-0000-0000-0000-000000000774,c1000000-0000-0000-0000-000000000120,c1000000-0000-0000-0000-000000000053,DIRECT_TRANSFER,1,4976.88,2026-01-21T11:13:37+00:00,2026-01-21T11:13:37+00:00,False,0.05
c2000000-0000-0000-0000-000000000775,c1000000-0000-0000-0000-000000000081,c1000000-0000-0000-0000-000000000138,DIRECT_TRANSFER,2,3460.82,2026-01-21T11:27:44+00:00,2026-01-25T16:07:00+00:00,False,0.05
c2000000-0000-0000-0000-000000000776,c1000000-0000-0000-0000-000000000070,c1000000-0000-0000-0000-000000000084,DIRECT_TRANSFER,1,1523.24,2026-01-21T11:31:24+00:00,2026-01-21T11:31:24+00:00,False,0.05
c2000000-0000-0000-0000-000000000777,c1000000-0000-0000-0000-000000000048,c1000000-0000-0000-0000-000000000102,DIRECT_TRANSFER,1,360.8,2026-01-21T11:33:19+00:00,2026-01-21T11:33:19+00:00,False,0.05
c2000000-0000-0000-0000-000000000778,c1000000-0000-0000-0000-000000000111,c1000000-0000-0000-0000-000000000027,DIRECT_TRANSFER,1,6199.82,2026-01-21T11:42:28+00:00,2026-01-21T11:42:28+00:00,False,0.05
c2000000-0000-0000-0000-000000000779,c1000000-0000-0000-0000-000000000022,c1000000-0000-0000-0000-000000000133,DIRECT_TRANSFER,1,2151.78,2026-01-21T12:03:40+00:00,2026-01-21T12:03:40+00:00,False,0.05
c2000000-0000-0000-0000-000000000780,c1000000-0000-0000-0000-000000000002,c1000000-0000-0000-0000-000000000081,DIRECT_TRANSFER,1,2606.39,2026-01-21T12:09:10+00:00,2026-01-21T12:09:10+00:00,False,0.05
c2000000-0000-0000-0000-000000000781,c1000000-0000-0000-0000-000000000051,c1000000-0000-0000-0000-000000000075,DIRECT_TRANSFER,1,215.93,2026-01-21T12:09:44+00:00,2026-01-21T12:09:44+00:00,False,0.05
c2000000-0000-0000-0000-000000000782,c1000000-0000-0000-0000-000000000125,c1000000-0000-0000-0000-000000000096,DIRECT_TRANSFER,1,3736.64,2026-01-21T12:10:02+00:00,2026-01-21T12:10:02+00:00,False,0.05
c2000000-0000-0000-0000-000000000783,c1000000-0000-0000-0000-000000000069,c1000000-0000-0000-0000-000000000113,DIRECT_TRANSFER,1,3348.51,2026-01-21T12:30:47+00:00,2026-01-21T12:30:47+00:00,False,0.05
c2000000-0000-0000-0000-000000000784,c1000000-0000-0000-0000-000000000046,c1000000-0000-0000-0000-000000000135,DIRECT_TRANSFER,1,500.0,2026-01-21T12:33:36+00:00,2026-01-21T12:33:36+00:00,False,0.05
c2000000-0000-0000-0000-000000000785,c1000000-0000-0000-0000-000000000017,c1000000-0000-0000-0000-000000000027,DIRECT_TRANSFER,1,215.19,2026-01-21T12:40:11+00:00,2026-01-21T12:40:11+00:00,False,0.05
c2000000-0000-0000-0000-000000000786,c1000000-0000-0000-0000-000000000127,c1000000-0000-0000-0000-000000000099,DIRECT_TRANSFER,1,7931.08,2026-01-21T12:49:27+00:00,2026-01-21T12:49:27+00:00,False,0.05
c2000000-0000-0000-0000-000000000787,c1000000-0000-0000-0000-000000000018,c1000000-0000-0000-0000-000000000138,DIRECT_TRANSFER,1,2701.1,2026-01-21T13:07:43+00:00,2026-01-21T13:07:43+00:00,False,0.05
c2000000-0000-0000-0000-000000000788,c1000000-0000-0000-0000-000000000069,c1000000-0000-0000-0000-000000000041,DIRECT_TRANSFER,1,3522.98,2026-01-21T13:12:12+00:00,2026-01-21T13:12:12+00:00,False,0.05
c2000000-0000-0000-0000-000000000789,c1000000-0000-0000-0000-000000000096,c1000000-0000-0000-0000-000000000107,DIRECT_TRANSFER,1,6763.29,2026-01-21T13:29:50+00:00,2026-01-21T13:29:50+00:00,False,0.05
c2000000-0000-0000-0000-000000000790,c1000000-0000-0000-0000-000000000108,c1000000-0000-0000-0000-000000000028,DIRECT_TRANSFER,1,8353.3,2026-01-21T13:31:41+00:00,2026-01-21T13:31:41+00:00,False,0.05
c2000000-0000-0000-0000-000000000791,c1000000-0000-0000-0000-000000000090,c1000000-0000-0000-0000-000000000136,DIRECT_TRANSFER,1,2016.76,2026-01-21T13:33:26+00:00,2026-01-21T13:33:26+00:00,False,0.05
c2000000-0000-0000-0000-000000000792,c1000000-0000-0000-0000-000000000081,c1000000-0000-0000-0000-000000000134,DIRECT_TRANSFER,1,1264.33,2026-01-21T13:43:19+00:00,2026-01-21T13:43:19+00:00,False,0.05
c2000000-0000-0000-0000-000000000793,c1000000-0000-0000-0000-000000000039,c1000000-0000-0000-0000-000000000043,DIRECT_TRANSFER,1,1784.85,2026-01-21T13:59:02+00:00,2026-01-21T13:59:02+00:00,False,0.05
c2000000-0000-0000-0000-000000000794,c1000000-0000-0000-0000-000000000043,c1000000-0000-0000-0000-000000000074,DIRECT_TRANSFER,1,3946.61,2026-01-21T14:02:49+00:00,2026-01-21T14:02:49+00:00,False,0.05
c2000000-0000-0000-0000-000000000795,c1000000-0000-0000-0000-000000000121,c1000000-0000-0000-0000-000000000018,DIRECT_TRANSFER,1,2694.04,2026-01-21T14:34:13+00:00,2026-01-21T14:34:13+00:00,False,0.05
c2000000-0000-0000-0000-000000000796,c1000000-0000-0000-0000-000000000027,c1000000-0000-0000-0000-000000000138,DIRECT_TRANSFER,2,4041.78,2026-01-21T14:39:36+00:00,2026-01-27T16:38:16+00:00,False,0.05
c2000000-0000-0000-0000-000000000797,c1000000-0000-0000-0000-000000000050,c1000000-0000-0000-0000-000000000014,DIRECT_TRANSFER,2,6745.19,2026-01-21T14:42:12+00:00,2026-01-29T16:22:25+00:00,False,0.05
c2000000-0000-0000-0000-000000000798,c1000000-0000-0000-0000-000000000088,c1000000-0000-0000-0000-000000000133,DIRECT_TRANSFER,2,2141.35,2026-01-21T14:43:20+00:00,2026-01-26T17:31:33+00:00,False,0.05
c2000000-0000-0000-0000-000000000799,c1000000-0000-0000-0000-000000000012,c1000000-0000-0000-0000-000000000076,DIRECT_TRANSFER,1,234.91,2026-01-21T14:45:58+00:00,2026-01-21T14:45:58+00:00,False,0.05
c2000000-0000-0000-0000-000000000800,c1000000-0000-0000-0000-000000000008,c1000000-0000-0000-0000-000000000117,DIRECT_TRANSFER,1,7258.07,2026-01-21T14:54:08+00:00,2026-01-21T14:54:08+00:00,False,0.05
c2000000-0000-0000-0000-000000000801,c1000000-0000-0000-0000-000000000005,c1000000-0000-0000-0000-000000000138,DIRECT_TRANSFER,1,3151.42,2026-01-21T15:11:51+00:00,2026-01-21T15:11:51+00:00,False,0.05
c2000000-0000-0000-0000-000000000802,c1000000-0000-0000-0000-000000000079,c1000000-0000-0000-0000-000000000034,DIRECT_TRANSFER,1,4125.3,2026-01-21T15:14:14+00:00,2026-01-21T15:14:14+00:00,False,0.05
c2000000-0000-0000-0000-000000000803,c1000000-0000-0000-0000-000000000056,c1000000-0000-0000-0000-000000000133,DIRECT_TRANSFER,1,1030.82,2026-01-21T15:16:09+00:00,2026-01-21T15:16:09+00:00,False,0.05
c2000000-0000-0000-0000-000000000804,c1000000-0000-0000-0000-000000000100,c1000000-0000-0000-0000-000000000131,DIRECT_TRANSFER,1,6390.36,2026-01-21T15:27:25+00:00,2026-01-21T15:27:25+00:00,False,0.05
c2000000-0000-0000-0000-000000000805,c1000000-0000-0000-0000-000000000122,c1000000-0000-0000-0000-000000000020,DIRECT_TRANSFER,1,2711.91,2026-01-21T15:32:01+00:00,2026-01-21T15:32:01+00:00,False,0.05
c2000000-0000-0000-0000-000000000806,c1000000-0000-0000-0000-000000000079,c1000000-0000-0000-0000-000000000134,DIRECT_TRANSFER,1,897.96,2026-01-21T15:33:05+00:00,2026-01-21T15:33:05+00:00,False,0.05
c2000000-0000-0000-0000-000000000807,c1000000-0000-0000-0000-000000000009,c1000000-0000-0000-0000-000000000136,DIRECT_TRANSFER,2,3421.13,2026-01-21T15:38:51+00:00,2026-01-25T11:18:10+00:00,False,0.05
c2000000-0000-0000-0000-000000000808,c1000000-0000-0000-0000-000000000094,c1000000-0000-0000-0000-000000000068,DIRECT_TRANSFER,1,4429.39,2026-01-21T15:44:05+00:00,2026-01-21T15:44:05+00:00,False,0.05
c2000000-0000-0000-0000-000000000809,c1000000-0000-0000-0000-000000000050,c1000000-0000-0000-0000-000000000007,DIRECT_TRANSFER,1,570.31,2026-01-21T15:57:43+00:00,2026-01-21T15:57:43+00:00,False,0.05
c2000000-0000-0000-0000-000000000810,c1000000-0000-0000-0000-000000000127,c1000000-0000-0000-0000-000000000027,DIRECT_TRANSFER,1,3487.84,2026-01-21T16:14:29+00:00,2026-01-21T16:14:29+00:00,False,0.05
c2000000-0000-0000-0000-000000000811,c1000000-0000-0000-0000-000000000068,c1000000-0000-0000-0000-000000000013,DIRECT_TRANSFER,1,2861.36,2026-01-21T16:15:12+00:00,2026-01-21T16:15:12+00:00,False,0.05
c2000000-0000-0000-0000-000000000812,c1000000-0000-0000-0000-000000000088,c1000000-0000-0000-0000-000000000043,DIRECT_TRANSFER,1,1667.85,2026-01-21T16:20:49+00:00,2026-01-21T16:20:49+00:00,False,0.05
c2000000-0000-0000-0000-000000000813,c1000000-0000-0000-0000-000000000019,c1000000-0000-0000-0000-000000000092,DIRECT_TRANSFER,1,3657.21,2026-01-21T16:22:35+00:00,2026-01-21T16:22:35+00:00,False,0.05
c2000000-0000-0000-0000-000000000814,c1000000-0000-0000-0000-000000000107,c1000000-0000-0000-0000-000000000025,DIRECT_TRANSFER,1,3620.61,2026-01-21T16:24:33+00:00,2026-01-21T16:24:33+00:00,False,0.05
c2000000-0000-0000-0000-000000000815,c1000000-0000-0000-0000-000000000023,c1000000-0000-0000-0000-000000000080,DIRECT_TRANSFER,1,3174.2,2026-01-21T16:28:26+00:00,2026-01-21T16:28:26+00:00,False,0.05
c2000000-0000-0000-0000-000000000816,c1000000-0000-0000-0000-000000000043,c1000000-0000-0000-0000-000000000045,DIRECT_TRANSFER,1,4165.8,2026-01-21T17:01:53+00:00,2026-01-21T17:01:53+00:00,False,0.05
c2000000-0000-0000-0000-000000000817,c1000000-0000-0000-0000-000000000090,c1000000-0000-0000-0000-000000000120,DIRECT_TRANSFER,1,1229.47,2026-01-21T17:08:05+00:00,2026-01-21T17:08:05+00:00,False,0.05
c2000000-0000-0000-0000-000000000818,c1000000-0000-0000-0000-000000000128,c1000000-0000-0000-0000-000000000065,DIRECT_TRANSFER,1,3423.25,2026-01-21T17:31:54+00:00,2026-01-21T17:31:54+00:00,False,0.05
c2000000-0000-0000-0000-000000000819,c1000000-0000-0000-0000-000000000015,c1000000-0000-0000-0000-000000000102,DIRECT_TRANSFER,1,3431.62,2026-01-21T17:38:24+00:00,2026-01-21T17:38:24+00:00,False,0.05
c2000000-0000-0000-0000-000000000820,c1000000-0000-0000-0000-000000000117,c1000000-0000-0000-0000-000000000104,DIRECT_TRANSFER,1,2578.59,2026-01-21T17:47:09+00:00,2026-01-21T17:47:09+00:00,False,0.05
c2000000-0000-0000-0000-000000000821,c1000000-0000-0000-0000-000000000064,c1000000-0000-0000-0000-000000000098,DIRECT_TRANSFER,1,4472.42,2026-01-21T17:59:52+00:00,2026-01-21T17:59:52+00:00,False,0.05
c2000000-0000-0000-0000-000000000822,c1000000-0000-0000-0000-000000000120,c1000000-0000-0000-0000-000000000050,DIRECT_TRANSFER,1,7423.1,2026-01-21T18:08:13+00:00,2026-01-21T18:08:13+00:00,False,0.05
c2000000-0000-0000-0000-000000000823,c1000000-0000-0000-0000-000000000084,c1000000-0000-0000-0000-000000000137,DIRECT_TRANSFER,1,1171.65,2026-01-21T18:22:54+00:00,2026-01-21T18:22:54+00:00,False,0.05
c2000000-0000-0000-0000-000000000824,c1000000-0000-0000-0000-000000000115,c1000000-0000-0000-0000-000000000079,DIRECT_TRANSFER,1,1474.97,2026-01-21T18:40:34+00:00,2026-01-21T18:40:34+00:00,False,0.05
c2000000-0000-0000-0000-000000000825,c1000000-0000-0000-0000-000000000077,c1000000-0000-0000-0000-000000000083,DIRECT_TRANSFER,1,723.7,2026-01-21T18:57:53+00:00,2026-01-21T18:57:53+00:00,False,0.05
c2000000-0000-0000-0000-000000000826,c1000000-0000-0000-0000-000000000064,c1000000-0000-0000-0000-000000000136,DIRECT_TRANSFER,1,1283.33,2026-01-21T19:02:17+00:00,2026-01-21T19:02:17+00:00,False,0.05
c2000000-0000-0000-0000-000000000827,c1000000-0000-0000-0000-000000000010,c1000000-0000-0000-0000-000000000075,DIRECT_TRANSFER,1,3328.44,2026-01-21T19:16:06+00:00,2026-01-21T19:16:06+00:00,False,0.05
c2000000-0000-0000-0000-000000000828,c1000000-0000-0000-0000-000000000004,c1000000-0000-0000-0000-000000000081,DIRECT_TRANSFER,1,595.35,2026-01-21T19:18:16+00:00,2026-01-21T19:18:16+00:00,False,0.05
c2000000-0000-0000-0000-000000000829,c1000000-0000-0000-0000-000000000122,c1000000-0000-0000-0000-000000000079,DIRECT_TRANSFER,1,9547.79,2026-01-21T19:24:46+00:00,2026-01-21T19:24:46+00:00,False,0.05
c2000000-0000-0000-0000-000000000830,c1000000-0000-0000-0000-000000000081,c1000000-0000-0000-0000-000000000137,DIRECT_TRANSFER,1,100.0,2026-01-21T19:31:39+00:00,2026-01-21T19:31:39+00:00,False,0.05
c2000000-0000-0000-0000-000000000831,c1000000-0000-0000-0000-000000000042,c1000000-0000-0000-0000-000000000059,DIRECT_TRANSFER,1,307.12,2026-01-21T19:34:08+00:00,2026-01-21T19:34:08+00:00,False,0.05
c2000000-0000-0000-0000-000000000832,c1000000-0000-0000-0000-000000000089,c1000000-0000-0000-0000-000000000140,DIRECT_TRANSFER,1,2029.76,2026-01-21T19:38:57+00:00,2026-01-21T19:38:57+00:00,False,0.05
c2000000-0000-0000-0000-000000000833,c1000000-0000-0000-0000-000000000062,c1000000-0000-0000-0000-000000000137,DIRECT_TRANSFER,2,220.0,2026-01-21T19:40:33+00:00,2026-01-25T08:37:36+00:00,False,0.05
c2000000-0000-0000-0000-000000000834,c1000000-0000-0000-0000-000000000003,c1000000-0000-0000-0000-000000000136,DIRECT_TRANSFER,1,1911.06,2026-01-21T19:43:20+00:00,2026-01-21T19:43:20+00:00,False,0.05
c2000000-0000-0000-0000-000000000835,c1000000-0000-0000-0000-000000000091,c1000000-0000-0000-0000-000000000058,DIRECT_TRANSFER,1,2926.51,2026-01-21T19:46:07+00:00,2026-01-21T19:46:07+00:00,False,0.05
c2000000-0000-0000-0000-000000000836,c1000000-0000-0000-0000-000000000042,c1000000-0000-0000-0000-000000000019,DIRECT_TRANSFER,1,3508.77,2026-01-21T19:55:33+00:00,2026-01-21T19:55:33+00:00,False,0.05
c2000000-0000-0000-0000-000000000837,c1000000-0000-0000-0000-000000000012,c1000000-0000-0000-0000-000000000114,DIRECT_TRANSFER,1,2930.56,2026-01-21T19:57:12+00:00,2026-01-21T19:57:12+00:00,False,0.05
c2000000-0000-0000-0000-000000000838,c1000000-0000-0000-0000-000000000042,c1000000-0000-0000-0000-000000000060,DIRECT_TRANSFER,1,2296.28,2026-01-21T19:58:42+00:00,2026-01-21T19:58:42+00:00,False,0.05
c2000000-0000-0000-0000-000000000839,c1000000-0000-0000-0000-000000000061,c1000000-0000-0000-0000-000000000138,DIRECT_TRANSFER,1,1434.1,2026-01-21T20:00:30+00:00,2026-01-21T20:00:30+00:00,False,0.05
c2000000-0000-0000-0000-000000000840,c1000000-0000-0000-0000-000000000009,c1000000-0000-0000-0000-000000000017,DIRECT_TRANSFER,1,1377.74,2026-01-21T20:02:37+00:00,2026-01-21T20:02:37+00:00,False,0.05
c2000000-0000-0000-0000-000000000841,c1000000-0000-0000-0000-000000000020,c1000000-0000-0000-0000-000000000082,DIRECT_TRANSFER,1,2180.66,2026-01-21T20:02:41+00:00,2026-01-21T20:02:41+00:00,False,0.05
c2000000-0000-0000-0000-000000000842,c1000000-0000-0000-0000-000000000118,c1000000-0000-0000-0000-000000000050,DIRECT_TRANSFER,1,3993.89,2026-01-21T20:04:17+00:00,2026-01-21T20:04:17+00:00,False,0.05
c2000000-0000-0000-0000-000000000843,c1000000-0000-0000-0000-000000000089,c1000000-0000-0000-0000-000000000024,DIRECT_TRANSFER,1,1547.06,2026-01-21T20:12:33+00:00,2026-01-21T20:12:33+00:00,False,0.05
c2000000-0000-0000-0000-000000000844,c1000000-0000-0000-0000-000000000076,c1000000-0000-0000-0000-000000000139,DIRECT_TRANSFER,1,877.65,2026-01-21T20:19:34+00:00,2026-01-21T20:19:34+00:00,False,0.05
c2000000-0000-0000-0000-000000000845,c1000000-0000-0000-0000-000000000038,c1000000-0000-0000-0000-000000000140,DIRECT_TRANSFER,2,2983.2,2026-01-21T20:27:53+00:00,2026-01-26T09:22:45+00:00,False,0.05
c2000000-0000-0000-0000-000000000846,c1000000-0000-0000-0000-000000000043,c1000000-0000-0000-0000-000000000138,DIRECT_TRANSFER,1,1859.27,2026-01-21T20:39:26+00:00,2026-01-21T20:39:26+00:00,False,0.05
c2000000-0000-0000-0000-000000000847,c1000000-0000-0000-0000-000000000019,c1000000-0000-0000-0000-000000000086,DIRECT_TRANSFER,1,841.63,2026-01-21T20:40:51+00:00,2026-01-21T20:40:51+00:00,False,0.05
c2000000-0000-0000-0000-000000000848,c1000000-0000-0000-0000-000000000087,c1000000-0000-0000-0000-000000000141,DIRECT_TRANSFER,1,604.31,2026-01-21T20:41:42+00:00,2026-01-21T20:41:42+00:00,False,0.05
c2000000-0000-0000-0000-000000000849,c1000000-0000-0000-0000-000000000068,c1000000-0000-0000-0000-000000000134,DIRECT_TRANSFER,1,2240.77,2026-01-21T21:04:00+00:00,2026-01-21T21:04:00+00:00,False,0.05
c2000000-0000-0000-0000-000000000850,c1000000-0000-0000-0000-000000000131,c1000000-0000-0000-0000-000000000069,DIRECT_TRANSFER,3,10335.97,2026-01-21T21:12:45+00:00,2026-01-25T13:51:47+00:00,False,0.05
c2000000-0000-0000-0000-000000000851,c1000000-0000-0000-0000-000000000063,c1000000-0000-0000-0000-000000000136,DIRECT_TRANSFER,1,2011.42,2026-01-21T21:16:11+00:00,2026-01-21T21:16:11+00:00,False,0.05
c2000000-0000-0000-0000-000000000852,c1000000-0000-0000-0000-000000000086,c1000000-0000-0000-0000-000000000017,DIRECT_TRANSFER,1,777.39,2026-01-21T21:26:09+00:00,2026-01-21T21:26:09+00:00,False,0.05
c2000000-0000-0000-0000-000000000853,c1000000-0000-0000-0000-000000000125,c1000000-0000-0000-0000-000000000055,DIRECT_TRANSFER,1,6609.24,2026-01-21T21:29:57+00:00,2026-01-21T21:29:57+00:00,False,0.05
c2000000-0000-0000-0000-000000000854,c1000000-0000-0000-0000-000000000060,c1000000-0000-0000-0000-000000000138,DIRECT_TRANSFER,2,4809.53,2026-01-21T21:31:07+00:00,2026-01-30T19:22:26+00:00,False,0.05
c2000000-0000-0000-0000-000000000855,c1000000-0000-0000-0000-000000000012,c1000000-0000-0000-0000-000000000007,DIRECT_TRANSFER,1,668.22,2026-01-21T21:38:19+00:00,2026-01-21T21:38:19+00:00,False,0.05
c2000000-0000-0000-0000-000000000856,c1000000-0000-0000-0000-000000000032,c1000000-0000-0000-0000-000000000122,DIRECT_TRANSFER,1,4534.02,2026-01-21T21:56:02+00:00,2026-01-21T21:56:02+00:00,False,0.05
c2000000-0000-0000-0000-000000000857,c1000000-0000-0000-0000-000000000047,c1000000-0000-0000-0000-000000000045,DIRECT_TRANSFER,1,3681.08,2026-01-22T08:01:37+00:00,2026-01-22T08:01:37+00:00,False,0.05
c2000000-0000-0000-0000-000000000858,c1000000-0000-0000-0000-000000000069,c1000000-0000-0000-0000-000000000023,DIRECT_TRANSFER,1,879.6,2026-01-22T08:06:47+00:00,2026-01-22T08:06:47+00:00,False,0.05
c2000000-0000-0000-0000-000000000859,c1000000-0000-0000-0000-000000000009,c1000000-0000-0000-0000-000000000078,DIRECT_TRANSFER,1,3405.93,2026-01-22T08:07:48+00:00,2026-01-22T08:07:48+00:00,False,0.05
c2000000-0000-0000-0000-000000000860,c1000000-0000-0000-0000-000000000100,c1000000-0000-0000-0000-000000000063,DIRECT_TRANSFER,1,1971.58,2026-01-22T08:08:33+00:00,2026-01-22T08:08:33+00:00,False,0.05
c2000000-0000-0000-0000-000000000861,c1000000-0000-0000-0000-000000000060,c1000000-0000-0000-0000-000000000059,DIRECT_TRANSFER,1,1998.36,2026-01-22T08:17:08+00:00,2026-01-22T08:17:08+00:00,False,0.05
c2000000-0000-0000-0000-000000000862,c1000000-0000-0000-0000-000000000010,c1000000-0000-0000-0000-000000000141,DIRECT_TRANSFER,2,1241.14,2026-01-22T08:18:18+00:00,2026-01-26T21:55:10+00:00,False,0.05
c2000000-0000-0000-0000-000000000863,c1000000-0000-0000-0000-000000000072,c1000000-0000-0000-0000-000000000092,DIRECT_TRANSFER,1,488.13,2026-01-22T08:23:23+00:00,2026-01-22T08:23:23+00:00,False,0.05
c2000000-0000-0000-0000-000000000864,c1000000-0000-0000-0000-000000000049,c1000000-0000-0000-0000-000000000138,DIRECT_TRANSFER,3,2737.74,2026-01-22T08:25:16+00:00,2026-01-23T18:07:22+00:00,False,0.05
c2000000-0000-0000-0000-000000000865,c1000000-0000-0000-0000-000000000058,c1000000-0000-0000-0000-000000000117,DIRECT_TRANSFER,2,7260.05,2026-01-22T08:25:39+00:00,2026-01-30T17:16:46+00:00,False,0.05
c2000000-0000-0000-0000-000000000866,c1000000-0000-0000-0000-000000000104,c1000000-0000-0000-0000-000000000103,DIRECT_TRANSFER,1,3195.61,2026-01-22T08:27:33+00:00,2026-01-22T08:27:33+00:00,False,0.05
c2000000-0000-0000-0000-000000000867,c1000000-0000-0000-0000-000000000017,c1000000-0000-0000-0000-000000000090,DIRECT_TRANSFER,1,812.15,2026-01-22T08:47:52+00:00,2026-01-22T08:47:52+00:00,False,0.05
c2000000-0000-0000-0000-000000000868,c1000000-0000-0000-0000-000000000107,c1000000-0000-0000-0000-000000000089,DIRECT_TRANSFER,1,9257.12,2026-01-22T08:53:47+00:00,2026-01-22T08:53:47+00:00,False,0.05
c2000000-0000-0000-0000-000000000869,c1000000-0000-0000-0000-000000000079,c1000000-0000-0000-0000-000000000059,DIRECT_TRANSFER,1,965.66,2026-01-22T08:56:27+00:00,2026-01-22T08:56:27+00:00,False,0.05
c2000000-0000-0000-0000-000000000870,c1000000-0000-0000-0000-000000000037,c1000000-0000-0000-0000-000000000108,DIRECT_TRANSFER,1,1320.24,2026-01-22T09:05:25+00:00,2026-01-22T09:05:25+00:00,False,0.05
c2000000-0000-0000-0000-000000000871,c1000000-0000-0000-0000-000000000114,c1000000-0000-0000-0000-000000000075,DIRECT_TRANSFER,1,4130.53,2026-01-22T09:09:54+00:00,2026-01-22T09:09:54+00:00,False,0.05
c2000000-0000-0000-0000-000000000872,c1000000-0000-0000-0000-000000000025,c1000000-0000-0000-0000-000000000141,DIRECT_TRANSFER,1,2020.96,2026-01-22T09:13:09+00:00,2026-01-22T09:13:09+00:00,False,0.05
c2000000-0000-0000-0000-000000000873,c1000000-0000-0000-0000-000000000095,c1000000-0000-0000-0000-000000000119,DIRECT_TRANSFER,1,6527.64,2026-01-22T09:13:46+00:00,2026-01-22T09:13:46+00:00,False,0.05
c2000000-0000-0000-0000-000000000874,c1000000-0000-0000-0000-000000000095,c1000000-0000-0000-0000-000000000137,DIRECT_TRANSFER,1,2245.49,2026-01-22T09:24:18+00:00,2026-01-22T09:24:18+00:00,False,0.05
c2000000-0000-0000-0000-000000000875,c1000000-0000-0000-0000-000000000028,c1000000-0000-0000-0000-000000000140,DIRECT_TRANSFER,1,2702.82,2026-01-22T09:26:54+00:00,2026-01-22T09:26:54+00:00,False,0.05
c2000000-0000-0000-0000-000000000876,c1000000-0000-0000-0000-000000000054,c1000000-0000-0000-0000-000000000111,DIRECT_TRANSFER,1,4189.15,2026-01-22T09:41:42+00:00,2026-01-22T09:41:42+00:00,False,0.05
c2000000-0000-0000-0000-000000000877,c1000000-0000-0000-0000-000000000062,c1000000-0000-0000-0000-000000000117,DIRECT_TRANSFER,1,2836.8,2026-01-22T09:52:08+00:00,2026-01-22T09:52:08+00:00,False,0.05
c2000000-0000-0000-0000-000000000878,c1000000-0000-0000-0000-000000000040,c1000000-0000-0000-0000-000000000061,DIRECT_TRANSFER,1,2287.14,2026-01-22T10:12:01+00:00,2026-01-22T10:12:01+00:00,False,0.05
c2000000-0000-0000-0000-000000000879,c1000000-0000-0000-0000-000000000055,c1000000-0000-0000-0000-000000000134,DIRECT_TRANSFER,1,20.0,2026-01-22T10:13:08+00:00,2026-01-22T10:13:08+00:00,False,0.05
c2000000-0000-0000-0000-000000000880,c1000000-0000-0000-0000-000000000127,c1000000-0000-0000-0000-000000000041,DIRECT_TRANSFER,1,9802.2,2026-01-22T10:13:35+00:00,2026-01-22T10:13:35+00:00,False,0.05
c2000000-0000-0000-0000-000000000881,c1000000-0000-0000-0000-000000000041,c1000000-0000-0000-0000-000000000075,DIRECT_TRANSFER,1,743.84,2026-01-22T10:15:07+00:00,2026-01-22T10:15:07+00:00,False,0.05
c2000000-0000-0000-0000-000000000882,c1000000-0000-0000-0000-000000000084,c1000000-0000-0000-0000-000000000140,DIRECT_TRANSFER,1,2399.01,2026-01-22T10:21:15+00:00,2026-01-22T10:21:15+00:00,False,0.05
c2000000-0000-0000-0000-000000000883,c1000000-0000-0000-0000-000000000024,c1000000-0000-0000-0000-000000000138,DIRECT_TRANSFER,2,1098.22,2026-01-22T10:28:43+00:00,2026-01-26T10:51:20+00:00,False,0.05
c2000000-0000-0000-0000-000000000884,c1000000-0000-0000-0000-000000000069,c1000000-0000-0000-0000-000000000037,DIRECT_TRANSFER,1,983.81,2026-01-22T10:39:59+00:00,2026-01-22T10:39:59+00:00,False,0.05
c2000000-0000-0000-0000-000000000885,c1000000-0000-0000-0000-000000000060,c1000000-0000-0000-0000-000000000092,DIRECT_TRANSFER,2,5200.51,2026-01-22T10:50:55+00:00,2026-01-27T15:20:41+00:00,False,0.05
c2000000-0000-0000-0000-000000000886,c1000000-0000-0000-0000-000000000054,c1000000-0000-0000-0000-000000000107,DIRECT_TRANSFER,2,1416.92,2026-01-22T10:58:36+00:00,2026-01-26T18:15:00+00:00,False,0.05
c2000000-0000-0000-0000-000000000887,c1000000-0000-0000-0000-000000000034,c1000000-0000-0000-0000-000000000040,DIRECT_TRANSFER,1,4310.91,2026-01-22T11:01:50+00:00,2026-01-22T11:01:50+00:00,False,0.05
c2000000-0000-0000-0000-000000000888,c1000000-0000-0000-0000-000000000020,c1000000-0000-0000-0000-000000000097,DIRECT_TRANSFER,1,3146.82,2026-01-22T11:23:29+00:00,2026-01-22T11:23:29+00:00,False,0.05
c2000000-0000-0000-0000-000000000889,c1000000-0000-0000-0000-000000000055,c1000000-0000-0000-0000-000000000025,DIRECT_TRANSFER,1,3884.13,2026-01-22T11:35:26+00:00,2026-01-22T11:35:26+00:00,False,0.05
c2000000-0000-0000-0000-000000000890,c1000000-0000-0000-0000-000000000116,c1000000-0000-0000-0000-000000000043,DIRECT_TRANSFER,1,8491.01,2026-01-22T11:38:07+00:00,2026-01-22T11:38:07+00:00,False,0.05
c2000000-0000-0000-0000-000000000891,c1000000-0000-0000-0000-000000000049,c1000000-0000-0000-0000-000000000113,DIRECT_TRANSFER,1,1051.47,2026-01-22T11:47:26+00:00,2026-01-22T11:47:26+00:00,False,0.05
c2000000-0000-0000-0000-000000000892,c1000000-0000-0000-0000-000000000030,c1000000-0000-0000-0000-000000000130,DIRECT_TRANSFER,1,1326.0,2026-01-22T11:47:43+00:00,2026-01-22T11:47:43+00:00,False,0.05
c2000000-0000-0000-0000-000000000893,c1000000-0000-0000-0000-000000000102,c1000000-0000-0000-0000-000000000135,DIRECT_TRANSFER,2,3062.7,2026-01-22T11:56:18+00:00,2026-01-24T17:12:54+00:00,False,0.05
c2000000-0000-0000-0000-000000000894,c1000000-0000-0000-0000-000000000031,c1000000-0000-0000-0000-000000000115,DIRECT_TRANSFER,1,2077.9,2026-01-22T12:05:59+00:00,2026-01-22T12:05:59+00:00,False,0.05
c2000000-0000-0000-0000-000000000895,c1000000-0000-0000-0000-000000000103,c1000000-0000-0000-0000-000000000030,DIRECT_TRANSFER,1,3790.27,2026-01-22T12:12:04+00:00,2026-01-22T12:12:04+00:00,False,0.05
c2000000-0000-0000-0000-000000000896,c1000000-0000-0000-0000-000000000003,c1000000-0000-0000-0000-000000000140,DIRECT_TRANSFER,2,2043.37,2026-01-22T12:15:41+00:00,2026-01-22T17:32:57+00:00,False,0.05
c2000000-0000-0000-0000-000000000897,c1000000-0000-0000-0000-000000000074,c1000000-0000-0000-0000-000000000052,DIRECT_TRANSFER,1,3659.79,2026-01-22T12:16:03+00:00,2026-01-22T12:16:03+00:00,False,0.05
c2000000-0000-0000-0000-000000000898,c1000000-0000-0000-0000-000000000076,c1000000-0000-0000-0000-000000000008,DIRECT_TRANSFER,1,2308.54,2026-01-22T12:28:26+00:00,2026-01-22T12:28:26+00:00,False,0.05
c2000000-0000-0000-0000-000000000899,c1000000-0000-0000-0000-000000000090,c1000000-0000-0000-0000-000000000047,DIRECT_TRANSFER,1,4083.58,2026-01-22T12:35:24+00:00,2026-01-22T12:35:24+00:00,False,0.05
c2000000-0000-0000-0000-000000000900,c1000000-0000-0000-0000-000000000109,c1000000-0000-0000-0000-000000000069,DIRECT_TRANSFER,1,6220.42,2026-01-22T12:43:44+00:00,2026-01-22T12:43:44+00:00,False,0.05
c2000000-0000-0000-0000-000000000901,c1000000-0000-0000-0000-000000000031,c1000000-0000-0000-0000-000000000084,DIRECT_TRANSFER,1,1542.03,2026-01-22T13:03:42+00:00,2026-01-22T13:03:42+00:00,False,0.05
c2000000-0000-0000-0000-000000000902,c1000000-0000-0000-0000-000000000045,c1000000-0000-0000-0000-000000000046,DIRECT_TRANSFER,1,1524.77,2026-01-22T13:24:23+00:00,2026-01-22T13:24:23+00:00,False,0.05
c2000000-0000-0000-0000-000000000903,c1000000-0000-0000-0000-000000000040,c1000000-0000-0000-0000-000000000003,DIRECT_TRANSFER,1,2975.21,2026-01-22T13:30:45+00:00,2026-01-22T13:30:45+00:00,False,0.05
c2000000-0000-0000-0000-000000000904,c1000000-0000-0000-0000-000000000086,c1000000-0000-0000-0000-000000000116,DIRECT_TRANSFER,1,1749.7,2026-01-22T13:31:32+00:00,2026-01-22T13:31:32+00:00,False,0.05
c2000000-0000-0000-0000-000000000905,c1000000-0000-0000-0000-000000000032,c1000000-0000-0000-0000-000000000137,DIRECT_TRANSFER,2,3377.9,2026-01-22T13:34:27+00:00,2026-01-27T08:20:22+00:00,False,0.05
c2000000-0000-0000-0000-000000000906,c1000000-0000-0000-0000-000000000053,c1000000-0000-0000-0000-000000000117,DIRECT_TRANSFER,1,5537.54,2026-01-22T13:38:19+00:00,2026-01-22T13:38:19+00:00,False,0.05
c2000000-0000-0000-0000-000000000907,c1000000-0000-0000-0000-000000000107,c1000000-0000-0000-0000-000000000018,DIRECT_TRANSFER,1,7102.08,2026-01-22T13:44:07+00:00,2026-01-22T13:44:07+00:00,False,0.05
c2000000-0000-0000-0000-000000000908,c1000000-0000-0000-0000-000000000104,c1000000-0000-0000-0000-000000000108,DIRECT_TRANSFER,1,1912.65,2026-01-22T13:51:43+00:00,2026-01-22T13:51:43+00:00,False,0.05
c2000000-0000-0000-0000-000000000909,c1000000-0000-0000-0000-000000000101,c1000000-0000-0000-0000-000000000134,DIRECT_TRANSFER,1,2713.16,2026-01-22T14:12:31+00:00,2026-01-22T14:12:31+00:00,False,0.05
c2000000-0000-0000-0000-000000000910,c1000000-0000-0000-0000-000000000074,c1000000-0000-0000-0000-000000000011,DIRECT_TRANSFER,1,676.56,2026-01-22T14:12:40+00:00,2026-01-22T14:12:40+00:00,False,0.05
c2000000-0000-0000-0000-000000000911,c1000000-0000-0000-0000-000000000009,c1000000-0000-0000-0000-000000000126,DIRECT_TRANSFER,1,2026.69,2026-01-22T14:20:55+00:00,2026-01-22T14:20:55+00:00,False,0.05
c2000000-0000-0000-0000-000000000912,c1000000-0000-0000-0000-000000000099,c1000000-0000-0000-0000-000000000059,DIRECT_TRANSFER,1,664.56,2026-01-22T14:31:32+00:00,2026-01-22T14:31:32+00:00,False,0.05
c2000000-0000-0000-0000-000000000913,c1000000-0000-0000-0000-000000000013,c1000000-0000-0000-0000-000000000105,DIRECT_TRANSFER,1,2299.94,2026-01-22T14:36:24+00:00,2026-01-22T14:36:24+00:00,False,0.05
c2000000-0000-0000-0000-000000000914,c1000000-0000-0000-0000-000000000131,c1000000-0000-0000-0000-000000000042,DIRECT_TRANSFER,1,5375.34,2026-01-22T14:37:21+00:00,2026-01-22T14:37:21+00:00,False,0.05
c2000000-0000-0000-0000-000000000915,c1000000-0000-0000-0000-000000000021,c1000000-0000-0000-0000-000000000036,DIRECT_TRANSFER,1,786.65,2026-01-22T14:41:57+00:00,2026-01-22T14:41:57+00:00,False,0.05
c2000000-0000-0000-0000-000000000916,c1000000-0000-0000-0000-000000000054,c1000000-0000-0000-0000-000000000052,DIRECT_TRANSFER,1,1280.44,2026-01-22T14:42:34+00:00,2026-01-22T14:42:34+00:00,False,0.05
c2000000-0000-0000-0000-000000000917,c1000000-0000-0000-0000-000000000061,c1000000-0000-0000-0000-000000000117,DIRECT_TRANSFER,1,3650.97,2026-01-22T14:43:34+00:00,2026-01-22T14:43:34+00:00,False,0.05
c2000000-0000-0000-0000-000000000918,c1000000-0000-0000-0000-000000000031,c1000000-0000-0000-0000-000000000109,DIRECT_TRANSFER,1,4782.3,2026-01-22T14:53:46+00:00,2026-01-22T14:53:46+00:00,False,0.05
c2000000-0000-0000-0000-000000000919,c1000000-0000-0000-0000-000000000005,c1000000-0000-0000-0000-000000000039,DIRECT_TRANSFER,1,2031.38,2026-01-22T14:57:44+00:00,2026-01-22T14:57:44+00:00,False,0.05
c2000000-0000-0000-0000-000000000920,c1000000-0000-0000-0000-000000000075,c1000000-0000-0000-0000-000000000115,DIRECT_TRANSFER,1,4205.75,2026-01-22T15:02:52+00:00,2026-01-22T15:02:52+00:00,False,0.05
c2000000-0000-0000-0000-000000000921,c1000000-0000-0000-0000-000000000009,c1000000-0000-0000-0000-000000000040,DIRECT_TRANSFER,1,3070.62,2026-01-22T15:07:58+00:00,2026-01-22T15:07:58+00:00,False,0.05
c2000000-0000-0000-0000-000000000922,c1000000-0000-0000-0000-000000000004,c1000000-0000-0000-0000-000000000109,DIRECT_TRANSFER,1,6033.49,2026-01-22T15:14:40+00:00,2026-01-22T15:14:40+00:00,False,0.05
c2000000-0000-0000-0000-000000000923,c1000000-0000-0000-0000-000000000002,c1000000-0000-0000-0000-000000000139,DIRECT_TRANSFER,2,5736.97,2026-01-22T15:15:05+00:00,2026-01-25T17:48:11+00:00,False,0.05
c2000000-0000-0000-0000-000000000924,c1000000-0000-0000-0000-000000000050,c1000000-0000-0000-0000-000000000064,DIRECT_TRANSFER,1,3485.25,2026-01-22T15:27:08+00:00,2026-01-22T15:27:08+00:00,False,0.05
c2000000-0000-0000-0000-000000000925,c1000000-0000-0000-0000-000000000010,c1000000-0000-0000-0000-000000000085,DIRECT_TRANSFER,1,3742.08,2026-01-22T15:27:13+00:00,2026-01-22T15:27:13+00:00,False,0.05
c2000000-0000-0000-0000-000000000926,c1000000-0000-0000-0000-000000000072,c1000000-0000-0000-0000-000000000086,DIRECT_TRANSFER,1,3899.55,2026-01-22T15:29:02+00:00,2026-01-22T15:29:02+00:00,False,0.05
c2000000-0000-0000-0000-000000000927,c1000000-0000-0000-0000-000000000016,c1000000-0000-0000-0000-000000000133,DIRECT_TRANSFER,1,1383.92,2026-01-22T15:34:10+00:00,2026-01-22T15:34:10+00:00,False,0.05
c2000000-0000-0000-0000-000000000928,c1000000-0000-0000-0000-000000000099,c1000000-0000-0000-0000-000000000126,DIRECT_TRANSFER,1,3547.17,2026-01-22T15:40:20+00:00,2026-01-22T15:40:20+00:00,False,0.05
c2000000-0000-0000-0000-000000000929,c1000000-0000-0000-0000-000000000035,c1000000-0000-0000-0000-000000000136,DIRECT_TRANSFER,1,1174.47,2026-01-22T15:46:12+00:00,2026-01-22T15:46:12+00:00,False,0.05
c2000000-0000-0000-0000-000000000930,c1000000-0000-0000-0000-000000000123,c1000000-0000-0000-0000-000000000093,DIRECT_TRANSFER,1,1365.48,2026-01-22T15:48:23+00:00,2026-01-22T15:48:23+00:00,False,0.05
c2000000-0000-0000-0000-000000000931,c1000000-0000-0000-0000-000000000023,c1000000-0000-0000-0000-000000000089,DIRECT_TRANSFER,1,2749.99,2026-01-22T15:55:47+00:00,2026-01-22T15:55:47+00:00,False,0.05
c2000000-0000-0000-0000-000000000932,c1000000-0000-0000-0000-000000000021,c1000000-0000-0000-0000-000000000007,DIRECT_TRANSFER,1,1372.48,2026-01-22T15:56:44+00:00,2026-01-22T15:56:44+00:00,False,0.05
c2000000-0000-0000-0000-000000000933,c1000000-0000-0000-0000-000000000097,c1000000-0000-0000-0000-000000000135,DIRECT_TRANSFER,1,500.0,2026-01-22T15:57:18+00:00,2026-01-22T15:57:18+00:00,False,0.05
c2000000-0000-0000-0000-000000000934,c1000000-0000-0000-0000-000000000095,c1000000-0000-0000-0000-000000000070,DIRECT_TRANSFER,1,4395.08,2026-01-22T15:59:20+00:00,2026-01-22T15:59:20+00:00,False,0.05
c2000000-0000-0000-0000-000000000935,c1000000-0000-0000-0000-000000000056,c1000000-0000-0000-0000-000000000016,DIRECT_TRANSFER,1,1849.61,2026-01-22T16:01:48+00:00,2026-01-22T16:01:48+00:00,False,0.05
c2000000-0000-0000-0000-000000000936,c1000000-0000-0000-0000-000000000093,c1000000-0000-0000-0000-000000000120,DIRECT_TRANSFER,1,4945.3,2026-01-22T16:07:04+00:00,2026-01-22T16:07:04+00:00,False,0.05
c2000000-0000-0000-0000-000000000937,c1000000-0000-0000-0000-000000000041,c1000000-0000-0000-0000-000000000016,DIRECT_TRANSFER,1,2203.38,2026-01-22T16:14:26+00:00,2026-01-22T16:14:26+00:00,False,0.05
c2000000-0000-0000-0000-000000000938,c1000000-0000-0000-0000-000000000088,c1000000-0000-0000-0000-000000000011,DIRECT_TRANSFER,1,2867.96,2026-01-22T16:36:50+00:00,2026-01-22T16:36:50+00:00,False,0.05
c2000000-0000-0000-0000-000000000939,c1000000-0000-0000-0000-000000000019,c1000000-0000-0000-0000-000000000052,DIRECT_TRANSFER,1,1922.68,2026-01-22T16:42:43+00:00,2026-01-22T16:42:43+00:00,False,0.05
c2000000-0000-0000-0000-000000000940,c1000000-0000-0000-0000-000000000009,c1000000-0000-0000-0000-000000000049,DIRECT_TRANSFER,1,1684.47,2026-01-22T16:43:27+00:00,2026-01-22T16:43:27+00:00,False,0.05
c2000000-0000-0000-0000-000000000941,c1000000-0000-0000-0000-000000000069,c1000000-0000-0000-0000-000000000141,DIRECT_TRANSFER,2,6006.52,2026-01-22T16:53:07+00:00,2026-01-25T19:52:25+00:00,False,0.05
c2000000-0000-0000-0000-000000000942,c1000000-0000-0000-0000-000000000050,c1000000-0000-0000-0000-000000000106,DIRECT_TRANSFER,1,7323.42,2026-01-22T16:55:15+00:00,2026-01-22T16:55:15+00:00,False,0.05
c2000000-0000-0000-0000-000000000943,c1000000-0000-0000-0000-000000000007,c1000000-0000-0000-0000-000000000016,DIRECT_TRANSFER,1,1846.71,2026-01-22T16:58:43+00:00,2026-01-22T16:58:43+00:00,False,0.05
c2000000-0000-0000-0000-000000000944,c1000000-0000-0000-0000-000000000097,c1000000-0000-0000-0000-000000000067,DIRECT_TRANSFER,1,3500.56,2026-01-22T17:06:48+00:00,2026-01-22T17:06:48+00:00,False,0.05
c2000000-0000-0000-0000-000000000945,c1000000-0000-0000-0000-000000000126,c1000000-0000-0000-0000-000000000052,DIRECT_TRANSFER,1,4204.88,2026-01-22T17:17:48+00:00,2026-01-22T17:17:48+00:00,False,0.05
c2000000-0000-0000-0000-000000000946,c1000000-0000-0000-0000-000000000088,c1000000-0000-0000-0000-000000000061,DIRECT_TRANSFER,1,4389.31,2026-01-22T17:27:55+00:00,2026-01-22T17:27:55+00:00,False,0.05
c2000000-0000-0000-0000-000000000947,c1000000-0000-0000-0000-000000000132,c1000000-0000-0000-0000-000000000096,DIRECT_TRANSFER,1,9442.93,2026-01-22T17:31:13+00:00,2026-01-22T17:31:13+00:00,False,0.05
c2000000-0000-0000-0000-000000000948,c1000000-0000-0000-0000-000000000086,c1000000-0000-0000-0000-000000000117,DIRECT_TRANSFER,1,3481.68,2026-01-22T17:38:32+00:00,2026-01-22T17:38:32+00:00,False,0.05
c2000000-0000-0000-0000-000000000949,c1000000-0000-0000-0000-000000000055,c1000000-0000-0000-0000-000000000094,DIRECT_TRANSFER,1,2346.17,2026-01-22T17:54:25+00:00,2026-01-22T17:54:25+00:00,False,0.05
c2000000-0000-0000-0000-000000000950,c1000000-0000-0000-0000-000000000101,c1000000-0000-0000-0000-000000000137,DIRECT_TRANSFER,1,746.93,2026-01-22T18:12:37+00:00,2026-01-22T18:12:37+00:00,False,0.05
c2000000-0000-0000-0000-000000000951,c1000000-0000-0000-0000-000000000087,c1000000-0000-0000-0000-000000000063,DIRECT_TRANSFER,1,3090.01,2026-01-22T18:23:11+00:00,2026-01-22T18:23:11+00:00,False,0.05
c2000000-0000-0000-0000-000000000952,c1000000-0000-0000-0000-000000000006,c1000000-0000-0000-0000-000000000140,DIRECT_TRANSFER,1,2535.81,2026-01-22T18:35:11+00:00,2026-01-22T18:35:11+00:00,False,0.05
c2000000-0000-0000-0000-000000000953,c1000000-0000-0000-0000-000000000003,c1000000-0000-0000-0000-000000000082,DIRECT_TRANSFER,1,3224.33,2026-01-22T18:48:35+00:00,2026-01-22T18:48:35+00:00,False,0.05
c2000000-0000-0000-0000-000000000954,c1000000-0000-0000-0000-000000000065,c1000000-0000-0000-0000-000000000092,DIRECT_TRANSFER,1,2241.28,2026-01-22T19:06:59+00:00,2026-01-22T19:06:59+00:00,False,0.05
c2000000-0000-0000-0000-000000000955,c1000000-0000-0000-0000-000000000027,c1000000-0000-0000-0000-000000000068,DIRECT_TRANSFER,1,4294.05,2026-01-22T19:09:31+00:00,2026-01-22T19:09:31+00:00,False,0.05
c2000000-0000-0000-0000-000000000956,c1000000-0000-0000-0000-000000000032,c1000000-0000-0000-0000-000000000116,DIRECT_TRANSFER,1,3756.87,2026-01-22T19:27:47+00:00,2026-01-22T19:27:47+00:00,False,0.05
c2000000-0000-0000-0000-000000000957,c1000000-0000-0000-0000-000000000013,c1000000-0000-0000-0000-000000000132,DIRECT_TRANSFER,1,1702.58,2026-01-22T19:27:56+00:00,2026-01-22T19:27:56+00:00,False,0.05
c2000000-0000-0000-0000-000000000958,c1000000-0000-0000-0000-000000000026,c1000000-0000-0000-0000-000000000111,DIRECT_TRANSFER,1,6742.13,2026-01-22T19:36:48+00:00,2026-01-22T19:36:48+00:00,False,0.05
c2000000-0000-0000-0000-000000000959,c1000000-0000-0000-0000-000000000017,c1000000-0000-0000-0000-000000000139,DIRECT_TRANSFER,1,2567.56,2026-01-22T19:49:53+00:00,2026-01-22T19:49:53+00:00,False,0.05
c2000000-0000-0000-0000-000000000960,c1000000-0000-0000-0000-000000000044,c1000000-0000-0000-0000-000000000035,DIRECT_TRANSFER,1,489.26,2026-01-22T19:54:37+00:00,2026-01-22T19:54:37+00:00,False,0.05
c2000000-0000-0000-0000-000000000961,c1000000-0000-0000-0000-000000000009,c1000000-0000-0000-0000-000000000138,DIRECT_TRANSFER,1,50.0,2026-01-22T19:59:57+00:00,2026-01-22T19:59:57+00:00,False,0.05
c2000000-0000-0000-0000-000000000962,c1000000-0000-0000-0000-000000000081,c1000000-0000-0000-0000-000000000140,DIRECT_TRANSFER,1,2562.61,2026-01-22T20:03:41+00:00,2026-01-22T20:03:41+00:00,False,0.05
c2000000-0000-0000-0000-000000000963,c1000000-0000-0000-0000-000000000123,c1000000-0000-0000-0000-000000000042,DIRECT_TRANSFER,1,8851.99,2026-01-22T20:06:38+00:00,2026-01-22T20:06:38+00:00,False,0.05
c2000000-0000-0000-0000-000000000964,c1000000-0000-0000-0000-000000000076,c1000000-0000-0000-0000-000000000136,DIRECT_TRANSFER,1,713.58,2026-01-22T20:07:58+00:00,2026-01-22T20:07:58+00:00,False,0.05
c2000000-0000-0000-0000-000000000965,c1000000-0000-0000-0000-000000000037,c1000000-0000-0000-0000-000000000133,DIRECT_TRANSFER,2,1450.91,2026-01-22T20:16:14+00:00,2026-01-24T16:50:26+00:00,False,0.05
c2000000-0000-0000-0000-000000000966,c1000000-0000-0000-0000-000000000082,c1000000-0000-0000-0000-000000000035,DIRECT_TRANSFER,1,1982.41,2026-01-22T20:24:05+00:00,2026-01-22T20:24:05+00:00,False,0.05
c2000000-0000-0000-0000-000000000967,c1000000-0000-0000-0000-000000000005,c1000000-0000-0000-0000-000000000103,DIRECT_TRANSFER,1,3037.09,2026-01-22T20:27:02+00:00,2026-01-22T20:27:02+00:00,False,0.05
c2000000-0000-0000-0000-000000000968,c1000000-0000-0000-0000-000000000119,c1000000-0000-0000-0000-000000000073,DIRECT_TRANSFER,1,7539.54,2026-01-22T20:39:54+00:00,2026-01-22T20:39:54+00:00,False,0.05
c2000000-0000-0000-0000-000000000969,c1000000-0000-0000-0000-000000000073,c1000000-0000-0000-0000-000000000009,DIRECT_TRANSFER,1,626.15,2026-01-22T20:46:39+00:00,2026-01-22T20:46:39+00:00,False,0.05
c2000000-0000-0000-0000-000000000970,c1000000-0000-0000-0000-000000000055,c1000000-0000-0000-0000-000000000028,DIRECT_TRANSFER,1,820.4,2026-01-22T20:47:47+00:00,2026-01-22T20:47:47+00:00,False,0.05
c2000000-0000-0000-0000-000000000971,c1000000-0000-0000-0000-000000000013,c1000000-0000-0000-0000-000000000056,DIRECT_TRANSFER,2,100184.12,2026-01-22T20:57:40+00:00,2026-01-30T23:32:00+00:00,False,0.7
c2000000-0000-0000-0000-000000000972,c1000000-0000-0000-0000-000000000121,c1000000-0000-0000-0000-000000000061,DIRECT_TRANSFER,1,7632.48,2026-01-22T21:05:52+00:00,2026-01-22T21:05:52+00:00,False,0.05
c2000000-0000-0000-0000-000000000973,c1000000-0000-0000-0000-000000000088,c1000000-0000-0000-0000-000000000077,DIRECT_TRANSFER,1,1215.36,2026-01-22T21:18:41+00:00,2026-01-22T21:18:41+00:00,False,0.05
c2000000-0000-0000-0000-000000000974,c1000000-0000-0000-0000-000000000003,c1000000-0000-0000-0000-000000000070,DIRECT_TRANSFER,1,1602.3,2026-01-22T21:19:07+00:00,2026-01-22T21:19:07+00:00,False,0.05
c2000000-0000-0000-0000-000000000975,c1000000-0000-0000-0000-000000000108,c1000000-0000-0000-0000-000000000066,DIRECT_TRANSFER,1,4549.81,2026-01-22T21:28:43+00:00,2026-01-22T21:28:43+00:00,False,0.05
c2000000-0000-0000-0000-000000000976,c1000000-0000-0000-0000-000000000067,c1000000-0000-0000-0000-000000000138,DIRECT_TRANSFER,2,1564.81,2026-01-22T21:28:56+00:00,2026-01-25T16:33:46+00:00,False,0.05
c2000000-0000-0000-0000-000000000977,c1000000-0000-0000-0000-000000000073,c1000000-0000-0000-0000-000000000135,DIRECT_TRANSFER,2,2939.76,2026-01-22T21:35:28+00:00,2026-01-28T19:33:12+00:00,False,0.05
c2000000-0000-0000-0000-000000000978,c1000000-0000-0000-0000-000000000059,c1000000-0000-0000-0000-000000000140,DIRECT_TRANSFER,1,2504.1,2026-01-22T21:36:47+00:00,2026-01-22T21:36:47+00:00,False,0.05
c2000000-0000-0000-0000-000000000979,c1000000-0000-0000-0000-000000000130,c1000000-0000-0000-0000-000000000029,DIRECT_TRANSFER,1,3884.17,2026-01-22T21:44:13+00:00,2026-01-22T21:44:13+00:00,False,0.05
c2000000-0000-0000-0000-000000000980,c1000000-0000-0000-0000-000000000046,c1000000-0000-0000-0000-000000000127,DIRECT_TRANSFER,1,1689.54,2026-01-23T08:01:22+00:00,2026-01-23T08:01:22+00:00,False,0.05
c2000000-0000-0000-0000-000000000981,c1000000-0000-0000-0000-000000000124,c1000000-0000-0000-0000-000000000034,DIRECT_TRANSFER,1,3172.06,2026-01-23T08:01:56+00:00,2026-01-23T08:01:56+00:00,False,0.05
c2000000-0000-0000-0000-000000000982,c1000000-0000-0000-0000-000000000006,c1000000-0000-0000-0000-000000000055,DIRECT_TRANSFER,1,2269.06,2026-01-23T08:07:35+00:00,2026-01-23T08:07:35+00:00,False,0.05
c2000000-0000-0000-0000-000000000983,c1000000-0000-0000-0000-000000000024,c1000000-0000-0000-0000-000000000005,DIRECT_TRANSFER,1,2222.06,2026-01-23T08:12:09+00:00,2026-01-23T08:12:09+00:00,False,0.05
c2000000-0000-0000-0000-000000000984,c1000000-0000-0000-0000-000000000124,c1000000-0000-0000-0000-000000000031,DIRECT_TRANSFER,1,5436.81,2026-01-23T08:12:15+00:00,2026-01-23T08:12:15+00:00,False,0.05
c2000000-0000-0000-0000-000000000985,c1000000-0000-0000-0000-000000000009,c1000000-0000-0000-0000-000000000036,DIRECT_TRANSFER,1,4039.37,2026-01-23T08:27:36+00:00,2026-01-23T08:27:36+00:00,False,0.05
c2000000-0000-0000-0000-000000000986,c1000000-0000-0000-0000-000000000015,c1000000-0000-0000-0000-000000000081,DIRECT_TRANSFER,1,1174.77,2026-01-23T08:51:04+00:00,2026-01-23T08:51:04+00:00,False,0.05
c2000000-0000-0000-0000-000000000987,c1000000-0000-0000-0000-000000000033,c1000000-0000-0000-0000-000000000012,DIRECT_TRANSFER,1,692.97,2026-01-23T08:55:33+00:00,2026-01-23T08:55:33+00:00,False,0.05
c2000000-0000-0000-0000-000000000988,c1000000-0000-0000-0000-000000000093,c1000000-0000-0000-0000-000000000094,DIRECT_TRANSFER,1,3382.22,2026-01-23T09:02:34+00:00,2026-01-23T09:02:34+00:00,False,0.05
c2000000-0000-0000-0000-000000000989,c1000000-0000-0000-0000-000000000109,c1000000-0000-0000-0000-000000000058,DIRECT_TRANSFER,1,3681.65,2026-01-23T09:03:48+00:00,2026-01-23T09:03:48+00:00,False,0.05
c2000000-0000-0000-0000-000000000990,c1000000-0000-0000-0000-000000000017,c1000000-0000-0000-0000-000000000140,DIRECT_TRANSFER,1,805.09,2026-01-23T09:05:03+00:00,2026-01-23T09:05:03+00:00,False,0.05
c2000000-0000-0000-0000-000000000991,c1000000-0000-0000-0000-000000000043,c1000000-0000-0000-0000-000000000031,DIRECT_TRANSFER,1,2225.01,2026-01-23T09:06:35+00:00,2026-01-23T09:06:35+00:00,False,0.05
c2000000-0000-0000-0000-000000000992,c1000000-0000-0000-0000-000000000097,c1000000-0000-0000-0000-000000000133,DIRECT_TRANSFER,1,3069.74,2026-01-23T09:12:39+00:00,2026-01-23T09:12:39+00:00,False,0.05
c2000000-0000-0000-0000-000000000993,c1000000-0000-0000-0000-000000000119,c1000000-0000-0000-0000-000000000047,DIRECT_TRANSFER,1,6664.96,2026-01-23T09:17:23+00:00,2026-01-23T09:17:23+00:00,False,0.05
c2000000-0000-0000-0000-000000000994,c1000000-0000-0000-0000-000000000039,c1000000-0000-0000-0000-000000000137,DIRECT_TRANSFER,2,611.07,2026-01-23T09:23:19+00:00,2026-01-26T12:08:26+00:00,False,0.05
c2000000-0000-0000-0000-000000000995,c1000000-0000-0000-0000-000000000057,c1000000-0000-0000-0000-000000000106,DIRECT_TRANSFER,1,2161.41,2026-01-23T09:29:23+00:00,2026-01-23T09:29:23+00:00,False,0.05
c2000000-0000-0000-0000-000000000996,c1000000-0000-0000-0000-000000000045,c1000000-0000-0000-0000-000000000120,DIRECT_TRANSFER,1,5731.36,2026-01-23T09:31:39+00:00,2026-01-23T09:31:39+00:00,False,0.05
c2000000-0000-0000-0000-000000000997,c1000000-0000-0000-0000-000000000005,c1000000-0000-0000-0000-000000000135,DIRECT_TRANSFER,1,3029.41,2026-01-23T09:44:13+00:00,2026-01-23T09:44:13+00:00,False,0.05
c2000000-0000-0000-0000-000000000998,c1000000-0000-0000-0000-000000000119,c1000000-0000-0000-0000-000000000050,DIRECT_TRANSFER,1,3095.4,2026-01-23T09:51:39+00:00,2026-01-23T09:51:39+00:00,False,0.05
c2000000-0000-0000-0000-000000000999,c1000000-0000-0000-0000-000000000066,c1000000-0000-0000-0000-000000000139,DIRECT_TRANSFER,1,1409.71,2026-01-23T09:58:02+00:00,2026-01-23T09:58:02+00:00,False,0.05
c2000000-0000-0000-0000-000000001000,c1000000-0000-0000-0000-000000000105,c1000000-0000-0000-0000-000000000003,DIRECT_TRANSFER,1,3192.94,2026-01-23T10:08:00+00:00,2026-01-23T10:08:00+00:00,False,0.05
c2000000-0000-0000-0000-000000001001,c1000000-0000-0000-0000-000000000083,c1000000-0000-0000-0000-000000000037,DIRECT_TRANSFER,1,1589.63,2026-01-23T10:13:55+00:00,2026-01-23T10:13:55+00:00,False,0.05
c2000000-0000-0000-0000-000000001002,c1000000-0000-0000-0000-000000000048,c1000000-0000-0000-0000-000000000067,DIRECT_TRANSFER,1,1059.45,2026-01-23T10:22:42+00:00,2026-01-23T10:22:42+00:00,False,0.05
c2000000-0000-0000-0000-000000001003,c1000000-0000-0000-0000-000000000060,c1000000-0000-0000-0000-000000000110,DIRECT_TRANSFER,1,1172.36,2026-01-23T10:32:31+00:00,2026-01-23T10:32:31+00:00,False,0.05
c2000000-0000-0000-0000-000000001004,c1000000-0000-0000-0000-000000000054,c1000000-0000-0000-0000-000000000065,DIRECT_TRANSFER,1,1505.7,2026-01-23T10:38:31+00:00,2026-01-23T10:38:31+00:00,False,0.05
c2000000-0000-0000-0000-000000001005,c1000000-0000-0000-0000-000000000018,c1000000-0000-0000-0000-000000000016,DIRECT_TRANSFER,1,3848.96,2026-01-23T10:41:23+00:00,2026-01-23T10:41:23+00:00,False,0.05
c2000000-0000-0000-0000-000000001006,c1000000-0000-0000-0000-000000000130,c1000000-0000-0000-0000-000000000065,DIRECT_TRANSFER,1,5485.52,2026-01-23T10:46:18+00:00,2026-01-23T10:46:18+00:00,False,0.05
c2000000-0000-0000-0000-000000001007,c1000000-0000-0000-0000-000000000063,c1000000-0000-0000-0000-000000000140,DIRECT_TRANSFER,1,209.86,2026-01-23T10:47:44+00:00,2026-01-23T10:47:44+00:00,False,0.05
c2000000-0000-0000-0000-000000001008,c1000000-0000-0000-0000-000000000006,c1000000-0000-0000-0000-000000000108,DIRECT_TRANSFER,1,3621.89,2026-01-23T10:50:11+00:00,2026-01-23T10:50:11+00:00,False,0.05
c2000000-0000-0000-0000-000000001009,c1000000-0000-0000-0000-000000000040,c1000000-0000-0000-0000-000000000137,DIRECT_TRANSFER,1,807.52,2026-01-23T10:50:37+00:00,2026-01-23T10:50:37+00:00,False,0.05
c2000000-0000-0000-0000-000000001010,c1000000-0000-0000-0000-000000000078,c1000000-0000-0000-0000-000000000127,DIRECT_TRANSFER,1,1281.07,2026-01-23T10:54:44+00:00,2026-01-23T10:54:44+00:00,False,0.05
c2000000-0000-0000-0000-000000001011,c1000000-0000-0000-0000-000000000083,c1000000-0000-0000-0000-000000000125,DIRECT_TRANSFER,1,5199.71,2026-01-23T11:01:01+00:00,2026-01-23T11:01:01+00:00,False,0.05
c2000000-0000-0000-0000-000000001012,c1000000-0000-0000-0000-000000000110,c1000000-0000-0000-0000-000000000061,DIRECT_TRANSFER,1,4796.91,2026-01-23T11:05:19+00:00,2026-01-23T11:05:19+00:00,False,0.05
c2000000-0000-0000-0000-000000001013,c1000000-0000-0000-0000-000000000051,c1000000-0000-0000-0000-000000000049,DIRECT_TRANSFER,1,4262.46,2026-01-23T11:05:26+00:00,2026-01-23T11:05:26+00:00,False,0.05
c2000000-0000-0000-0000-000000001014,c1000000-0000-0000-0000-000000000051,c1000000-0000-0000-0000-000000000133,DIRECT_TRANSFER,1,1168.24,2026-01-23T11:12:18+00:00,2026-01-23T11:12:18+00:00,False,0.05
c2000000-0000-0000-0000-000000001015,c1000000-0000-0000-0000-000000000089,c1000000-0000-0000-0000-000000000018,DIRECT_TRANSFER,1,2979.71,2026-01-23T11:29:38+00:00,2026-01-23T11:29:38+00:00,False,0.05
c2000000-0000-0000-0000-000000001016,c1000000-0000-0000-0000-000000000031,c1000000-0000-0000-0000-000000000057,DIRECT_TRANSFER,1,3820.99,2026-01-23T11:30:41+00:00,2026-01-23T11:30:41+00:00,False,0.05
c2000000-0000-0000-0000-000000001017,c1000000-0000-0000-0000-000000000064,c1000000-0000-0000-0000-000000000092,DIRECT_TRANSFER,1,3239.96,2026-01-23T11:31:23+00:00,2026-01-23T11:31:23+00:00,False,0.05
c2000000-0000-0000-0000-000000001018,c1000000-0000-0000-0000-000000000088,c1000000-0000-0000-0000-000000000135,DIRECT_TRANSFER,1,349.35,2026-01-23T11:42:47+00:00,2026-01-23T11:42:47+00:00,False,0.05
c2000000-0000-0000-0000-000000001019,c1000000-0000-0000-0000-000000000110,c1000000-0000-0000-0000-000000000039,DIRECT_TRANSFER,2,12768.37,2026-01-23T11:48:35+00:00,2026-01-26T10:14:57+00:00,False,0.05
c2000000-0000-0000-0000-000000001020,c1000000-0000-0000-0000-000000000036,c1000000-0000-0000-0000-000000000074,DIRECT_TRANSFER,1,2351.4,2026-01-23T11:52:40+00:00,2026-01-23T11:52:40+00:00,False,0.05
c2000000-0000-0000-0000-000000001021,c1000000-0000-0000-0000-000000000013,c1000000-0000-0000-0000-000000000020,DIRECT_TRANSFER,1,3260.05,2026-01-23T11:52:49+00:00,2026-01-23T11:52:49+00:00,False,0.05
c2000000-0000-0000-0000-000000001022,c1000000-0000-0000-0000-000000000115,c1000000-0000-0000-0000-000000000096,DIRECT_TRANSFER,1,5447.51,2026-01-23T11:55:52+00:00,2026-01-23T11:55:52+00:00,False,0.05
c2000000-0000-0000-0000-000000001023,c1000000-0000-0000-0000-000000000103,c1000000-0000-0000-0000-000000000062,DIRECT_TRANSFER,1,1491.69,2026-01-23T12:29:27+00:00,2026-01-23T12:29:27+00:00,False,0.05
c2000000-0000-0000-0000-000000001024,c1000000-0000-0000-0000-000000000062,c1000000-0000-0000-0000-000000000035,DIRECT_TRANSFER,1,2770.83,2026-01-23T12:41:10+00:00,2026-01-23T12:41:10+00:00,False,0.05
c2000000-0000-0000-0000-000000001025,c1000000-0000-0000-0000-000000000091,c1000000-0000-0000-0000-000000000075,DIRECT_TRANSFER,1,2110.19,2026-01-23T12:50:13+00:00,2026-01-23T12:50:13+00:00,False,0.05
c2000000-0000-0000-0000-000000001026,c1000000-0000-0000-0000-000000000065,c1000000-0000-0000-0000-000000000104,DIRECT_TRANSFER,1,1568.71,2026-01-23T12:56:27+00:00,2026-01-23T12:56:27+00:00,False,0.05
c2000000-0000-0000-0000-000000001027,c1000000-0000-0000-0000-000000000058,c1000000-0000-0000-0000-000000000138,DIRECT_TRANSFER,1,3039.63,2026-01-23T13:02:41+00:00,2026-01-23T13:02:41+00:00,False,0.05
c2000000-0000-0000-0000-000000001028,c1000000-0000-0000-0000-000000000011,c1000000-0000-0000-0000-000000000133,DIRECT_TRANSFER,2,3092.32,2026-01-23T13:37:43+00:00,2026-01-28T16:54:47+00:00,False,0.05
c2000000-0000-0000-0000-000000001029,c1000000-0000-0000-0000-000000000086,c1000000-0000-0000-0000-000000000140,DIRECT_TRANSFER,1,2052.62,2026-01-23T13:37:46+00:00,2026-01-23T13:37:46+00:00,False,0.05
c2000000-0000-0000-0000-000000001030,c1000000-0000-0000-0000-000000000110,c1000000-0000-0000-0000-000000000072,DIRECT_TRANSFER,2,10047.42,2026-01-23T13:47:31+00:00,2026-01-23T14:19:25+00:00,False,0.05
c2000000-0000-0000-0000-000000001031,c1000000-0000-0000-0000-000000000066,c1000000-0000-0000-0000-000000000037,DIRECT_TRANSFER,1,395.58,2026-01-23T13:53:40+00:00,2026-01-23T13:53:40+00:00,False,0.05
c2000000-0000-0000-0000-000000001032,c1000000-0000-0000-0000-000000000127,c1000000-0000-0000-0000-000000000083,DIRECT_TRANSFER,1,2358.57,2026-01-23T14:03:25+00:00,2026-01-23T14:03:25+00:00,False,0.05
c2000000-0000-0000-0000-000000001033,c1000000-0000-0000-0000-000000000042,c1000000-0000-0000-0000-000000000034,DIRECT_TRANSFER,1,1814.71,2026-01-23T14:06:20+00:00,2026-01-23T14:06:20+00:00,False,0.05
c2000000-0000-0000-0000-000000001034,c1000000-0000-0000-0000-000000000060,c1000000-0000-0000-0000-000000000072,DIRECT_TRANSFER,1,1950.43,2026-01-23T14:07:17+00:00,2026-01-23T14:07:17+00:00,False,0.05
c2000000-0000-0000-0000-000000001035,c1000000-0000-0000-0000-000000000006,c1000000-0000-0000-0000-000000000120,DIRECT_TRANSFER,1,3173.9,2026-01-23T14:07:57+00:00,2026-01-23T14:07:57+00:00,False,0.05
c2000000-0000-0000-0000-000000001036,c1000000-0000-0000-0000-000000000006,c1000000-0000-0000-0000-000000000018,DIRECT_TRANSFER,1,2346.61,2026-01-23T14:09:16+00:00,2026-01-23T14:09:16+00:00,False,0.05
c2000000-0000-0000-0000-000000001037,c1000000-0000-0000-0000-000000000014,c1000000-0000-0000-0000-000000000132,DIRECT_TRANSFER,1,2926.54,2026-01-23T14:23:37+00:00,2026-01-23T14:23:37+00:00,False,0.05
c2000000-0000-0000-0000-000000001038,c1000000-0000-0000-0000-000000000015,c1000000-0000-0000-0000-000000000002,DIRECT_TRANSFER,2,4421.28,2026-01-23T14:34:01+00:00,2026-01-25T17:06:24+00:00,False,0.05
c2000000-0000-0000-0000-000000001039,c1000000-0000-0000-0000-000000000066,c1000000-0000-0000-0000-000000000044,DIRECT_TRANSFER,1,4385.07,2026-01-23T14:40:27+00:00,2026-01-23T14:40:27+00:00,False,0.05
c2000000-0000-0000-0000-000000001040,c1000000-0000-0000-0000-000000000087,c1000000-0000-0000-0000-000000000121,DIRECT_TRANSFER,1,1388.84,2026-01-23T14:49:58+00:00,2026-01-23T14:49:58+00:00,False,0.05
c2000000-0000-0000-0000-000000001041,c1000000-0000-0000-0000-000000000034,c1000000-0000-0000-0000-000000000031,DIRECT_TRANSFER,1,2856.03,2026-01-23T14:50:09+00:00,2026-01-23T14:50:09+00:00,False,0.05
c2000000-0000-0000-0000-000000001042,c1000000-0000-0000-0000-000000000117,c1000000-0000-0000-0000-000000000102,DIRECT_TRANSFER,1,5250.92,2026-01-23T14:53:43+00:00,2026-01-23T14:53:43+00:00,False,0.05
c2000000-0000-0000-0000-000000001043,c1000000-0000-0000-0000-000000000125,c1000000-0000-0000-0000-000000000094,DIRECT_TRANSFER,1,5988.74,2026-01-23T14:54:31+00:00,2026-01-23T14:54:31+00:00,False,0.05
c2000000-0000-0000-0000-000000001044,c1000000-0000-0000-0000-000000000084,c1000000-0000-0000-0000-000000000133,DIRECT_TRANSFER,2,2774.27,2026-01-23T15:00:27+00:00,2026-01-27T15:59:58+00:00,False,0.05
c2000000-0000-0000-0000-000000001045,c1000000-0000-0000-0000-000000000023,c1000000-0000-0000-0000-000000000054,DIRECT_TRANSFER,1,2589.9,2026-01-23T15:00:57+00:00,2026-01-23T15:00:57+00:00,False,0.05
c2000000-0000-0000-0000-000000001046,c1000000-0000-0000-0000-000000000111,c1000000-0000-0000-0000-000000000007,DIRECT_TRANSFER,1,4609.31,2026-01-23T15:12:16+00:00,2026-01-23T15:12:16+00:00,False,0.05
c2000000-0000-0000-0000-000000001047,c1000000-0000-0000-0000-000000000130,c1000000-0000-0000-0000-000000000006,DIRECT_TRANSFER,1,7930.85,2026-01-23T15:16:21+00:00,2026-01-23T15:16:21+00:00,False,0.05
c2000000-0000-0000-0000-000000001048,c1000000-0000-0000-0000-000000000012,c1000000-0000-0000-0000-000000000139,DIRECT_TRANSFER,1,2623.53,2026-01-23T15:17:36+00:00,2026-01-23T15:17:36+00:00,False,0.05
c2000000-0000-0000-0000-000000001049,c1000000-0000-0000-0000-000000000075,c1000000-0000-0000-0000-000000000124,DIRECT_TRANSFER,1,5859.85,2026-01-23T15:21:15+00:00,2026-01-23T15:21:15+00:00,False,0.05
c2000000-0000-0000-0000-000000001050,c1000000-0000-0000-0000-000000000093,c1000000-0000-0000-0000-000000000019,DIRECT_TRANSFER,1,731.71,2026-01-23T15:29:31+00:00,2026-01-23T15:29:31+00:00,False,0.05
c2000000-0000-0000-0000-000000001051,c1000000-0000-0000-0000-000000000117,c1000000-0000-0000-0000-000000000004,DIRECT_TRANSFER,1,4983.21,2026-01-23T15:54:33+00:00,2026-01-23T15:54:33+00:00,False,0.05
c2000000-0000-0000-0000-000000001052,c1000000-0000-0000-0000-000000000121,c1000000-0000-0000-0000-000000000093,DIRECT_TRANSFER,1,8503.15,2026-01-23T15:57:21+00:00,2026-01-23T15:57:21+00:00,False,0.05
c2000000-0000-0000-0000-000000001053,c1000000-0000-0000-0000-000000000095,c1000000-0000-0000-0000-000000000114,DIRECT_TRANSFER,1,5344.37,2026-01-23T16:02:42+00:00,2026-01-23T16:02:42+00:00,False,0.05
c2000000-0000-0000-0000-000000001054,c1000000-0000-0000-0000-000000000071,c1000000-0000-0000-0000-000000000040,DIRECT_TRANSFER,1,2441.74,2026-01-23T16:18:13+00:00,2026-01-23T16:18:13+00:00,False,0.05
c2000000-0000-0000-0000-000000001055,c1000000-0000-0000-0000-000000000006,c1000000-0000-0000-0000-000000000133,DIRECT_TRANSFER,1,2628.56,2026-01-23T16:27:58+00:00,2026-01-23T16:27:58+00:00,False,0.05
c2000000-0000-0000-0000-000000001056,c1000000-0000-0000-0000-000000000033,c1000000-0000-0000-0000-000000000023,DIRECT_TRANSFER,2,2937.84,2026-01-23T16:38:24+00:00,2026-01-29T17:00:09+00:00,False,0.05
c2000000-0000-0000-0000-000000001057,c1000000-0000-0000-0000-000000000127,c1000000-0000-0000-0000-000000000058,DIRECT_TRANSFER,1,2340.84,2026-01-23T16:40:29+00:00,2026-01-23T16:40:29+00:00,False,0.05
c2000000-0000-0000-0000-000000001058,c1000000-0000-0000-0000-000000000090,c1000000-0000-0000-0000-000000000016,DIRECT_TRANSFER,1,3771.14,2026-01-23T17:04:19+00:00,2026-01-23T17:04:19+00:00,False,0.05
c2000000-0000-0000-0000-000000001059,c1000000-0000-0000-0000-000000000108,c1000000-0000-0000-0000-000000000086,DIRECT_TRANSFER,1,5346.01,2026-01-23T17:13:18+00:00,2026-01-23T17:13:18+00:00,False,0.05
c2000000-0000-0000-0000-000000001060,c1000000-0000-0000-0000-000000000063,c1000000-0000-0000-0000-000000000133,DIRECT_TRANSFER,1,1186.87,2026-01-23T17:20:25+00:00,2026-01-23T17:20:25+00:00,False,0.05
c2000000-0000-0000-0000-000000001061,c1000000-0000-0000-0000-000000000048,c1000000-0000-0000-0000-000000000075,DIRECT_TRANSFER,1,1445.24,2026-01-23T17:54:26+00:00,2026-01-23T17:54:26+00:00,False,0.05
c2000000-0000-0000-0000-000000001062,c1000000-0000-0000-0000-000000000120,c1000000-0000-0000-0000-000000000017,DIRECT_TRANSFER,1,8948.56,2026-01-23T17:54:53+00:00,2026-01-23T17:54:53+00:00,False,0.05
c2000000-0000-0000-0000-000000001063,c1000000-0000-0000-0000-000000000120,c1000000-0000-0000-0000-000000000083,DIRECT_TRANSFER,1,2846.2,2026-01-23T17:58:09+00:00,2026-01-23T17:58:09+00:00,False,0.05
c2000000-0000-0000-0000-000000001064,c1000000-0000-0000-0000-000000000095,c1000000-0000-0000-0000-000000000032,DIRECT_TRANSFER,1,652.48,2026-01-23T18:08:45+00:00,2026-01-23T18:08:45+00:00,False,0.05
c2000000-0000-0000-0000-000000001065,c1000000-0000-0000-0000-000000000121,c1000000-0000-0000-0000-000000000094,DIRECT_TRANSFER,1,9759.45,2026-01-23T18:27:28+00:00,2026-01-23T18:27:28+00:00,False,0.05
c2000000-0000-0000-0000-000000001066,c1000000-0000-0000-0000-000000000067,c1000000-0000-0000-0000-000000000139,DIRECT_TRANSFER,1,2809.65,2026-01-23T18:33:25+00:00,2026-01-23T18:33:25+00:00,False,0.05
c2000000-0000-0000-0000-000000001067,c1000000-0000-0000-0000-000000000064,c1000000-0000-0000-0000-000000000069,DIRECT_TRANSFER,1,2907.11,2026-01-23T18:43:45+00:00,2026-01-23T18:43:45+00:00,False,0.05
c2000000-0000-0000-0000-000000001068,c1000000-0000-0000-0000-000000000122,c1000000-0000-0000-0000-000000000038,DIRECT_TRANSFER,1,4773.75,2026-01-23T18:45:51+00:00,2026-01-23T18:45:51+00:00,False,0.05
c2000000-0000-0000-0000-000000001069,c1000000-0000-0000-0000-000000000131,c1000000-0000-0000-0000-000000000006,DIRECT_TRANSFER,1,1048.25,2026-01-23T18:51:38+00:00,2026-01-23T18:51:38+00:00,False,0.05
c2000000-0000-0000-0000-000000001070,c1000000-0000-0000-0000-000000000067,c1000000-0000-0000-0000-000000000119,DIRECT_TRANSFER,1,2716.11,2026-01-23T18:57:19+00:00,2026-01-23T18:57:19+00:00,False,0.05
c2000000-0000-0000-0000-000000001071,c1000000-0000-0000-0000-000000000012,c1000000-0000-0000-0000-000000000080,DIRECT_TRANSFER,1,2888.52,2026-01-23T18:58:45+00:00,2026-01-23T18:58:45+00:00,False,0.05
c2000000-0000-0000-0000-000000001072,c1000000-0000-0000-0000-000000000099,c1000000-0000-0000-0000-000000000137,DIRECT_TRANSFER,4,1951.19,2026-01-23T19:01:36+00:00,2026-01-30T14:23:29+00:00,False,0.05
c2000000-0000-0000-0000-000000001073,c1000000-0000-0000-0000-000000000034,c1000000-0000-0000-0000-000000000137,DIRECT_TRANSFER,1,1726.77,2026-01-23T19:23:59+00:00,2026-01-23T19:23:59+00:00,False,0.05
c2000000-0000-0000-0000-000000001074,c1000000-0000-0000-0000-000000000050,c1000000-0000-0000-0000-000000000092,DIRECT_TRANSFER,1,2020.15,2026-01-23T19:25:43+00:00,2026-01-23T19:25:43+00:00,False,0.05
c2000000-0000-0000-0000-000000001075,c1000000-0000-0000-0000-000000000129,c1000000-0000-0000-0000-000000000078,DIRECT_TRANSFER,1,7533.2,2026-01-23T19:25:55+00:00,2026-01-23T19:25:55+00:00,False,0.05
c2000000-0000-0000-0000-000000001076,c1000000-0000-0000-0000-000000000008,c1000000-0000-0000-0000-000000000049,DIRECT_TRANSFER,1,1316.95,2026-01-23T19:27:32+00:00,2026-01-23T19:27:32+00:00,False,0.05
c2000000-0000-0000-0000-000000001077,c1000000-0000-0000-0000-000000000011,c1000000-0000-0000-0000-000000000116,DIRECT_TRANSFER,1,2861.03,2026-01-23T19:51:33+00:00,2026-01-23T19:51:33+00:00,False,0.05
c2000000-0000-0000-0000-000000001078,c1000000-0000-0000-0000-000000000084,c1000000-0000-0000-0000-000000000085,DIRECT_TRANSFER,1,533.35,2026-01-23T20:25:34+00:00,2026-01-23T20:25:34+00:00,False,0.05
c2000000-0000-0000-0000-000000001079,c1000000-0000-0000-0000-000000000109,c1000000-0000-0000-0000-000000000101,DIRECT_TRANSFER,1,6495.15,2026-01-23T20:29:53+00:00,2026-01-23T20:29:53+00:00,False,0.05
c2000000-0000-0000-0000-000000001080,c1000000-0000-0000-0000-000000000016,c1000000-0000-0000-0000-000000000127,DIRECT_TRANSFER,1,7521.36,2026-01-23T20:30:32+00:00,2026-01-23T20:30:32+00:00,False,0.05
c2000000-0000-0000-0000-000000001081,c1000000-0000-0000-0000-000000000043,c1000000-0000-0000-0000-000000000004,DIRECT_TRANSFER,1,1422.41,2026-01-23T20:31:43+00:00,2026-01-23T20:31:43+00:00,False,0.05
c2000000-0000-0000-0000-000000001082,c1000000-0000-0000-0000-000000000045,c1000000-0000-0000-0000-000000000139,DIRECT_TRANSFER,1,2514.97,2026-01-23T20:39:41+00:00,2026-01-23T20:39:41+00:00,False,0.05
c2000000-0000-0000-0000-000000001083,c1000000-0000-0000-0000-000000000030,c1000000-0000-0000-0000-000000000135,DIRECT_TRANSFER,1,2595.39,2026-01-23T20:48:33+00:00,2026-01-23T20:48:33+00:00,False,0.05
c2000000-0000-0000-0000-000000001084,c1000000-0000-0000-0000-000000000104,c1000000-0000-0000-0000-000000000061,DIRECT_TRANSFER,1,1667.68,2026-01-23T20:49:00+00:00,2026-01-23T20:49:00+00:00,False,0.05
c2000000-0000-0000-0000-000000001085,c1000000-0000-0000-0000-000000000037,c1000000-0000-0000-0000-000000000095,DIRECT_TRANSFER,2,6373.65,2026-01-23T21:13:38+00:00,2026-01-28T19:20:14+00:00,False,0.05
c2000000-0000-0000-0000-000000001086,c1000000-0000-0000-0000-000000000011,c1000000-0000-0000-0000-000000000100,DIRECT_TRANSFER,1,2364.81,2026-01-23T21:16:22+00:00,2026-01-23T21:16:22+00:00,False,0.05
c2000000-0000-0000-0000-000000001087,c1000000-0000-0000-0000-000000000096,c1000000-0000-0000-0000-000000000122,DIRECT_TRANSFER,1,6669.29,2026-01-23T21:18:11+00:00,2026-01-23T21:18:11+00:00,False,0.05
c2000000-0000-0000-0000-000000001088,c1000000-0000-0000-0000-000000000117,c1000000-0000-0000-0000-000000000002,DIRECT_TRANSFER,1,8443.03,2026-01-23T21:19:46+00:00,2026-01-23T21:19:46+00:00,False,0.05
c2000000-0000-0000-0000-000000001089,c1000000-0000-0000-0000-000000000037,c1000000-0000-0000-0000-000000000087,DIRECT_TRANSFER,1,3574.59,2026-01-23T21:38:14+00:00,2026-01-23T21:38:14+00:00,False,0.05
c2000000-0000-0000-0000-000000001090,c1000000-0000-0000-0000-000000000128,c1000000-0000-0000-0000-000000000087,DIRECT_TRANSFER,1,4554.98,2026-01-23T21:39:23+00:00,2026-01-23T21:39:23+00:00,False,0.05
c2000000-0000-0000-0000-000000001091,c1000000-0000-0000-0000-000000000019,c1000000-0000-0000-0000-000000000049,DIRECT_TRANSFER,1,2523.89,2026-01-23T21:40:32+00:00,2026-01-23T21:40:32+00:00,False,0.05
c2000000-0000-0000-0000-000000001092,c1000000-0000-0000-0000-000000000011,c1000000-0000-0000-0000-000000000097,DIRECT_TRANSFER,1,4423.4,2026-01-23T21:51:11+00:00,2026-01-23T21:51:11+00:00,False,0.05
c2000000-0000-0000-0000-000000001093,c1000000-0000-0000-0000-000000000023,c1000000-0000-0000-0000-000000000030,DIRECT_TRANSFER,1,4007.14,2026-01-24T08:01:12+00:00,2026-01-24T08:01:12+00:00,False,0.05
c2000000-0000-0000-0000-000000001094,c1000000-0000-0000-0000-000000000106,c1000000-0000-0000-0000-000000000086,DIRECT_TRANSFER,1,6242.01,2026-01-24T08:03:17+00:00,2026-01-24T08:03:17+00:00,False,0.05
c2000000-0000-0000-0000-000000001095,c1000000-0000-0000-0000-000000000023,c1000000-0000-0000-0000-000000000133,DIRECT_TRANSFER,1,20.0,2026-01-24T08:06:22+00:00,2026-01-24T08:06:22+00:00,False,0.05
c2000000-0000-0000-0000-000000001096,c1000000-0000-0000-0000-000000000092,c1000000-0000-0000-0000-000000000050,DIRECT_TRANSFER,1,1909.97,2026-01-24T08:07:49+00:00,2026-01-24T08:07:49+00:00,False,0.05
c2000000-0000-0000-0000-000000001097,c1000000-0000-0000-0000-000000000050,c1000000-0000-0000-0000-000000000037,DIRECT_TRANSFER,1,1085.34,2026-01-24T08:11:12+00:00,2026-01-24T08:11:12+00:00,False,0.05
c2000000-0000-0000-0000-000000001098,c1000000-0000-0000-0000-000000000072,c1000000-0000-0000-0000-000000000107,DIRECT_TRANSFER,1,3665.46,2026-01-24T08:15:32+00:00,2026-01-24T08:15:32+00:00,False,0.05
c2000000-0000-0000-0000-000000001099,c1000000-0000-0000-0000-000000000076,c1000000-0000-0000-0000-000000000131,DIRECT_TRANSFER,1,5197.23,2026-01-24T08:30:27+00:00,2026-01-24T08:30:27+00:00,False,0.05
c2000000-0000-0000-0000-000000001100,c1000000-0000-0000-0000-000000000057,c1000000-0000-0000-0000-000000000025,DIRECT_TRANSFER,1,2914.74,2026-01-24T08:35:07+00:00,2026-01-24T08:35:07+00:00,False,0.05
c2000000-0000-0000-0000-000000001101,c1000000-0000-0000-0000-000000000087,c1000000-0000-0000-0000-000000000061,DIRECT_TRANSFER,2,6050.09,2026-01-24T08:35:25+00:00,2026-01-26T11:06:42+00:00,False,0.05
c2000000-0000-0000-0000-000000001102,c1000000-0000-0000-0000-000000000036,c1000000-0000-0000-0000-000000000128,DIRECT_TRANSFER,2,7707.43,2026-01-24T08:38:07+00:00,2026-01-27T21:13:10+00:00,False,0.05
c2000000-0000-0000-0000-000000001103,c1000000-0000-0000-0000-000000000084,c1000000-0000-0000-0000-000000000102,DIRECT_TRANSFER,1,4005.55,2026-01-24T08:53:43+00:00,2026-01-24T08:53:43+00:00,False,0.05
c2000000-0000-0000-0000-000000001104,c1000000-0000-0000-0000-000000000038,c1000000-0000-0000-0000-000000000026,DIRECT_TRANSFER,1,852.18,2026-01-24T09:03:08+00:00,2026-01-24T09:03:08+00:00,False,0.05
c2000000-0000-0000-0000-000000001105,c1000000-0000-0000-0000-000000000041,c1000000-0000-0000-0000-000000000090,DIRECT_TRANSFER,1,479.62,2026-01-24T09:03:58+00:00,2026-01-24T09:03:58+00:00,False,0.05
c2000000-0000-0000-0000-000000001106,c1000000-0000-0000-0000-000000000111,c1000000-0000-0000-0000-000000000005,DIRECT_TRANSFER,1,8438.27,2026-01-24T09:10:06+00:00,2026-01-24T09:10:06+00:00,False,0.05
c2000000-0000-0000-0000-000000001107,c1000000-0000-0000-0000-000000000019,c1000000-0000-0000-0000-000000000136,DIRECT_TRANSFER,1,532.96,2026-01-24T09:12:03+00:00,2026-01-24T09:12:03+00:00,False,0.05
c2000000-0000-0000-0000-000000001108,c1000000-0000-0000-0000-000000000118,c1000000-0000-0000-0000-000000000078,DIRECT_TRANSFER,1,5680.67,2026-01-24T09:13:33+00:00,2026-01-24T09:13:33+00:00,False,0.05
c2000000-0000-0000-0000-000000001109,c1000000-0000-0000-0000-000000000075,c1000000-0000-0000-0000-000000000031,DIRECT_TRANSFER,1,2254.96,2026-01-24T09:17:04+00:00,2026-01-24T09:17:04+00:00,False,0.05
c2000000-0000-0000-0000-000000001110,c1000000-0000-0000-0000-000000000042,c1000000-0000-0000-0000-000000000051,DIRECT_TRANSFER,1,3495.13,2026-01-24T09:27:45+00:00,2026-01-24T09:27:45+00:00,False,0.05
c2000000-0000-0000-0000-000000001111,c1000000-0000-0000-0000-000000000002,c1000000-0000-0000-0000-000000000023,DIRECT_TRANSFER,1,1605.12,2026-01-24T09:29:03+00:00,2026-01-24T09:29:03+00:00,False,0.05
c2000000-0000-0000-0000-000000001112,c1000000-0000-0000-0000-000000000014,c1000000-0000-0000-0000-000000000044,DIRECT_TRANSFER,1,2648.91,2026-01-24T09:34:24+00:00,2026-01-24T09:34:24+00:00,False,0.05
c2000000-0000-0000-0000-000000001113,c1000000-0000-0000-0000-000000000117,c1000000-0000-0000-0000-000000000105,DIRECT_TRANSFER,1,2284.42,2026-01-24T09:40:36+00:00,2026-01-24T09:40:36+00:00,False,0.05
c2000000-0000-0000-0000-000000001114,c1000000-0000-0000-0000-000000000019,c1000000-0000-0000-0000-000000000139,DIRECT_TRANSFER,1,200.0,2026-01-24T09:43:50+00:00,2026-01-24T09:43:50+00:00,False,0.05
c2000000-0000-0000-0000-000000001115,c1000000-0000-0000-0000-000000000124,c1000000-0000-0000-0000-000000000022,DIRECT_TRANSFER,1,3267.46,2026-01-24T09:45:34+00:00,2026-01-24T09:45:34+00:00,False,0.05
c2000000-0000-0000-0000-000000001116,c1000000-0000-0000-0000-000000000098,c1000000-0000-0000-0000-000000000134,DIRECT_TRANSFER,1,2057.31,2026-01-24T09:49:38+00:00,2026-01-24T09:49:38+00:00,False,0.05
c2000000-0000-0000-0000-000000001117,c1000000-0000-0000-0000-000000000029,c1000000-0000-0000-0000-000000000075,DIRECT_TRANSFER,1,3495.25,2026-01-24T09:50:44+00:00,2026-01-24T09:50:44+00:00,False,0.05
c2000000-0000-0000-0000-000000001118,c1000000-0000-0000-0000-000000000043,c1000000-0000-0000-0000-000000000040,DIRECT_TRANSFER,1,470.23,2026-01-24T09:58:15+00:00,2026-01-24T09:58:15+00:00,False,0.05
c2000000-0000-0000-0000-000000001119,c1000000-0000-0000-0000-000000000127,c1000000-0000-0000-0000-000000000035,DIRECT_TRANSFER,2,8083.79,2026-01-24T10:04:42+00:00,2026-01-27T09:27:18+00:00,False,0.05
c2000000-0000-0000-0000-000000001120,c1000000-0000-0000-0000-000000000006,c1000000-0000-0000-0000-000000000121,DIRECT_TRANSFER,1,2145.54,2026-01-24T10:06:29+00:00,2026-01-24T10:06:29+00:00,False,0.05
c2000000-0000-0000-0000-000000001121,c1000000-0000-0000-0000-000000000107,c1000000-0000-0000-0000-000000000017,DIRECT_TRANSFER,1,3805.0,2026-01-24T10:15:08+00:00,2026-01-24T10:15:08+00:00,False,0.05
c2000000-0000-0000-0000-000000001122,c1000000-0000-0000-0000-000000000078,c1000000-0000-0000-0000-000000000139,DIRECT_TRANSFER,1,3139.52,2026-01-24T10:21:36+00:00,2026-01-24T10:21:36+00:00,False,0.05
c2000000-0000-0000-0000-000000001123,c1000000-0000-0000-0000-000000000078,c1000000-0000-0000-0000-000000000131,DIRECT_TRANSFER,1,2351.3,2026-01-24T10:28:04+00:00,2026-01-24T10:28:04+00:00,False,0.05
c2000000-0000-0000-0000-000000001124,c1000000-0000-0000-0000-000000000094,c1000000-0000-0000-0000-000000000105,DIRECT_TRANSFER,1,1167.81,2026-01-24T10:52:45+00:00,2026-01-24T10:52:45+00:00,False,0.05
c2000000-0000-0000-0000-000000001125,c1000000-0000-0000-0000-000000000023,c1000000-0000-0000-0000-000000000137,DIRECT_TRANSFER,2,1839.03,2026-01-24T10:53:01+00:00,2026-01-24T17:34:09+00:00,False,0.05
c2000000-0000-0000-0000-000000001126,c1000000-0000-0000-0000-000000000105,c1000000-0000-0000-0000-000000000091,DIRECT_TRANSFER,1,3058.61,2026-01-24T10:55:13+00:00,2026-01-24T10:55:13+00:00,False,0.05
c2000000-0000-0000-0000-000000001127,c1000000-0000-0000-0000-000000000065,c1000000-0000-0000-0000-000000000095,DIRECT_TRANSFER,1,3318.99,2026-01-24T10:58:12+00:00,2026-01-24T10:58:12+00:00,False,0.05
c2000000-0000-0000-0000-000000001128,c1000000-0000-0000-0000-000000000098,c1000000-0000-0000-0000-000000000025,DIRECT_TRANSFER,1,1315.21,2026-01-24T11:03:47+00:00,2026-01-24T11:03:47+00:00,False,0.05
c2000000-0000-0000-0000-000000001129,c1000000-0000-0000-0000-000000000002,c1000000-0000-0000-0000-000000000138,DIRECT_TRANSFER,2,5284.64,2026-01-24T11:05:01+00:00,2026-01-25T11:12:43+00:00,False,0.05
c2000000-0000-0000-0000-000000001130,c1000000-0000-0000-0000-000000000044,c1000000-0000-0000-0000-000000000007,DIRECT_TRANSFER,1,3733.03,2026-01-24T11:06:30+00:00,2026-01-24T11:06:30+00:00,False,0.05
c2000000-0000-0000-0000-000000001131,c1000000-0000-0000-0000-000000000104,c1000000-0000-0000-0000-000000000106,DIRECT_TRANSFER,1,7926.98,2026-01-24T11:21:05+00:00,2026-01-24T11:21:05+00:00,False,0.05
c2000000-0000-0000-0000-000000001132,c1000000-0000-0000-0000-000000000047,c1000000-0000-0000-0000-000000000126,DIRECT_TRANSFER,1,5799.19,2026-01-24T11:30:02+00:00,2026-01-24T11:30:02+00:00,False,0.05
c2000000-0000-0000-0000-000000001133,c1000000-0000-0000-0000-000000000015,c1000000-0000-0000-0000-000000000140,DIRECT_TRANSFER,2,2389.51,2026-01-24T11:31:11+00:00,2026-01-27T14:44:27+00:00,False,0.05
c2000000-0000-0000-0000-000000001134,c1000000-0000-0000-0000-000000000080,c1000000-0000-0000-0000-000000000138,DIRECT_TRANSFER,1,1449.61,2026-01-24T11:37:02+00:00,2026-01-24T11:37:02+00:00,False,0.05
c2000000-0000-0000-0000-000000001135,c1000000-0000-0000-0000-000000000069,c1000000-0000-0000-0000-000000000112,DIRECT_TRANSFER,1,3815.44,2026-01-24T11:45:02+00:00,2026-01-24T11:45:02+00:00,False,0.05
c2000000-0000-0000-0000-000000001136,c1000000-0000-0000-0000-000000000097,c1000000-0000-0000-0000-000000000141,DIRECT_TRANSFER,1,100.0,2026-01-24T11:45:38+00:00,2026-01-24T11:45:38+00:00,False,0.05
c2000000-0000-0000-0000-000000001137,c1000000-0000-0000-0000-000000000084,c1000000-0000-0000-0000-000000000002,DIRECT_TRANSFER,1,1757.57,2026-01-24T11:51:47+00:00,2026-01-24T11:51:47+00:00,False,0.05
c2000000-0000-0000-0000-000000001138,c1000000-0000-0000-0000-000000000132,c1000000-0000-0000-0000-000000000086,DIRECT_TRANSFER,1,2510.95,2026-01-24T11:56:06+00:00,2026-01-24T11:56:06+00:00,False,0.05
c2000000-0000-0000-0000-000000001139,c1000000-0000-0000-0000-000000000057,c1000000-0000-0000-0000-000000000138,DIRECT_TRANSFER,1,559.51,2026-01-24T11:59:46+00:00,2026-01-24T11:59:46+00:00,False,0.05
c2000000-0000-0000-0000-000000001140,c1000000-0000-0000-0000-000000000055,c1000000-0000-0000-0000-000000000023,DIRECT_TRANSFER,1,2805.16,2026-01-24T12:10:46+00:00,2026-01-24T12:10:46+00:00,False,0.05
c2000000-0000-0000-0000-000000001141,c1000000-0000-0000-0000-000000000048,c1000000-0000-0000-0000-000000000086,DIRECT_TRANSFER,2,1761.3,2026-01-24T12:29:15+00:00,2026-01-29T20:57:08+00:00,False,0.05
c2000000-0000-0000-0000-000000001142,c1000000-0000-0000-0000-000000000019,c1000000-0000-0000-0000-000000000114,DIRECT_TRANSFER,1,2355.61,2026-01-24T12:38:29+00:00,2026-01-24T12:38:29+00:00,False,0.05
c2000000-0000-0000-0000-000000001143,c1000000-0000-0000-0000-000000000011,c1000000-0000-0000-0000-000000000039,DIRECT_TRANSFER,1,3823.19,2026-01-24T12:41:04+00:00,2026-01-24T12:41:04+00:00,False,0.05
c2000000-0000-0000-0000-000000001144,c1000000-0000-0000-0000-000000000118,c1000000-0000-0000-0000-000000000052,DIRECT_TRANSFER,1,8396.75,2026-01-24T12:52:22+00:00,2026-01-24T12:52:22+00:00,False,0.05
c2000000-0000-0000-0000-000000001145,c1000000-0000-0000-0000-000000000060,c1000000-0000-0000-0000-000000000135,DIRECT_TRANSFER,1,200.0,2026-01-24T12:53:43+00:00,2026-01-24T12:53:43+00:00,False,0.05
c2000000-0000-0000-0000-000000001146,c1000000-0000-0000-0000-000000000086,c1000000-0000-0000-0000-000000000136,DIRECT_TRANSFER,1,2594.43,2026-01-24T13:15:13+00:00,2026-01-24T13:15:13+00:00,False,0.05
c2000000-0000-0000-0000-000000001147,c1000000-0000-0000-0000-000000000042,c1000000-0000-0000-0000-000000000138,DIRECT_TRANSFER,2,1945.97,2026-01-24T13:31:33+00:00,2026-01-25T19:42:37+00:00,False,0.05
c2000000-0000-0000-0000-000000001148,c1000000-0000-0000-0000-000000000099,c1000000-0000-0000-0000-000000000089,DIRECT_TRANSFER,1,771.61,2026-01-24T13:40:44+00:00,2026-01-24T13:40:44+00:00,False,0.05
c2000000-0000-0000-0000-000000001149,c1000000-0000-0000-0000-000000000115,c1000000-0000-0000-0000-000000000051,DIRECT_TRANSFER,1,6517.25,2026-01-24T13:44:53+00:00,2026-01-24T13:44:53+00:00,False,0.05
c2000000-0000-0000-0000-000000001150,c1000000-0000-0000-0000-000000000096,c1000000-0000-0000-0000-000000000109,DIRECT_TRANSFER,1,4796.29,2026-01-24T13:47:37+00:00,2026-01-24T13:47:37+00:00,False,0.05
c2000000-0000-0000-0000-000000001151,c1000000-0000-0000-0000-000000000086,c1000000-0000-0000-0000-000000000118,DIRECT_TRANSFER,1,3338.27,2026-01-24T13:52:15+00:00,2026-01-24T13:52:15+00:00,False,0.05
c2000000-0000-0000-0000-000000001152,c1000000-0000-0000-0000-000000000026,c1000000-0000-0000-0000-000000000003,DIRECT_TRANSFER,1,957.13,2026-01-24T13:54:35+00:00,2026-01-24T13:54:35+00:00,False,0.05
c2000000-0000-0000-0000-000000001153,c1000000-0000-0000-0000-000000000115,c1000000-0000-0000-0000-000000000090,DIRECT_TRANSFER,1,9307.57,2026-01-24T14:04:33+00:00,2026-01-24T14:04:33+00:00,False,0.05
c2000000-0000-0000-0000-000000001154,c1000000-0000-0000-0000-000000000102,c1000000-0000-0000-0000-000000000075,DIRECT_TRANSFER,1,3923.18,2026-01-24T14:06:08+00:00,2026-01-24T14:06:08+00:00,False,0.05
c2000000-0000-0000-0000-000000001155,c1000000-0000-0000-0000-000000000054,c1000000-0000-0000-0000-000000000063,DIRECT_TRANSFER,1,3395.51,2026-01-24T14:10:07+00:00,2026-01-24T14:10:07+00:00,False,0.05
c2000000-0000-0000-0000-000000001156,c1000000-0000-0000-0000-000000000094,c1000000-0000-0000-0000-000000000119,DIRECT_TRANSFER,1,3933.71,2026-01-24T14:15:11+00:00,2026-01-24T14:15:11+00:00,False,0.05
c2000000-0000-0000-0000-000000001157,c1000000-0000-0000-0000-000000000087,c1000000-0000-0000-0000-000000000103,DIRECT_TRANSFER,1,743.12,2026-01-24T14:20:49+00:00,2026-01-24T14:20:49+00:00,False,0.05
c2000000-0000-0000-0000-000000001158,c1000000-0000-0000-0000-000000000025,c1000000-0000-0000-0000-000000000052,DIRECT_TRANSFER,1,362.43,2026-01-24T14:21:47+00:00,2026-01-24T14:21:47+00:00,False,0.05
c2000000-0000-0000-0000-000000001159,c1000000-0000-0000-0000-000000000035,c1000000-0000-0000-0000-000000000139,DIRECT_TRANSFER,1,225.39,2026-01-24T14:23:51+00:00,2026-01-24T14:23:51+00:00,False,0.05
c2000000-0000-0000-0000-000000001160,c1000000-0000-0000-0000-000000000063,c1000000-0000-0000-0000-000000000040,DIRECT_TRANSFER,1,2956.51,2026-01-24T14:25:47+00:00,2026-01-24T14:25:47+00:00,False,0.05
c2000000-0000-0000-0000-000000001161,c1000000-0000-0000-0000-000000000065,c1000000-0000-0000-0000-000000000006,DIRECT_TRANSFER,1,2187.32,2026-01-24T14:28:10+00:00,2026-01-24T14:28:10+00:00,False,0.05
c2000000-0000-0000-0000-000000001162,c1000000-0000-0000-0000-000000000042,c1000000-0000-0000-0000-000000000123,DIRECT_TRANSFER,1,5200.9,2026-01-24T14:32:06+00:00,2026-01-24T14:32:06+00:00,False,0.05
c2000000-0000-0000-0000-000000001163,c1000000-0000-0000-0000-000000000008,c1000000-0000-0000-0000-000000000077,DIRECT_TRANSFER,1,2503.09,2026-01-24T14:36:47+00:00,2026-01-24T14:36:47+00:00,False,0.05
c2000000-0000-0000-0000-000000001164,c1000000-0000-0000-0000-000000000028,c1000000-0000-0000-0000-000000000060,DIRECT_TRANSFER,1,1146.41,2026-01-24T14:41:20+00:00,2026-01-24T14:41:20+00:00,False,0.05
c2000000-0000-0000-0000-000000001165,c1000000-0000-0000-0000-000000000055,c1000000-0000-0000-0000-000000000083,DIRECT_TRANSFER,1,1251.56,2026-01-24T14:44:23+00:00,2026-01-24T14:44:23+00:00,False,0.05
c2000000-0000-0000-0000-000000001166,c1000000-0000-0000-0000-000000000016,c1000000-0000-0000-0000-000000000139,DIRECT_TRANSFER,1,500.0,2026-01-24T14:56:02+00:00,2026-01-24T14:56:02+00:00,False,0.05
c2000000-0000-0000-0000-000000001167,c1000000-0000-0000-0000-000000000019,c1000000-0000-0000-0000-000000000017,DIRECT_TRANSFER,1,3618.06,2026-01-24T14:56:45+00:00,2026-01-24T14:56:45+00:00,False,0.05
c2000000-0000-0000-0000-000000001168,c1000000-0000-0000-0000-000000000071,c1000000-0000-0000-0000-000000000140,DIRECT_TRANSFER,2,4943.11,2026-01-24T15:14:33+00:00,2026-01-25T18:17:07+00:00,False,0.05
c2000000-0000-0000-0000-000000001169,c1000000-0000-0000-0000-000000000048,c1000000-0000-0000-0000-000000000135,DIRECT_TRANSFER,1,1911.4,2026-01-24T15:28:54+00:00,2026-01-24T15:28:54+00:00,False,0.05
c2000000-0000-0000-0000-000000001170,c1000000-0000-0000-0000-000000000095,c1000000-0000-0000-0000-000000000134,DIRECT_TRANSFER,1,1028.13,2026-01-24T15:29:29+00:00,2026-01-24T15:29:29+00:00,False,0.05
c2000000-0000-0000-0000-000000001171,c1000000-0000-0000-0000-000000000055,c1000000-0000-0000-0000-000000000044,DIRECT_TRANSFER,2,6136.85,2026-01-24T15:30:48+00:00,2026-01-25T10:53:03+00:00,False,0.05
c2000000-0000-0000-0000-000000001172,c1000000-0000-0000-0000-000000000121,c1000000-0000-0000-0000-000000000066,DIRECT_TRANSFER,1,4718.14,2026-01-24T15:39:43+00:00,2026-01-24T15:39:43+00:00,False,0.05
c2000000-0000-0000-0000-000000001173,c1000000-0000-0000-0000-000000000038,c1000000-0000-0000-0000-000000000092,DIRECT_TRANSFER,1,4355.93,2026-01-24T15:40:53+00:00,2026-01-24T15:40:53+00:00,False,0.05
c2000000-0000-0000-0000-000000001174,c1000000-0000-0000-0000-000000000082,c1000000-0000-0000-0000-000000000135,DIRECT_TRANSFER,1,393.42,2026-01-24T15:40:58+00:00,2026-01-24T15:40:58+00:00,False,0.05
c2000000-0000-0000-0000-000000001175,c1000000-0000-0000-0000-000000000057,c1000000-0000-0000-0000-000000000140,DIRECT_TRANSFER,1,1037.8,2026-01-24T15:41:10+00:00,2026-01-24T15:41:10+00:00,False,0.05
c2000000-0000-0000-0000-000000001176,c1000000-0000-0000-0000-000000000020,c1000000-0000-0000-0000-000000000139,DIRECT_TRANSFER,3,1474.97,2026-01-24T15:41:32+00:00,2026-01-25T15:12:05+00:00,False,0.05
c2000000-0000-0000-0000-000000001177,c1000000-0000-0000-0000-000000000028,c1000000-0000-0000-0000-000000000022,DIRECT_TRANSFER,1,3438.99,2026-01-24T15:42:34+00:00,2026-01-24T15:42:34+00:00,False,0.05
c2000000-0000-0000-0000-000000001178,c1000000-0000-0000-0000-000000000040,c1000000-0000-0000-0000-000000000056,DIRECT_TRANSFER,1,4021.45,2026-01-24T15:55:15+00:00,2026-01-24T15:55:15+00:00,False,0.05
c2000000-0000-0000-0000-000000001179,c1000000-0000-0000-0000-000000000052,c1000000-0000-0000-0000-000000000109,DIRECT_TRANSFER,1,5129.76,2026-01-24T16:03:18+00:00,2026-01-24T16:03:18+00:00,False,0.05
c2000000-0000-0000-0000-000000001180,c1000000-0000-0000-0000-000000000043,c1000000-0000-0000-0000-000000000033,DIRECT_TRANSFER,1,1501.68,2026-01-24T16:12:21+00:00,2026-01-24T16:12:21+00:00,False,0.05
c2000000-0000-0000-0000-000000001181,c1000000-0000-0000-0000-000000000028,c1000000-0000-0000-0000-000000000014,DIRECT_TRANSFER,1,1733.28,2026-01-24T16:25:27+00:00,2026-01-24T16:25:27+00:00,False,0.05
c2000000-0000-0000-0000-000000001182,c1000000-0000-0000-0000-000000000056,c1000000-0000-0000-0000-000000000022,DIRECT_TRANSFER,1,958.53,2026-01-24T16:26:41+00:00,2026-01-24T16:26:41+00:00,False,0.05
c2000000-0000-0000-0000-000000001183,c1000000-0000-0000-0000-000000000076,c1000000-0000-0000-0000-000000000092,DIRECT_TRANSFER,1,4450.04,2026-01-24T16:40:47+00:00,2026-01-24T16:40:47+00:00,False,0.05
c2000000-0000-0000-0000-000000001184,c1000000-0000-0000-0000-000000000120,c1000000-0000-0000-0000-000000000018,DIRECT_TRANSFER,1,5237.09,2026-01-24T16:42:15+00:00,2026-01-24T16:42:15+00:00,False,0.05
c2000000-0000-0000-0000-000000001185,c1000000-0000-0000-0000-000000000031,c1000000-0000-0000-0000-000000000122,DIRECT_TRANSFER,2,38788.2,2026-01-24T16:53:50+00:00,2026-04-28T05:00:00+00:00,False,0.7
c2000000-0000-0000-0000-000000001186,c1000000-0000-0000-0000-000000000022,c1000000-0000-0000-0000-000000000132,DIRECT_TRANSFER,1,3701.54,2026-01-24T16:58:12+00:00,2026-01-24T16:58:12+00:00,False,0.05
c2000000-0000-0000-0000-000000001187,c1000000-0000-0000-0000-000000000130,c1000000-0000-0000-0000-000000000026,DIRECT_TRANSFER,1,9359.38,2026-01-24T17:00:03+00:00,2026-01-24T17:00:03+00:00,False,0.05
c2000000-0000-0000-0000-000000001188,c1000000-0000-0000-0000-000000000046,c1000000-0000-0000-0000-000000000139,DIRECT_TRANSFER,1,1618.27,2026-01-24T17:08:40+00:00,2026-01-24T17:08:40+00:00,False,0.05
c2000000-0000-0000-0000-000000001189,c1000000-0000-0000-0000-000000000077,c1000000-0000-0000-0000-000000000093,DIRECT_TRANSFER,1,490.44,2026-01-24T17:12:06+00:00,2026-01-24T17:12:06+00:00,False,0.05
c2000000-0000-0000-0000-000000001190,c1000000-0000-0000-0000-000000000069,c1000000-0000-0000-0000-000000000059,DIRECT_TRANSFER,1,1558.48,2026-01-24T17:14:06+00:00,2026-01-24T17:14:06+00:00,False,0.05
c2000000-0000-0000-0000-000000001191,c1000000-0000-0000-0000-000000000092,c1000000-0000-0000-0000-000000000088,DIRECT_TRANSFER,1,2173.51,2026-01-24T17:19:37+00:00,2026-01-24T17:19:37+00:00,False,0.05
c2000000-0000-0000-0000-000000001192,c1000000-0000-0000-0000-000000000002,c1000000-0000-0000-0000-000000000068,DIRECT_TRANSFER,1,2721.69,2026-01-24T17:21:18+00:00,2026-01-24T17:21:18+00:00,False,0.05
c2000000-0000-0000-0000-000000001193,c1000000-0000-0000-0000-000000000101,c1000000-0000-0000-0000-000000000062,DIRECT_TRANSFER,1,544.07,2026-01-24T17:28:40+00:00,2026-01-24T17:28:40+00:00,False,0.05
c2000000-0000-0000-0000-000000001194,c1000000-0000-0000-0000-000000000087,c1000000-0000-0000-0000-000000000102,DIRECT_TRANSFER,1,311.68,2026-01-24T17:39:06+00:00,2026-01-24T17:39:06+00:00,False,0.05
c2000000-0000-0000-0000-000000001195,c1000000-0000-0000-0000-000000000073,c1000000-0000-0000-0000-000000000116,DIRECT_TRANSFER,1,5120.77,2026-01-24T17:44:21+00:00,2026-01-24T17:44:21+00:00,False,0.05
c2000000-0000-0000-0000-000000001196,c1000000-0000-0000-0000-000000000031,c1000000-0000-0000-0000-000000000096,DIRECT_TRANSFER,1,2042.54,2026-01-24T17:48:57+00:00,2026-01-24T17:48:57+00:00,False,0.05
c2000000-0000-0000-0000-000000001197,c1000000-0000-0000-0000-000000000024,c1000000-0000-0000-0000-000000000140,DIRECT_TRANSFER,2,3082.77,2026-01-24T17:55:24+00:00,2026-01-27T12:30:09+00:00,False,0.05
c2000000-0000-0000-0000-000000001198,c1000000-0000-0000-0000-000000000030,c1000000-0000-0000-0000-000000000013,DIRECT_TRANSFER,1,709.93,2026-01-24T18:05:50+00:00,2026-01-24T18:05:50+00:00,False,0.05
c2000000-0000-0000-0000-000000001199,c1000000-0000-0000-0000-000000000096,c1000000-0000-0000-0000-000000000129,DIRECT_TRANSFER,1,5937.71,2026-01-24T18:21:24+00:00,2026-01-24T18:21:24+00:00,False,0.05
c2000000-0000-0000-0000-000000001200,c1000000-0000-0000-0000-000000000052,c1000000-0000-0000-0000-000000000134,DIRECT_TRANSFER,2,1499.45,2026-01-24T18:28:14+00:00,2026-01-26T17:37:22+00:00,False,0.05
c2000000-0000-0000-0000-000000001201,c1000000-0000-0000-0000-000000000108,c1000000-0000-0000-0000-000000000090,DIRECT_TRANSFER,1,7538.84,2026-01-24T18:34:18+00:00,2026-01-24T18:34:18+00:00,False,0.05
c2000000-0000-0000-0000-000000001202,c1000000-0000-0000-0000-000000000028,c1000000-0000-0000-0000-000000000054,DIRECT_TRANSFER,1,1496.6,2026-01-24T18:39:23+00:00,2026-01-24T18:39:23+00:00,False,0.05
c2000000-0000-0000-0000-000000001203,c1000000-0000-0000-0000-000000000109,c1000000-0000-0000-0000-000000000050,DIRECT_TRANSFER,1,7213.12,2026-01-24T18:42:45+00:00,2026-01-24T18:42:45+00:00,False,0.05
c2000000-0000-0000-0000-000000001204,c1000000-0000-0000-0000-000000000126,c1000000-0000-0000-0000-000000000050,DIRECT_TRANSFER,1,9338.67,2026-01-24T18:44:23+00:00,2026-01-24T18:44:23+00:00,False,0.05
c2000000-0000-0000-0000-000000001205,c1000000-0000-0000-0000-000000000070,c1000000-0000-0000-0000-000000000101,DIRECT_TRANSFER,1,826.19,2026-01-24T18:48:22+00:00,2026-01-24T18:48:22+00:00,False,0.05
c2000000-0000-0000-0000-000000001206,c1000000-0000-0000-0000-000000000047,c1000000-0000-0000-0000-000000000006,DIRECT_TRANSFER,1,4369.27,2026-01-24T18:52:20+00:00,2026-01-24T18:52:20+00:00,False,0.05
c2000000-0000-0000-0000-000000001207,c1000000-0000-0000-0000-000000000094,c1000000-0000-0000-0000-000000000118,DIRECT_TRANSFER,2,5447.23,2026-01-24T18:54:44+00:00,2026-01-24T21:49:11+00:00,False,0.05
c2000000-0000-0000-0000-000000001208,c1000000-0000-0000-0000-000000000116,c1000000-0000-0000-0000-000000000025,DIRECT_TRANSFER,1,7010.74,2026-01-24T18:58:12+00:00,2026-01-24T18:58:12+00:00,False,0.05
c2000000-0000-0000-0000-000000001209,c1000000-0000-0000-0000-000000000046,c1000000-0000-0000-0000-000000000116,DIRECT_TRANSFER,1,2191.18,2026-01-24T19:00:31+00:00,2026-01-24T19:00:31+00:00,False,0.05
c2000000-0000-0000-0000-000000001210,c1000000-0000-0000-0000-000000000054,c1000000-0000-0000-0000-000000000070,DIRECT_TRANSFER,1,2130.1,2026-01-24T19:14:03+00:00,2026-01-24T19:14:03+00:00,False,0.05
c2000000-0000-0000-0000-000000001211,c1000000-0000-0000-0000-000000000022,c1000000-0000-0000-0000-000000000064,DIRECT_TRANSFER,1,206.79,2026-01-24T19:25:44+00:00,2026-01-24T19:25:44+00:00,False,0.05
c2000000-0000-0000-0000-000000001212,c1000000-0000-0000-0000-000000000006,c1000000-0000-0000-0000-000000000032,DIRECT_TRANSFER,1,4007.83,2026-01-24T19:36:06+00:00,2026-01-24T19:36:06+00:00,False,0.05
c2000000-0000-0000-0000-000000001213,c1000000-0000-0000-0000-000000000096,c1000000-0000-0000-0000-000000000060,DIRECT_TRANSFER,1,2284.46,2026-01-24T19:58:08+00:00,2026-01-24T19:58:08+00:00,False,0.05
c2000000-0000-0000-0000-000000001214,c1000000-0000-0000-0000-000000000055,c1000000-0000-0000-0000-000000000130,DIRECT_TRANSFER,1,7564.47,2026-01-24T20:05:20+00:00,2026-01-24T20:05:20+00:00,False,0.05
c2000000-0000-0000-0000-000000001215,c1000000-0000-0000-0000-000000000130,c1000000-0000-0000-0000-000000000093,DIRECT_TRANSFER,1,4137.21,2026-01-24T20:27:16+00:00,2026-01-24T20:27:16+00:00,False,0.05
c2000000-0000-0000-0000-000000001216,c1000000-0000-0000-0000-000000000081,c1000000-0000-0000-0000-000000000056,DIRECT_TRANSFER,1,482.9,2026-01-24T20:28:03+00:00,2026-01-24T20:28:03+00:00,False,0.05
c2000000-0000-0000-0000-000000001217,c1000000-0000-0000-0000-000000000066,c1000000-0000-0000-0000-000000000050,DIRECT_TRANSFER,1,3430.62,2026-01-24T20:42:39+00:00,2026-01-24T20:42:39+00:00,False,0.05
c2000000-0000-0000-0000-000000001218,c1000000-0000-0000-0000-000000000024,c1000000-0000-0000-0000-000000000001,DIRECT_TRANSFER,1,1760.11,2026-01-24T20:47:24+00:00,2026-01-24T20:47:24+00:00,False,0.05
c2000000-0000-0000-0000-000000001219,c1000000-0000-0000-0000-000000000042,c1000000-0000-0000-0000-000000000133,DIRECT_TRANSFER,1,1881.11,2026-01-24T20:49:44+00:00,2026-01-24T20:49:44+00:00,False,0.05
c2000000-0000-0000-0000-000000001220,c1000000-0000-0000-0000-000000000075,c1000000-0000-0000-0000-000000000140,DIRECT_TRANSFER,2,1613.4,2026-01-24T21:08:54+00:00,2026-01-29T09:45:51+00:00,False,0.05
c2000000-0000-0000-0000-000000001221,c1000000-0000-0000-0000-000000000110,c1000000-0000-0000-0000-000000000077,DIRECT_TRANSFER,1,3550.54,2026-01-24T21:14:31+00:00,2026-01-24T21:14:31+00:00,False,0.05
c2000000-0000-0000-0000-000000001222,c1000000-0000-0000-0000-000000000059,c1000000-0000-0000-0000-000000000091,DIRECT_TRANSFER,1,1927.78,2026-01-24T21:21:51+00:00,2026-01-24T21:21:51+00:00,False,0.05
c2000000-0000-0000-0000-000000001223,c1000000-0000-0000-0000-000000000067,c1000000-0000-0000-0000-000000000060,DIRECT_TRANSFER,1,2330.97,2026-01-24T21:26:17+00:00,2026-01-24T21:26:17+00:00,False,0.05
c2000000-0000-0000-0000-000000001224,c1000000-0000-0000-0000-000000000034,c1000000-0000-0000-0000-000000000015,DIRECT_TRANSFER,1,1451.2,2026-01-24T21:27:51+00:00,2026-01-24T21:27:51+00:00,False,0.05
c2000000-0000-0000-0000-000000001225,c1000000-0000-0000-0000-000000000092,c1000000-0000-0000-0000-000000000141,DIRECT_TRANSFER,1,246.82,2026-01-24T21:33:56+00:00,2026-01-24T21:33:56+00:00,False,0.05
c2000000-0000-0000-0000-000000001226,c1000000-0000-0000-0000-000000000106,c1000000-0000-0000-0000-000000000059,DIRECT_TRANSFER,1,4455.28,2026-01-24T21:38:50+00:00,2026-01-24T21:38:50+00:00,False,0.05
c2000000-0000-0000-0000-000000001227,c1000000-0000-0000-0000-000000000003,c1000000-0000-0000-0000-000000000079,DIRECT_TRANSFER,1,4122.04,2026-01-24T21:42:30+00:00,2026-01-24T21:42:30+00:00,False,0.05
c2000000-0000-0000-0000-000000001228,c1000000-0000-0000-0000-000000000049,c1000000-0000-0000-0000-000000000056,DIRECT_TRANSFER,1,3872.38,2026-01-24T21:50:30+00:00,2026-01-24T21:50:30+00:00,False,0.05
c2000000-0000-0000-0000-000000001229,c1000000-0000-0000-0000-000000000063,c1000000-0000-0000-0000-000000000084,DIRECT_TRANSFER,2,4003.03,2026-01-25T08:07:07+00:00,2026-01-28T13:33:23+00:00,False,0.05
c2000000-0000-0000-0000-000000001230,c1000000-0000-0000-0000-000000000021,c1000000-0000-0000-0000-000000000012,DIRECT_TRANSFER,1,2618.73,2026-01-25T08:08:36+00:00,2026-01-25T08:08:36+00:00,False,0.05
c2000000-0000-0000-0000-000000001231,c1000000-0000-0000-0000-000000000090,c1000000-0000-0000-0000-000000000002,DIRECT_TRANSFER,2,5462.53,2026-01-25T08:10:36+00:00,2026-01-30T12:15:50+00:00,False,0.05
c2000000-0000-0000-0000-000000001232,c1000000-0000-0000-0000-000000000070,c1000000-0000-0000-0000-000000000016,DIRECT_TRANSFER,1,291.19,2026-01-25T08:34:44+00:00,2026-01-25T08:34:44+00:00,False,0.05
c2000000-0000-0000-0000-000000001233,c1000000-0000-0000-0000-000000000068,c1000000-0000-0000-0000-000000000043,DIRECT_TRANSFER,1,2778.33,2026-01-25T08:38:09+00:00,2026-01-25T08:38:09+00:00,False,0.05
c2000000-0000-0000-0000-000000001234,c1000000-0000-0000-0000-000000000077,c1000000-0000-0000-0000-000000000096,DIRECT_TRANSFER,1,234.52,2026-01-25T08:43:53+00:00,2026-01-25T08:43:53+00:00,False,0.05
c2000000-0000-0000-0000-000000001235,c1000000-0000-0000-0000-000000000056,c1000000-0000-0000-0000-000000000062,DIRECT_TRANSFER,1,1117.71,2026-01-25T08:59:51+00:00,2026-01-25T08:59:51+00:00,False,0.05
c2000000-0000-0000-0000-000000001236,c1000000-0000-0000-0000-000000000024,c1000000-0000-0000-0000-000000000118,DIRECT_TRANSFER,1,3158.99,2026-01-25T09:00:22+00:00,2026-01-25T09:00:22+00:00,False,0.05
c2000000-0000-0000-0000-000000001237,c1000000-0000-0000-0000-000000000084,c1000000-0000-0000-0000-000000000136,DIRECT_TRANSFER,1,50.0,2026-01-25T09:02:37+00:00,2026-01-25T09:02:37+00:00,False,0.05
c2000000-0000-0000-0000-000000001238,c1000000-0000-0000-0000-000000000039,c1000000-0000-0000-0000-000000000140,DIRECT_TRANSFER,2,4573.56,2026-01-25T09:04:34+00:00,2026-01-25T19:08:47+00:00,False,0.05
c2000000-0000-0000-0000-000000001239,c1000000-0000-0000-0000-000000000070,c1000000-0000-0000-0000-000000000022,DIRECT_TRANSFER,1,2019.12,2026-01-25T09:07:32+00:00,2026-01-25T09:07:32+00:00,False,0.05
c2000000-0000-0000-0000-000000001240,c1000000-0000-0000-0000-000000000096,c1000000-0000-0000-0000-000000000037,DIRECT_TRANSFER,1,2582.89,2026-01-25T09:10:36+00:00,2026-01-25T09:10:36+00:00,False,0.05
c2000000-0000-0000-0000-000000001241,c1000000-0000-0000-0000-000000000043,c1000000-0000-0000-0000-000000000016,DIRECT_TRANSFER,1,1750.12,2026-01-25T09:18:22+00:00,2026-01-25T09:18:22+00:00,False,0.05
c2000000-0000-0000-0000-000000001242,c1000000-0000-0000-0000-000000000132,c1000000-0000-0000-0000-000000000070,DIRECT_TRANSFER,1,8656.99,2026-01-25T09:21:58+00:00,2026-01-25T09:21:58+00:00,False,0.05
c2000000-0000-0000-0000-000000001243,c1000000-0000-0000-0000-000000000106,c1000000-0000-0000-0000-000000000076,DIRECT_TRANSFER,1,8164.62,2026-01-25T09:32:51+00:00,2026-01-25T09:32:51+00:00,False,0.05
c2000000-0000-0000-0000-000000001244,c1000000-0000-0000-0000-000000000084,c1000000-0000-0000-0000-000000000021,DIRECT_TRANSFER,1,1920.26,2026-01-25T09:35:16+00:00,2026-01-25T09:35:16+00:00,False,0.05
c2000000-0000-0000-0000-000000001245,c1000000-0000-0000-0000-000000000037,c1000000-0000-0000-0000-000000000053,DIRECT_TRANSFER,1,1958.84,2026-01-25T09:36:31+00:00,2026-01-25T09:36:31+00:00,False,0.05
c2000000-0000-0000-0000-000000001246,c1000000-0000-0000-0000-000000000043,c1000000-0000-0000-0000-000000000134,DIRECT_TRANSFER,1,1256.6,2026-01-25T09:43:35+00:00,2026-01-25T09:43:35+00:00,False,0.05
c2000000-0000-0000-0000-000000001247,c1000000-0000-0000-0000-000000000110,c1000000-0000-0000-0000-000000000020,DIRECT_TRANSFER,1,4097.08,2026-01-25T10:07:06+00:00,2026-01-25T10:07:06+00:00,False,0.05
c2000000-0000-0000-0000-000000001248,c1000000-0000-0000-0000-000000000019,c1000000-0000-0000-0000-000000000082,DIRECT_TRANSFER,1,2778.44,2026-01-25T10:15:49+00:00,2026-01-25T10:15:49+00:00,False,0.05
c2000000-0000-0000-0000-000000001249,c1000000-0000-0000-0000-000000000017,c1000000-0000-0000-0000-000000000136,DIRECT_TRANSFER,2,4317.16,2026-01-25T10:17:05+00:00,2026-01-26T18:09:54+00:00,False,0.05
c2000000-0000-0000-0000-000000001250,c1000000-0000-0000-0000-000000000107,c1000000-0000-0000-0000-000000000093,DIRECT_TRANSFER,1,6752.74,2026-01-25T10:24:36+00:00,2026-01-25T10:24:36+00:00,False,0.05
c2000000-0000-0000-0000-000000001251,c1000000-0000-0000-0000-000000000107,c1000000-0000-0000-0000-000000000021,DIRECT_TRANSFER,1,6995.84,2026-01-25T10:25:26+00:00,2026-01-25T10:25:26+00:00,False,0.05
c2000000-0000-0000-0000-000000001252,c1000000-0000-0000-0000-000000000102,c1000000-0000-0000-0000-000000000087,DIRECT_TRANSFER,1,1947.46,2026-01-25T10:31:55+00:00,2026-01-25T10:31:55+00:00,False,0.05
c2000000-0000-0000-0000-000000001253,c1000000-0000-0000-0000-000000000057,c1000000-0000-0000-0000-000000000086,DIRECT_TRANSFER,1,3809.24,2026-01-25T10:34:51+00:00,2026-01-25T10:34:51+00:00,False,0.05
c2000000-0000-0000-0000-000000001254,c1000000-0000-0000-0000-000000000122,c1000000-0000-0000-0000-000000000046,DIRECT_TRANSFER,1,6455.55,2026-01-25T10:36:31+00:00,2026-01-25T10:36:31+00:00,False,0.05
c2000000-0000-0000-0000-000000001255,c1000000-0000-0000-0000-000000000046,c1000000-0000-0000-0000-000000000036,DIRECT_TRANSFER,1,752.52,2026-01-25T10:38:35+00:00,2026-01-25T10:38:35+00:00,False,0.05
c2000000-0000-0000-0000-000000001256,c1000000-0000-0000-0000-000000000061,c1000000-0000-0000-0000-000000000137,DIRECT_TRANSFER,1,2477.6,2026-01-25T10:45:49+00:00,2026-01-25T10:45:49+00:00,False,0.05
c2000000-0000-0000-0000-000000001257,c1000000-0000-0000-0000-000000000061,c1000000-0000-0000-0000-000000000051,DIRECT_TRANSFER,1,1809.53,2026-01-25T10:49:42+00:00,2026-01-25T10:49:42+00:00,False,0.05
c2000000-0000-0000-0000-000000001258,c1000000-0000-0000-0000-000000000112,c1000000-0000-0000-0000-000000000009,DIRECT_TRANSFER,1,2291.7,2026-01-25T10:52:25+00:00,2026-01-25T10:52:25+00:00,False,0.05
c2000000-0000-0000-0000-000000001259,c1000000-0000-0000-0000-000000000106,c1000000-0000-0000-0000-000000000072,DIRECT_TRANSFER,1,5025.1,2026-01-25T10:55:38+00:00,2026-01-25T10:55:38+00:00,False,0.05
c2000000-0000-0000-0000-000000001260,c1000000-0000-0000-0000-000000000002,c1000000-0000-0000-0000-000000000014,DIRECT_TRANSFER,1,1821.77,2026-01-25T10:55:51+00:00,2026-01-25T10:55:51+00:00,False,0.05
c2000000-0000-0000-0000-000000001261,c1000000-0000-0000-0000-000000000125,c1000000-0000-0000-0000-000000000105,DIRECT_TRANSFER,1,3583.05,2026-01-25T10:57:42+00:00,2026-01-25T10:57:42+00:00,False,0.05
c2000000-0000-0000-0000-000000001262,c1000000-0000-0000-0000-000000000047,c1000000-0000-0000-0000-000000000079,DIRECT_TRANSFER,1,3548.83,2026-01-25T11:17:06+00:00,2026-01-25T11:17:06+00:00,False,0.05
c2000000-0000-0000-0000-000000001263,c1000000-0000-0000-0000-000000000034,c1000000-0000-0000-0000-000000000091,DIRECT_TRANSFER,1,1263.62,2026-01-25T11:17:49+00:00,2026-01-25T11:17:49+00:00,False,0.05
c2000000-0000-0000-0000-000000001264,c1000000-0000-0000-0000-000000000078,c1000000-0000-0000-0000-000000000013,DIRECT_TRANSFER,1,2052.9,2026-01-25T11:18:30+00:00,2026-01-25T11:18:30+00:00,False,0.05
c2000000-0000-0000-0000-000000001265,c1000000-0000-0000-0000-000000000067,c1000000-0000-0000-0000-000000000131,DIRECT_TRANSFER,1,2700.48,2026-01-25T11:19:02+00:00,2026-01-25T11:19:02+00:00,False,0.05
c2000000-0000-0000-0000-000000001266,c1000000-0000-0000-0000-000000000069,c1000000-0000-0000-0000-000000000135,DIRECT_TRANSFER,1,3095.05,2026-01-25T11:22:26+00:00,2026-01-25T11:22:26+00:00,False,0.05
c2000000-0000-0000-0000-000000001267,c1000000-0000-0000-0000-000000000084,c1000000-0000-0000-0000-000000000037,DIRECT_TRANSFER,1,1171.3,2026-01-25T11:27:24+00:00,2026-01-25T11:27:24+00:00,False,0.05
c2000000-0000-0000-0000-000000001268,c1000000-0000-0000-0000-000000000109,c1000000-0000-0000-0000-000000000090,DIRECT_TRANSFER,1,7574.11,2026-01-25T11:30:45+00:00,2026-01-25T11:30:45+00:00,False,0.05
c2000000-0000-0000-0000-000000001269,c1000000-0000-0000-0000-000000000024,c1000000-0000-0000-0000-000000000126,DIRECT_TRANSFER,1,2615.33,2026-01-25T11:36:31+00:00,2026-01-25T11:36:31+00:00,False,0.05
c2000000-0000-0000-0000-000000001270,c1000000-0000-0000-0000-000000000050,c1000000-0000-0000-0000-000000000012,DIRECT_TRANSFER,1,4014.93,2026-01-25T11:41:17+00:00,2026-01-25T11:41:17+00:00,False,0.05
c2000000-0000-0000-0000-000000001271,c1000000-0000-0000-0000-000000000020,c1000000-0000-0000-0000-000000000136,DIRECT_TRANSFER,1,517.41,2026-01-25T11:54:37+00:00,2026-01-25T11:54:37+00:00,False,0.05
c2000000-0000-0000-0000-000000001272,c1000000-0000-0000-0000-000000000083,c1000000-0000-0000-0000-000000000122,DIRECT_TRANSFER,2,33803.3,2026-01-25T11:59:19+00:00,2026-02-09T03:50:00+00:00,False,0.7
c2000000-0000-0000-0000-000000001273,c1000000-0000-0000-0000-000000000118,c1000000-0000-0000-0000-000000000065,DIRECT_TRANSFER,2,10287.9,2026-01-25T12:00:22+00:00,2026-01-25T13:48:48+00:00,False,0.05
c2000000-0000-0000-0000-000000001274,c1000000-0000-0000-0000-000000000003,c1000000-0000-0000-0000-000000000080,DIRECT_TRANSFER,1,1058.47,2026-01-25T12:12:59+00:00,2026-01-25T12:12:59+00:00,False,0.05
c2000000-0000-0000-0000-000000001275,c1000000-0000-0000-0000-000000000028,c1000000-0000-0000-0000-000000000001,DIRECT_TRANSFER,1,3373.51,2026-01-25T12:19:30+00:00,2026-01-25T12:19:30+00:00,False,0.05
c2000000-0000-0000-0000-000000001276,c1000000-0000-0000-0000-000000000056,c1000000-0000-0000-0000-000000000107,DIRECT_TRANSFER,1,7180.1,2026-01-25T12:23:39+00:00,2026-01-25T12:23:39+00:00,False,0.05
c2000000-0000-0000-0000-000000001277,c1000000-0000-0000-0000-000000000012,c1000000-0000-0000-0000-000000000083,DIRECT_TRANSFER,1,541.74,2026-01-25T12:26:49+00:00,2026-01-25T12:26:49+00:00,False,0.05
c2000000-0000-0000-0000-000000001278,c1000000-0000-0000-0000-000000000113,c1000000-0000-0000-0000-000000000080,DIRECT_TRANSFER,1,2372.46,2026-01-25T12:31:05+00:00,2026-01-25T12:31:05+00:00,False,0.05
c2000000-0000-0000-0000-000000001279,c1000000-0000-0000-0000-000000000022,c1000000-0000-0000-0000-000000000116,DIRECT_TRANSFER,1,7598.83,2026-01-25T12:38:06+00:00,2026-01-25T12:38:06+00:00,False,0.05
c2000000-0000-0000-0000-000000001280,c1000000-0000-0000-0000-000000000114,c1000000-0000-0000-0000-000000000104,DIRECT_TRANSFER,1,9162.86,2026-01-25T12:58:31+00:00,2026-01-25T12:58:31+00:00,False,0.05
c2000000-0000-0000-0000-000000001281,c1000000-0000-0000-0000-000000000102,c1000000-0000-0000-0000-000000000007,DIRECT_TRANSFER,1,2962.38,2026-01-25T12:59:08+00:00,2026-01-25T12:59:08+00:00,False,0.05
c2000000-0000-0000-0000-000000001282,c1000000-0000-0000-0000-000000000064,c1000000-0000-0000-0000-000000000135,DIRECT_TRANSFER,1,1551.14,2026-01-25T13:09:57+00:00,2026-01-25T13:09:57+00:00,False,0.05
c2000000-0000-0000-0000-000000001283,c1000000-0000-0000-0000-000000000104,c1000000-0000-0000-0000-000000000139,DIRECT_TRANSFER,1,624.71,2026-01-25T13:17:13+00:00,2026-01-25T13:17:13+00:00,False,0.05
c2000000-0000-0000-0000-000000001284,c1000000-0000-0000-0000-000000000086,c1000000-0000-0000-0000-000000000002,DIRECT_TRANSFER,1,3136.73,2026-01-25T13:21:19+00:00,2026-01-25T13:21:19+00:00,False,0.05
c2000000-0000-0000-0000-000000001285,c1000000-0000-0000-0000-000000000096,c1000000-0000-0000-0000-000000000130,DIRECT_TRANSFER,1,4916.83,2026-01-25T13:23:47+00:00,2026-01-25T13:23:47+00:00,False,0.05
c2000000-0000-0000-0000-000000001286,c1000000-0000-0000-0000-000000000105,c1000000-0000-0000-0000-000000000140,DIRECT_TRANSFER,1,482.81,2026-01-25T13:29:29+00:00,2026-01-25T13:29:29+00:00,False,0.05
c2000000-0000-0000-0000-000000001287,c1000000-0000-0000-0000-000000000091,c1000000-0000-0000-0000-000000000026,DIRECT_TRANSFER,1,675.86,2026-01-25T13:47:27+00:00,2026-01-25T13:47:27+00:00,False,0.05
c2000000-0000-0000-0000-000000001288,c1000000-0000-0000-0000-000000000078,c1000000-0000-0000-0000-000000000032,DIRECT_TRANSFER,1,533.36,2026-01-25T13:50:27+00:00,2026-01-25T13:50:27+00:00,False,0.05
c2000000-0000-0000-0000-000000001289,c1000000-0000-0000-0000-000000000007,c1000000-0000-0000-0000-000000000139,DIRECT_TRANSFER,1,1661.3,2026-01-25T13:53:08+00:00,2026-01-25T13:53:08+00:00,False,0.05
c2000000-0000-0000-0000-000000001290,c1000000-0000-0000-0000-000000000058,c1000000-0000-0000-0000-000000000119,DIRECT_TRANSFER,1,4435.83,2026-01-25T14:05:19+00:00,2026-01-25T14:05:19+00:00,False,0.05
c2000000-0000-0000-0000-000000001291,c1000000-0000-0000-0000-000000000023,c1000000-0000-0000-0000-000000000122,DIRECT_TRANSFER,1,5962.46,2026-01-25T14:06:50+00:00,2026-01-25T14:06:50+00:00,False,0.05
c2000000-0000-0000-0000-000000001292,c1000000-0000-0000-0000-000000000010,c1000000-0000-0000-0000-000000000030,DIRECT_TRANSFER,1,1869.36,2026-01-25T14:10:36+00:00,2026-01-25T14:10:36+00:00,False,0.05
c2000000-0000-0000-0000-000000001293,c1000000-0000-0000-0000-000000000123,c1000000-0000-0000-0000-000000000078,DIRECT_TRANSFER,2,17112.13,2026-01-25T14:11:52+00:00,2026-01-29T09:49:52+00:00,False,0.05
c2000000-0000-0000-0000-000000001294,c1000000-0000-0000-0000-000000000008,c1000000-0000-0000-0000-000000000129,DIRECT_TRANSFER,1,1533.51,2026-01-25T14:15:13+00:00,2026-01-25T14:15:13+00:00,False,0.05
c2000000-0000-0000-0000-000000001295,c1000000-0000-0000-0000-000000000082,c1000000-0000-0000-0000-000000000030,DIRECT_TRANSFER,1,1153.63,2026-01-25T14:26:33+00:00,2026-01-25T14:26:33+00:00,False,0.05
c2000000-0000-0000-0000-000000001296,c1000000-0000-0000-0000-000000000121,c1000000-0000-0000-0000-000000000105,DIRECT_TRANSFER,1,1605.82,2026-01-25T14:28:46+00:00,2026-01-25T14:28:46+00:00,False,0.05
c2000000-0000-0000-0000-000000001297,c1000000-0000-0000-0000-000000000111,c1000000-0000-0000-0000-000000000084,DIRECT_TRANSFER,1,7706.8,2026-01-25T14:31:19+00:00,2026-01-25T14:31:19+00:00,False,0.05
c2000000-0000-0000-0000-000000001298,c1000000-0000-0000-0000-000000000104,c1000000-0000-0000-0000-000000000141,DIRECT_TRANSFER,1,1640.12,2026-01-25T14:35:52+00:00,2026-01-25T14:35:52+00:00,False,0.05
c2000000-0000-0000-0000-000000001299,c1000000-0000-0000-0000-000000000018,c1000000-0000-0000-0000-000000000121,DIRECT_TRANSFER,1,4233.54,2026-01-25T14:43:32+00:00,2026-01-25T14:43:32+00:00,False,0.05
c2000000-0000-0000-0000-000000001300,c1000000-0000-0000-0000-000000000119,c1000000-0000-0000-0000-000000000048,DIRECT_TRANSFER,1,1486.75,2026-01-25T14:46:01+00:00,2026-01-25T14:46:01+00:00,False,0.05
c2000000-0000-0000-0000-000000001301,c1000000-0000-0000-0000-000000000043,c1000000-0000-0000-0000-000000000009,DIRECT_TRANSFER,1,1564.32,2026-01-25T14:49:27+00:00,2026-01-25T14:49:27+00:00,False,0.05
c2000000-0000-0000-0000-000000001302,c1000000-0000-0000-0000-000000000073,c1000000-0000-0000-0000-000000000005,DIRECT_TRANSFER,1,4447.59,2026-01-25T15:09:40+00:00,2026-01-25T15:09:40+00:00,False,0.05
c2000000-0000-0000-0000-000000001303,c1000000-0000-0000-0000-000000000098,c1000000-0000-0000-0000-000000000122,DIRECT_TRANSFER,2,8587.4,2026-01-25T15:10:43+00:00,2026-01-28T12:02:59+00:00,False,0.05
c2000000-0000-0000-0000-000000001304,c1000000-0000-0000-0000-000000000109,c1000000-0000-0000-0000-000000000036,DIRECT_TRANSFER,1,5091.21,2026-01-25T15:13:44+00:00,2026-01-25T15:13:44+00:00,False,0.05
c2000000-0000-0000-0000-000000001305,c1000000-0000-0000-0000-000000000088,c1000000-0000-0000-0000-000000000107,DIRECT_TRANSFER,1,5154.6,2026-01-25T15:16:56+00:00,2026-01-25T15:16:56+00:00,False,0.05
c2000000-0000-0000-0000-000000001306,c1000000-0000-0000-0000-000000000041,c1000000-0000-0000-0000-000000000117,DIRECT_TRANSFER,1,1126.18,2026-01-25T15:23:32+00:00,2026-01-25T15:23:32+00:00,False,0.05
c2000000-0000-0000-0000-000000001307,c1000000-0000-0000-0000-000000000119,c1000000-0000-0000-0000-000000000078,DIRECT_TRANSFER,1,8141.51,2026-01-25T15:27:30+00:00,2026-01-25T15:27:30+00:00,False,0.05
c2000000-0000-0000-0000-000000001308,c1000000-0000-0000-0000-000000000114,c1000000-0000-0000-0000-000000000039,DIRECT_TRANSFER,1,8672.28,2026-01-25T15:32:45+00:00,2026-01-25T15:32:45+00:00,False,0.05
c2000000-0000-0000-0000-000000001309,c1000000-0000-0000-0000-000000000088,c1000000-0000-0000-0000-000000000066,DIRECT_TRANSFER,1,3266.86,2026-01-25T15:37:08+00:00,2026-01-25T15:37:08+00:00,False,0.05
c2000000-0000-0000-0000-000000001310,c1000000-0000-0000-0000-000000000058,c1000000-0000-0000-0000-000000000083,DIRECT_TRANSFER,1,4368.67,2026-01-25T15:53:54+00:00,2026-01-25T15:53:54+00:00,False,0.05
c2000000-0000-0000-0000-000000001311,c1000000-0000-0000-0000-000000000013,c1000000-0000-0000-0000-000000000141,DIRECT_TRANSFER,1,50.0,2026-01-25T15:58:41+00:00,2026-01-25T15:58:41+00:00,False,0.05
c2000000-0000-0000-0000-000000001312,c1000000-0000-0000-0000-000000000069,c1000000-0000-0000-0000-000000000031,DIRECT_TRANSFER,1,1454.93,2026-01-25T16:07:10+00:00,2026-01-25T16:07:10+00:00,False,0.05
c2000000-0000-0000-0000-000000001313,c1000000-0000-0000-0000-000000000067,c1000000-0000-0000-0000-000000000136,DIRECT_TRANSFER,1,100.0,2026-01-25T16:18:17+00:00,2026-01-25T16:18:17+00:00,False,0.05
c2000000-0000-0000-0000-000000001314,c1000000-0000-0000-0000-000000000011,c1000000-0000-0000-0000-000000000076,DIRECT_TRANSFER,1,3274.16,2026-01-25T16:34:52+00:00,2026-01-25T16:34:52+00:00,False,0.05
c2000000-0000-0000-0000-000000001315,c1000000-0000-0000-0000-000000000109,c1000000-0000-0000-0000-000000000097,DIRECT_TRANSFER,1,7776.89,2026-01-25T16:45:52+00:00,2026-01-25T16:45:52+00:00,False,0.05
c2000000-0000-0000-0000-000000001316,c1000000-0000-0000-0000-000000000074,c1000000-0000-0000-0000-000000000065,DIRECT_TRANSFER,1,1515.95,2026-01-25T16:45:53+00:00,2026-01-25T16:45:53+00:00,False,0.05
c2000000-0000-0000-0000-000000001317,c1000000-0000-0000-0000-000000000062,c1000000-0000-0000-0000-000000000133,DIRECT_TRANSFER,1,20.0,2026-01-25T17:02:36+00:00,2026-01-25T17:02:36+00:00,False,0.05
c2000000-0000-0000-0000-000000001318,c1000000-0000-0000-0000-000000000001,c1000000-0000-0000-0000-000000000080,DIRECT_TRANSFER,1,2179.52,2026-01-25T17:54:31+00:00,2026-01-25T17:54:31+00:00,False,0.05
c2000000-0000-0000-0000-000000001319,c1000000-0000-0000-0000-000000000078,c1000000-0000-0000-0000-000000000141,DIRECT_TRANSFER,1,778.78,2026-01-25T18:16:55+00:00,2026-01-25T18:16:55+00:00,False,0.05
c2000000-0000-0000-0000-000000001320,c1000000-0000-0000-0000-000000000027,c1000000-0000-0000-0000-000000000010,DIRECT_TRANSFER,1,2907.14,2026-01-25T18:27:44+00:00,2026-01-25T18:27:44+00:00,False,0.05
c2000000-0000-0000-0000-000000001321,c1000000-0000-0000-0000-000000000111,c1000000-0000-0000-0000-000000000057,DIRECT_TRANSFER,1,9876.22,2026-01-25T18:38:26+00:00,2026-01-25T18:38:26+00:00,False,0.05
c2000000-0000-0000-0000-000000001322,c1000000-0000-0000-0000-000000000075,c1000000-0000-0000-0000-000000000109,DIRECT_TRANSFER,1,5919.52,2026-01-25T18:55:49+00:00,2026-01-25T18:55:49+00:00,False,0.05
c2000000-0000-0000-0000-000000001323,c1000000-0000-0000-0000-000000000015,c1000000-0000-0000-0000-000000000121,DIRECT_TRANSFER,1,1771.69,2026-01-25T18:56:45+00:00,2026-01-25T18:56:45+00:00,False,0.05
c2000000-0000-0000-0000-000000001324,c1000000-0000-0000-0000-000000000031,c1000000-0000-0000-0000-000000000107,DIRECT_TRANSFER,1,1910.55,2026-01-25T19:06:42+00:00,2026-01-25T19:06:42+00:00,False,0.05
c2000000-0000-0000-0000-000000001325,c1000000-0000-0000-0000-000000000025,c1000000-0000-0000-0000-000000000097,DIRECT_TRANSFER,1,231.35,2026-01-25T19:07:25+00:00,2026-01-25T19:07:25+00:00,False,0.05
c2000000-0000-0000-0000-000000001326,c1000000-0000-0000-0000-000000000073,c1000000-0000-0000-0000-000000000008,DIRECT_TRANSFER,2,7314.82,2026-01-25T19:08:18+00:00,2026-01-29T18:14:00+00:00,False,0.05
c2000000-0000-0000-0000-000000001327,c1000000-0000-0000-0000-000000000054,c1000000-0000-0000-0000-000000000072,DIRECT_TRANSFER,2,5597.43,2026-01-25T19:09:02+00:00,2026-01-25T20:41:58+00:00,False,0.05
c2000000-0000-0000-0000-000000001328,c1000000-0000-0000-0000-000000000088,c1000000-0000-0000-0000-000000000084,DIRECT_TRANSFER,1,805.71,2026-01-25T19:14:56+00:00,2026-01-25T19:14:56+00:00,False,0.05
c2000000-0000-0000-0000-000000001329,c1000000-0000-0000-0000-000000000017,c1000000-0000-0000-0000-000000000025,DIRECT_TRANSFER,1,3500.4,2026-01-25T19:17:09+00:00,2026-01-25T19:17:09+00:00,False,0.05
c2000000-0000-0000-0000-000000001330,c1000000-0000-0000-0000-000000000109,c1000000-0000-0000-0000-000000000043,DIRECT_TRANSFER,1,4665.58,2026-01-25T19:22:08+00:00,2026-01-25T19:22:08+00:00,False,0.05
c2000000-0000-0000-0000-000000001331,c1000000-0000-0000-0000-000000000085,c1000000-0000-0000-0000-000000000141,DIRECT_TRANSFER,2,1440.64,2026-01-25T19:22:15+00:00,2026-01-26T17:45:59+00:00,False,0.05
c2000000-0000-0000-0000-000000001332,c1000000-0000-0000-0000-000000000132,c1000000-0000-0000-0000-000000000066,DIRECT_TRANSFER,1,6444.5,2026-01-25T19:23:36+00:00,2026-01-25T19:23:36+00:00,False,0.05
c2000000-0000-0000-0000-000000001333,c1000000-0000-0000-0000-000000000007,c1000000-0000-0000-0000-000000000025,DIRECT_TRANSFER,1,375.82,2026-01-25T19:26:15+00:00,2026-01-25T19:26:15+00:00,False,0.05
c2000000-0000-0000-0000-000000001334,c1000000-0000-0000-0000-000000000072,c1000000-0000-0000-0000-000000000131,DIRECT_TRANSFER,1,7203.34,2026-01-25T19:36:24+00:00,2026-01-25T19:36:24+00:00,False,0.05
c2000000-0000-0000-0000-000000001335,c1000000-0000-0000-0000-000000000123,c1000000-0000-0000-0000-000000000002,DIRECT_TRANSFER,1,2391.06,2026-01-25T19:50:15+00:00,2026-01-25T19:50:15+00:00,False,0.05
c2000000-0000-0000-0000-000000001336,c1000000-0000-0000-0000-000000000020,c1000000-0000-0000-0000-000000000130,DIRECT_TRANSFER,1,5418.91,2026-01-25T20:00:55+00:00,2026-01-25T20:00:55+00:00,False,0.05
c2000000-0000-0000-0000-000000001337,c1000000-0000-0000-0000-000000000116,c1000000-0000-0000-0000-000000000091,DIRECT_TRANSFER,1,1764.69,2026-01-25T20:06:34+00:00,2026-01-25T20:06:34+00:00,False,0.05
c2000000-0000-0000-0000-000000001338,c1000000-0000-0000-0000-000000000049,c1000000-0000-0000-0000-000000000114,DIRECT_TRANSFER,1,5242.5,2026-01-25T20:29:55+00:00,2026-01-25T20:29:55+00:00,False,0.05
c2000000-0000-0000-0000-000000001339,c1000000-0000-0000-0000-000000000050,c1000000-0000-0000-0000-000000000139,DIRECT_TRANSFER,2,3232.84,2026-01-25T20:32:24+00:00,2026-01-27T10:32:55+00:00,False,0.05
c2000000-0000-0000-0000-000000001340,c1000000-0000-0000-0000-000000000021,c1000000-0000-0000-0000-000000000137,DIRECT_TRANSFER,1,1161.86,2026-01-25T20:36:57+00:00,2026-01-25T20:36:57+00:00,False,0.05
c2000000-0000-0000-0000-000000001341,c1000000-0000-0000-0000-000000000015,c1000000-0000-0000-0000-000000000021,DIRECT_TRANSFER,1,458.0,2026-01-25T20:41:44+00:00,2026-01-25T20:41:44+00:00,False,0.05
c2000000-0000-0000-0000-000000001342,c1000000-0000-0000-0000-000000000082,c1000000-0000-0000-0000-000000000023,DIRECT_TRANSFER,1,559.44,2026-01-25T20:43:27+00:00,2026-01-25T20:43:27+00:00,False,0.05
c2000000-0000-0000-0000-000000001343,c1000000-0000-0000-0000-000000000128,c1000000-0000-0000-0000-000000000012,DIRECT_TRANSFER,1,3116.74,2026-01-25T20:44:51+00:00,2026-01-25T20:44:51+00:00,False,0.05
c2000000-0000-0000-0000-000000001344,c1000000-0000-0000-0000-000000000103,c1000000-0000-0000-0000-000000000134,DIRECT_TRANSFER,1,1671.68,2026-01-25T20:55:19+00:00,2026-01-25T20:55:19+00:00,False,0.05
c2000000-0000-0000-0000-000000001345,c1000000-0000-0000-0000-000000000114,c1000000-0000-0000-0000-000000000023,DIRECT_TRANSFER,1,3303.88,2026-01-25T21:22:14+00:00,2026-01-25T21:22:14+00:00,False,0.05
c2000000-0000-0000-0000-000000001346,c1000000-0000-0000-0000-000000000045,c1000000-0000-0000-0000-000000000091,DIRECT_TRANSFER,1,2660.28,2026-01-25T21:51:31+00:00,2026-01-25T21:51:31+00:00,False,0.05
c2000000-0000-0000-0000-000000001347,c1000000-0000-0000-0000-000000000020,c1000000-0000-0000-0000-000000000089,DIRECT_TRANSFER,1,2191.36,2026-01-25T21:54:02+00:00,2026-01-25T21:54:02+00:00,False,0.05
c2000000-0000-0000-0000-000000001348,c1000000-0000-0000-0000-000000000110,c1000000-0000-0000-0000-000000000038,DIRECT_TRANSFER,1,5143.5,2026-01-25T21:54:55+00:00,2026-01-25T21:54:55+00:00,False,0.05
c2000000-0000-0000-0000-000000001349,c1000000-0000-0000-0000-000000000022,c1000000-0000-0000-0000-000000000127,DIRECT_TRANSFER,1,6201.96,2026-01-26T08:11:16+00:00,2026-01-26T08:11:16+00:00,False,0.05
c2000000-0000-0000-0000-000000001350,c1000000-0000-0000-0000-000000000016,c1000000-0000-0000-0000-000000000107,DIRECT_TRANSFER,1,4162.75,2026-01-26T08:13:18+00:00,2026-01-26T08:13:18+00:00,False,0.05
c2000000-0000-0000-0000-000000001351,c1000000-0000-0000-0000-000000000061,c1000000-0000-0000-0000-000000000013,DIRECT_TRANSFER,1,3768.36,2026-01-26T08:21:41+00:00,2026-01-26T08:21:41+00:00,False,0.05
c2000000-0000-0000-0000-000000001352,c1000000-0000-0000-0000-000000000120,c1000000-0000-0000-0000-000000000064,DIRECT_TRANSFER,1,8638.05,2026-01-26T08:25:19+00:00,2026-01-26T08:25:19+00:00,False,0.05
c2000000-0000-0000-0000-000000001353,c1000000-0000-0000-0000-000000000112,c1000000-0000-0000-0000-000000000047,DIRECT_TRANSFER,1,2033.1,2026-01-26T08:33:32+00:00,2026-01-26T08:33:32+00:00,False,0.05
c2000000-0000-0000-0000-000000001354,c1000000-0000-0000-0000-000000000096,c1000000-0000-0000-0000-000000000010,DIRECT_TRANSFER,2,3694.12,2026-01-26T08:39:16+00:00,2026-01-28T12:07:30+00:00,False,0.05
c2000000-0000-0000-0000-000000001355,c1000000-0000-0000-0000-000000000052,c1000000-0000-0000-0000-000000000005,DIRECT_TRANSFER,1,4052.07,2026-01-26T08:58:29+00:00,2026-01-26T08:58:29+00:00,False,0.05
c2000000-0000-0000-0000-000000001356,c1000000-0000-0000-0000-000000000062,c1000000-0000-0000-0000-000000000024,DIRECT_TRANSFER,1,3727.17,2026-01-26T08:59:07+00:00,2026-01-26T08:59:07+00:00,False,0.05
c2000000-0000-0000-0000-000000001357,c1000000-0000-0000-0000-000000000043,c1000000-0000-0000-0000-000000000090,DIRECT_TRANSFER,1,2834.83,2026-01-26T09:03:19+00:00,2026-01-26T09:03:19+00:00,False,0.05
c2000000-0000-0000-0000-000000001358,c1000000-0000-0000-0000-000000000081,c1000000-0000-0000-0000-000000000135,DIRECT_TRANSFER,2,496.88,2026-01-26T09:05:01+00:00,2026-01-27T13:49:41+00:00,False,0.05
c2000000-0000-0000-0000-000000001359,c1000000-0000-0000-0000-000000000013,c1000000-0000-0000-0000-000000000134,DIRECT_TRANSFER,1,1671.07,2026-01-26T09:08:50+00:00,2026-01-26T09:08:50+00:00,False,0.05
c2000000-0000-0000-0000-000000001360,c1000000-0000-0000-0000-000000000120,c1000000-0000-0000-0000-000000000063,DIRECT_TRANSFER,1,7613.34,2026-01-26T09:19:51+00:00,2026-01-26T09:19:51+00:00,False,0.05
c2000000-0000-0000-0000-000000001361,c1000000-0000-0000-0000-000000000094,c1000000-0000-0000-0000-000000000017,DIRECT_TRANSFER,1,4428.68,2026-01-26T09:36:24+00:00,2026-01-26T09:36:24+00:00,False,0.05
c2000000-0000-0000-0000-000000001362,c1000000-0000-0000-0000-000000000050,c1000000-0000-0000-0000-000000000098,DIRECT_TRANSFER,1,4385.27,2026-01-26T09:57:56+00:00,2026-01-26T09:57:56+00:00,False,0.05
c2000000-0000-0000-0000-000000001363,c1000000-0000-0000-0000-000000000073,c1000000-0000-0000-0000-000000000139,DIRECT_TRANSFER,1,183.61,2026-01-26T10:01:18+00:00,2026-01-26T10:01:18+00:00,False,0.05
c2000000-0000-0000-0000-000000001364,c1000000-0000-0000-0000-000000000113,c1000000-0000-0000-0000-000000000022,DIRECT_TRANSFER,2,7395.78,2026-01-26T10:09:52+00:00,2026-01-26T13:55:44+00:00,False,0.05
c2000000-0000-0000-0000-000000001365,c1000000-0000-0000-0000-000000000039,c1000000-0000-0000-0000-000000000112,DIRECT_TRANSFER,1,4515.63,2026-01-26T10:15:41+00:00,2026-01-26T10:15:41+00:00,False,0.05
c2000000-0000-0000-0000-000000001366,c1000000-0000-0000-0000-000000000116,c1000000-0000-0000-0000-000000000051,DIRECT_TRANSFER,1,6302.33,2026-01-26T10:16:58+00:00,2026-01-26T10:16:58+00:00,False,0.05
c2000000-0000-0000-0000-000000001367,c1000000-0000-0000-0000-000000000103,c1000000-0000-0000-0000-000000000017,DIRECT_TRANSFER,1,2368.31,2026-01-26T10:27:14+00:00,2026-01-26T10:27:14+00:00,False,0.05
c2000000-0000-0000-0000-000000001368,c1000000-0000-0000-0000-000000000071,c1000000-0000-0000-0000-000000000078,DIRECT_TRANSFER,1,899.43,2026-01-26T10:29:27+00:00,2026-01-26T10:29:27+00:00,False,0.05
c2000000-0000-0000-0000-000000001369,c1000000-0000-0000-0000-000000000031,c1000000-0000-0000-0000-000000000133,DIRECT_TRANSFER,1,1019.36,2026-01-26T10:38:20+00:00,2026-01-26T10:38:20+00:00,False,0.05
c2000000-0000-0000-0000-000000001370,c1000000-0000-0000-0000-000000000105,c1000000-0000-0000-0000-000000000050,DIRECT_TRANSFER,1,1008.04,2026-01-26T11:00:42+00:00,2026-01-26T11:00:42+00:00,False,0.05
c2000000-0000-0000-0000-000000001371,c1000000-0000-0000-0000-000000000035,c1000000-0000-0000-0000-000000000133,DIRECT_TRANSFER,1,1602.53,2026-01-26T11:01:57+00:00,2026-01-26T11:01:57+00:00,False,0.05
c2000000-0000-0000-0000-000000001372,c1000000-0000-0000-0000-000000000001,c1000000-0000-0000-0000-000000000048,DIRECT_TRANSFER,1,3529.86,2026-01-26T11:02:51+00:00,2026-01-26T11:02:51+00:00,False,0.05
c2000000-0000-0000-0000-000000001373,c1000000-0000-0000-0000-000000000006,c1000000-0000-0000-0000-000000000137,DIRECT_TRANSFER,1,1434.77,2026-01-26T11:03:51+00:00,2026-01-26T11:03:51+00:00,False,0.05
c2000000-0000-0000-0000-000000001374,c1000000-0000-0000-0000-000000000128,c1000000-0000-0000-0000-000000000011,DIRECT_TRANSFER,1,4177.09,2026-01-26T11:05:16+00:00,2026-01-26T11:05:16+00:00,False,0.05
c2000000-0000-0000-0000-000000001375,c1000000-0000-0000-0000-000000000074,c1000000-0000-0000-0000-000000000114,DIRECT_TRANSFER,1,2290.75,2026-01-26T11:07:03+00:00,2026-01-26T11:07:03+00:00,False,0.05
c2000000-0000-0000-0000-000000001376,c1000000-0000-0000-0000-000000000118,c1000000-0000-0000-0000-000000000066,DIRECT_TRANSFER,1,1564.89,2026-01-26T11:22:57+00:00,2026-01-26T11:22:57+00:00,False,0.05
c2000000-0000-0000-0000-000000001377,c1000000-0000-0000-0000-000000000113,c1000000-0000-0000-0000-000000000072,DIRECT_TRANSFER,2,6135.34,2026-01-26T11:29:36+00:00,2026-01-27T13:19:32+00:00,False,0.05
c2000000-0000-0000-0000-000000001378,c1000000-0000-0000-0000-000000000086,c1000000-0000-0000-0000-000000000013,DIRECT_TRANSFER,1,4324.09,2026-01-26T11:30:30+00:00,2026-01-26T11:30:30+00:00,False,0.05
c2000000-0000-0000-0000-000000001379,c1000000-0000-0000-0000-000000000036,c1000000-0000-0000-0000-000000000093,DIRECT_TRANSFER,1,2813.99,2026-01-26T11:33:13+00:00,2026-01-26T11:33:13+00:00,False,0.05
c2000000-0000-0000-0000-000000001380,c1000000-0000-0000-0000-000000000068,c1000000-0000-0000-0000-000000000136,DIRECT_TRANSFER,1,412.36,2026-01-26T11:47:10+00:00,2026-01-26T11:47:10+00:00,False,0.05
c2000000-0000-0000-0000-000000001381,c1000000-0000-0000-0000-000000000122,c1000000-0000-0000-0000-000000000041,DIRECT_TRANSFER,2,10557.98,2026-01-26T11:52:37+00:00,2026-01-27T14:06:59+00:00,False,0.05
c2000000-0000-0000-0000-000000001382,c1000000-0000-0000-0000-000000000090,c1000000-0000-0000-0000-000000000138,DIRECT_TRANSFER,1,2694.22,2026-01-26T12:12:02+00:00,2026-01-26T12:12:02+00:00,False,0.05
c2000000-0000-0000-0000-000000001383,c1000000-0000-0000-0000-000000000092,c1000000-0000-0000-0000-000000000139,DIRECT_TRANSFER,2,1445.32,2026-01-26T12:14:56+00:00,2026-01-29T10:47:16+00:00,False,0.05
c2000000-0000-0000-0000-000000001384,c1000000-0000-0000-0000-000000000011,c1000000-0000-0000-0000-000000000073,DIRECT_TRANSFER,1,3530.84,2026-01-26T12:20:48+00:00,2026-01-26T12:20:48+00:00,False,0.05
c2000000-0000-0000-0000-000000001385,c1000000-0000-0000-0000-000000000090,c1000000-0000-0000-0000-000000000121,DIRECT_TRANSFER,1,5366.84,2026-01-26T12:32:52+00:00,2026-01-26T12:32:52+00:00,False,0.05
c2000000-0000-0000-0000-000000001386,c1000000-0000-0000-0000-000000000059,c1000000-0000-0000-0000-000000000002,DIRECT_TRANSFER,2,6049.72,2026-01-26T12:42:31+00:00,2026-01-28T10:36:32+00:00,False,0.05
c2000000-0000-0000-0000-000000001387,c1000000-0000-0000-0000-000000000075,c1000000-0000-0000-0000-000000000120,DIRECT_TRANSFER,1,1399.26,2026-01-26T12:44:10+00:00,2026-01-26T12:44:10+00:00,False,0.05
c2000000-0000-0000-0000-000000001388,c1000000-0000-0000-0000-000000000127,c1000000-0000-0000-0000-000000000079,DIRECT_TRANSFER,1,2108.77,2026-01-26T12:52:39+00:00,2026-01-26T12:52:39+00:00,False,0.05
c2000000-0000-0000-0000-000000001389,c1000000-0000-0000-0000-000000000119,c1000000-0000-0000-0000-000000000082,DIRECT_TRANSFER,1,3549.24,2026-01-26T12:54:42+00:00,2026-01-26T12:54:42+00:00,False,0.05
c2000000-0000-0000-0000-000000001390,c1000000-0000-0000-0000-000000000089,c1000000-0000-0000-0000-000000000017,DIRECT_TRANSFER,1,1350.64,2026-01-26T13:08:14+00:00,2026-01-26T13:08:14+00:00,False,0.05
c2000000-0000-0000-0000-000000001391,c1000000-0000-0000-0000-000000000002,c1000000-0000-0000-0000-000000000042,DIRECT_TRANSFER,1,3159.66,2026-01-26T13:09:49+00:00,2026-01-26T13:09:49+00:00,False,0.05
c2000000-0000-0000-0000-000000001392,c1000000-0000-0000-0000-000000000011,c1000000-0000-0000-0000-000000000117,DIRECT_TRANSFER,1,3736.05,2026-01-26T13:16:07+00:00,2026-01-26T13:16:07+00:00,False,0.05
c2000000-0000-0000-0000-000000001393,c1000000-0000-0000-0000-000000000032,c1000000-0000-0000-0000-000000000062,DIRECT_TRANSFER,1,670.36,2026-01-26T13:30:37+00:00,2026-01-26T13:30:37+00:00,False,0.05
c2000000-0000-0000-0000-000000001394,c1000000-0000-0000-0000-000000000033,c1000000-0000-0000-0000-000000000018,DIRECT_TRANSFER,1,1705.94,2026-01-26T13:42:53+00:00,2026-01-26T13:42:53+00:00,False,0.05
c2000000-0000-0000-0000-000000001395,c1000000-0000-0000-0000-000000000010,c1000000-0000-0000-0000-000000000136,DIRECT_TRANSFER,1,200.0,2026-01-26T14:04:31+00:00,2026-01-26T14:04:31+00:00,False,0.05
c2000000-0000-0000-0000-000000001396,c1000000-0000-0000-0000-000000000062,c1000000-0000-0000-0000-000000000118,DIRECT_TRANSFER,1,7719.16,2026-01-26T14:04:58+00:00,2026-01-26T14:04:58+00:00,False,0.05
c2000000-0000-0000-0000-000000001397,c1000000-0000-0000-0000-000000000124,c1000000-0000-0000-0000-000000000040,DIRECT_TRANSFER,1,2490.88,2026-01-26T14:06:37+00:00,2026-01-26T14:06:37+00:00,False,0.05
c2000000-0000-0000-0000-000000001398,c1000000-0000-0000-0000-000000000016,c1000000-0000-0000-0000-000000000117,DIRECT_TRANSFER,1,7757.12,2026-01-26T14:07:12+00:00,2026-01-26T14:07:12+00:00,False,0.05
c2000000-0000-0000-0000-000000001399,c1000000-0000-0000-0000-000000000094,c1000000-0000-0000-0000-000000000023,DIRECT_TRANSFER,1,1933.41,2026-01-26T14:08:40+00:00,2026-01-26T14:08:40+00:00,False,0.05
c2000000-0000-0000-0000-000000001400,c1000000-0000-0000-0000-000000000025,c1000000-0000-0000-0000-000000000139,DIRECT_TRANSFER,1,20.0,2026-01-26T14:15:35+00:00,2026-01-26T14:15:35+00:00,False,0.05
c2000000-0000-0000-0000-000000001401,c1000000-0000-0000-0000-000000000055,c1000000-0000-0000-0000-000000000122,DIRECT_TRANSFER,1,7805.53,2026-01-26T14:22:22+00:00,2026-01-26T14:22:22+00:00,False,0.05
c2000000-0000-0000-0000-000000001402,c1000000-0000-0000-0000-000000000072,c1000000-0000-0000-0000-000000000004,DIRECT_TRANSFER,1,4317.21,2026-01-26T14:26:29+00:00,2026-01-26T14:26:29+00:00,False,0.05
c2000000-0000-0000-0000-000000001403,c1000000-0000-0000-0000-000000000029,c1000000-0000-0000-0000-000000000005,DIRECT_TRANSFER,1,2234.66,2026-01-26T14:37:58+00:00,2026-01-26T14:37:58+00:00,False,0.05
c2000000-0000-0000-0000-000000001404,c1000000-0000-0000-0000-000000000066,c1000000-0000-0000-0000-000000000033,DIRECT_TRANSFER,1,2723.54,2026-01-26T15:10:56+00:00,2026-01-26T15:10:56+00:00,False,0.05
c2000000-0000-0000-0000-000000001405,c1000000-0000-0000-0000-000000000070,c1000000-0000-0000-0000-000000000134,DIRECT_TRANSFER,1,2082.25,2026-01-26T15:47:48+00:00,2026-01-26T15:47:48+00:00,False,0.05
c2000000-0000-0000-0000-000000001406,c1000000-0000-0000-0000-000000000088,c1000000-0000-0000-0000-000000000020,DIRECT_TRANSFER,1,2449.7,2026-01-26T15:59:43+00:00,2026-01-26T15:59:43+00:00,False,0.05
c2000000-0000-0000-0000-000000001407,c1000000-0000-0000-0000-000000000033,c1000000-0000-0000-0000-000000000134,DIRECT_TRANSFER,1,738.18,2026-01-26T16:00:10+00:00,2026-01-26T16:00:10+00:00,False,0.05
c2000000-0000-0000-0000-000000001408,c1000000-0000-0000-0000-000000000061,c1000000-0000-0000-0000-000000000004,DIRECT_TRANSFER,1,3780.72,2026-01-26T16:06:15+00:00,2026-01-26T16:06:15+00:00,False,0.05
c2000000-0000-0000-0000-000000001409,c1000000-0000-0000-0000-000000000132,c1000000-0000-0000-0000-000000000056,DIRECT_TRANSFER,1,1864.38,2026-01-26T16:11:24+00:00,2026-01-26T16:11:24+00:00,False,0.05
c2000000-0000-0000-0000-000000001410,c1000000-0000-0000-0000-000000000063,c1000000-0000-0000-0000-000000000137,DIRECT_TRANSFER,2,2095.18,2026-01-26T16:15:36+00:00,2026-01-30T13:46:16+00:00,False,0.05
c2000000-0000-0000-0000-000000001411,c1000000-0000-0000-0000-000000000034,c1000000-0000-0000-0000-000000000115,DIRECT_TRANSFER,1,6788.63,2026-01-26T16:18:17+00:00,2026-01-26T16:18:17+00:00,False,0.05
c2000000-0000-0000-0000-000000001412,c1000000-0000-0000-0000-000000000038,c1000000-0000-0000-0000-000000000033,DIRECT_TRANSFER,1,1878.83,2026-01-26T16:21:01+00:00,2026-01-26T16:21:01+00:00,False,0.05
c2000000-0000-0000-0000-000000001413,c1000000-0000-0000-0000-000000000023,c1000000-0000-0000-0000-000000000027,DIRECT_TRANSFER,1,3154.35,2026-01-26T16:25:59+00:00,2026-01-26T16:25:59+00:00,False,0.05
c2000000-0000-0000-0000-000000001414,c1000000-0000-0000-0000-000000000057,c1000000-0000-0000-0000-000000000035,DIRECT_TRANSFER,1,1790.06,2026-01-26T16:27:32+00:00,2026-01-26T16:27:32+00:00,False,0.05
c2000000-0000-0000-0000-000000001415,c1000000-0000-0000-0000-000000000037,c1000000-0000-0000-0000-000000000009,DIRECT_TRANSFER,1,3639.08,2026-01-26T16:42:10+00:00,2026-01-26T16:42:10+00:00,False,0.05
c2000000-0000-0000-0000-000000001416,c1000000-0000-0000-0000-000000000077,c1000000-0000-0000-0000-000000000121,DIRECT_TRANSFER,1,1345.71,2026-01-26T16:49:42+00:00,2026-01-26T16:49:42+00:00,False,0.05
c2000000-0000-0000-0000-000000001417,c1000000-0000-0000-0000-000000000087,c1000000-0000-0000-0000-000000000138,DIRECT_TRANSFER,1,2603.36,2026-01-26T17:19:11+00:00,2026-01-26T17:19:11+00:00,False,0.05
c2000000-0000-0000-0000-000000001418,c1000000-0000-0000-0000-000000000008,c1000000-0000-0000-0000-000000000017,DIRECT_TRANSFER,1,3384.03,2026-01-26T17:30:44+00:00,2026-01-26T17:30:44+00:00,False,0.05
c2000000-0000-0000-0000-000000001419,c1000000-0000-0000-0000-000000000068,c1000000-0000-0000-0000-000000000122,DIRECT_TRANSFER,1,1754.79,2026-01-26T17:43:18+00:00,2026-01-26T17:43:18+00:00,False,0.05
c2000000-0000-0000-0000-000000001420,c1000000-0000-0000-0000-000000000097,c1000000-0000-0000-0000-000000000139,DIRECT_TRANSFER,1,1119.24,2026-01-26T17:57:41+00:00,2026-01-26T17:57:41+00:00,False,0.05
c2000000-0000-0000-0000-000000001421,c1000000-0000-0000-0000-000000000103,c1000000-0000-0000-0000-000000000014,DIRECT_TRANSFER,1,2195.04,2026-01-26T18:17:25+00:00,2026-01-26T18:17:25+00:00,False,0.05
c2000000-0000-0000-0000-000000001422,c1000000-0000-0000-0000-000000000094,c1000000-0000-0000-0000-000000000133,DIRECT_TRANSFER,1,437.44,2026-01-26T18:18:45+00:00,2026-01-26T18:18:45+00:00,False,0.05
c2000000-0000-0000-0000-000000001423,c1000000-0000-0000-0000-000000000033,c1000000-0000-0000-0000-000000000064,DIRECT_TRANSFER,1,2081.31,2026-01-26T18:36:35+00:00,2026-01-26T18:36:35+00:00,False,0.05
c2000000-0000-0000-0000-000000001424,c1000000-0000-0000-0000-000000000044,c1000000-0000-0000-0000-000000000046,DIRECT_TRANSFER,1,2280.82,2026-01-26T18:38:54+00:00,2026-01-26T18:38:54+00:00,False,0.05
c2000000-0000-0000-0000-000000001425,c1000000-0000-0000-0000-000000000089,c1000000-0000-0000-0000-000000000108,DIRECT_TRANSFER,1,1063.58,2026-01-26T18:41:47+00:00,2026-01-26T18:41:47+00:00,False,0.05
c2000000-0000-0000-0000-000000001426,c1000000-0000-0000-0000-000000000120,c1000000-0000-0000-0000-000000000006,DIRECT_TRANSFER,1,9172.98,2026-01-26T18:41:57+00:00,2026-01-26T18:41:57+00:00,False,0.05
c2000000-0000-0000-0000-000000001427,c1000000-0000-0000-0000-000000000012,c1000000-0000-0000-0000-000000000093,DIRECT_TRANSFER,1,1363.88,2026-01-26T18:49:35+00:00,2026-01-26T18:49:35+00:00,False,0.05
c2000000-0000-0000-0000-000000001428,c1000000-0000-0000-0000-000000000042,c1000000-0000-0000-0000-000000000109,DIRECT_TRANSFER,1,5740.44,2026-01-26T18:53:01+00:00,2026-01-26T18:53:01+00:00,False,0.05
c2000000-0000-0000-0000-000000001429,c1000000-0000-0000-0000-000000000024,c1000000-0000-0000-0000-000000000115,DIRECT_TRANSFER,1,576.05,2026-01-26T18:58:28+00:00,2026-01-26T18:58:28+00:00,False,0.05
c2000000-0000-0000-0000-000000001430,c1000000-0000-0000-0000-000000000092,c1000000-0000-0000-0000-000000000117,DIRECT_TRANSFER,1,4012.84,2026-01-26T19:20:32+00:00,2026-01-26T19:20:32+00:00,False,0.05
c2000000-0000-0000-0000-000000001431,c1000000-0000-0000-0000-000000000053,c1000000-0000-0000-0000-000000000029,DIRECT_TRANSFER,1,3035.28,2026-01-26T19:40:01+00:00,2026-01-26T19:40:01+00:00,False,0.05
c2000000-0000-0000-0000-000000001432,c1000000-0000-0000-0000-000000000122,c1000000-0000-0000-0000-000000000019,DIRECT_TRANSFER,1,6058.44,2026-01-26T19:45:03+00:00,2026-01-26T19:45:03+00:00,False,0.05
c2000000-0000-0000-0000-000000001433,c1000000-0000-0000-0000-000000000121,c1000000-0000-0000-0000-000000000027,DIRECT_TRANSFER,2,8679.57,2026-01-26T19:52:56+00:00,2026-01-29T19:20:04+00:00,False,0.05
c2000000-0000-0000-0000-000000001434,c1000000-0000-0000-0000-000000000025,c1000000-0000-0000-0000-000000000053,DIRECT_TRANSFER,1,959.57,2026-01-26T19:59:27+00:00,2026-01-26T19:59:27+00:00,False,0.05
c2000000-0000-0000-0000-000000001435,c1000000-0000-0000-0000-000000000054,c1000000-0000-0000-0000-000000000028,DIRECT_TRANSFER,1,1158.38,2026-01-26T20:02:42+00:00,2026-01-26T20:02:42+00:00,False,0.05
c2000000-0000-0000-0000-000000001436,c1000000-0000-0000-0000-000000000101,c1000000-0000-0000-0000-000000000113,DIRECT_TRANSFER,1,4852.42,2026-01-26T20:08:39+00:00,2026-01-26T20:08:39+00:00,False,0.05
c2000000-0000-0000-0000-000000001437,c1000000-0000-0000-0000-000000000011,c1000000-0000-0000-0000-000000000020,DIRECT_TRANSFER,1,2897.98,2026-01-26T20:16:42+00:00,2026-01-26T20:16:42+00:00,False,0.05
c2000000-0000-0000-0000-000000001438,c1000000-0000-0000-0000-000000000114,c1000000-0000-0000-0000-000000000071,DIRECT_TRANSFER,1,2431.48,2026-01-26T20:25:53+00:00,2026-01-26T20:25:53+00:00,False,0.05
c2000000-0000-0000-0000-000000001439,c1000000-0000-0000-0000-000000000109,c1000000-0000-0000-0000-000000000009,DIRECT_TRANSFER,1,1000.32,2026-01-26T20:31:39+00:00,2026-01-26T20:31:39+00:00,False,0.05
c2000000-0000-0000-0000-000000001440,c1000000-0000-0000-0000-000000000053,c1000000-0000-0000-0000-000000000126,DIRECT_TRANSFER,1,3850.85,2026-01-26T20:37:56+00:00,2026-01-26T20:37:56+00:00,False,0.05
c2000000-0000-0000-0000-000000001441,c1000000-0000-0000-0000-000000000052,c1000000-0000-0000-0000-000000000013,DIRECT_TRANSFER,1,4040.04,2026-01-26T20:43:40+00:00,2026-01-26T20:43:40+00:00,False,0.05
c2000000-0000-0000-0000-000000001442,c1000000-0000-0000-0000-000000000094,c1000000-0000-0000-0000-000000000095,DIRECT_TRANSFER,1,2961.6,2026-01-26T21:04:21+00:00,2026-01-26T21:04:21+00:00,False,0.05
c2000000-0000-0000-0000-000000001443,c1000000-0000-0000-0000-000000000077,c1000000-0000-0000-0000-000000000134,DIRECT_TRANSFER,1,476.58,2026-01-26T21:06:07+00:00,2026-01-26T21:06:07+00:00,False,0.05
c2000000-0000-0000-0000-000000001444,c1000000-0000-0000-0000-000000000055,c1000000-0000-0000-0000-000000000082,DIRECT_TRANSFER,1,1817.31,2026-01-26T21:08:51+00:00,2026-01-26T21:08:51+00:00,False,0.05
c2000000-0000-0000-0000-000000001445,c1000000-0000-0000-0000-000000000065,c1000000-0000-0000-0000-000000000117,DIRECT_TRANSFER,1,3173.64,2026-01-26T21:13:36+00:00,2026-01-26T21:13:36+00:00,False,0.05
c2000000-0000-0000-0000-000000001446,c1000000-0000-0000-0000-000000000029,c1000000-0000-0000-0000-000000000007,DIRECT_TRANSFER,1,3749.46,2026-01-26T21:23:39+00:00,2026-01-26T21:23:39+00:00,False,0.05
c2000000-0000-0000-0000-000000001447,c1000000-0000-0000-0000-000000000052,c1000000-0000-0000-0000-000000000025,DIRECT_TRANSFER,1,495.15,2026-01-26T21:39:32+00:00,2026-01-26T21:39:32+00:00,False,0.05
c2000000-0000-0000-0000-000000001448,c1000000-0000-0000-0000-000000000077,c1000000-0000-0000-0000-000000000116,DIRECT_TRANSFER,1,3013.17,2026-01-26T21:52:33+00:00,2026-01-26T21:52:33+00:00,False,0.05
c2000000-0000-0000-0000-000000001449,c1000000-0000-0000-0000-000000000089,c1000000-0000-0000-0000-000000000133,DIRECT_TRANSFER,1,100.0,2026-01-26T21:57:34+00:00,2026-01-26T21:57:34+00:00,False,0.05
c2000000-0000-0000-0000-000000001450,c1000000-0000-0000-0000-000000000068,c1000000-0000-0000-0000-000000000014,DIRECT_TRANSFER,1,2356.45,2026-01-27T08:02:54+00:00,2026-01-27T08:02:54+00:00,False,0.05
c2000000-0000-0000-0000-000000001451,c1000000-0000-0000-0000-000000000030,c1000000-0000-0000-0000-000000000082,DIRECT_TRANSFER,1,3521.37,2026-01-27T08:10:18+00:00,2026-01-27T08:10:18+00:00,False,0.05
c2000000-0000-0000-0000-000000001452,c1000000-0000-0000-0000-000000000076,c1000000-0000-0000-0000-000000000004,DIRECT_TRANSFER,1,656.8,2026-01-27T08:18:59+00:00,2026-01-27T08:18:59+00:00,False,0.05
c2000000-0000-0000-0000-000000001453,c1000000-0000-0000-0000-000000000092,c1000000-0000-0000-0000-000000000034,DIRECT_TRANSFER,1,4393.71,2026-01-27T08:35:45+00:00,2026-01-27T08:35:45+00:00,False,0.05
c2000000-0000-0000-0000-000000001454,c1000000-0000-0000-0000-000000000087,c1000000-0000-0000-0000-000000000041,DIRECT_TRANSFER,1,1968.29,2026-01-27T08:35:49+00:00,2026-01-27T08:35:49+00:00,False,0.05
c2000000-0000-0000-0000-000000001455,c1000000-0000-0000-0000-000000000020,c1000000-0000-0000-0000-000000000134,DIRECT_TRANSFER,1,2394.41,2026-01-27T08:47:53+00:00,2026-01-27T08:47:53+00:00,False,0.05
c2000000-0000-0000-0000-000000001456,c1000000-0000-0000-0000-000000000101,c1000000-0000-0000-0000-000000000105,DIRECT_TRANSFER,1,1043.55,2026-01-27T08:59:03+00:00,2026-01-27T08:59:03+00:00,False,0.05
c2000000-0000-0000-0000-000000001457,c1000000-0000-0000-0000-000000000112,c1000000-0000-0000-0000-000000000089,DIRECT_TRANSFER,1,1844.63,2026-01-27T09:00:19+00:00,2026-01-27T09:00:19+00:00,False,0.05
c2000000-0000-0000-0000-000000001458,c1000000-0000-0000-0000-000000000084,c1000000-0000-0000-0000-000000000138,DIRECT_TRANSFER,1,1466.12,2026-01-27T09:02:31+00:00,2026-01-27T09:02:31+00:00,False,0.05
c2000000-0000-0000-0000-000000001459,c1000000-0000-0000-0000-000000000021,c1000000-0000-0000-0000-000000000134,DIRECT_TRANSFER,1,1218.88,2026-01-27T09:03:39+00:00,2026-01-27T09:03:39+00:00,False,0.05
c2000000-0000-0000-0000-000000001460,c1000000-0000-0000-0000-000000000076,c1000000-0000-0000-0000-000000000048,DIRECT_TRANSFER,1,3097.8,2026-01-27T09:09:57+00:00,2026-01-27T09:09:57+00:00,False,0.05
c2000000-0000-0000-0000-000000001461,c1000000-0000-0000-0000-000000000090,c1000000-0000-0000-0000-000000000134,DIRECT_TRANSFER,1,1876.88,2026-01-27T09:21:29+00:00,2026-01-27T09:21:29+00:00,False,0.05
c2000000-0000-0000-0000-000000001462,c1000000-0000-0000-0000-000000000019,c1000000-0000-0000-0000-000000000140,DIRECT_TRANSFER,1,2079.52,2026-01-27T09:26:26+00:00,2026-01-27T09:26:26+00:00,False,0.05
c2000000-0000-0000-0000-000000001463,c1000000-0000-0000-0000-000000000017,c1000000-0000-0000-0000-000000000098,DIRECT_TRANSFER,1,258.59,2026-01-27T09:27:44+00:00,2026-01-27T09:27:44+00:00,False,0.05
c2000000-0000-0000-0000-000000001464,c1000000-0000-0000-0000-000000000063,c1000000-0000-0000-0000-000000000077,DIRECT_TRANSFER,1,1274.87,2026-01-27T09:35:10+00:00,2026-01-27T09:35:10+00:00,False,0.05
c2000000-0000-0000-0000-000000001465,c1000000-0000-0000-0000-000000000058,c1000000-0000-0000-0000-000000000053,DIRECT_TRANSFER,1,2912.58,2026-01-27T09:47:58+00:00,2026-01-27T09:47:58+00:00,False,0.05
c2000000-0000-0000-0000-000000001466,c1000000-0000-0000-0000-000000000046,c1000000-0000-0000-0000-000000000100,DIRECT_TRANSFER,1,3493.86,2026-01-27T09:49:45+00:00,2026-01-27T09:49:45+00:00,False,0.05
c2000000-0000-0000-0000-000000001467,c1000000-0000-0000-0000-000000000012,c1000000-0000-0000-0000-000000000025,DIRECT_TRANSFER,1,1565.26,2026-01-27T09:58:05+00:00,2026-01-27T09:58:05+00:00,False,0.05
c2000000-0000-0000-0000-000000001468,c1000000-0000-0000-0000-000000000060,c1000000-0000-0000-0000-000000000100,DIRECT_TRANSFER,1,3081.17,2026-01-27T10:01:55+00:00,2026-01-27T10:01:55+00:00,False,0.05
c2000000-0000-0000-0000-000000001469,c1000000-0000-0000-0000-000000000015,c1000000-0000-0000-0000-000000000107,DIRECT_TRANSFER,1,7141.27,2026-01-27T10:12:28+00:00,2026-01-27T10:12:28+00:00,False,0.05
c2000000-0000-0000-0000-000000001470,c1000000-0000-0000-0000-000000000053,c1000000-0000-0000-0000-000000000136,DIRECT_TRANSFER,1,2697.59,2026-01-27T10:17:08+00:00,2026-01-27T10:17:08+00:00,False,0.05
c2000000-0000-0000-0000-000000001471,c1000000-0000-0000-0000-000000000114,c1000000-0000-0000-0000-000000000012,DIRECT_TRANSFER,1,5408.97,2026-01-27T10:18:16+00:00,2026-01-27T10:18:16+00:00,False,0.05
c2000000-0000-0000-0000-000000001472,c1000000-0000-0000-0000-000000000002,c1000000-0000-0000-0000-000000000116,DIRECT_TRANSFER,1,3622.27,2026-01-27T10:33:45+00:00,2026-01-27T10:33:45+00:00,False,0.05
c2000000-0000-0000-0000-000000001473,c1000000-0000-0000-0000-000000000016,c1000000-0000-0000-0000-000000000055,DIRECT_TRANSFER,1,1332.52,2026-01-27T10:56:29+00:00,2026-01-27T10:56:29+00:00,False,0.05
c2000000-0000-0000-0000-000000001474,c1000000-0000-0000-0000-000000000088,c1000000-0000-0000-0000-000000000036,DIRECT_TRANSFER,1,567.81,2026-01-27T10:58:00+00:00,2026-01-27T10:58:00+00:00,False,0.05
c2000000-0000-0000-0000-000000001475,c1000000-0000-0000-0000-000000000019,c1000000-0000-0000-0000-000000000110,DIRECT_TRANSFER,2,29073.63,2026-01-27T11:05:59+00:00,2026-03-04T02:05:00+00:00,False,0.7
c2000000-0000-0000-0000-000000001476,c1000000-0000-0000-0000-000000000088,c1000000-0000-0000-0000-000000000065,DIRECT_TRANSFER,1,3900.45,2026-01-27T11:07:41+00:00,2026-01-27T11:07:41+00:00,False,0.05
c2000000-0000-0000-0000-000000001477,c1000000-0000-0000-0000-000000000131,c1000000-0000-0000-0000-000000000102,DIRECT_TRANSFER,1,5825.96,2026-01-27T11:26:47+00:00,2026-01-27T11:26:47+00:00,False,0.05
c2000000-0000-0000-0000-000000001478,c1000000-0000-0000-0000-000000000109,c1000000-0000-0000-0000-000000000089,DIRECT_TRANSFER,1,3169.42,2026-01-27T11:29:20+00:00,2026-01-27T11:29:20+00:00,False,0.05
c2000000-0000-0000-0000-000000001479,c1000000-0000-0000-0000-000000000025,c1000000-0000-0000-0000-000000000118,DIRECT_TRANSFER,1,3306.54,2026-01-27T11:39:35+00:00,2026-01-27T11:39:35+00:00,False,0.05
c2000000-0000-0000-0000-000000001480,c1000000-0000-0000-0000-000000000085,c1000000-0000-0000-0000-000000000135,DIRECT_TRANSFER,1,2827.56,2026-01-27T11:40:22+00:00,2026-01-27T11:40:22+00:00,False,0.05
c2000000-0000-0000-0000-000000001481,c1000000-0000-0000-0000-000000000059,c1000000-0000-0000-0000-000000000134,DIRECT_TRANSFER,1,214.93,2026-01-27T11:44:28+00:00,2026-01-27T11:44:28+00:00,False,0.05
c2000000-0000-0000-0000-000000001482,c1000000-0000-0000-0000-000000000089,c1000000-0000-0000-0000-000000000034,DIRECT_TRANSFER,1,2837.53,2026-01-27T11:45:11+00:00,2026-01-27T11:45:11+00:00,False,0.05
c2000000-0000-0000-0000-000000001483,c1000000-0000-0000-0000-000000000044,c1000000-0000-0000-0000-000000000077,DIRECT_TRANSFER,1,2817.66,2026-01-27T11:45:18+00:00,2026-01-27T11:45:18+00:00,False,0.05
c2000000-0000-0000-0000-000000001484,c1000000-0000-0000-0000-000000000101,c1000000-0000-0000-0000-000000000116,DIRECT_TRANSFER,1,3688.65,2026-01-27T11:53:38+00:00,2026-01-27T11:53:38+00:00,False,0.05
c2000000-0000-0000-0000-000000001485,c1000000-0000-0000-0000-000000000097,c1000000-0000-0000-0000-000000000099,DIRECT_TRANSFER,1,1435.27,2026-01-27T12:06:14+00:00,2026-01-27T12:06:14+00:00,False,0.05
c2000000-0000-0000-0000-000000001486,c1000000-0000-0000-0000-000000000008,c1000000-0000-0000-0000-000000000110,DIRECT_TRANSFER,1,2031.75,2026-01-27T12:12:21+00:00,2026-01-27T12:12:21+00:00,False,0.05
c2000000-0000-0000-0000-000000001487,c1000000-0000-0000-0000-000000000034,c1000000-0000-0000-0000-000000000085,DIRECT_TRANSFER,1,2677.67,2026-01-27T12:17:29+00:00,2026-01-27T12:17:29+00:00,False,0.05
c2000000-0000-0000-0000-000000001488,c1000000-0000-0000-0000-000000000011,c1000000-0000-0000-0000-000000000008,DIRECT_TRANSFER,1,1400.1,2026-01-27T12:17:37+00:00,2026-01-27T12:17:37+00:00,False,0.05
c2000000-0000-0000-0000-000000001489,c1000000-0000-0000-0000-000000000023,c1000000-0000-0000-0000-000000000019,DIRECT_TRANSFER,1,380.32,2026-01-27T12:20:24+00:00,2026-01-27T12:20:24+00:00,False,0.05
c2000000-0000-0000-0000-000000001490,c1000000-0000-0000-0000-000000000079,c1000000-0000-0000-0000-000000000036,DIRECT_TRANSFER,1,1755.29,2026-01-27T12:21:36+00:00,2026-01-27T12:21:36+00:00,False,0.05
c2000000-0000-0000-0000-000000001491,c1000000-0000-0000-0000-000000000022,c1000000-0000-0000-0000-000000000070,DIRECT_TRANSFER,1,1086.66,2026-01-27T12:28:26+00:00,2026-01-27T12:28:26+00:00,False,0.05
c2000000-0000-0000-0000-000000001492,c1000000-0000-0000-0000-000000000067,c1000000-0000-0000-0000-000000000069,DIRECT_TRANSFER,1,2693.26,2026-01-27T12:31:21+00:00,2026-01-27T12:31:21+00:00,False,0.05
c2000000-0000-0000-0000-000000001493,c1000000-0000-0000-0000-000000000035,c1000000-0000-0000-0000-000000000005,DIRECT_TRANSFER,1,2983.04,2026-01-27T12:32:58+00:00,2026-01-27T12:32:58+00:00,False,0.05
c2000000-0000-0000-0000-000000001494,c1000000-0000-0000-0000-000000000067,c1000000-0000-0000-0000-000000000077,DIRECT_TRANSFER,1,2972.77,2026-01-27T12:36:06+00:00,2026-01-27T12:36:06+00:00,False,0.05
c2000000-0000-0000-0000-000000001495,c1000000-0000-0000-0000-000000000081,c1000000-0000-0000-0000-000000000139,DIRECT_TRANSFER,1,1973.42,2026-01-27T12:42:31+00:00,2026-01-27T12:42:31+00:00,False,0.05
c2000000-0000-0000-0000-000000001496,c1000000-0000-0000-0000-000000000049,c1000000-0000-0000-0000-000000000126,DIRECT_TRANSFER,1,3505.63,2026-01-27T12:47:07+00:00,2026-01-27T12:47:07+00:00,False,0.05
c2000000-0000-0000-0000-000000001497,c1000000-0000-0000-0000-000000000048,c1000000-0000-0000-0000-000000000094,DIRECT_TRANSFER,1,3710.43,2026-01-27T12:47:35+00:00,2026-01-27T12:47:35+00:00,False,0.05
c2000000-0000-0000-0000-000000001498,c1000000-0000-0000-0000-000000000129,c1000000-0000-0000-0000-000000000024,DIRECT_TRANSFER,1,7513.37,2026-01-27T12:48:30+00:00,2026-01-27T12:48:30+00:00,False,0.05
c2000000-0000-0000-0000-000000001499,c1000000-0000-0000-0000-000000000043,c1000000-0000-0000-0000-000000000119,DIRECT_TRANSFER,1,2117.11,2026-01-27T12:51:10+00:00,2026-01-27T12:51:10+00:00,False,0.05
c2000000-0000-0000-0000-000000001500,c1000000-0000-0000-0000-000000000081,c1000000-0000-0000-0000-000000000023,DIRECT_TRANSFER,1,831.68,2026-01-27T12:55:31+00:00,2026-01-27T12:55:31+00:00,False,0.05
c2000000-0000-0000-0000-000000001501,c1000000-0000-0000-0000-000000000009,c1000000-0000-0000-0000-000000000140,DIRECT_TRANSFER,1,698.4,2026-01-27T12:57:39+00:00,2026-01-27T12:57:39+00:00,False,0.05
c2000000-0000-0000-0000-000000001502,c1000000-0000-0000-0000-000000000018,c1000000-0000-0000-0000-000000000141,DIRECT_TRANSFER,1,200.0,2026-01-27T13:04:57+00:00,2026-01-27T13:04:57+00:00,False,0.05
c2000000-0000-0000-0000-000000001503,c1000000-0000-0000-0000-000000000008,c1000000-0000-0000-0000-000000000136,DIRECT_TRANSFER,1,857.7,2026-01-27T13:12:21+00:00,2026-01-27T13:12:21+00:00,False,0.05
c2000000-0000-0000-0000-000000001504,c1000000-0000-0000-0000-000000000023,c1000000-0000-0000-0000-000000000140,DIRECT_TRANSFER,1,3066.76,2026-01-27T13:15:42+00:00,2026-01-27T13:15:42+00:00,False,0.05
c2000000-0000-0000-0000-000000001505,c1000000-0000-0000-0000-000000000038,c1000000-0000-0000-0000-000000000113,DIRECT_TRANSFER,1,2965.13,2026-01-27T13:17:12+00:00,2026-01-27T13:17:12+00:00,False,0.05
c2000000-0000-0000-0000-000000001506,c1000000-0000-0000-0000-000000000121,c1000000-0000-0000-0000-000000000038,DIRECT_TRANSFER,1,6597.25,2026-01-27T13:26:57+00:00,2026-01-27T13:26:57+00:00,False,0.05
c2000000-0000-0000-0000-000000001507,c1000000-0000-0000-0000-000000000076,c1000000-0000-0000-0000-000000000137,DIRECT_TRANSFER,1,3031.54,2026-01-27T13:28:11+00:00,2026-01-27T13:28:11+00:00,False,0.05
c2000000-0000-0000-0000-000000001508,c1000000-0000-0000-0000-000000000028,c1000000-0000-0000-0000-000000000119,DIRECT_TRANSFER,1,939.39,2026-01-27T13:30:40+00:00,2026-01-27T13:30:40+00:00,False,0.05
c2000000-0000-0000-0000-000000001509,c1000000-0000-0000-0000-000000000036,c1000000-0000-0000-0000-000000000115,DIRECT_TRANSFER,1,6655.66,2026-01-27T13:40:00+00:00,2026-01-27T13:40:00+00:00,False,0.05
c2000000-0000-0000-0000-000000001510,c1000000-0000-0000-0000-000000000055,c1000000-0000-0000-0000-000000000133,DIRECT_TRANSFER,1,2612.56,2026-01-27T13:46:53+00:00,2026-01-27T13:46:53+00:00,False,0.05
c2000000-0000-0000-0000-000000001511,c1000000-0000-0000-0000-000000000113,c1000000-0000-0000-0000-000000000094,DIRECT_TRANSFER,1,1669.15,2026-01-27T13:51:05+00:00,2026-01-27T13:51:05+00:00,False,0.05
c2000000-0000-0000-0000-000000001512,c1000000-0000-0000-0000-000000000114,c1000000-0000-0000-0000-000000000081,DIRECT_TRANSFER,1,1515.04,2026-01-27T14:02:44+00:00,2026-01-27T14:02:44+00:00,False,0.05
c2000000-0000-0000-0000-000000001513,c1000000-0000-0000-0000-000000000072,c1000000-0000-0000-0000-000000000137,DIRECT_TRANSFER,1,200.0,2026-01-27T14:05:14+00:00,2026-01-27T14:05:14+00:00,False,0.05
c2000000-0000-0000-0000-000000001514,c1000000-0000-0000-0000-000000000132,c1000000-0000-0000-0000-000000000001,DIRECT_TRANSFER,1,3800.48,2026-01-27T14:11:40+00:00,2026-01-27T14:11:40+00:00,False,0.05
c2000000-0000-0000-0000-000000001515,c1000000-0000-0000-0000-000000000020,c1000000-0000-0000-0000-000000000005,DIRECT_TRANSFER,1,1582.2,2026-01-27T14:19:47+00:00,2026-01-27T14:19:47+00:00,False,0.05
c2000000-0000-0000-0000-000000001516,c1000000-0000-0000-0000-000000000035,c1000000-0000-0000-0000-000000000121,DIRECT_TRANSFER,1,5961.4,2026-01-27T14:25:16+00:00,2026-01-27T14:25:16+00:00,False,0.05
c2000000-0000-0000-0000-000000001517,c1000000-0000-0000-0000-000000000079,c1000000-0000-0000-0000-000000000138,DIRECT_TRANSFER,1,453.37,2026-01-27T14:33:17+00:00,2026-01-27T14:33:17+00:00,False,0.05
c2000000-0000-0000-0000-000000001518,c1000000-0000-0000-0000-000000000093,c1000000-0000-0000-0000-000000000020,DIRECT_TRANSFER,1,1838.69,2026-01-27T14:53:37+00:00,2026-01-27T14:53:37+00:00,False,0.05
c2000000-0000-0000-0000-000000001519,c1000000-0000-0000-0000-000000000108,c1000000-0000-0000-0000-000000000025,DIRECT_TRANSFER,1,8425.43,2026-01-27T14:53:42+00:00,2026-01-27T14:53:42+00:00,False,0.05
c2000000-0000-0000-0000-000000001520,c1000000-0000-0000-0000-000000000027,c1000000-0000-0000-0000-000000000098,DIRECT_TRANSFER,1,2618.36,2026-01-27T14:55:00+00:00,2026-01-27T14:55:00+00:00,False,0.05
c2000000-0000-0000-0000-000000001521,c1000000-0000-0000-0000-000000000057,c1000000-0000-0000-0000-000000000006,DIRECT_TRANSFER,1,1165.13,2026-01-27T15:01:55+00:00,2026-01-27T15:01:55+00:00,False,0.05
c2000000-0000-0000-0000-000000001522,c1000000-0000-0000-0000-000000000127,c1000000-0000-0000-0000-000000000016,DIRECT_TRANSFER,1,6021.15,2026-01-27T15:31:44+00:00,2026-01-27T15:31:44+00:00,False,0.05
c2000000-0000-0000-0000-000000001523,c1000000-0000-0000-0000-000000000043,c1000000-0000-0000-0000-000000000135,DIRECT_TRANSFER,1,2619.53,2026-01-27T15:36:06+00:00,2026-01-27T15:36:06+00:00,False,0.05
c2000000-0000-0000-0000-000000001524,c1000000-0000-0000-0000-000000000017,c1000000-0000-0000-0000-000000000070,DIRECT_TRANSFER,1,1253.26,2026-01-27T15:50:26+00:00,2026-01-27T15:50:26+00:00,False,0.05
c2000000-0000-0000-0000-000000001525,c1000000-0000-0000-0000-000000000012,c1000000-0000-0000-0000-000000000135,DIRECT_TRANSFER,1,3178.89,2026-01-27T15:56:27+00:00,2026-01-27T15:56:27+00:00,False,0.05
c2000000-0000-0000-0000-000000001526,c1000000-0000-0000-0000-000000000074,c1000000-0000-0000-0000-000000000048,DIRECT_TRANSFER,1,3765.29,2026-01-27T16:04:15+00:00,2026-01-27T16:04:15+00:00,False,0.05
c2000000-0000-0000-0000-000000001527,c1000000-0000-0000-0000-000000000021,c1000000-0000-0000-0000-000000000141,DIRECT_TRANSFER,1,1356.36,2026-01-27T16:13:23+00:00,2026-01-27T16:13:23+00:00,False,0.05
c2000000-0000-0000-0000-000000001528,c1000000-0000-0000-0000-000000000064,c1000000-0000-0000-0000-000000000095,DIRECT_TRANSFER,1,1892.67,2026-01-27T16:15:24+00:00,2026-01-27T16:15:24+00:00,False,0.05
c2000000-0000-0000-0000-000000001529,c1000000-0000-0000-0000-000000000045,c1000000-0000-0000-0000-000000000134,DIRECT_TRANSFER,2,1169.34,2026-01-27T16:45:02+00:00,2026-01-28T09:40:31+00:00,False,0.05
c2000000-0000-0000-0000-000000001530,c1000000-0000-0000-0000-000000000131,c1000000-0000-0000-0000-000000000075,DIRECT_TRANSFER,1,7415.56,2026-01-27T16:45:49+00:00,2026-01-27T16:45:49+00:00,False,0.05
c2000000-0000-0000-0000-000000001531,c1000000-0000-0000-0000-000000000106,c1000000-0000-0000-0000-000000000056,DIRECT_TRANSFER,1,1605.35,2026-01-27T16:54:46+00:00,2026-01-27T16:54:46+00:00,False,0.05
c2000000-0000-0000-0000-000000001532,c1000000-0000-0000-0000-000000000070,c1000000-0000-0000-0000-000000000065,DIRECT_TRANSFER,2,23475.23,2026-01-27T16:57:17+00:00,2026-03-10T08:00:00+00:00,False,0.7
c2000000-0000-0000-0000-000000001533,c1000000-0000-0000-0000-000000000038,c1000000-0000-0000-0000-000000000035,DIRECT_TRANSFER,1,2382.2,2026-01-27T17:26:43+00:00,2026-01-27T17:26:43+00:00,False,0.05
c2000000-0000-0000-0000-000000001534,c1000000-0000-0000-0000-000000000008,c1000000-0000-0000-0000-000000000071,DIRECT_TRANSFER,1,3199.33,2026-01-27T17:32:19+00:00,2026-01-27T17:32:19+00:00,False,0.05
c2000000-0000-0000-0000-000000001535,c1000000-0000-0000-0000-000000000070,c1000000-0000-0000-0000-000000000003,DIRECT_TRANSFER,1,4286.2,2026-01-27T17:39:21+00:00,2026-01-27T17:39:21+00:00,False,0.05
c2000000-0000-0000-0000-000000001536,c1000000-0000-0000-0000-000000000067,c1000000-0000-0000-0000-000000000089,DIRECT_TRANSFER,1,1079.19,2026-01-27T17:41:10+00:00,2026-01-27T17:41:10+00:00,False,0.05
c2000000-0000-0000-0000-000000001537,c1000000-0000-0000-0000-000000000107,c1000000-0000-0000-0000-000000000045,DIRECT_TRANSFER,2,16653.3,2026-01-27T17:44:53+00:00,2026-01-29T14:52:25+00:00,False,0.05
c2000000-0000-0000-0000-000000001538,c1000000-0000-0000-0000-000000000071,c1000000-0000-0000-0000-000000000121,DIRECT_TRANSFER,2,10865.67,2026-01-27T17:47:39+00:00,2026-01-30T08:07:03+00:00,False,0.05
c2000000-0000-0000-0000-000000001539,c1000000-0000-0000-0000-000000000086,c1000000-0000-0000-0000-000000000114,DIRECT_TRANSFER,1,1557.52,2026-01-27T17:48:06+00:00,2026-01-27T17:48:06+00:00,False,0.05
c2000000-0000-0000-0000-000000001540,c1000000-0000-0000-0000-000000000034,c1000000-0000-0000-0000-000000000105,DIRECT_TRANSFER,1,3439.27,2026-01-27T17:48:57+00:00,2026-01-27T17:48:57+00:00,False,0.05
c2000000-0000-0000-0000-000000001541,c1000000-0000-0000-0000-000000000036,c1000000-0000-0000-0000-000000000140,DIRECT_TRANSFER,1,788.39,2026-01-27T17:49:54+00:00,2026-01-27T17:49:54+00:00,False,0.05
c2000000-0000-0000-0000-000000001542,c1000000-0000-0000-0000-000000000073,c1000000-0000-0000-0000-000000000136,DIRECT_TRANSFER,1,329.75,2026-01-27T17:53:30+00:00,2026-01-27T17:53:30+00:00,False,0.05
c2000000-0000-0000-0000-000000001543,c1000000-0000-0000-0000-000000000033,c1000000-0000-0000-0000-000000000071,DIRECT_TRANSFER,1,1085.2,2026-01-27T18:07:42+00:00,2026-01-27T18:07:42+00:00,False,0.05
c2000000-0000-0000-0000-000000001544,c1000000-0000-0000-0000-000000000040,c1000000-0000-0000-0000-000000000005,DIRECT_TRANSFER,1,2528.66,2026-01-27T18:27:34+00:00,2026-01-27T18:27:34+00:00,False,0.05
c2000000-0000-0000-0000-000000001545,c1000000-0000-0000-0000-000000000034,c1000000-0000-0000-0000-000000000103,DIRECT_TRANSFER,1,1433.61,2026-01-27T18:37:42+00:00,2026-01-27T18:37:42+00:00,False,0.05
c2000000-0000-0000-0000-000000001546,c1000000-0000-0000-0000-000000000076,c1000000-0000-0000-0000-000000000049,DIRECT_TRANSFER,1,3950.09,2026-01-27T18:40:00+00:00,2026-01-27T18:40:00+00:00,False,0.05
c2000000-0000-0000-0000-000000001547,c1000000-0000-0000-0000-000000000020,c1000000-0000-0000-0000-000000000014,DIRECT_TRANSFER,2,5789.79,2026-01-27T18:42:12+00:00,2026-01-30T15:04:59+00:00,False,0.05
c2000000-0000-0000-0000-000000001548,c1000000-0000-0000-0000-000000000062,c1000000-0000-0000-0000-000000000007,DIRECT_TRANSFER,1,1864.64,2026-01-27T18:43:47+00:00,2026-01-27T18:43:47+00:00,False,0.05
c2000000-0000-0000-0000-000000001549,c1000000-0000-0000-0000-000000000056,c1000000-0000-0000-0000-000000000106,DIRECT_TRANSFER,1,5675.35,2026-01-27T19:06:08+00:00,2026-01-27T19:06:08+00:00,False,0.05
c2000000-0000-0000-0000-000000001550,c1000000-0000-0000-0000-000000000004,c1000000-0000-0000-0000-000000000052,DIRECT_TRANSFER,1,3516.18,2026-01-27T19:06:28+00:00,2026-01-27T19:06:28+00:00,False,0.05
c2000000-0000-0000-0000-000000001551,c1000000-0000-0000-0000-000000000006,c1000000-0000-0000-0000-000000000037,DIRECT_TRANSFER,1,2816.67,2026-01-27T19:17:05+00:00,2026-01-27T19:17:05+00:00,False,0.05
c2000000-0000-0000-0000-000000001552,c1000000-0000-0000-0000-000000000067,c1000000-0000-0000-0000-000000000041,DIRECT_TRANSFER,1,2481.95,2026-01-27T19:30:22+00:00,2026-01-27T19:30:22+00:00,False,0.05
c2000000-0000-0000-0000-000000001553,c1000000-0000-0000-0000-000000000027,c1000000-0000-0000-0000-000000000018,DIRECT_TRANSFER,1,3818.13,2026-01-27T19:39:31+00:00,2026-01-27T19:39:31+00:00,False,0.05
c2000000-0000-0000-0000-000000001554,c1000000-0000-0000-0000-000000000069,c1000000-0000-0000-0000-000000000060,DIRECT_TRANSFER,1,2022.49,2026-01-27T19:59:43+00:00,2026-01-27T19:59:43+00:00,False,0.05
c2000000-0000-0000-0000-000000001555,c1000000-0000-0000-0000-000000000079,c1000000-0000-0000-0000-000000000093,DIRECT_TRANSFER,1,858.72,2026-01-27T20:06:02+00:00,2026-01-27T20:06:02+00:00,False,0.05
c2000000-0000-0000-0000-000000001556,c1000000-0000-0000-0000-000000000082,c1000000-0000-0000-0000-000000000048,DIRECT_TRANSFER,1,2179.5,2026-01-27T20:10:50+00:00,2026-01-27T20:10:50+00:00,False,0.05
c2000000-0000-0000-0000-000000001557,c1000000-0000-0000-0000-000000000004,c1000000-0000-0000-0000-000000000138,DIRECT_TRANSFER,1,769.58,2026-01-27T20:12:00+00:00,2026-01-27T20:12:00+00:00,False,0.05
c2000000-0000-0000-0000-000000001558,c1000000-0000-0000-0000-000000000049,c1000000-0000-0000-0000-000000000061,DIRECT_TRANSFER,1,3406.23,2026-01-27T20:33:16+00:00,2026-01-27T20:33:16+00:00,False,0.05
c2000000-0000-0000-0000-000000001559,c1000000-0000-0000-0000-000000000106,c1000000-0000-0000-0000-000000000016,DIRECT_TRANSFER,1,3762.06,2026-01-27T20:41:51+00:00,2026-01-27T20:41:51+00:00,False,0.05
c2000000-0000-0000-0000-000000001560,c1000000-0000-0000-0000-000000000031,c1000000-0000-0000-0000-000000000121,DIRECT_TRANSFER,1,1046.84,2026-01-27T20:42:58+00:00,2026-01-27T20:42:58+00:00,False,0.05
c2000000-0000-0000-0000-000000001561,c1000000-0000-0000-0000-000000000093,c1000000-0000-0000-0000-000000000091,DIRECT_TRANSFER,1,3478.26,2026-01-27T21:05:04+00:00,2026-01-27T21:05:04+00:00,False,0.05
c2000000-0000-0000-0000-000000001562,c1000000-0000-0000-0000-000000000117,c1000000-0000-0000-0000-000000000100,DIRECT_TRANSFER,2,7493.84,2026-01-27T21:14:28+00:00,2026-01-30T20:49:17+00:00,False,0.05
c2000000-0000-0000-0000-000000001563,c1000000-0000-0000-0000-000000000060,c1000000-0000-0000-0000-000000000003,DIRECT_TRANSFER,1,2091.61,2026-01-27T21:16:54+00:00,2026-01-27T21:16:54+00:00,False,0.05
c2000000-0000-0000-0000-000000001564,c1000000-0000-0000-0000-000000000077,c1000000-0000-0000-0000-000000000006,DIRECT_TRANSFER,1,4327.38,2026-01-27T21:32:48+00:00,2026-01-27T21:32:48+00:00,False,0.05
c2000000-0000-0000-0000-000000001565,c1000000-0000-0000-0000-000000000010,c1000000-0000-0000-0000-000000000107,DIRECT_TRANSFER,1,1450.37,2026-01-27T21:46:15+00:00,2026-01-27T21:46:15+00:00,False,0.05
c2000000-0000-0000-0000-000000001566,c1000000-0000-0000-0000-000000000016,c1000000-0000-0000-0000-000000000008,DIRECT_TRANSFER,1,2106.53,2026-01-27T21:54:08+00:00,2026-01-27T21:54:08+00:00,False,0.05
c2000000-0000-0000-0000-000000001567,c1000000-0000-0000-0000-000000000125,c1000000-0000-0000-0000-000000000061,DIRECT_TRANSFER,1,6932.78,2026-01-27T21:56:33+00:00,2026-01-27T21:56:33+00:00,False,0.05
c2000000-0000-0000-0000-000000001568,c1000000-0000-0000-0000-000000000047,c1000000-0000-0000-0000-000000000133,DIRECT_TRANSFER,1,2861.96,2026-01-28T08:07:55+00:00,2026-01-28T08:07:55+00:00,False,0.05
c2000000-0000-0000-0000-000000001569,c1000000-0000-0000-0000-000000000044,c1000000-0000-0000-0000-000000000139,DIRECT_TRANSFER,1,2144.84,2026-01-28T08:13:19+00:00,2026-01-28T08:13:19+00:00,False,0.05
c2000000-0000-0000-0000-000000001570,c1000000-0000-0000-0000-000000000047,c1000000-0000-0000-0000-000000000093,DIRECT_TRANSFER,1,1452.24,2026-01-28T08:14:56+00:00,2026-01-28T08:14:56+00:00,False,0.05
c2000000-0000-0000-0000-000000001571,c1000000-0000-0000-0000-000000000073,c1000000-0000-0000-0000-000000000056,DIRECT_TRANSFER,1,4481.31,2026-01-28T08:58:32+00:00,2026-01-28T08:58:32+00:00,False,0.05
c2000000-0000-0000-0000-000000001572,c1000000-0000-0000-0000-000000000093,c1000000-0000-0000-0000-000000000062,DIRECT_TRANSFER,1,4248.42,2026-01-28T09:04:15+00:00,2026-01-28T09:04:15+00:00,False,0.05
c2000000-0000-0000-0000-000000001573,c1000000-0000-0000-0000-000000000078,c1000000-0000-0000-0000-000000000094,DIRECT_TRANSFER,1,2942.6,2026-01-28T09:20:23+00:00,2026-01-28T09:20:23+00:00,False,0.05
c2000000-0000-0000-0000-000000001574,c1000000-0000-0000-0000-000000000109,c1000000-0000-0000-0000-000000000057,DIRECT_TRANSFER,1,4081.89,2026-01-28T09:48:27+00:00,2026-01-28T09:48:27+00:00,False,0.05
c2000000-0000-0000-0000-000000001575,c1000000-0000-0000-0000-000000000096,c1000000-0000-0000-0000-000000000095,DIRECT_TRANSFER,1,1096.91,2026-01-28T09:53:24+00:00,2026-01-28T09:53:24+00:00,False,0.05
c2000000-0000-0000-0000-000000001576,c1000000-0000-0000-0000-000000000036,c1000000-0000-0000-0000-000000000012,DIRECT_TRANSFER,1,3395.37,2026-01-28T10:02:38+00:00,2026-01-28T10:02:38+00:00,False,0.05
c2000000-0000-0000-0000-000000001577,c1000000-0000-0000-0000-000000000051,c1000000-0000-0000-0000-000000000140,DIRECT_TRANSFER,1,2584.2,2026-01-28T10:07:41+00:00,2026-01-28T10:07:41+00:00,False,0.05
c2000000-0000-0000-0000-000000001578,c1000000-0000-0000-0000-000000000132,c1000000-0000-0000-0000-000000000014,DIRECT_TRANSFER,1,5184.3,2026-01-28T10:10:25+00:00,2026-01-28T10:10:25+00:00,False,0.05
c2000000-0000-0000-0000-000000001579,c1000000-0000-0000-0000-000000000052,c1000000-0000-0000-0000-000000000130,DIRECT_TRANSFER,1,2953.34,2026-01-28T10:20:48+00:00,2026-01-28T10:20:48+00:00,False,0.05
c2000000-0000-0000-0000-000000001580,c1000000-0000-0000-0000-000000000028,c1000000-0000-0000-0000-000000000100,DIRECT_TRANSFER,1,1727.98,2026-01-28T10:27:17+00:00,2026-01-28T10:27:17+00:00,False,0.05
c2000000-0000-0000-0000-000000001581,c1000000-0000-0000-0000-000000000112,c1000000-0000-0000-0000-000000000023,DIRECT_TRANSFER,1,3711.54,2026-01-28T10:29:00+00:00,2026-01-28T10:29:00+00:00,False,0.05
c2000000-0000-0000-0000-000000001582,c1000000-0000-0000-0000-000000000073,c1000000-0000-0000-0000-000000000049,DIRECT_TRANSFER,1,3030.71,2026-01-28T10:29:37+00:00,2026-01-28T10:29:37+00:00,False,0.05
c2000000-0000-0000-0000-000000001583,c1000000-0000-0000-0000-000000000086,c1000000-0000-0000-0000-000000000009,DIRECT_TRANSFER,1,1672.18,2026-01-28T10:30:57+00:00,2026-01-28T10:30:57+00:00,False,0.05
c2000000-0000-0000-0000-000000001584,c1000000-0000-0000-0000-000000000112,c1000000-0000-0000-0000-000000000042,DIRECT_TRANSFER,1,2193.85,2026-01-28T10:30:59+00:00,2026-01-28T10:30:59+00:00,False,0.05
c2000000-0000-0000-0000-000000001585,c1000000-0000-0000-0000-000000000030,c1000000-0000-0000-0000-000000000033,DIRECT_TRANSFER,1,2718.41,2026-01-28T10:33:19+00:00,2026-01-28T10:33:19+00:00,False,0.05
c2000000-0000-0000-0000-000000001586,c1000000-0000-0000-0000-000000000033,c1000000-0000-0000-0000-000000000126,DIRECT_TRANSFER,1,2209.39,2026-01-28T10:38:18+00:00,2026-01-28T10:38:18+00:00,False,0.05
c2000000-0000-0000-0000-000000001587,c1000000-0000-0000-0000-000000000056,c1000000-0000-0000-0000-000000000137,DIRECT_TRANSFER,1,1203.43,2026-01-28T10:46:09+00:00,2026-01-28T10:46:09+00:00,False,0.05
c2000000-0000-0000-0000-000000001588,c1000000-0000-0000-0000-000000000129,c1000000-0000-0000-0000-000000000011,DIRECT_TRANSFER,1,8531.68,2026-01-28T10:47:16+00:00,2026-01-28T10:47:16+00:00,False,0.05
c2000000-0000-0000-0000-000000001589,c1000000-0000-0000-0000-000000000037,c1000000-0000-0000-0000-000000000001,DIRECT_TRANSFER,1,2490.46,2026-01-28T10:59:55+00:00,2026-01-28T10:59:55+00:00,False,0.05
c2000000-0000-0000-0000-000000001590,c1000000-0000-0000-0000-000000000094,c1000000-0000-0000-0000-000000000134,DIRECT_TRANSFER,1,2132.49,2026-01-28T11:09:17+00:00,2026-01-28T11:09:17+00:00,False,0.05
c2000000-0000-0000-0000-000000001591,c1000000-0000-0000-0000-000000000128,c1000000-0000-0000-0000-000000000084,DIRECT_TRANSFER,1,8717.7,2026-01-28T11:16:51+00:00,2026-01-28T11:16:51+00:00,False,0.05
c2000000-0000-0000-0000-000000001592,c1000000-0000-0000-0000-000000000069,c1000000-0000-0000-0000-000000000079,DIRECT_TRANSFER,1,4261.33,2026-01-28T11:19:11+00:00,2026-01-28T11:19:11+00:00,False,0.05
c2000000-0000-0000-0000-000000001593,c1000000-0000-0000-0000-000000000085,c1000000-0000-0000-0000-000000000137,DIRECT_TRANSFER,1,1847.86,2026-01-28T11:20:36+00:00,2026-01-28T11:20:36+00:00,False,0.05
c2000000-0000-0000-0000-000000001594,c1000000-0000-0000-0000-000000000071,c1000000-0000-0000-0000-000000000137,DIRECT_TRANSFER,2,70.0,2026-01-28T11:21:44+00:00,2026-01-30T10:19:53+00:00,False,0.05
c2000000-0000-0000-0000-000000001595,c1000000-0000-0000-0000-000000000001,c1000000-0000-0000-0000-000000000133,DIRECT_TRANSFER,1,200.0,2026-01-28T11:29:46+00:00,2026-01-28T11:29:46+00:00,False,0.05
c2000000-0000-0000-0000-000000001596,c1000000-0000-0000-0000-000000000050,c1000000-0000-0000-0000-000000000033,DIRECT_TRANSFER,1,1932.63,2026-01-28T11:34:44+00:00,2026-01-28T11:34:44+00:00,False,0.05
c2000000-0000-0000-0000-000000001597,c1000000-0000-0000-0000-000000000088,c1000000-0000-0000-0000-000000000140,DIRECT_TRANSFER,1,3168.63,2026-01-28T11:36:29+00:00,2026-01-28T11:36:29+00:00,False,0.05
c2000000-0000-0000-0000-000000001598,c1000000-0000-0000-0000-000000000048,c1000000-0000-0000-0000-000000000004,DIRECT_TRANSFER,1,1583.94,2026-01-28T11:42:45+00:00,2026-01-28T11:42:45+00:00,False,0.05
c2000000-0000-0000-0000-000000001599,c1000000-0000-0000-0000-000000000093,c1000000-0000-0000-0000-000000000136,DIRECT_TRANSFER,1,620.12,2026-01-28T11:54:13+00:00,2026-01-28T11:54:13+00:00,False,0.05
c2000000-0000-0000-0000-000000001600,c1000000-0000-0000-0000-000000000031,c1000000-0000-0000-0000-000000000049,DIRECT_TRANSFER,1,1757.81,2026-01-28T11:56:38+00:00,2026-01-28T11:56:38+00:00,False,0.05
c2000000-0000-0000-0000-000000001601,c1000000-0000-0000-0000-000000000094,c1000000-0000-0000-0000-000000000132,DIRECT_TRANSFER,1,4426.69,2026-01-28T11:58:52+00:00,2026-01-28T11:58:52+00:00,False,0.05
c2000000-0000-0000-0000-000000001602,c1000000-0000-0000-0000-000000000003,c1000000-0000-0000-0000-000000000106,DIRECT_TRANSFER,1,2189.22,2026-01-28T12:00:39+00:00,2026-01-28T12:00:39+00:00,False,0.05
c2000000-0000-0000-0000-000000001603,c1000000-0000-0000-0000-000000000094,c1000000-0000-0000-0000-000000000120,DIRECT_TRANSFER,2,10632.39,2026-01-28T12:12:32+00:00,2026-01-29T12:58:26+00:00,False,0.05
c2000000-0000-0000-0000-000000001604,c1000000-0000-0000-0000-000000000015,c1000000-0000-0000-0000-000000000068,DIRECT_TRANSFER,1,3030.83,2026-01-28T12:13:29+00:00,2026-01-28T12:13:29+00:00,False,0.05
c2000000-0000-0000-0000-000000001605,c1000000-0000-0000-0000-000000000121,c1000000-0000-0000-0000-000000000005,DIRECT_TRANSFER,1,3349.18,2026-01-28T12:19:24+00:00,2026-01-28T12:19:24+00:00,False,0.05
c2000000-0000-0000-0000-000000001606,c1000000-0000-0000-0000-000000000042,c1000000-0000-0000-0000-000000000039,DIRECT_TRANSFER,1,2934.73,2026-01-28T12:22:26+00:00,2026-01-28T12:22:26+00:00,False,0.05
c2000000-0000-0000-0000-000000001607,c1000000-0000-0000-0000-000000000130,c1000000-0000-0000-0000-000000000105,DIRECT_TRANSFER,1,1211.77,2026-01-28T12:27:21+00:00,2026-01-28T12:27:21+00:00,False,0.05
c2000000-0000-0000-0000-000000001608,c1000000-0000-0000-0000-000000000065,c1000000-0000-0000-0000-000000000062,DIRECT_TRANSFER,1,2411.06,2026-01-28T12:31:40+00:00,2026-01-28T12:31:40+00:00,False,0.05
c2000000-0000-0000-0000-000000001609,c1000000-0000-0000-0000-000000000093,c1000000-0000-0000-0000-000000000130,DIRECT_TRANSFER,1,799.3,2026-01-28T12:51:25+00:00,2026-01-28T12:51:25+00:00,False,0.05
c2000000-0000-0000-0000-000000001610,c1000000-0000-0000-0000-000000000099,c1000000-0000-0000-0000-000000000138,DIRECT_TRANSFER,1,1773.71,2026-01-28T12:54:14+00:00,2026-01-28T12:54:14+00:00,False,0.05
c2000000-0000-0000-0000-000000001611,c1000000-0000-0000-0000-000000000036,c1000000-0000-0000-0000-000000000088,DIRECT_TRANSFER,1,2613.44,2026-01-28T12:55:34+00:00,2026-01-28T12:55:34+00:00,False,0.05
c2000000-0000-0000-0000-000000001612,c1000000-0000-0000-0000-000000000046,c1000000-0000-0000-0000-000000000097,DIRECT_TRANSFER,1,1555.99,2026-01-28T13:09:19+00:00,2026-01-28T13:09:19+00:00,False,0.05
c2000000-0000-0000-0000-000000001613,c1000000-0000-0000-0000-000000000120,c1000000-0000-0000-0000-000000000087,DIRECT_TRANSFER,1,5206.42,2026-01-28T13:19:18+00:00,2026-01-28T13:19:18+00:00,False,0.05
c2000000-0000-0000-0000-000000001614,c1000000-0000-0000-0000-000000000057,c1000000-0000-0000-0000-000000000020,DIRECT_TRANSFER,1,2186.37,2026-01-28T13:21:20+00:00,2026-01-28T13:21:20+00:00,False,0.05
c2000000-0000-0000-0000-000000001615,c1000000-0000-0000-0000-000000000131,c1000000-0000-0000-0000-000000000028,DIRECT_TRANSFER,1,6558.0,2026-01-28T13:35:35+00:00,2026-01-28T13:35:35+00:00,False,0.05
c2000000-0000-0000-0000-000000001616,c1000000-0000-0000-0000-000000000013,c1000000-0000-0000-0000-000000000044,DIRECT_TRANSFER,1,2381.89,2026-01-28T13:42:02+00:00,2026-01-28T13:42:02+00:00,False,0.05
c2000000-0000-0000-0000-000000001617,c1000000-0000-0000-0000-000000000051,c1000000-0000-0000-0000-000000000136,DIRECT_TRANSFER,1,684.46,2026-01-28T13:46:02+00:00,2026-01-28T13:46:02+00:00,False,0.05
c2000000-0000-0000-0000-000000001618,c1000000-0000-0000-0000-000000000088,c1000000-0000-0000-0000-000000000137,DIRECT_TRANSFER,1,2979.03,2026-01-28T13:49:33+00:00,2026-01-28T13:49:33+00:00,False,0.05
c2000000-0000-0000-0000-000000001619,c1000000-0000-0000-0000-000000000020,c1000000-0000-0000-0000-000000000129,DIRECT_TRANSFER,1,6570.63,2026-01-28T14:11:11+00:00,2026-01-28T14:11:11+00:00,False,0.05
c2000000-0000-0000-0000-000000001620,c1000000-0000-0000-0000-000000000029,c1000000-0000-0000-0000-000000000018,DIRECT_TRANSFER,1,2821.74,2026-01-28T14:12:40+00:00,2026-01-28T14:12:40+00:00,False,0.05
c2000000-0000-0000-0000-000000001621,c1000000-0000-0000-0000-000000000045,c1000000-0000-0000-0000-000000000126,DIRECT_TRANSFER,1,1669.08,2026-01-28T14:30:39+00:00,2026-01-28T14:30:39+00:00,False,0.05
c2000000-0000-0000-0000-000000001622,c1000000-0000-0000-0000-000000000082,c1000000-0000-0000-0000-000000000097,DIRECT_TRANSFER,1,1498.54,2026-01-28T14:32:46+00:00,2026-01-28T14:32:46+00:00,False,0.05
c2000000-0000-0000-0000-000000001623,c1000000-0000-0000-0000-000000000087,c1000000-0000-0000-0000-000000000011,DIRECT_TRANSFER,1,846.67,2026-01-28T14:34:48+00:00,2026-01-28T14:34:48+00:00,False,0.05
c2000000-0000-0000-0000-000000001624,c1000000-0000-0000-0000-000000000034,c1000000-0000-0000-0000-000000000096,DIRECT_TRANSFER,1,2926.7,2026-01-28T14:49:03+00:00,2026-01-28T14:49:03+00:00,False,0.05
c2000000-0000-0000-0000-000000001625,c1000000-0000-0000-0000-000000000013,c1000000-0000-0000-0000-000000000138,DIRECT_TRANSFER,1,1249.2,2026-01-28T14:51:26+00:00,2026-01-28T14:51:26+00:00,False,0.05
c2000000-0000-0000-0000-000000001626,c1000000-0000-0000-0000-000000000090,c1000000-0000-0000-0000-000000000011,DIRECT_TRANSFER,1,2996.86,2026-01-28T14:54:41+00:00,2026-01-28T14:54:41+00:00,False,0.05
c2000000-0000-0000-0000-000000001627,c1000000-0000-0000-0000-000000000099,c1000000-0000-0000-0000-000000000047,DIRECT_TRANSFER,1,2910.19,2026-01-28T14:57:38+00:00,2026-01-28T14:57:38+00:00,False,0.05
c2000000-0000-0000-0000-000000001628,c1000000-0000-0000-0000-000000000116,c1000000-0000-0000-0000-000000000006,DIRECT_TRANSFER,1,2266.62,2026-01-28T15:01:17+00:00,2026-01-28T15:01:17+00:00,False,0.05
c2000000-0000-0000-0000-000000001629,c1000000-0000-0000-0000-000000000007,c1000000-0000-0000-0000-000000000116,DIRECT_TRANSFER,1,6425.12,2026-01-28T15:06:34+00:00,2026-01-28T15:06:34+00:00,False,0.05
c2000000-0000-0000-0000-000000001630,c1000000-0000-0000-0000-000000000026,c1000000-0000-0000-0000-000000000013,DIRECT_TRANSFER,1,2532.19,2026-01-28T15:07:28+00:00,2026-01-28T15:07:28+00:00,False,0.05
c2000000-0000-0000-0000-000000001631,c1000000-0000-0000-0000-000000000056,c1000000-0000-0000-0000-000000000015,DIRECT_TRANSFER,1,3295.92,2026-01-28T15:19:36+00:00,2026-01-28T15:19:36+00:00,False,0.05
c2000000-0000-0000-0000-000000001632,c1000000-0000-0000-0000-000000000091,c1000000-0000-0000-0000-000000000034,DIRECT_TRANSFER,1,1298.04,2026-01-28T15:23:21+00:00,2026-01-28T15:23:21+00:00,False,0.05
c2000000-0000-0000-0000-000000001633,c1000000-0000-0000-0000-000000000049,c1000000-0000-0000-0000-000000000077,DIRECT_TRANSFER,1,3702.35,2026-01-28T15:25:12+00:00,2026-01-28T15:25:12+00:00,False,0.05
c2000000-0000-0000-0000-000000001634,c1000000-0000-0000-0000-000000000078,c1000000-0000-0000-0000-000000000043,DIRECT_TRANSFER,1,3949.97,2026-01-28T15:32:41+00:00,2026-01-28T15:32:41+00:00,False,0.05
c2000000-0000-0000-0000-000000001635,c1000000-0000-0000-0000-000000000002,c1000000-0000-0000-0000-000000000141,DIRECT_TRANSFER,1,2889.31,2026-01-28T15:36:58+00:00,2026-01-28T15:36:58+00:00,False,0.05
c2000000-0000-0000-0000-000000001636,c1000000-0000-0000-0000-000000000091,c1000000-0000-0000-0000-000000000113,DIRECT_TRANSFER,1,6222.92,2026-01-28T15:42:24+00:00,2026-01-28T15:42:24+00:00,False,0.05
c2000000-0000-0000-0000-000000001637,c1000000-0000-0000-0000-000000000048,c1000000-0000-0000-0000-000000000078,DIRECT_TRANSFER,1,1652.88,2026-01-28T15:53:15+00:00,2026-01-28T15:53:15+00:00,False,0.05
c2000000-0000-0000-0000-000000001638,c1000000-0000-0000-0000-000000000054,c1000000-0000-0000-0000-000000000034,DIRECT_TRANSFER,1,3998.44,2026-01-28T15:55:24+00:00,2026-01-28T15:55:24+00:00,False,0.05
c2000000-0000-0000-0000-000000001639,c1000000-0000-0000-0000-000000000041,c1000000-0000-0000-0000-000000000030,DIRECT_TRANSFER,1,3030.12,2026-01-28T16:22:04+00:00,2026-01-28T16:22:04+00:00,False,0.05
c2000000-0000-0000-0000-000000001640,c1000000-0000-0000-0000-000000000043,c1000000-0000-0000-0000-000000000141,DIRECT_TRANSFER,1,3113.9,2026-01-28T16:23:49+00:00,2026-01-28T16:23:49+00:00,False,0.05
c2000000-0000-0000-0000-000000001641,c1000000-0000-0000-0000-000000000021,c1000000-0000-0000-0000-000000000060,DIRECT_TRANSFER,1,1786.98,2026-01-28T16:32:55+00:00,2026-01-28T16:32:55+00:00,False,0.05
c2000000-0000-0000-0000-000000001642,c1000000-0000-0000-0000-000000000052,c1000000-0000-0000-0000-000000000065,DIRECT_TRANSFER,1,3454.36,2026-01-28T16:34:34+00:00,2026-01-28T16:34:34+00:00,False,0.05
c2000000-0000-0000-0000-000000001643,c1000000-0000-0000-0000-000000000049,c1000000-0000-0000-0000-000000000141,DIRECT_TRANSFER,1,50.0,2026-01-28T16:47:31+00:00,2026-01-28T16:47:31+00:00,False,0.05
c2000000-0000-0000-0000-000000001644,c1000000-0000-0000-0000-000000000109,c1000000-0000-0000-0000-000000000021,DIRECT_TRANSFER,1,7809.46,2026-01-28T16:58:37+00:00,2026-01-28T16:58:37+00:00,False,0.05
c2000000-0000-0000-0000-000000001645,c1000000-0000-0000-0000-000000000018,c1000000-0000-0000-0000-000000000140,DIRECT_TRANSFER,1,2474.98,2026-01-28T17:00:08+00:00,2026-01-28T17:00:08+00:00,False,0.05
c2000000-0000-0000-0000-000000001646,c1000000-0000-0000-0000-000000000056,c1000000-0000-0000-0000-000000000054,DIRECT_TRANSFER,1,4482.05,2026-01-28T17:10:39+00:00,2026-01-28T17:10:39+00:00,False,0.05
c2000000-0000-0000-0000-000000001647,c1000000-0000-0000-0000-000000000034,c1000000-0000-0000-0000-000000000138,DIRECT_TRANSFER,1,2349.48,2026-01-28T17:19:09+00:00,2026-01-28T17:19:09+00:00,False,0.05
c2000000-0000-0000-0000-000000001648,c1000000-0000-0000-0000-000000000082,c1000000-0000-0000-0000-000000000044,DIRECT_TRANSFER,1,1387.0,2026-01-28T17:24:03+00:00,2026-01-28T17:24:03+00:00,False,0.05
c2000000-0000-0000-0000-000000001649,c1000000-0000-0000-0000-000000000063,c1000000-0000-0000-0000-000000000087,DIRECT_TRANSFER,1,3383.85,2026-01-28T17:25:34+00:00,2026-01-28T17:25:34+00:00,False,0.05
c2000000-0000-0000-0000-000000001650,c1000000-0000-0000-0000-000000000066,c1000000-0000-0000-0000-000000000022,DIRECT_TRANSFER,1,4166.12,2026-01-28T17:25:37+00:00,2026-01-28T17:25:37+00:00,False,0.05
c2000000-0000-0000-0000-000000001651,c1000000-0000-0000-0000-000000000098,c1000000-0000-0000-0000-000000000139,DIRECT_TRANSFER,1,318.69,2026-01-28T17:25:48+00:00,2026-01-28T17:25:48+00:00,False,0.05
c2000000-0000-0000-0000-000000001652,c1000000-0000-0000-0000-000000000003,c1000000-0000-0000-0000-000000000138,DIRECT_TRANSFER,1,2009.93,2026-01-28T17:36:46+00:00,2026-01-28T17:36:46+00:00,False,0.05
c2000000-0000-0000-0000-000000001653,c1000000-0000-0000-0000-000000000010,c1000000-0000-0000-0000-000000000084,DIRECT_TRANSFER,1,1189.32,2026-01-28T17:38:48+00:00,2026-01-28T17:38:48+00:00,False,0.05
c2000000-0000-0000-0000-000000001654,c1000000-0000-0000-0000-000000000057,c1000000-0000-0000-0000-000000000137,DIRECT_TRANSFER,1,621.05,2026-01-28T17:40:19+00:00,2026-01-28T17:40:19+00:00,False,0.05
c2000000-0000-0000-0000-000000001655,c1000000-0000-0000-0000-000000000067,c1000000-0000-0000-0000-000000000061,DIRECT_TRANSFER,1,3010.01,2026-01-28T17:42:10+00:00,2026-01-28T17:42:10+00:00,False,0.05
c2000000-0000-0000-0000-000000001656,c1000000-0000-0000-0000-000000000099,c1000000-0000-0000-0000-000000000051,DIRECT_TRANSFER,1,3578.99,2026-01-28T18:09:20+00:00,2026-01-28T18:09:20+00:00,False,0.05
c2000000-0000-0000-0000-000000001657,c1000000-0000-0000-0000-000000000050,c1000000-0000-0000-0000-000000000124,DIRECT_TRANSFER,1,5398.28,2026-01-28T18:11:43+00:00,2026-01-28T18:11:43+00:00,False,0.05
c2000000-0000-0000-0000-000000001658,c1000000-0000-0000-0000-000000000027,c1000000-0000-0000-0000-000000000003,DIRECT_TRANSFER,1,3562.82,2026-01-28T18:18:17+00:00,2026-01-28T18:18:17+00:00,False,0.05
c2000000-0000-0000-0000-000000001659,c1000000-0000-0000-0000-000000000048,c1000000-0000-0000-0000-000000000003,DIRECT_TRANSFER,1,3394.75,2026-01-28T18:30:43+00:00,2026-01-28T18:30:43+00:00,False,0.05
c2000000-0000-0000-0000-000000001660,c1000000-0000-0000-0000-000000000100,c1000000-0000-0000-0000-000000000139,DIRECT_TRANSFER,1,2862.66,2026-01-28T18:36:21+00:00,2026-01-28T18:36:21+00:00,False,0.05
c2000000-0000-0000-0000-000000001661,c1000000-0000-0000-0000-000000000016,c1000000-0000-0000-0000-000000000134,DIRECT_TRANSFER,1,595.25,2026-01-28T18:41:28+00:00,2026-01-28T18:41:28+00:00,False,0.05
c2000000-0000-0000-0000-000000001662,c1000000-0000-0000-0000-000000000118,c1000000-0000-0000-0000-000000000103,DIRECT_TRANSFER,1,8262.24,2026-01-28T18:46:06+00:00,2026-01-28T18:46:06+00:00,False,0.05
c2000000-0000-0000-0000-000000001663,c1000000-0000-0000-0000-000000000046,c1000000-0000-0000-0000-000000000040,DIRECT_TRANSFER,1,899.81,2026-01-28T18:57:06+00:00,2026-01-28T18:57:06+00:00,False,0.05
c2000000-0000-0000-0000-000000001664,c1000000-0000-0000-0000-000000000108,c1000000-0000-0000-0000-000000000101,DIRECT_TRANSFER,1,7293.26,2026-01-28T19:01:08+00:00,2026-01-28T19:01:08+00:00,False,0.05
c2000000-0000-0000-0000-000000001665,c1000000-0000-0000-0000-000000000072,c1000000-0000-0000-0000-000000000101,DIRECT_TRANSFER,1,683.04,2026-01-28T19:04:36+00:00,2026-01-28T19:04:36+00:00,False,0.05
c2000000-0000-0000-0000-000000001666,c1000000-0000-0000-0000-000000000005,c1000000-0000-0000-0000-000000000099,DIRECT_TRANSFER,1,802.09,2026-01-28T19:16:36+00:00,2026-01-28T19:16:36+00:00,False,0.05
c2000000-0000-0000-0000-000000001667,c1000000-0000-0000-0000-000000000116,c1000000-0000-0000-0000-000000000054,DIRECT_TRANSFER,1,2718.83,2026-01-28T19:38:22+00:00,2026-01-28T19:38:22+00:00,False,0.05
c2000000-0000-0000-0000-000000001668,c1000000-0000-0000-0000-000000000065,c1000000-0000-0000-0000-000000000087,DIRECT_TRANSFER,1,396.69,2026-01-28T19:44:49+00:00,2026-01-28T19:44:49+00:00,False,0.05
c2000000-0000-0000-0000-000000001669,c1000000-0000-0000-0000-000000000069,c1000000-0000-0000-0000-000000000133,DIRECT_TRANSFER,1,1487.49,2026-01-28T19:49:38+00:00,2026-01-28T19:49:38+00:00,False,0.05
c2000000-0000-0000-0000-000000001670,c1000000-0000-0000-0000-000000000061,c1000000-0000-0000-0000-000000000028,DIRECT_TRANSFER,1,3471.09,2026-01-28T19:51:03+00:00,2026-01-28T19:51:03+00:00,False,0.05
c2000000-0000-0000-0000-000000001671,c1000000-0000-0000-0000-000000000059,c1000000-0000-0000-0000-000000000124,DIRECT_TRANSFER,1,4819.74,2026-01-28T20:01:28+00:00,2026-01-28T20:01:28+00:00,False,0.05
c2000000-0000-0000-0000-000000001672,c1000000-0000-0000-0000-000000000099,c1000000-0000-0000-0000-000000000019,DIRECT_TRANSFER,1,3646.41,2026-01-28T20:03:05+00:00,2026-01-28T20:03:05+00:00,False,0.05
c2000000-0000-0000-0000-000000001673,c1000000-0000-0000-0000-000000000115,c1000000-0000-0000-0000-000000000048,DIRECT_TRANSFER,1,6558.0,2026-01-28T20:13:55+00:00,2026-01-28T20:13:55+00:00,False,0.05
c2000000-0000-0000-0000-000000001674,c1000000-0000-0000-0000-000000000038,c1000000-0000-0000-0000-000000000090,DIRECT_TRANSFER,1,2112.09,2026-01-28T20:15:48+00:00,2026-01-28T20:15:48+00:00,False,0.05
c2000000-0000-0000-0000-000000001675,c1000000-0000-0000-0000-000000000043,c1000000-0000-0000-0000-000000000084,DIRECT_TRANSFER,1,3182.98,2026-01-28T20:30:13+00:00,2026-01-28T20:30:13+00:00,False,0.05
c2000000-0000-0000-0000-000000001676,c1000000-0000-0000-0000-000000000034,c1000000-0000-0000-0000-000000000062,DIRECT_TRANSFER,1,4217.62,2026-01-28T20:46:17+00:00,2026-01-28T20:46:17+00:00,False,0.05
c2000000-0000-0000-0000-000000001677,c1000000-0000-0000-0000-000000000071,c1000000-0000-0000-0000-000000000139,DIRECT_TRANSFER,1,100.0,2026-01-28T20:49:47+00:00,2026-01-28T20:49:47+00:00,False,0.05
c2000000-0000-0000-0000-000000001678,c1000000-0000-0000-0000-000000000117,c1000000-0000-0000-0000-000000000053,DIRECT_TRANSFER,1,6908.83,2026-01-28T20:50:07+00:00,2026-01-28T20:50:07+00:00,False,0.05
c2000000-0000-0000-0000-000000001679,c1000000-0000-0000-0000-000000000092,c1000000-0000-0000-0000-000000000124,DIRECT_TRANSFER,1,1644.54,2026-01-28T20:52:36+00:00,2026-01-28T20:52:36+00:00,False,0.05
c2000000-0000-0000-0000-000000001680,c1000000-0000-0000-0000-000000000028,c1000000-0000-0000-0000-000000000015,DIRECT_TRANSFER,1,2654.2,2026-01-28T21:07:06+00:00,2026-01-28T21:07:06+00:00,False,0.05
c2000000-0000-0000-0000-000000001681,c1000000-0000-0000-0000-000000000039,c1000000-0000-0000-0000-000000000075,DIRECT_TRANSFER,1,1059.98,2026-01-28T21:09:55+00:00,2026-01-28T21:09:55+00:00,False,0.05
c2000000-0000-0000-0000-000000001682,c1000000-0000-0000-0000-000000000095,c1000000-0000-0000-0000-000000000135,DIRECT_TRANSFER,1,2133.85,2026-01-28T21:17:29+00:00,2026-01-28T21:17:29+00:00,False,0.05
c2000000-0000-0000-0000-000000001683,c1000000-0000-0000-0000-000000000129,c1000000-0000-0000-0000-000000000028,DIRECT_TRANSFER,1,2657.26,2026-01-28T21:23:57+00:00,2026-01-28T21:23:57+00:00,False,0.05
c2000000-0000-0000-0000-000000001684,c1000000-0000-0000-0000-000000000121,c1000000-0000-0000-0000-000000000037,DIRECT_TRANSFER,1,6173.34,2026-01-28T21:51:20+00:00,2026-01-28T21:51:20+00:00,False,0.05
c2000000-0000-0000-0000-000000001685,c1000000-0000-0000-0000-000000000060,c1000000-0000-0000-0000-000000000136,DIRECT_TRANSFER,1,2443.32,2026-01-28T21:54:05+00:00,2026-01-28T21:54:05+00:00,False,0.05
c2000000-0000-0000-0000-000000001686,c1000000-0000-0000-0000-000000000080,c1000000-0000-0000-0000-000000000137,DIRECT_TRANSFER,1,2839.93,2026-01-29T08:09:09+00:00,2026-01-29T08:09:09+00:00,False,0.05
c2000000-0000-0000-0000-000000001687,c1000000-0000-0000-0000-000000000067,c1000000-0000-0000-0000-000000000054,DIRECT_TRANSFER,1,4043.1,2026-01-29T08:25:18+00:00,2026-01-29T08:25:18+00:00,False,0.05
c2000000-0000-0000-0000-000000001688,c1000000-0000-0000-0000-000000000086,c1000000-0000-0000-0000-000000000023,DIRECT_TRANSFER,1,1375.28,2026-01-29T08:44:13+00:00,2026-01-29T08:44:13+00:00,False,0.05
c2000000-0000-0000-0000-000000001689,c1000000-0000-0000-0000-000000000016,c1000000-0000-0000-0000-000000000101,DIRECT_TRANSFER,1,4402.62,2026-01-29T08:45:48+00:00,2026-01-29T08:45:48+00:00,False,0.05
c2000000-0000-0000-0000-000000001690,c1000000-0000-0000-0000-000000000119,c1000000-0000-0000-0000-000000000095,DIRECT_TRANSFER,1,5575.37,2026-01-29T08:52:52+00:00,2026-01-29T08:52:52+00:00,False,0.05
c2000000-0000-0000-0000-000000001691,c1000000-0000-0000-0000-000000000019,c1000000-0000-0000-0000-000000000054,DIRECT_TRANSFER,1,399.95,2026-01-29T08:56:30+00:00,2026-01-29T08:56:30+00:00,False,0.05
c2000000-0000-0000-0000-000000001692,c1000000-0000-0000-0000-000000000043,c1000000-0000-0000-0000-000000000108,DIRECT_TRANSFER,1,2849.7,2026-01-29T08:58:55+00:00,2026-01-29T08:58:55+00:00,False,0.05
c2000000-0000-0000-0000-000000001693,c1000000-0000-0000-0000-000000000089,c1000000-0000-0000-0000-000000000015,DIRECT_TRANSFER,1,4174.54,2026-01-29T08:59:24+00:00,2026-01-29T08:59:24+00:00,False,0.05
c2000000-0000-0000-0000-000000001694,c1000000-0000-0000-0000-000000000050,c1000000-0000-0000-0000-000000000024,DIRECT_TRANSFER,1,559.51,2026-01-29T09:07:14+00:00,2026-01-29T09:07:14+00:00,False,0.05
c2000000-0000-0000-0000-000000001695,c1000000-0000-0000-0000-000000000054,c1000000-0000-0000-0000-000000000141,DIRECT_TRANSFER,1,1493.27,2026-01-29T09:07:30+00:00,2026-01-29T09:07:30+00:00,False,0.05
c2000000-0000-0000-0000-000000001696,c1000000-0000-0000-0000-000000000068,c1000000-0000-0000-0000-000000000133,DIRECT_TRANSFER,1,20.0,2026-01-29T09:10:00+00:00,2026-01-29T09:10:00+00:00,False,0.05
c2000000-0000-0000-0000-000000001697,c1000000-0000-0000-0000-000000000031,c1000000-0000-0000-0000-000000000064,DIRECT_TRANSFER,1,1009.86,2026-01-29T09:21:15+00:00,2026-01-29T09:21:15+00:00,False,0.05
c2000000-0000-0000-0000-000000001698,c1000000-0000-0000-0000-000000000102,c1000000-0000-0000-0000-000000000063,DIRECT_TRANSFER,1,485.95,2026-01-29T09:40:07+00:00,2026-01-29T09:40:07+00:00,False,0.05
c2000000-0000-0000-0000-000000001699,c1000000-0000-0000-0000-000000000107,c1000000-0000-0000-0000-000000000073,DIRECT_TRANSFER,1,5910.24,2026-01-29T09:54:14+00:00,2026-01-29T09:54:14+00:00,False,0.05
c2000000-0000-0000-0000-000000001700,c1000000-0000-0000-0000-000000000091,c1000000-0000-0000-0000-000000000140,DIRECT_TRANSFER,1,500.0,2026-01-29T09:58:50+00:00,2026-01-29T09:58:50+00:00,False,0.05
c2000000-0000-0000-0000-000000001701,c1000000-0000-0000-0000-000000000091,c1000000-0000-0000-0000-000000000056,DIRECT_TRANSFER,1,3979.98,2026-01-29T10:06:19+00:00,2026-01-29T10:06:19+00:00,False,0.05
c2000000-0000-0000-0000-000000001702,c1000000-0000-0000-0000-000000000045,c1000000-0000-0000-0000-000000000084,DIRECT_TRANSFER,1,2921.93,2026-01-29T10:16:25+00:00,2026-01-29T10:16:25+00:00,False,0.05
c2000000-0000-0000-0000-000000001703,c1000000-0000-0000-0000-000000000022,c1000000-0000-0000-0000-000000000083,DIRECT_TRANSFER,1,2927.54,2026-01-29T10:23:10+00:00,2026-01-29T10:23:10+00:00,False,0.05
c2000000-0000-0000-0000-000000001704,c1000000-0000-0000-0000-000000000066,c1000000-0000-0000-0000-000000000112,DIRECT_TRANSFER,1,1562.81,2026-01-29T10:25:52+00:00,2026-01-29T10:25:52+00:00,False,0.05
c2000000-0000-0000-0000-000000001705,c1000000-0000-0000-0000-000000000029,c1000000-0000-0000-0000-000000000090,DIRECT_TRANSFER,1,4428.03,2026-01-29T10:42:17+00:00,2026-01-29T10:42:17+00:00,False,0.05
c2000000-0000-0000-0000-000000001706,c1000000-0000-0000-0000-000000000033,c1000000-0000-0000-0000-000000000092,DIRECT_TRANSFER,1,2589.76,2026-01-29T10:46:19+00:00,2026-01-29T10:46:19+00:00,False,0.05
c2000000-0000-0000-0000-000000001707,c1000000-0000-0000-0000-000000000056,c1000000-0000-0000-0000-000000000072,DIRECT_TRANSFER,1,4432.54,2026-01-29T10:55:22+00:00,2026-01-29T10:55:22+00:00,False,0.05
c2000000-0000-0000-0000-000000001708,c1000000-0000-0000-0000-000000000078,c1000000-0000-0000-0000-000000000135,DIRECT_TRANSFER,1,3191.89,2026-01-29T10:57:06+00:00,2026-01-29T10:57:06+00:00,False,0.05
c2000000-0000-0000-0000-000000001709,c1000000-0000-0000-0000-000000000095,c1000000-0000-0000-0000-000000000075,DIRECT_TRANSFER,1,4260.67,2026-01-29T10:57:25+00:00,2026-01-29T10:57:25+00:00,False,0.05
c2000000-0000-0000-0000-000000001710,c1000000-0000-0000-0000-000000000054,c1000000-0000-0000-0000-000000000016,DIRECT_TRANSFER,1,2488.91,2026-01-29T10:57:56+00:00,2026-01-29T10:57:56+00:00,False,0.05
c2000000-0000-0000-0000-000000001711,c1000000-0000-0000-0000-000000000127,c1000000-0000-0000-0000-000000000052,DIRECT_TRANSFER,1,8669.88,2026-01-29T11:05:05+00:00,2026-01-29T11:05:05+00:00,False,0.05
c2000000-0000-0000-0000-000000001712,c1000000-0000-0000-0000-000000000096,c1000000-0000-0000-0000-000000000124,DIRECT_TRANSFER,2,38229.85,2026-01-29T11:05:19+00:00,2026-03-02T01:09:00+00:00,False,0.7
c2000000-0000-0000-0000-000000001713,c1000000-0000-0000-0000-000000000117,c1000000-0000-0000-0000-000000000044,DIRECT_TRANSFER,1,8253.08,2026-01-29T11:16:54+00:00,2026-01-29T11:16:54+00:00,False,0.05
c2000000-0000-0000-0000-000000001714,c1000000-0000-0000-0000-000000000059,c1000000-0000-0000-0000-000000000129,DIRECT_TRANSFER,1,3892.34,2026-01-29T11:25:26+00:00,2026-01-29T11:25:26+00:00,False,0.05
c2000000-0000-0000-0000-000000001715,c1000000-0000-0000-0000-000000000095,c1000000-0000-0000-0000-000000000019,DIRECT_TRANSFER,1,2100.7,2026-01-29T11:27:39+00:00,2026-01-29T11:27:39+00:00,False,0.05
c2000000-0000-0000-0000-000000001716,c1000000-0000-0000-0000-000000000040,c1000000-0000-0000-0000-000000000134,DIRECT_TRANSFER,1,100.0,2026-01-29T11:47:09+00:00,2026-01-29T11:47:09+00:00,False,0.05
c2000000-0000-0000-0000-000000001717,c1000000-0000-0000-0000-000000000063,c1000000-0000-0000-0000-000000000041,DIRECT_TRANSFER,1,2824.54,2026-01-29T11:55:47+00:00,2026-01-29T11:55:47+00:00,False,0.05
c2000000-0000-0000-0000-000000001718,c1000000-0000-0000-0000-000000000073,c1000000-0000-0000-0000-000000000117,DIRECT_TRANSFER,1,6945.19,2026-01-29T12:01:51+00:00,2026-01-29T12:01:51+00:00,False,0.05
c2000000-0000-0000-0000-000000001719,c1000000-0000-0000-0000-000000000026,c1000000-0000-0000-0000-000000000137,DIRECT_TRANSFER,1,3029.95,2026-01-29T12:20:08+00:00,2026-01-29T12:20:08+00:00,False,0.05
c2000000-0000-0000-0000-000000001720,c1000000-0000-0000-0000-000000000041,c1000000-0000-0000-0000-000000000008,DIRECT_TRANSFER,1,678.87,2026-01-29T12:35:10+00:00,2026-01-29T12:35:10+00:00,False,0.05
c2000000-0000-0000-0000-000000001721,c1000000-0000-0000-0000-000000000086,c1000000-0000-0000-0000-000000000033,DIRECT_TRANSFER,1,4427.27,2026-01-29T12:40:32+00:00,2026-01-29T12:40:32+00:00,False,0.05
c2000000-0000-0000-0000-000000001722,c1000000-0000-0000-0000-000000000098,c1000000-0000-0000-0000-000000000016,DIRECT_TRANSFER,1,1898.1,2026-01-29T12:54:36+00:00,2026-01-29T12:54:36+00:00,False,0.05
c2000000-0000-0000-0000-000000001723,c1000000-0000-0000-0000-000000000003,c1000000-0000-0000-0000-000000000057,DIRECT_TRANSFER,1,3663.44,2026-01-29T12:56:10+00:00,2026-01-29T12:56:10+00:00,False,0.05
c2000000-0000-0000-0000-000000001724,c1000000-0000-0000-0000-000000000080,c1000000-0000-0000-0000-000000000139,DIRECT_TRANSFER,1,20.0,2026-01-29T12:57:53+00:00,2026-01-29T12:57:53+00:00,False,0.05
c2000000-0000-0000-0000-000000001725,c1000000-0000-0000-0000-000000000062,c1000000-0000-0000-0000-000000000134,DIRECT_TRANSFER,1,500.0,2026-01-29T13:03:58+00:00,2026-01-29T13:03:58+00:00,False,0.05
c2000000-0000-0000-0000-000000001726,c1000000-0000-0000-0000-000000000104,c1000000-0000-0000-0000-000000000136,DIRECT_TRANSFER,1,1115.43,2026-01-29T13:22:39+00:00,2026-01-29T13:22:39+00:00,False,0.05
c2000000-0000-0000-0000-000000001727,c1000000-0000-0000-0000-000000000050,c1000000-0000-0000-0000-000000000068,DIRECT_TRANSFER,1,2056.67,2026-01-29T13:35:56+00:00,2026-01-29T13:35:56+00:00,False,0.05
c2000000-0000-0000-0000-000000001728,c1000000-0000-0000-0000-000000000121,c1000000-0000-0000-0000-000000000064,DIRECT_TRANSFER,1,7738.47,2026-01-29T13:39:42+00:00,2026-01-29T13:39:42+00:00,False,0.05
c2000000-0000-0000-0000-000000001729,c1000000-0000-0000-0000-000000000019,c1000000-0000-0000-0000-000000000062,DIRECT_TRANSFER,1,667.2,2026-01-29T13:41:19+00:00,2026-01-29T13:41:19+00:00,False,0.05
c2000000-0000-0000-0000-000000001730,c1000000-0000-0000-0000-000000000057,c1000000-0000-0000-0000-000000000134,DIRECT_TRANSFER,1,2722.44,2026-01-29T13:42:46+00:00,2026-01-29T13:42:46+00:00,False,0.05
c2000000-0000-0000-0000-000000001731,c1000000-0000-0000-0000-000000000122,c1000000-0000-0000-0000-000000000067,DIRECT_TRANSFER,1,6194.5,2026-01-29T13:45:29+00:00,2026-01-29T13:45:29+00:00,False,0.05
c2000000-0000-0000-0000-000000001732,c1000000-0000-0000-0000-000000000021,c1000000-0000-0000-0000-000000000004,DIRECT_TRANSFER,1,2339.49,2026-01-29T13:56:59+00:00,2026-01-29T13:56:59+00:00,False,0.05
c2000000-0000-0000-0000-000000001733,c1000000-0000-0000-0000-000000000104,c1000000-0000-0000-0000-000000000063,DIRECT_TRANSFER,2,19509.6,2026-01-29T13:57:11+00:00,2026-02-01T12:35:00+00:00,False,0.7
c2000000-0000-0000-0000-000000001734,c1000000-0000-0000-0000-000000000058,c1000000-0000-0000-0000-000000000073,DIRECT_TRANSFER,1,2996.19,2026-01-29T14:04:10+00:00,2026-01-29T14:04:10+00:00,False,0.05
c2000000-0000-0000-0000-000000001735,c1000000-0000-0000-0000-000000000088,c1000000-0000-0000-0000-000000000138,DIRECT_TRANSFER,1,2781.34,2026-01-29T14:09:49+00:00,2026-01-29T14:09:49+00:00,False,0.05
c2000000-0000-0000-0000-000000001736,c1000000-0000-0000-0000-000000000069,c1000000-0000-0000-0000-000000000137,DIRECT_TRANSFER,1,1158.13,2026-01-29T14:13:42+00:00,2026-01-29T14:13:42+00:00,False,0.05
c2000000-0000-0000-0000-000000001737,c1000000-0000-0000-0000-000000000063,c1000000-0000-0000-0000-000000000134,DIRECT_TRANSFER,1,1130.62,2026-01-29T14:24:05+00:00,2026-01-29T14:24:05+00:00,False,0.05
c2000000-0000-0000-0000-000000001738,c1000000-0000-0000-0000-000000000065,c1000000-0000-0000-0000-000000000108,DIRECT_TRANSFER,1,2189.27,2026-01-29T14:24:09+00:00,2026-01-29T14:24:09+00:00,False,0.05
c2000000-0000-0000-0000-000000001739,c1000000-0000-0000-0000-000000000045,c1000000-0000-0000-0000-000000000010,DIRECT_TRANSFER,1,1173.11,2026-01-29T14:37:12+00:00,2026-01-29T14:37:12+00:00,False,0.05
c2000000-0000-0000-0000-000000001740,c1000000-0000-0000-0000-000000000081,c1000000-0000-0000-0000-000000000060,DIRECT_TRANSFER,1,2031.42,2026-01-29T14:53:57+00:00,2026-01-29T14:53:57+00:00,False,0.05
c2000000-0000-0000-0000-000000001741,c1000000-0000-0000-0000-000000000042,c1000000-0000-0000-0000-000000000002,DIRECT_TRANSFER,1,2938.05,2026-01-29T15:09:43+00:00,2026-01-29T15:09:43+00:00,False,0.05
c2000000-0000-0000-0000-000000001742,c1000000-0000-0000-0000-000000000052,c1000000-0000-0000-0000-000000000018,DIRECT_TRANSFER,1,3310.22,2026-01-29T15:23:21+00:00,2026-01-29T15:23:21+00:00,False,0.05
c2000000-0000-0000-0000-000000001743,c1000000-0000-0000-0000-000000000030,c1000000-0000-0000-0000-000000000118,DIRECT_TRANSFER,1,1437.68,2026-01-29T15:26:45+00:00,2026-01-29T15:26:45+00:00,False,0.05
c2000000-0000-0000-0000-000000001744,c1000000-0000-0000-0000-000000000081,c1000000-0000-0000-0000-000000000074,DIRECT_TRANSFER,1,1944.32,2026-01-29T15:30:54+00:00,2026-01-29T15:30:54+00:00,False,0.05
c2000000-0000-0000-0000-000000001745,c1000000-0000-0000-0000-000000000019,c1000000-0000-0000-0000-000000000038,DIRECT_TRANSFER,1,2939.5,2026-01-29T15:34:56+00:00,2026-01-29T15:34:56+00:00,False,0.05
c2000000-0000-0000-0000-000000001746,c1000000-0000-0000-0000-000000000016,c1000000-0000-0000-0000-000000000137,DIRECT_TRANSFER,1,2149.15,2026-01-29T15:39:16+00:00,2026-01-29T15:39:16+00:00,False,0.05
c2000000-0000-0000-0000-000000001747,c1000000-0000-0000-0000-000000000002,c1000000-0000-0000-0000-000000000039,DIRECT_TRANSFER,1,1247.82,2026-01-29T15:41:51+00:00,2026-01-29T15:41:51+00:00,False,0.05
c2000000-0000-0000-0000-000000001748,c1000000-0000-0000-0000-000000000102,c1000000-0000-0000-0000-000000000021,DIRECT_TRANSFER,1,1100.34,2026-01-29T15:44:40+00:00,2026-01-29T15:44:40+00:00,False,0.05
c2000000-0000-0000-0000-000000001749,c1000000-0000-0000-0000-000000000088,c1000000-0000-0000-0000-000000000046,DIRECT_TRANSFER,1,481.27,2026-01-29T15:55:45+00:00,2026-01-29T15:55:45+00:00,False,0.05
c2000000-0000-0000-0000-000000001750,c1000000-0000-0000-0000-000000000050,c1000000-0000-0000-0000-000000000140,DIRECT_TRANSFER,1,3029.23,2026-01-29T15:59:42+00:00,2026-01-29T15:59:42+00:00,False,0.05
c2000000-0000-0000-0000-000000001751,c1000000-0000-0000-0000-000000000061,c1000000-0000-0000-0000-000000000136,DIRECT_TRANSFER,1,2164.29,2026-01-29T16:06:49+00:00,2026-01-29T16:06:49+00:00,False,0.05
c2000000-0000-0000-0000-000000001752,c1000000-0000-0000-0000-000000000059,c1000000-0000-0000-0000-000000000015,DIRECT_TRANSFER,1,717.19,2026-01-29T16:08:06+00:00,2026-01-29T16:08:06+00:00,False,0.05
c2000000-0000-0000-0000-000000001753,c1000000-0000-0000-0000-000000000004,c1000000-0000-0000-0000-000000000125,DIRECT_TRANSFER,2,1666.02,2026-01-29T16:09:52+00:00,2026-01-30T09:39:06+00:00,False,0.05
c2000000-0000-0000-0000-000000001754,c1000000-0000-0000-0000-000000000112,c1000000-0000-0000-0000-000000000013,DIRECT_TRANSFER,1,5115.1,2026-01-29T16:23:43+00:00,2026-01-29T16:23:43+00:00,False,0.05
c2000000-0000-0000-0000-000000001755,c1000000-0000-0000-0000-000000000025,c1000000-0000-0000-0000-000000000033,DIRECT_TRANSFER,1,4413.06,2026-01-29T16:26:46+00:00,2026-01-29T16:26:46+00:00,False,0.05
c2000000-0000-0000-0000-000000001756,c1000000-0000-0000-0000-000000000022,c1000000-0000-0000-0000-000000000138,DIRECT_TRANSFER,1,1279.64,2026-01-29T16:34:01+00:00,2026-01-29T16:34:01+00:00,False,0.05
c2000000-0000-0000-0000-000000001757,c1000000-0000-0000-0000-000000000122,c1000000-0000-0000-0000-000000000051,DIRECT_TRANSFER,1,7812.31,2026-01-29T16:36:36+00:00,2026-01-29T16:36:36+00:00,False,0.05
c2000000-0000-0000-0000-000000001758,c1000000-0000-0000-0000-000000000087,c1000000-0000-0000-0000-000000000109,DIRECT_TRANSFER,1,6402.22,2026-01-29T16:47:40+00:00,2026-01-29T16:47:40+00:00,False,0.05
c2000000-0000-0000-0000-000000001759,c1000000-0000-0000-0000-000000000031,c1000000-0000-0000-0000-000000000138,DIRECT_TRANSFER,1,500.0,2026-01-29T17:06:07+00:00,2026-01-29T17:06:07+00:00,False,0.05
c2000000-0000-0000-0000-000000001760,c1000000-0000-0000-0000-000000000128,c1000000-0000-0000-0000-000000000077,DIRECT_TRANSFER,1,5417.29,2026-01-29T17:16:57+00:00,2026-01-29T17:16:57+00:00,False,0.05
c2000000-0000-0000-0000-000000001761,c1000000-0000-0000-0000-000000000057,c1000000-0000-0000-0000-000000000092,DIRECT_TRANSFER,1,3837.68,2026-01-29T17:23:36+00:00,2026-01-29T17:23:36+00:00,False,0.05
c2000000-0000-0000-0000-000000001762,c1000000-0000-0000-0000-000000000029,c1000000-0000-0000-0000-000000000058,DIRECT_TRANSFER,1,3752.38,2026-01-29T17:36:05+00:00,2026-01-29T17:36:05+00:00,False,0.05
c2000000-0000-0000-0000-000000001763,c1000000-0000-0000-0000-000000000079,c1000000-0000-0000-0000-000000000050,DIRECT_TRANSFER,1,2133.59,2026-01-29T17:41:24+00:00,2026-01-29T17:41:24+00:00,False,0.05
c2000000-0000-0000-0000-000000001764,c1000000-0000-0000-0000-000000000053,c1000000-0000-0000-0000-000000000049,DIRECT_TRANSFER,1,3194.58,2026-01-29T17:44:43+00:00,2026-01-29T17:44:43+00:00,False,0.05
c2000000-0000-0000-0000-000000001765,c1000000-0000-0000-0000-000000000052,c1000000-0000-0000-0000-000000000105,DIRECT_TRANSFER,1,2900.91,2026-01-29T17:55:33+00:00,2026-01-29T17:55:33+00:00,False,0.05
c2000000-0000-0000-0000-000000001766,c1000000-0000-0000-0000-000000000044,c1000000-0000-0000-0000-000000000135,DIRECT_TRANSFER,1,1033.71,2026-01-29T17:57:53+00:00,2026-01-29T17:57:53+00:00,False,0.05
c2000000-0000-0000-0000-000000001767,c1000000-0000-0000-0000-000000000045,c1000000-0000-0000-0000-000000000135,DIRECT_TRANSFER,1,2726.4,2026-01-29T18:20:47+00:00,2026-01-29T18:20:47+00:00,False,0.05
c2000000-0000-0000-0000-000000001768,c1000000-0000-0000-0000-000000000080,c1000000-0000-0000-0000-000000000116,DIRECT_TRANSFER,1,713.59,2026-01-29T18:23:58+00:00,2026-01-29T18:23:58+00:00,False,0.05
c2000000-0000-0000-0000-000000001769,c1000000-0000-0000-0000-000000000082,c1000000-0000-0000-0000-000000000059,DIRECT_TRANSFER,1,2260.26,2026-01-29T18:31:39+00:00,2026-01-29T18:31:39+00:00,False,0.05
c2000000-0000-0000-0000-000000001770,c1000000-0000-0000-0000-000000000099,c1000000-0000-0000-0000-000000000058,DIRECT_TRANSFER,1,754.22,2026-01-29T18:44:25+00:00,2026-01-29T18:44:25+00:00,False,0.05
c2000000-0000-0000-0000-000000001771,c1000000-0000-0000-0000-000000000023,c1000000-0000-0000-0000-000000000118,DIRECT_TRANSFER,1,6699.29,2026-01-29T18:52:58+00:00,2026-01-29T18:52:58+00:00,False,0.05
c2000000-0000-0000-0000-000000001772,c1000000-0000-0000-0000-000000000114,c1000000-0000-0000-0000-000000000009,DIRECT_TRANSFER,1,8037.59,2026-01-29T18:54:21+00:00,2026-01-29T18:54:21+00:00,False,0.05
c2000000-0000-0000-0000-000000001773,c1000000-0000-0000-0000-000000000024,c1000000-0000-0000-0000-000000000004,DIRECT_TRANSFER,1,2911.24,2026-01-29T18:58:01+00:00,2026-01-29T18:58:01+00:00,False,0.05
c2000000-0000-0000-0000-000000001774,c1000000-0000-0000-0000-000000000112,c1000000-0000-0000-0000-000000000099,DIRECT_TRANSFER,1,2893.88,2026-01-29T18:59:32+00:00,2026-01-29T18:59:32+00:00,False,0.05
c2000000-0000-0000-0000-000000001775,c1000000-0000-0000-0000-000000000039,c1000000-0000-0000-0000-000000000051,DIRECT_TRANSFER,1,1009.43,2026-01-29T19:03:34+00:00,2026-01-29T19:03:34+00:00,False,0.05
c2000000-0000-0000-0000-000000001776,c1000000-0000-0000-0000-000000000080,c1000000-0000-0000-0000-000000000140,DIRECT_TRANSFER,1,2100.4,2026-01-29T19:05:40+00:00,2026-01-29T19:05:40+00:00,False,0.05
c2000000-0000-0000-0000-000000001777,c1000000-0000-0000-0000-000000000090,c1000000-0000-0000-0000-000000000113,DIRECT_TRANSFER,1,6466.68,2026-01-29T19:08:20+00:00,2026-01-29T19:08:20+00:00,False,0.05
c2000000-0000-0000-0000-000000001778,c1000000-0000-0000-0000-000000000014,c1000000-0000-0000-0000-000000000113,DIRECT_TRANSFER,1,2196.68,2026-01-29T19:25:18+00:00,2026-01-29T19:25:18+00:00,False,0.05
c2000000-0000-0000-0000-000000001779,c1000000-0000-0000-0000-000000000002,c1000000-0000-0000-0000-000000000046,DIRECT_TRANSFER,1,4057.91,2026-01-29T19:33:10+00:00,2026-01-29T19:33:10+00:00,False,0.05
c2000000-0000-0000-0000-000000001780,c1000000-0000-0000-0000-000000000008,c1000000-0000-0000-0000-000000000139,DIRECT_TRANSFER,1,50.0,2026-01-29T19:39:38+00:00,2026-01-29T19:39:38+00:00,False,0.05
c2000000-0000-0000-0000-000000001781,c1000000-0000-0000-0000-000000000072,c1000000-0000-0000-0000-000000000069,DIRECT_TRANSFER,1,965.0,2026-01-29T19:41:35+00:00,2026-01-29T19:41:35+00:00,False,0.05
c2000000-0000-0000-0000-000000001782,c1000000-0000-0000-0000-000000000027,c1000000-0000-0000-0000-000000000137,DIRECT_TRANSFER,1,1398.07,2026-01-29T19:55:57+00:00,2026-01-29T19:55:57+00:00,False,0.05
c2000000-0000-0000-0000-000000001783,c1000000-0000-0000-0000-000000000007,c1000000-0000-0000-0000-000000000103,DIRECT_TRANSFER,1,1050.95,2026-01-29T19:57:51+00:00,2026-01-29T19:57:51+00:00,False,0.05
c2000000-0000-0000-0000-000000001784,c1000000-0000-0000-0000-000000000117,c1000000-0000-0000-0000-000000000068,DIRECT_TRANSFER,1,6408.43,2026-01-29T20:01:12+00:00,2026-01-29T20:01:12+00:00,False,0.05
c2000000-0000-0000-0000-000000001785,c1000000-0000-0000-0000-000000000078,c1000000-0000-0000-0000-000000000008,DIRECT_TRANSFER,1,4422.64,2026-01-29T20:06:33+00:00,2026-01-29T20:06:33+00:00,False,0.05
c2000000-0000-0000-0000-000000001786,c1000000-0000-0000-0000-000000000015,c1000000-0000-0000-0000-000000000026,DIRECT_TRANSFER,1,2701.94,2026-01-29T20:10:10+00:00,2026-01-29T20:10:10+00:00,False,0.05
c2000000-0000-0000-0000-000000001787,c1000000-0000-0000-0000-000000000061,c1000000-0000-0000-0000-000000000033,DIRECT_TRANSFER,1,751.25,2026-01-29T20:40:00+00:00,2026-01-29T20:40:00+00:00,False,0.05
c2000000-0000-0000-0000-000000001788,c1000000-0000-0000-0000-000000000045,c1000000-0000-0000-0000-000000000093,DIRECT_TRANSFER,1,3219.22,2026-01-29T20:52:38+00:00,2026-01-29T20:52:38+00:00,False,0.05
c2000000-0000-0000-0000-000000001789,c1000000-0000-0000-0000-000000000014,c1000000-0000-0000-0000-000000000117,DIRECT_TRANSFER,1,5622.74,2026-01-29T20:59:19+00:00,2026-01-29T20:59:19+00:00,False,0.05
c2000000-0000-0000-0000-000000001790,c1000000-0000-0000-0000-000000000032,c1000000-0000-0000-0000-000000000139,DIRECT_TRANSFER,1,50.0,2026-01-29T21:10:48+00:00,2026-01-29T21:10:48+00:00,False,0.05
c2000000-0000-0000-0000-000000001791,c1000000-0000-0000-0000-000000000064,c1000000-0000-0000-0000-000000000134,DIRECT_TRANSFER,1,1161.96,2026-01-29T21:11:01+00:00,2026-01-29T21:11:01+00:00,False,0.05
c2000000-0000-0000-0000-000000001792,c1000000-0000-0000-0000-000000000007,c1000000-0000-0000-0000-000000000060,DIRECT_TRANSFER,1,2860.87,2026-01-29T21:14:29+00:00,2026-01-29T21:14:29+00:00,False,0.05
c2000000-0000-0000-0000-000000001793,c1000000-0000-0000-0000-000000000025,c1000000-0000-0000-0000-000000000101,DIRECT_TRANSFER,1,2299.33,2026-01-29T21:26:24+00:00,2026-01-29T21:26:24+00:00,False,0.05
c2000000-0000-0000-0000-000000001794,c1000000-0000-0000-0000-000000000069,c1000000-0000-0000-0000-000000000047,DIRECT_TRANSFER,1,2519.67,2026-01-29T21:33:33+00:00,2026-01-29T21:33:33+00:00,False,0.05
c2000000-0000-0000-0000-000000001795,c1000000-0000-0000-0000-000000000032,c1000000-0000-0000-0000-000000000037,DIRECT_TRANSFER,1,2117.83,2026-01-29T21:43:22+00:00,2026-01-29T21:43:22+00:00,False,0.05
c2000000-0000-0000-0000-000000001796,c1000000-0000-0000-0000-000000000123,c1000000-0000-0000-0000-000000000079,DIRECT_TRANSFER,1,4816.14,2026-01-29T21:59:48+00:00,2026-01-29T21:59:48+00:00,False,0.05
c2000000-0000-0000-0000-000000001797,c1000000-0000-0000-0000-000000000001,c1000000-0000-0000-0000-000000000138,DIRECT_TRANSFER,1,2290.56,2026-01-30T08:13:14+00:00,2026-01-30T08:13:14+00:00,False,0.05
c2000000-0000-0000-0000-000000001798,c1000000-0000-0000-0000-000000000022,c1000000-0000-0000-0000-000000000136,DIRECT_TRANSFER,1,2236.23,2026-01-30T08:16:59+00:00,2026-01-30T08:16:59+00:00,False,0.05
c2000000-0000-0000-0000-000000001799,c1000000-0000-0000-0000-000000000073,c1000000-0000-0000-0000-000000000021,DIRECT_TRANSFER,1,618.1,2026-01-30T08:19:28+00:00,2026-01-30T08:19:28+00:00,False,0.05
c2000000-0000-0000-0000-000000001800,c1000000-0000-0000-0000-000000000112,c1000000-0000-0000-0000-000000000007,DIRECT_TRANSFER,1,7452.81,2026-01-30T08:27:50+00:00,2026-01-30T08:27:50+00:00,False,0.05
c2000000-0000-0000-0000-000000001801,c1000000-0000-0000-0000-000000000086,c1000000-0000-0000-0000-000000000141,DIRECT_TRANSFER,1,200.0,2026-01-30T08:28:38+00:00,2026-01-30T08:28:38+00:00,False,0.05
c2000000-0000-0000-0000-000000001802,c1000000-0000-0000-0000-000000000118,c1000000-0000-0000-0000-000000000081,DIRECT_TRANSFER,1,2344.46,2026-01-30T08:55:08+00:00,2026-01-30T08:55:08+00:00,False,0.05
c2000000-0000-0000-0000-000000001803,c1000000-0000-0000-0000-000000000035,c1000000-0000-0000-0000-000000000138,DIRECT_TRANSFER,1,753.16,2026-01-30T09:01:25+00:00,2026-01-30T09:01:25+00:00,False,0.05
c2000000-0000-0000-0000-000000001804,c1000000-0000-0000-0000-000000000096,c1000000-0000-0000-0000-000000000112,DIRECT_TRANSFER,1,2001.07,2026-01-30T09:02:24+00:00,2026-01-30T09:02:24+00:00,False,0.05
c2000000-0000-0000-0000-000000001805,c1000000-0000-0000-0000-000000000096,c1000000-0000-0000-0000-000000000011,DIRECT_TRANSFER,1,997.97,2026-01-30T09:03:45+00:00,2026-01-30T09:03:45+00:00,False,0.05
c2000000-0000-0000-0000-000000001806,c1000000-0000-0000-0000-000000000125,c1000000-0000-0000-0000-000000000038,DIRECT_TRANSFER,1,2273.3,2026-01-30T09:04:20+00:00,2026-01-30T09:04:20+00:00,False,0.05
c2000000-0000-0000-0000-000000001807,c1000000-0000-0000-0000-000000000059,c1000000-0000-0000-0000-000000000138,DIRECT_TRANSFER,1,2547.7,2026-01-30T09:09:37+00:00,2026-01-30T09:09:37+00:00,False,0.05
c2000000-0000-0000-0000-000000001808,c1000000-0000-0000-0000-000000000005,c1000000-0000-0000-0000-000000000065,DIRECT_TRANSFER,1,2059.7,2026-01-30T09:25:43+00:00,2026-01-30T09:25:43+00:00,False,0.05
c2000000-0000-0000-0000-000000001809,c1000000-0000-0000-0000-000000000013,c1000000-0000-0000-0000-000000000130,DIRECT_TRANSFER,1,795.34,2026-01-30T09:42:09+00:00,2026-01-30T09:42:09+00:00,False,0.05
c2000000-0000-0000-0000-000000001810,c1000000-0000-0000-0000-000000000044,c1000000-0000-0000-0000-000000000134,DIRECT_TRANSFER,1,200.0,2026-01-30T09:48:23+00:00,2026-01-30T09:48:23+00:00,False,0.05
c2000000-0000-0000-0000-000000001811,c1000000-0000-0000-0000-000000000065,c1000000-0000-0000-0000-000000000123,DIRECT_TRANSFER,1,814.84,2026-01-30T09:52:26+00:00,2026-01-30T09:52:26+00:00,False,0.05
c2000000-0000-0000-0000-000000001812,c1000000-0000-0000-0000-000000000127,c1000000-0000-0000-0000-000000000102,DIRECT_TRANSFER,1,1273.31,2026-01-30T09:58:40+00:00,2026-01-30T09:58:40+00:00,False,0.05
c2000000-0000-0000-0000-000000001813,c1000000-0000-0000-0000-000000000031,c1000000-0000-0000-0000-000000000060,DIRECT_TRANSFER,1,3940.1,2026-01-30T10:00:07+00:00,2026-01-30T10:00:07+00:00,False,0.05
c2000000-0000-0000-0000-000000001814,c1000000-0000-0000-0000-000000000085,c1000000-0000-0000-0000-000000000108,DIRECT_TRANSFER,1,7695.72,2026-01-30T10:00:36+00:00,2026-01-30T10:00:36+00:00,False,0.05
c2000000-0000-0000-0000-000000001815,c1000000-0000-0000-0000-000000000127,c1000000-0000-0000-0000-000000000026,DIRECT_TRANSFER,1,9654.18,2026-01-30T10:07:59+00:00,2026-01-30T10:07:59+00:00,False,0.05
c2000000-0000-0000-0000-000000001816,c1000000-0000-0000-0000-000000000070,c1000000-0000-0000-0000-000000000075,DIRECT_TRANSFER,1,4382.71,2026-01-30T10:12:16+00:00,2026-01-30T10:12:16+00:00,False,0.05
c2000000-0000-0000-0000-000000001817,c1000000-0000-0000-0000-000000000090,c1000000-0000-0000-0000-000000000137,DIRECT_TRANSFER,1,2254.39,2026-01-30T10:35:35+00:00,2026-01-30T10:35:35+00:00,False,0.05
c2000000-0000-0000-0000-000000001818,c1000000-0000-0000-0000-000000000089,c1000000-0000-0000-0000-000000000136,DIRECT_TRANSFER,1,2334.42,2026-01-30T11:40:41+00:00,2026-01-30T11:40:41+00:00,False,0.05
c2000000-0000-0000-0000-000000001819,c1000000-0000-0000-0000-000000000084,c1000000-0000-0000-0000-000000000107,DIRECT_TRANSFER,1,7051.41,2026-01-30T11:44:28+00:00,2026-01-30T11:44:28+00:00,False,0.05
c2000000-0000-0000-0000-000000001820,c1000000-0000-0000-0000-000000000121,c1000000-0000-0000-0000-000000000009,DIRECT_TRANSFER,1,7582.91,2026-01-30T12:17:01+00:00,2026-01-30T12:17:01+00:00,False,0.05
c2000000-0000-0000-0000-000000001821,c1000000-0000-0000-0000-000000000050,c1000000-0000-0000-0000-000000000021,DIRECT_TRANSFER,1,3789.74,2026-01-30T12:17:35+00:00,2026-01-30T12:17:35+00:00,False,0.05
c2000000-0000-0000-0000-000000001822,c1000000-0000-0000-0000-000000000034,c1000000-0000-0000-0000-000000000052,DIRECT_TRANSFER,1,712.42,2026-01-30T12:21:12+00:00,2026-01-30T12:21:12+00:00,False,0.05
c2000000-0000-0000-0000-000000001823,c1000000-0000-0000-0000-000000000008,c1000000-0000-0000-0000-000000000140,DIRECT_TRANSFER,1,714.03,2026-01-30T12:46:43+00:00,2026-01-30T12:46:43+00:00,False,0.05
c2000000-0000-0000-0000-000000001824,c1000000-0000-0000-0000-000000000009,c1000000-0000-0000-0000-000000000065,DIRECT_TRANSFER,1,1680.16,2026-01-30T12:48:10+00:00,2026-01-30T12:48:10+00:00,False,0.05
c2000000-0000-0000-0000-000000001825,c1000000-0000-0000-0000-000000000039,c1000000-0000-0000-0000-000000000110,DIRECT_TRANSFER,1,2470.44,2026-01-30T12:49:02+00:00,2026-01-30T12:49:02+00:00,False,0.05
c2000000-0000-0000-0000-000000001826,c1000000-0000-0000-0000-000000000013,c1000000-0000-0000-0000-000000000136,DIRECT_TRANSFER,1,221.69,2026-01-30T12:52:13+00:00,2026-01-30T12:52:13+00:00,False,0.05
c2000000-0000-0000-0000-000000001827,c1000000-0000-0000-0000-000000000122,c1000000-0000-0000-0000-000000000001,DIRECT_TRANSFER,1,6893.58,2026-01-30T12:52:22+00:00,2026-01-30T12:52:22+00:00,False,0.05
c2000000-0000-0000-0000-000000001828,c1000000-0000-0000-0000-000000000078,c1000000-0000-0000-0000-000000000137,DIRECT_TRANSFER,1,354.12,2026-01-30T13:05:33+00:00,2026-01-30T13:05:33+00:00,False,0.05
c2000000-0000-0000-0000-000000001829,c1000000-0000-0000-0000-000000000023,c1000000-0000-0000-0000-000000000018,DIRECT_TRANSFER,1,2883.33,2026-01-30T13:05:56+00:00,2026-01-30T13:05:56+00:00,False,0.05
c2000000-0000-0000-0000-000000001830,c1000000-0000-0000-0000-000000000081,c1000000-0000-0000-0000-000000000110,DIRECT_TRANSFER,1,4990.94,2026-01-30T13:32:58+00:00,2026-01-30T13:32:58+00:00,False,0.05
c2000000-0000-0000-0000-000000001831,c1000000-0000-0000-0000-000000000058,c1000000-0000-0000-0000-000000000048,DIRECT_TRANSFER,1,1993.1,2026-01-30T13:36:30+00:00,2026-01-30T13:36:30+00:00,False,0.05
c2000000-0000-0000-0000-000000001832,c1000000-0000-0000-0000-000000000047,c1000000-0000-0000-0000-000000000128,DIRECT_TRANSFER,1,5608.11,2026-01-30T13:37:49+00:00,2026-01-30T13:37:49+00:00,False,0.05
c2000000-0000-0000-0000-000000001833,c1000000-0000-0000-0000-000000000030,c1000000-0000-0000-0000-000000000136,DIRECT_TRANSFER,1,2630.63,2026-01-30T13:50:40+00:00,2026-01-30T13:50:40+00:00,False,0.05
c2000000-0000-0000-0000-000000001834,c1000000-0000-0000-0000-000000000025,c1000000-0000-0000-0000-000000000122,DIRECT_TRANSFER,1,2601.84,2026-01-30T14:10:23+00:00,2026-01-30T14:10:23+00:00,False,0.05
c2000000-0000-0000-0000-000000001835,c1000000-0000-0000-0000-000000000050,c1000000-0000-0000-0000-000000000133,DIRECT_TRANSFER,1,2270.63,2026-01-30T14:12:57+00:00,2026-01-30T14:12:57+00:00,False,0.05
c2000000-0000-0000-0000-000000001836,c1000000-0000-0000-0000-000000000098,c1000000-0000-0000-0000-000000000085,DIRECT_TRANSFER,1,2169.78,2026-01-30T14:21:02+00:00,2026-01-30T14:21:02+00:00,False,0.05
c2000000-0000-0000-0000-000000001837,c1000000-0000-0000-0000-000000000063,c1000000-0000-0000-0000-000000000062,DIRECT_TRANSFER,1,2611.57,2026-01-30T14:38:48+00:00,2026-01-30T14:38:48+00:00,False,0.05
c2000000-0000-0000-0000-000000001838,c1000000-0000-0000-0000-000000000068,c1000000-0000-0000-0000-000000000137,DIRECT_TRANSFER,1,1190.35,2026-01-30T14:39:07+00:00,2026-01-30T14:39:07+00:00,False,0.05
c2000000-0000-0000-0000-000000001839,c1000000-0000-0000-0000-000000000111,c1000000-0000-0000-0000-000000000020,DIRECT_TRANSFER,1,6336.43,2026-01-30T14:50:52+00:00,2026-01-30T14:50:52+00:00,False,0.05
c2000000-0000-0000-0000-000000001840,c1000000-0000-0000-0000-000000000119,c1000000-0000-0000-0000-000000000071,DIRECT_TRANSFER,1,1611.65,2026-01-30T15:01:42+00:00,2026-01-30T15:01:42+00:00,False,0.05
c2000000-0000-0000-0000-000000001841,c1000000-0000-0000-0000-000000000030,c1000000-0000-0000-0000-000000000020,DIRECT_TRANSFER,1,4304.01,2026-01-30T15:02:02+00:00,2026-01-30T15:02:02+00:00,False,0.05
c2000000-0000-0000-0000-000000001842,c1000000-0000-0000-0000-000000000131,c1000000-0000-0000-0000-000000000048,DIRECT_TRANSFER,1,5936.06,2026-01-30T15:07:20+00:00,2026-01-30T15:07:20+00:00,False,0.05
c2000000-0000-0000-0000-000000001843,c1000000-0000-0000-0000-000000000120,c1000000-0000-0000-0000-000000000037,DIRECT_TRANSFER,1,2466.11,2026-01-30T15:17:12+00:00,2026-01-30T15:17:12+00:00,False,0.05
c2000000-0000-0000-0000-000000001844,c1000000-0000-0000-0000-000000000070,c1000000-0000-0000-0000-000000000136,DIRECT_TRANSFER,1,845.74,2026-01-30T15:19:48+00:00,2026-01-30T15:19:48+00:00,False,0.05
c2000000-0000-0000-0000-000000001845,c1000000-0000-0000-0000-000000000084,c1000000-0000-0000-0000-000000000031,DIRECT_TRANSFER,1,3212.21,2026-01-30T15:20:57+00:00,2026-01-30T15:20:57+00:00,False,0.05
c2000000-0000-0000-0000-000000001846,c1000000-0000-0000-0000-000000000003,c1000000-0000-0000-0000-000000000077,DIRECT_TRANSFER,1,3158.92,2026-01-30T15:24:30+00:00,2026-01-30T15:24:30+00:00,False,0.05
c2000000-0000-0000-0000-000000001847,c1000000-0000-0000-0000-000000000054,c1000000-0000-0000-0000-000000000084,DIRECT_TRANSFER,1,3595.83,2026-01-30T15:25:34+00:00,2026-01-30T15:25:34+00:00,False,0.05
c2000000-0000-0000-0000-000000001848,c1000000-0000-0000-0000-000000000003,c1000000-0000-0000-0000-000000000064,DIRECT_TRANSFER,1,4270.4,2026-01-30T15:37:36+00:00,2026-01-30T15:37:36+00:00,False,0.05
c2000000-0000-0000-0000-000000001849,c1000000-0000-0000-0000-000000000020,c1000000-0000-0000-0000-000000000135,DIRECT_TRANSFER,1,2400.47,2026-01-30T15:55:57+00:00,2026-01-30T15:55:57+00:00,False,0.05
c2000000-0000-0000-0000-000000001850,c1000000-0000-0000-0000-000000000080,c1000000-0000-0000-0000-000000000106,DIRECT_TRANSFER,1,6009.81,2026-01-30T16:02:08+00:00,2026-01-30T16:02:08+00:00,False,0.05
c2000000-0000-0000-0000-000000001851,c1000000-0000-0000-0000-000000000128,c1000000-0000-0000-0000-000000000096,DIRECT_TRANSFER,1,1425.65,2026-01-30T16:44:31+00:00,2026-01-30T16:44:31+00:00,False,0.05
c2000000-0000-0000-0000-000000001852,c1000000-0000-0000-0000-000000000028,c1000000-0000-0000-0000-000000000020,DIRECT_TRANSFER,1,2505.79,2026-01-30T16:57:53+00:00,2026-01-30T16:57:53+00:00,False,0.05
c2000000-0000-0000-0000-000000001853,c1000000-0000-0000-0000-000000000070,c1000000-0000-0000-0000-000000000111,DIRECT_TRANSFER,1,3299.51,2026-01-30T17:23:29+00:00,2026-01-30T17:23:29+00:00,False,0.05
c2000000-0000-0000-0000-000000001854,c1000000-0000-0000-0000-000000000066,c1000000-0000-0000-0000-000000000013,DIRECT_TRANSFER,2,21306.47,2026-01-30T17:30:56+00:00,2026-03-12T20:00:00+00:00,False,0.7
c2000000-0000-0000-0000-000000001855,c1000000-0000-0000-0000-000000000008,c1000000-0000-0000-0000-000000000096,DIRECT_TRANSFER,1,4004.52,2026-01-30T17:38:07+00:00,2026-01-30T17:38:07+00:00,False,0.05
c2000000-0000-0000-0000-000000001856,c1000000-0000-0000-0000-000000000021,c1000000-0000-0000-0000-000000000140,DIRECT_TRANSFER,1,3105.75,2026-01-30T17:46:31+00:00,2026-01-30T17:46:31+00:00,False,0.05
c2000000-0000-0000-0000-000000001857,c1000000-0000-0000-0000-000000000028,c1000000-0000-0000-0000-000000000122,DIRECT_TRANSFER,1,678.59,2026-01-30T17:56:56+00:00,2026-01-30T17:56:56+00:00,False,0.05
c2000000-0000-0000-0000-000000001858,c1000000-0000-0000-0000-000000000080,c1000000-0000-0000-0000-000000000062,DIRECT_TRANSFER,1,2616.07,2026-01-30T18:00:20+00:00,2026-01-30T18:00:20+00:00,False,0.05
c2000000-0000-0000-0000-000000001859,c1000000-0000-0000-0000-000000000038,c1000000-0000-0000-0000-000000000016,DIRECT_TRANSFER,1,24950.0,2026-01-30T18:02:00+00:00,2026-01-30T18:02:00+00:00,False,0.7
c2000000-0000-0000-0000-000000001860,c1000000-0000-0000-0000-000000000116,c1000000-0000-0000-0000-000000000066,DIRECT_TRANSFER,1,9062.37,2026-01-30T18:05:51+00:00,2026-01-30T18:05:51+00:00,False,0.05
c2000000-0000-0000-0000-000000001861,c1000000-0000-0000-0000-000000000117,c1000000-0000-0000-0000-000000000010,DIRECT_TRANSFER,1,3519.81,2026-01-30T18:12:27+00:00,2026-01-30T18:12:27+00:00,False,0.05
c2000000-0000-0000-0000-000000001862,c1000000-0000-0000-0000-000000000073,c1000000-0000-0000-0000-000000000133,DIRECT_TRANSFER,1,2843.94,2026-01-30T18:18:20+00:00,2026-01-30T18:18:20+00:00,False,0.05
c2000000-0000-0000-0000-000000001863,c1000000-0000-0000-0000-000000000100,c1000000-0000-0000-0000-000000000088,DIRECT_TRANSFER,1,24800.0,2026-01-30T18:21:00+00:00,2026-01-30T18:21:00+00:00,False,0.7
c2000000-0000-0000-0000-000000001864,c1000000-0000-0000-0000-000000000026,c1000000-0000-0000-0000-000000000140,DIRECT_TRANSFER,1,1996.65,2026-01-30T18:33:12+00:00,2026-01-30T18:33:12+00:00,False,0.05
c2000000-0000-0000-0000-000000001865,c1000000-0000-0000-0000-000000000056,c1000000-0000-0000-0000-000000000012,DIRECT_TRANSFER,1,2789.25,2026-01-30T18:34:26+00:00,2026-01-30T18:34:26+00:00,False,0.05
c2000000-0000-0000-0000-000000001866,c1000000-0000-0000-0000-000000000045,c1000000-0000-0000-0000-000000000097,DIRECT_TRANSFER,1,1954.39,2026-01-30T18:52:25+00:00,2026-01-30T18:52:25+00:00,False,0.05
c2000000-0000-0000-0000-000000001867,c1000000-0000-0000-0000-000000000053,c1000000-0000-0000-0000-000000000066,DIRECT_TRANSFER,1,2954.56,2026-01-30T18:53:37+00:00,2026-01-30T18:53:37+00:00,False,0.05
c2000000-0000-0000-0000-000000001868,c1000000-0000-0000-0000-000000000058,c1000000-0000-0000-0000-000000000016,DIRECT_TRANSFER,1,49800.0,2026-01-30T18:58:00+00:00,2026-01-30T18:58:00+00:00,False,0.7
c2000000-0000-0000-0000-000000001869,c1000000-0000-0000-0000-000000000041,c1000000-0000-0000-0000-000000000126,DIRECT_TRANSFER,1,7368.03,2026-01-30T19:14:58+00:00,2026-01-30T19:14:58+00:00,False,0.05
c2000000-0000-0000-0000-000000001870,c1000000-0000-0000-0000-000000000103,c1000000-0000-0000-0000-000000000137,DIRECT_TRANSFER,1,224.46,2026-01-30T19:18:46+00:00,2026-01-30T19:18:46+00:00,False,0.05
c2000000-0000-0000-0000-000000001871,c1000000-0000-0000-0000-000000000052,c1000000-0000-0000-0000-000000000002,DIRECT_TRANSFER,1,98500.0,2026-01-30T19:32:00+00:00,2026-01-30T19:32:00+00:00,False,0.7
c2000000-0000-0000-0000-000000001872,c1000000-0000-0000-0000-000000000042,c1000000-0000-0000-0000-000000000098,DIRECT_TRANSFER,1,4465.52,2026-01-30T19:48:04+00:00,2026-01-30T19:48:04+00:00,False,0.05
c2000000-0000-0000-0000-000000001873,c1000000-0000-0000-0000-000000000078,c1000000-0000-0000-0000-000000000104,DIRECT_TRANSFER,1,2327.42,2026-01-30T19:50:50+00:00,2026-01-30T19:50:50+00:00,False,0.05
c2000000-0000-0000-0000-000000001874,c1000000-0000-0000-0000-000000000093,c1000000-0000-0000-0000-000000000002,DIRECT_TRANSFER,1,3366.97,2026-01-30T20:05:55+00:00,2026-01-30T20:05:55+00:00,False,0.05
c2000000-0000-0000-0000-000000001875,c1000000-0000-0000-0000-000000000050,c1000000-0000-0000-0000-000000000048,DIRECT_TRANSFER,1,24950.0,2026-01-30T20:06:00+00:00,2026-01-30T20:06:00+00:00,False,0.7
c2000000-0000-0000-0000-000000001876,c1000000-0000-0000-0000-000000000010,c1000000-0000-0000-0000-000000000090,DIRECT_TRANSFER,1,4285.48,2026-01-30T20:06:31+00:00,2026-01-30T20:06:31+00:00,False,0.05
c2000000-0000-0000-0000-000000001877,c1000000-0000-0000-0000-000000000102,c1000000-0000-0000-0000-000000000043,DIRECT_TRANSFER,1,3202.82,2026-01-30T20:17:35+00:00,2026-01-30T20:17:35+00:00,False,0.05
c2000000-0000-0000-0000-000000001878,c1000000-0000-0000-0000-000000000023,c1000000-0000-0000-0000-000000000049,DIRECT_TRANSFER,1,479.32,2026-01-30T20:48:06+00:00,2026-01-30T20:48:06+00:00,False,0.05
c2000000-0000-0000-0000-000000001879,c1000000-0000-0000-0000-000000000080,c1000000-0000-0000-0000-000000000076,DIRECT_TRANSFER,1,49800.0,2026-01-30T21:01:00+00:00,2026-01-30T21:01:00+00:00,False,0.7
c2000000-0000-0000-0000-000000001880,c1000000-0000-0000-0000-000000000064,c1000000-0000-0000-0000-000000000094,DIRECT_TRANSFER,1,1870.86,2026-01-30T21:11:55+00:00,2026-01-30T21:11:55+00:00,False,0.05
c2000000-0000-0000-0000-000000001881,c1000000-0000-0000-0000-000000000076,c1000000-0000-0000-0000-000000000006,DIRECT_TRANSFER,1,49800.0,2026-01-30T21:18:00+00:00,2026-01-30T21:18:00+00:00,False,0.7
c2000000-0000-0000-0000-000000001882,c1000000-0000-0000-0000-000000000076,c1000000-0000-0000-0000-000000000039,DIRECT_TRANSFER,1,1752.03,2026-01-30T21:44:43+00:00,2026-01-30T21:44:43+00:00,False,0.05
c2000000-0000-0000-0000-000000001883,c1000000-0000-0000-0000-000000000041,c1000000-0000-0000-0000-000000000046,DIRECT_TRANSFER,1,24800.0,2026-01-30T21:49:00+00:00,2026-01-30T21:49:00+00:00,False,0.7
c2000000-0000-0000-0000-000000001884,c1000000-0000-0000-0000-000000000105,c1000000-0000-0000-0000-000000000102,DIRECT_TRANSFER,1,1084.99,2026-01-30T21:51:36+00:00,2026-01-30T21:51:36+00:00,False,0.05
c2000000-0000-0000-0000-000000001885,c1000000-0000-0000-0000-000000000061,c1000000-0000-0000-0000-000000000104,DIRECT_TRANSFER,1,49800.0,2026-01-30T22:38:00+00:00,2026-01-30T22:38:00+00:00,False,0.7
c2000000-0000-0000-0000-000000001886,c1000000-0000-0000-0000-000000000005,c1000000-0000-0000-0000-000000000064,DIRECT_TRANSFER,1,24800.0,2026-01-31T00:33:00+00:00,2026-01-31T00:33:00+00:00,False,0.7
c2000000-0000-0000-0000-000000001887,c1000000-0000-0000-0000-000000000070,c1000000-0000-0000-0000-000000000012,DIRECT_TRANSFER,1,24800.0,2026-01-31T01:03:00+00:00,2026-01-31T01:03:00+00:00,False,0.7
c2000000-0000-0000-0000-000000001888,c1000000-0000-0000-0000-000000000092,c1000000-0000-0000-0000-000000000081,DIRECT_TRANSFER,1,24800.0,2026-01-31T01:47:00+00:00,2026-01-31T01:47:00+00:00,False,0.7
c2000000-0000-0000-0000-000000001889,c1000000-0000-0000-0000-000000000096,c1000000-0000-0000-0000-000000000044,DIRECT_TRANSFER,1,24950.0,2026-01-31T02:40:00+00:00,2026-01-31T02:40:00+00:00,False,0.7
c2000000-0000-0000-0000-000000001890,c1000000-0000-0000-0000-000000000061,c1000000-0000-0000-0000-000000000005,DIRECT_TRANSFER,1,49500.0,2026-01-31T03:14:00+00:00,2026-01-31T03:14:00+00:00,False,0.7
c2000000-0000-0000-0000-000000001891,c1000000-0000-0000-0000-000000000100,c1000000-0000-0000-0000-000000000091,DIRECT_TRANSFER,1,49800.0,2026-01-31T03:42:00+00:00,2026-01-31T03:42:00+00:00,False,0.7
c2000000-0000-0000-0000-000000001892,c1000000-0000-0000-0000-000000000053,c1000000-0000-0000-0000-000000000013,DIRECT_TRANSFER,1,24800.0,2026-01-31T04:40:00+00:00,2026-01-31T04:40:00+00:00,False,0.7
c2000000-0000-0000-0000-000000001893,c1000000-0000-0000-0000-000000000076,c1000000-0000-0000-0000-000000000088,DIRECT_TRANSFER,1,24800.0,2026-01-31T05:27:00+00:00,2026-01-31T05:27:00+00:00,False,0.7
c2000000-0000-0000-0000-000000001894,c1000000-0000-0000-0000-000000000009,c1000000-0000-0000-0000-000000000066,DIRECT_TRANSFER,1,24950.0,2026-01-31T06:11:00+00:00,2026-01-31T06:11:00+00:00,False,0.7
c2000000-0000-0000-0000-000000001895,c1000000-0000-0000-0000-000000000090,c1000000-0000-0000-0000-000000000073,DIRECT_TRANSFER,1,49800.0,2026-01-31T07:00:00+00:00,2026-01-31T07:00:00+00:00,False,0.7
c2000000-0000-0000-0000-000000001896,c1000000-0000-0000-0000-000000000093,c1000000-0000-0000-0000-000000000007,DIRECT_TRANSFER,1,49500.0,2026-01-31T07:52:00+00:00,2026-01-31T07:52:00+00:00,False,0.7
c2000000-0000-0000-0000-000000001897,c1000000-0000-0000-0000-000000000058,c1000000-0000-0000-0000-000000000038,DIRECT_TRANSFER,1,24950.0,2026-01-31T08:35:00+00:00,2026-01-31T08:35:00+00:00,False,0.7
c2000000-0000-0000-0000-000000001898,c1000000-0000-0000-0000-000000000077,c1000000-0000-0000-0000-000000000043,DIRECT_TRANSFER,1,49800.0,2026-01-31T08:57:00+00:00,2026-01-31T08:57:00+00:00,False,0.7
c2000000-0000-0000-0000-000000001899,c1000000-0000-0000-0000-000000000020,c1000000-0000-0000-0000-000000000010,DIRECT_TRANSFER,1,24950.0,2026-01-31T09:42:00+00:00,2026-01-31T09:42:00+00:00,False,0.7
c2000000-0000-0000-0000-000000001900,c1000000-0000-0000-0000-000000000032,c1000000-0000-0000-0000-000000000001,DIRECT_TRANSFER,1,49800.0,2026-01-31T10:38:00+00:00,2026-01-31T10:38:00+00:00,False,0.7
c2000000-0000-0000-0000-000000001901,c1000000-0000-0000-0000-000000000023,c1000000-0000-0000-0000-000000000100,DIRECT_TRANSFER,1,49800.0,2026-01-31T10:55:00+00:00,2026-01-31T10:55:00+00:00,False,0.7
c2000000-0000-0000-0000-000000001902,c1000000-0000-0000-0000-000000000024,c1000000-0000-0000-0000-000000000030,DIRECT_TRANSFER,1,49500.0,2026-01-31T11:53:00+00:00,2026-01-31T11:53:00+00:00,False,0.7
c2000000-0000-0000-0000-000000001903,c1000000-0000-0000-0000-000000000064,c1000000-0000-0000-0000-000000000030,DIRECT_TRANSFER,1,49800.0,2026-01-31T12:52:00+00:00,2026-01-31T12:52:00+00:00,False,0.7
c2000000-0000-0000-0000-000000001904,c1000000-0000-0000-0000-000000000015,c1000000-0000-0000-0000-000000000013,DIRECT_TRANSFER,1,24950.0,2026-01-31T13:15:00+00:00,2026-01-31T13:15:00+00:00,False,0.7
c2000000-0000-0000-0000-000000001905,c1000000-0000-0000-0000-000000000095,c1000000-0000-0000-0000-000000000078,DIRECT_TRANSFER,1,98500.0,2026-01-31T13:31:00+00:00,2026-01-31T13:31:00+00:00,False,0.7
c2000000-0000-0000-0000-000000001906,c1000000-0000-0000-0000-000000000064,c1000000-0000-0000-0000-000000000047,DIRECT_TRANSFER,1,49800.0,2026-01-31T13:47:00+00:00,2026-01-31T13:47:00+00:00,False,0.7
c2000000-0000-0000-0000-000000001907,c1000000-0000-0000-0000-000000000068,c1000000-0000-0000-0000-000000000090,DIRECT_TRANSFER,1,49500.0,2026-01-31T14:42:00+00:00,2026-01-31T14:42:00+00:00,False,0.7
c2000000-0000-0000-0000-000000001908,c1000000-0000-0000-0000-000000000089,c1000000-0000-0000-0000-000000000076,DIRECT_TRANSFER,1,13868.39,2026-01-31T15:37:00+00:00,2026-01-31T15:37:00+00:00,False,0.7
c2000000-0000-0000-0000-000000001909,c1000000-0000-0000-0000-000000000077,c1000000-0000-0000-0000-000000000085,DIRECT_TRANSFER,1,11101.27,2026-01-31T16:33:00+00:00,2026-01-31T16:33:00+00:00,False,0.7
c2000000-0000-0000-0000-000000001910,c1000000-0000-0000-0000-000000000014,c1000000-0000-0000-0000-000000000055,DIRECT_TRANSFER,1,2336.71,2026-01-31T16:42:40+00:00,2026-01-31T16:42:40+00:00,False,0.7
c2000000-0000-0000-0000-000000001911,c1000000-0000-0000-0000-000000000014,c1000000-0000-0000-0000-000000000073,DIRECT_TRANSFER,1,1695.53,2026-01-31T16:43:17+00:00,2026-01-31T16:43:17+00:00,False,0.7
c2000000-0000-0000-0000-000000001912,c1000000-0000-0000-0000-000000000014,c1000000-0000-0000-0000-000000000035,DIRECT_TRANSFER,2,6461.09,2026-01-31T16:43:49+00:00,2026-01-31T16:52:42+00:00,False,0.7
c2000000-0000-0000-0000-000000001913,c1000000-0000-0000-0000-000000000014,c1000000-0000-0000-0000-000000000033,DIRECT_TRANSFER,1,1572.33,2026-01-31T16:44:07+00:00,2026-01-31T16:44:07+00:00,False,0.7
c2000000-0000-0000-0000-000000001914,c1000000-0000-0000-0000-000000000014,c1000000-0000-0000-0000-000000000012,DIRECT_TRANSFER,1,2089.55,2026-01-31T16:44:28+00:00,2026-01-31T16:44:28+00:00,False,0.7
c2000000-0000-0000-0000-000000001915,c1000000-0000-0000-0000-000000000014,c1000000-0000-0000-0000-000000000086,DIRECT_TRANSFER,1,3172.11,2026-01-31T16:45:12+00:00,2026-01-31T16:45:12+00:00,False,0.7
c2000000-0000-0000-0000-000000001916,c1000000-0000-0000-0000-000000000014,c1000000-0000-0000-0000-000000000063,DIRECT_TRANSFER,4,13621.33,2026-01-31T16:45:26+00:00,2026-01-31T16:51:13+00:00,False,0.7
c2000000-0000-0000-0000-000000001917,c1000000-0000-0000-0000-000000000014,c1000000-0000-0000-0000-000000000025,DIRECT_TRANSFER,1,3179.0,2026-01-31T16:46:02+00:00,2026-01-31T16:46:02+00:00,False,0.7
c2000000-0000-0000-0000-000000001918,c1000000-0000-0000-0000-000000000014,c1000000-0000-0000-0000-000000000031,DIRECT_TRANSFER,1,2401.03,2026-01-31T16:46:24+00:00,2026-01-31T16:46:24+00:00,False,0.7
c2000000-0000-0000-0000-000000001919,c1000000-0000-0000-0000-000000000014,c1000000-0000-0000-0000-000000000097,DIRECT_TRANSFER,1,2615.58,2026-01-31T16:46:59+00:00,2026-01-31T16:46:59+00:00,False,0.7
c2000000-0000-0000-0000-000000001920,c1000000-0000-0000-0000-000000000014,c1000000-0000-0000-0000-000000000067,DIRECT_TRANSFER,2,6855.24,2026-01-31T16:47:09+00:00,2026-01-31T16:50:31+00:00,False,0.7
c2000000-0000-0000-0000-000000001921,c1000000-0000-0000-0000-000000000014,c1000000-0000-0000-0000-000000000036,DIRECT_TRANSFER,1,2410.03,2026-01-31T16:47:52+00:00,2026-01-31T16:47:52+00:00,False,0.7
c2000000-0000-0000-0000-000000001922,c1000000-0000-0000-0000-000000000014,c1000000-0000-0000-0000-000000000105,DIRECT_TRANSFER,1,4262.19,2026-01-31T16:48:10+00:00,2026-01-31T16:48:10+00:00,False,0.7
c2000000-0000-0000-0000-000000001923,c1000000-0000-0000-0000-000000000014,c1000000-0000-0000-0000-000000000051,DIRECT_TRANSFER,1,3381.09,2026-01-31T16:49:58+00:00,2026-01-31T16:49:58+00:00,False,0.7
c2000000-0000-0000-0000-000000001924,c1000000-0000-0000-0000-000000000014,c1000000-0000-0000-0000-000000000104,DIRECT_TRANSFER,1,3501.25,2026-01-31T16:50:12+00:00,2026-01-31T16:50:12+00:00,False,0.7
c2000000-0000-0000-0000-000000001925,c1000000-0000-0000-0000-000000000014,c1000000-0000-0000-0000-000000000074,DIRECT_TRANSFER,1,3380.82,2026-01-31T16:51:33+00:00,2026-01-31T16:51:33+00:00,False,0.7
c2000000-0000-0000-0000-000000001926,c1000000-0000-0000-0000-000000000014,c1000000-0000-0000-0000-000000000054,DIRECT_TRANSFER,1,2176.03,2026-01-31T16:52:06+00:00,2026-01-31T16:52:06+00:00,False,0.7
c2000000-0000-0000-0000-000000001927,c1000000-0000-0000-0000-000000000014,c1000000-0000-0000-0000-000000000006,DIRECT_TRANSFER,1,2683.89,2026-01-31T16:53:12+00:00,2026-01-31T16:53:12+00:00,False,0.7
c2000000-0000-0000-0000-000000001928,c1000000-0000-0000-0000-000000000014,c1000000-0000-0000-0000-000000000026,DIRECT_TRANSFER,1,2849.49,2026-01-31T16:53:45+00:00,2026-01-31T16:53:45+00:00,False,0.7
c2000000-0000-0000-0000-000000001929,c1000000-0000-0000-0000-000000000014,c1000000-0000-0000-0000-000000000030,DIRECT_TRANSFER,1,3344.69,2026-01-31T16:54:03+00:00,2026-01-31T16:54:03+00:00,False,0.7
c2000000-0000-0000-0000-000000001930,c1000000-0000-0000-0000-000000000014,c1000000-0000-0000-0000-000000000103,DIRECT_TRANSFER,1,2719.6,2026-01-31T16:54:45+00:00,2026-01-31T16:54:45+00:00,False,0.7
c2000000-0000-0000-0000-000000001931,c1000000-0000-0000-0000-000000000014,c1000000-0000-0000-0000-000000000098,DIRECT_TRANSFER,1,3296.94,2026-01-31T16:55:05+00:00,2026-01-31T16:55:05+00:00,False,0.7
c2000000-0000-0000-0000-000000001932,c1000000-0000-0000-0000-000000000014,c1000000-0000-0000-0000-000000000038,DIRECT_TRANSFER,1,1725.17,2026-01-31T16:55:46+00:00,2026-01-31T16:55:46+00:00,False,0.7
c2000000-0000-0000-0000-000000001933,c1000000-0000-0000-0000-000000000014,c1000000-0000-0000-0000-000000000078,DIRECT_TRANSFER,1,1699.0,2026-01-31T16:55:57+00:00,2026-01-31T16:55:57+00:00,False,0.7
c2000000-0000-0000-0000-000000001934,c1000000-0000-0000-0000-000000000014,c1000000-0000-0000-0000-000000000011,DIRECT_TRANSFER,1,3424.2,2026-01-31T16:56:16+00:00,2026-01-31T16:56:16+00:00,False,0.7
c2000000-0000-0000-0000-000000001935,c1000000-0000-0000-0000-000000000014,c1000000-0000-0000-0000-000000000049,DIRECT_TRANSFER,1,2342.5,2026-01-31T16:56:43+00:00,2026-01-31T16:56:43+00:00,False,0.7
c2000000-0000-0000-0000-000000001936,c1000000-0000-0000-0000-000000000014,c1000000-0000-0000-0000-000000000085,DIRECT_TRANSFER,1,4008.97,2026-01-31T16:57:14+00:00,2026-01-31T16:57:14+00:00,False,0.7
c2000000-0000-0000-0000-000000001937,c1000000-0000-0000-0000-000000000014,c1000000-0000-0000-0000-000000000079,DIRECT_TRANSFER,1,2424.43,2026-01-31T16:57:44+00:00,2026-01-31T16:57:44+00:00,False,0.7
c2000000-0000-0000-0000-000000001938,c1000000-0000-0000-0000-000000000014,c1000000-0000-0000-0000-000000000062,DIRECT_TRANSFER,1,2658.28,2026-01-31T16:58:26+00:00,2026-01-31T16:58:26+00:00,False,0.7
c2000000-0000-0000-0000-000000001939,c1000000-0000-0000-0000-000000000012,c1000000-0000-0000-0000-000000000089,DIRECT_TRANSFER,1,11720.97,2026-01-31T17:14:00+00:00,2026-01-31T17:14:00+00:00,False,0.7
c2000000-0000-0000-0000-000000001940,c1000000-0000-0000-0000-000000000081,c1000000-0000-0000-0000-000000000009,DIRECT_TRANSFER,1,17144.09,2026-01-31T18:14:00+00:00,2026-01-31T18:14:00+00:00,False,0.7
c2000000-0000-0000-0000-000000001941,c1000000-0000-0000-0000-000000000037,c1000000-0000-0000-0000-000000000077,DIRECT_TRANSFER,1,17048.66,2026-01-31T18:48:00+00:00,2026-01-31T18:48:00+00:00,False,0.7
c2000000-0000-0000-0000-000000001942,c1000000-0000-0000-0000-000000000042,c1000000-0000-0000-0000-000000000031,DIRECT_TRANSFER,1,17640.43,2026-01-31T19:20:00+00:00,2026-01-31T19:20:00+00:00,False,0.7
c2000000-0000-0000-0000-000000001943,c1000000-0000-0000-0000-000000000025,c1000000-0000-0000-0000-000000000043,DIRECT_TRANSFER,1,8430.83,2026-01-31T20:06:00+00:00,2026-01-31T20:06:00+00:00,False,0.7
c2000000-0000-0000-0000-000000001944,c1000000-0000-0000-0000-000000000055,c1000000-0000-0000-0000-000000000086,DIRECT_TRANSFER,1,12969.7,2026-01-31T20:38:00+00:00,2026-01-31T20:38:00+00:00,False,0.7
c2000000-0000-0000-0000-000000001945,c1000000-0000-0000-0000-000000000101,c1000000-0000-0000-0000-000000000018,DIRECT_TRANSFER,1,13932.34,2026-01-31T21:16:00+00:00,2026-01-31T21:16:00+00:00,False,0.7
c2000000-0000-0000-0000-000000001946,c1000000-0000-0000-0000-000000000047,c1000000-0000-0000-0000-000000000092,DIRECT_TRANSFER,1,7658.04,2026-01-31T22:11:00+00:00,2026-01-31T22:11:00+00:00,False,0.7
c2000000-0000-0000-0000-000000001947,c1000000-0000-0000-0000-000000000060,c1000000-0000-0000-0000-000000000075,DIRECT_TRANSFER,1,14419.71,2026-01-31T22:42:00+00:00,2026-01-31T22:42:00+00:00,False,0.7
c2000000-0000-0000-0000-000000001948,c1000000-0000-0000-0000-000000000038,c1000000-0000-0000-0000-000000000082,DIRECT_TRANSFER,1,15269.29,2026-01-31T23:15:00+00:00,2026-01-31T23:15:00+00:00,False,0.7
c2000000-0000-0000-0000-000000001949,c1000000-0000-0000-0000-000000000044,c1000000-0000-0000-0000-000000000024,DIRECT_TRANSFER,1,8193.24,2026-02-01T00:06:00+00:00,2026-02-01T00:06:00+00:00,False,0.7
c2000000-0000-0000-0000-000000001950,c1000000-0000-0000-0000-000000000062,c1000000-0000-0000-0000-000000000092,DIRECT_TRANSFER,1,11986.31,2026-02-01T01:02:00+00:00,2026-02-01T01:02:00+00:00,False,0.7
c2000000-0000-0000-0000-000000001951,c1000000-0000-0000-0000-000000000019,c1000000-0000-0000-0000-000000000033,DIRECT_TRANSFER,1,6617.58,2026-02-01T01:26:00+00:00,2026-02-01T01:26:00+00:00,False,0.7
c2000000-0000-0000-0000-000000001952,c1000000-0000-0000-0000-000000000049,c1000000-0000-0000-0000-000000000105,DIRECT_TRANSFER,1,5865.1,2026-02-01T02:11:00+00:00,2026-02-01T02:11:00+00:00,False,0.7
c2000000-0000-0000-0000-000000001953,c1000000-0000-0000-0000-000000000104,c1000000-0000-0000-0000-000000000033,DIRECT_TRANSFER,1,17881.1,2026-02-01T03:00:00+00:00,2026-02-01T03:00:00+00:00,False,0.7
c2000000-0000-0000-0000-000000001954,c1000000-0000-0000-0000-000000000075,c1000000-0000-0000-0000-000000000036,DIRECT_TRANSFER,1,7589.47,2026-02-01T03:56:00+00:00,2026-02-01T03:56:00+00:00,False,0.7
c2000000-0000-0000-0000-000000001955,c1000000-0000-0000-0000-000000000007,c1000000-0000-0000-0000-000000000055,DIRECT_TRANSFER,1,6405.03,2026-02-01T04:47:00+00:00,2026-02-01T04:47:00+00:00,False,0.7
c2000000-0000-0000-0000-000000001956,c1000000-0000-0000-0000-000000000056,c1000000-0000-0000-0000-000000000050,DIRECT_TRANSFER,1,7354.36,2026-02-01T05:14:00+00:00,2026-02-01T05:14:00+00:00,False,0.7
c2000000-0000-0000-0000-000000001957,c1000000-0000-0000-0000-000000000047,c1000000-0000-0000-0000-000000000098,DIRECT_TRANSFER,1,16013.27,2026-02-01T05:37:00+00:00,2026-02-01T05:37:00+00:00,False,0.7
c2000000-0000-0000-0000-000000001958,c1000000-0000-0000-0000-000000000036,c1000000-0000-0000-0000-000000000014,DIRECT_TRANSFER,1,6656.49,2026-02-01T06:31:00+00:00,2026-02-01T06:31:00+00:00,False,0.7
c2000000-0000-0000-0000-000000001959,c1000000-0000-0000-0000-000000000013,c1000000-0000-0000-0000-000000000096,DIRECT_TRANSFER,1,5519.19,2026-02-01T07:18:00+00:00,2026-02-01T07:18:00+00:00,False,0.7
c2000000-0000-0000-0000-000000001960,c1000000-0000-0000-0000-000000000085,c1000000-0000-0000-0000-000000000073,DIRECT_TRANSFER,1,9388.88,2026-02-01T07:38:00+00:00,2026-02-01T07:38:00+00:00,False,0.7
c2000000-0000-0000-0000-000000001961,c1000000-0000-0000-0000-000000000080,c1000000-0000-0000-0000-000000000093,DIRECT_TRANSFER,1,8128.84,2026-02-01T08:16:00+00:00,2026-02-01T08:16:00+00:00,False,0.7
c2000000-0000-0000-0000-000000001962,c1000000-0000-0000-0000-000000000029,c1000000-0000-0000-0000-000000000080,DIRECT_TRANSFER,1,8467.57,2026-02-01T09:12:00+00:00,2026-02-01T09:12:00+00:00,False,0.7
c2000000-0000-0000-0000-000000001963,c1000000-0000-0000-0000-000000000071,c1000000-0000-0000-0000-000000000046,DIRECT_TRANSFER,1,12198.23,2026-02-01T09:41:00+00:00,2026-02-01T09:41:00+00:00,False,0.7
c2000000-0000-0000-0000-000000001964,c1000000-0000-0000-0000-000000000041,c1000000-0000-0000-0000-000000000098,DIRECT_TRANSFER,1,17563.2,2026-02-01T10:11:00+00:00,2026-02-01T10:11:00+00:00,False,0.7
c2000000-0000-0000-0000-000000001965,c1000000-0000-0000-0000-000000000050,c1000000-0000-0000-0000-000000000027,DIRECT_TRANSFER,1,17408.15,2026-02-01T11:10:00+00:00,2026-02-01T11:10:00+00:00,False,0.7
c2000000-0000-0000-0000-000000001966,c1000000-0000-0000-0000-000000000012,c1000000-0000-0000-0000-000000000074,DIRECT_TRANSFER,1,17663.12,2026-02-01T12:09:00+00:00,2026-02-01T12:09:00+00:00,False,0.7
c2000000-0000-0000-0000-000000001967,c1000000-0000-0000-0000-000000000029,c1000000-0000-0000-0000-000000000031,DIRECT_TRANSFER,1,16594.51,2026-02-01T13:34:00+00:00,2026-02-01T13:34:00+00:00,False,0.7
c2000000-0000-0000-0000-000000001968,c1000000-0000-0000-0000-000000000029,c1000000-0000-0000-0000-000000000036,DIRECT_TRANSFER,1,13725.1,2026-02-01T13:54:00+00:00,2026-02-01T13:54:00+00:00,False,0.7
c2000000-0000-0000-0000-000000001969,c1000000-0000-0000-0000-000000000056,c1000000-0000-0000-0000-000000000075,DIRECT_TRANSFER,1,7774.04,2026-02-01T14:38:00+00:00,2026-02-01T14:38:00+00:00,False,0.7
c2000000-0000-0000-0000-000000001970,c1000000-0000-0000-0000-000000000013,c1000000-0000-0000-0000-000000000148,DIRECT_TRANSFER,1,20549.1,2026-02-01T15:13:00+00:00,2026-02-01T15:13:00+00:00,False,0.7
c2000000-0000-0000-0000-000000001971,c1000000-0000-0000-0000-000000000057,c1000000-0000-0000-0000-000000000143,DIRECT_TRANSFER,1,16613.71,2026-02-01T16:30:00+00:00,2026-02-01T16:30:00+00:00,False,0.7
c2000000-0000-0000-0000-000000001972,c1000000-0000-0000-0000-000000000079,c1000000-0000-0000-0000-000000000148,DIRECT_TRANSFER,1,18495.18,2026-02-01T17:24:00+00:00,2026-02-01T17:24:00+00:00,False,0.7
c2000000-0000-0000-0000-000000001973,c1000000-0000-0000-0000-000000000035,c1000000-0000-0000-0000-000000000143,DIRECT_TRANSFER,1,17898.24,2026-02-01T18:50:00+00:00,2026-02-01T18:50:00+00:00,False,0.7
c2000000-0000-0000-0000-000000001974,c1000000-0000-0000-0000-000000000102,c1000000-0000-0000-0000-000000000146,DIRECT_TRANSFER,1,12248.59,2026-02-01T19:41:00+00:00,2026-02-01T19:41:00+00:00,False,0.7
c2000000-0000-0000-0000-000000001975,c1000000-0000-0000-0000-000000000065,c1000000-0000-0000-0000-000000000146,DIRECT_TRANSFER,1,17306.27,2026-02-01T20:35:00+00:00,2026-02-01T20:35:00+00:00,False,0.7
c2000000-0000-0000-0000-000000001976,c1000000-0000-0000-0000-000000000027,c1000000-0000-0000-0000-000000000144,DIRECT_TRANSFER,1,12928.28,2026-02-01T21:14:00+00:00,2026-02-01T21:14:00+00:00,False,0.7
c2000000-0000-0000-0000-000000001977,c1000000-0000-0000-0000-000000000090,c1000000-0000-0000-0000-000000000147,DIRECT_TRANSFER,1,21456.84,2026-02-01T22:08:00+00:00,2026-02-01T22:08:00+00:00,False,0.7
c2000000-0000-0000-0000-000000001978,c1000000-0000-0000-0000-000000000027,c1000000-0000-0000-0000-000000000143,DIRECT_TRANSFER,1,16861.23,2026-02-01T22:58:00+00:00,2026-02-01T22:58:00+00:00,False,0.7
c2000000-0000-0000-0000-000000001979,c1000000-0000-0000-0000-000000000032,c1000000-0000-0000-0000-000000000147,DIRECT_TRANSFER,2,32197.7,2026-02-01T23:46:00+00:00,2026-02-02T01:31:00+00:00,False,0.7
c2000000-0000-0000-0000-000000001980,c1000000-0000-0000-0000-000000000077,c1000000-0000-0000-0000-000000000145,DIRECT_TRANSFER,1,23223.19,2026-02-02T00:17:00+00:00,2026-02-02T00:17:00+00:00,False,0.7
c2000000-0000-0000-0000-000000001981,c1000000-0000-0000-0000-000000000103,c1000000-0000-0000-0000-000000000142,DIRECT_TRANSFER,1,16142.21,2026-02-02T02:25:00+00:00,2026-02-02T02:25:00+00:00,False,0.7
c2000000-0000-0000-0000-000000001982,c1000000-0000-0000-0000-000000000049,c1000000-0000-0000-0000-000000000142,DIRECT_TRANSFER,1,20690.14,2026-02-02T03:26:00+00:00,2026-02-02T03:26:00+00:00,False,0.7
c2000000-0000-0000-0000-000000001983,c1000000-0000-0000-0000-000000000055,c1000000-0000-0000-0000-000000000142,DIRECT_TRANSFER,1,16178.76,2026-02-02T04:23:00+00:00,2026-02-02T04:23:00+00:00,False,0.7
c2000000-0000-0000-0000-000000001984,c1000000-0000-0000-0000-000000000035,c1000000-0000-0000-0000-000000000144,DIRECT_TRANSFER,1,15118.31,2026-02-02T05:51:00+00:00,2026-02-02T05:51:00+00:00,False,0.7
c2000000-0000-0000-0000-000000001985,c1000000-0000-0000-0000-000000000021,c1000000-0000-0000-0000-000000000143,DIRECT_TRANSFER,1,19025.93,2026-02-02T06:35:00+00:00,2026-02-02T06:35:00+00:00,False,0.7
c2000000-0000-0000-0000-000000001986,c1000000-0000-0000-0000-000000000067,c1000000-0000-0000-0000-000000000146,DIRECT_TRANSFER,1,14348.55,2026-02-02T07:38:00+00:00,2026-02-02T07:38:00+00:00,False,0.7
c2000000-0000-0000-0000-000000001987,c1000000-0000-0000-0000-000000000005,c1000000-0000-0000-0000-000000000145,DIRECT_TRANSFER,1,21128.52,2026-02-02T08:31:00+00:00,2026-02-02T08:31:00+00:00,False,0.7
c2000000-0000-0000-0000-000000001988,c1000000-0000-0000-0000-000000000012,c1000000-0000-0000-0000-000000000147,DIRECT_TRANSFER,1,13108.52,2026-02-02T09:59:00+00:00,2026-02-02T09:59:00+00:00,False,0.7
c2000000-0000-0000-0000-000000001989,c1000000-0000-0000-0000-000000000090,c1000000-0000-0000-0000-000000000146,DIRECT_TRANSFER,1,12951.06,2026-02-02T10:32:00+00:00,2026-02-02T10:32:00+00:00,False,0.7
c2000000-0000-0000-0000-000000001990,c1000000-0000-0000-0000-000000000033,c1000000-0000-0000-0000-000000000145,DIRECT_TRANSFER,1,13699.61,2026-02-02T11:11:00+00:00,2026-02-02T11:11:00+00:00,False,0.7
c2000000-0000-0000-0000-000000001991,c1000000-0000-0000-0000-000000000056,c1000000-0000-0000-0000-000000000144,DIRECT_TRANSFER,1,14232.24,2026-02-02T12:36:00+00:00,2026-02-02T12:36:00+00:00,False,0.7
c2000000-0000-0000-0000-000000001992,c1000000-0000-0000-0000-000000000053,c1000000-0000-0000-0000-000000000144,DIRECT_TRANSFER,1,12801.35,2026-02-02T13:16:00+00:00,2026-02-02T13:16:00+00:00,False,0.7
c2000000-0000-0000-0000-000000001993,c1000000-0000-0000-0000-000000000012,c1000000-0000-0000-0000-000000000146,DIRECT_TRANSFER,1,19855.46,2026-02-02T13:49:00+00:00,2026-02-02T13:49:00+00:00,False,0.7
c2000000-0000-0000-0000-000000001994,c1000000-0000-0000-0000-000000000101,c1000000-0000-0000-0000-000000000148,DIRECT_TRANSFER,1,20893.14,2026-02-02T15:14:00+00:00,2026-02-02T15:14:00+00:00,False,0.7
c2000000-0000-0000-0000-000000001995,c1000000-0000-0000-0000-000000000037,c1000000-0000-0000-0000-000000000146,DIRECT_TRANSFER,1,17079.17,2026-02-02T16:14:00+00:00,2026-02-02T16:14:00+00:00,False,0.7
c2000000-0000-0000-0000-000000001996,c1000000-0000-0000-0000-000000000022,c1000000-0000-0000-0000-000000000143,DIRECT_TRANSFER,1,23536.11,2026-02-02T16:45:00+00:00,2026-02-02T16:45:00+00:00,False,0.7
c2000000-0000-0000-0000-000000001997,c1000000-0000-0000-0000-000000000078,c1000000-0000-0000-0000-000000000147,DIRECT_TRANSFER,1,21274.04,2026-02-02T17:19:00+00:00,2026-02-02T17:19:00+00:00,False,0.7
c2000000-0000-0000-0000-000000001998,c1000000-0000-0000-0000-000000000035,c1000000-0000-0000-0000-000000000148,DIRECT_TRANSFER,1,18407.44,2026-02-02T18:39:00+00:00,2026-02-02T18:39:00+00:00,False,0.7
c2000000-0000-0000-0000-000000001999,c1000000-0000-0000-0000-000000000100,c1000000-0000-0000-0000-000000000145,DIRECT_TRANSFER,1,16427.17,2026-02-02T19:44:00+00:00,2026-02-02T19:44:00+00:00,False,0.7
c2000000-0000-0000-0000-000000002000,c1000000-0000-0000-0000-000000000023,c1000000-0000-0000-0000-000000000143,DIRECT_TRANSFER,1,14241.68,2026-02-02T20:48:00+00:00,2026-02-02T20:48:00+00:00,False,0.7
c2000000-0000-0000-0000-000000002001,c1000000-0000-0000-0000-000000000101,c1000000-0000-0000-0000-000000000142,DIRECT_TRANSFER,1,14061.53,2026-02-02T21:38:00+00:00,2026-02-02T21:38:00+00:00,False,0.7
c2000000-0000-0000-0000-000000002002,c1000000-0000-0000-0000-000000000035,c1000000-0000-0000-0000-000000000146,DIRECT_TRANSFER,1,18010.96,2026-02-02T23:00:00+00:00,2026-02-02T23:00:00+00:00,False,0.7
c2000000-0000-0000-0000-000000002003,c1000000-0000-0000-0000-000000000008,c1000000-0000-0000-0000-000000000118,DIRECT_TRANSFER,1,15966.89,2026-02-03T02:10:00+00:00,2026-02-03T02:10:00+00:00,False,0.7
c2000000-0000-0000-0000-000000002004,c1000000-0000-0000-0000-000000000017,c1000000-0000-0000-0000-000000000113,DIRECT_TRANSFER,1,30663.15,2026-02-04T03:36:00+00:00,2026-02-04T03:36:00+00:00,False,0.7
c2000000-0000-0000-0000-000000002005,c1000000-0000-0000-0000-000000000032,c1000000-0000-0000-0000-000000000120,DIRECT_TRANSFER,1,17197.52,2026-02-05T02:45:00+00:00,2026-02-05T02:45:00+00:00,False,0.7
c2000000-0000-0000-0000-000000002006,c1000000-0000-0000-0000-000000000021,c1000000-0000-0000-0000-000000000126,DIRECT_TRANSFER,1,34657.13,2026-02-06T01:04:00+00:00,2026-02-06T01:04:00+00:00,False,0.7
c2000000-0000-0000-0000-000000002007,c1000000-0000-0000-0000-000000000001,c1000000-0000-0000-0000-000000000115,DIRECT_TRANSFER,1,30976.76,2026-02-07T04:33:00+00:00,2026-02-07T04:33:00+00:00,False,0.7
c2000000-0000-0000-0000-000000002008,c1000000-0000-0000-0000-000000000097,c1000000-0000-0000-0000-000000000118,DIRECT_TRANSFER,1,25501.02,2026-02-08T04:56:00+00:00,2026-02-08T04:56:00+00:00,False,0.7
c2000000-0000-0000-0000-000000002009,c1000000-0000-0000-0000-000000000096,c1000000-0000-0000-0000-000000000118,DIRECT_TRANSFER,1,33737.4,2026-02-10T03:33:00+00:00,2026-02-10T03:33:00+00:00,False,0.7
c2000000-0000-0000-0000-000000002010,c1000000-0000-0000-0000-000000000077,c1000000-0000-0000-0000-000000000117,DIRECT_TRANSFER,1,27087.92,2026-02-12T03:07:00+00:00,2026-02-12T03:07:00+00:00,False,0.7
c2000000-0000-0000-0000-000000002011,c1000000-0000-0000-0000-000000000049,c1000000-0000-0000-0000-000000000118,DIRECT_TRANSFER,1,15477.52,2026-02-13T03:23:00+00:00,2026-02-13T03:23:00+00:00,False,0.7
c2000000-0000-0000-0000-000000002012,c1000000-0000-0000-0000-000000000026,c1000000-0000-0000-0000-000000000130,DIRECT_TRANSFER,1,23710.75,2026-02-14T01:13:00+00:00,2026-02-14T01:13:00+00:00,False,0.7
c2000000-0000-0000-0000-000000002013,c1000000-0000-0000-0000-000000000097,c1000000-0000-0000-0000-000000000110,DIRECT_TRANSFER,1,26808.6,2026-02-15T04:55:00+00:00,2026-02-15T04:55:00+00:00,False,0.7
c2000000-0000-0000-0000-000000002014,c1000000-0000-0000-0000-000000000096,c1000000-0000-0000-0000-000000000110,DIRECT_TRANSFER,1,19889.84,2026-02-16T03:25:00+00:00,2026-02-16T03:25:00+00:00,False,0.7
c2000000-0000-0000-0000-000000002015,c1000000-0000-0000-0000-000000000030,c1000000-0000-0000-0000-000000000120,DIRECT_TRANSFER,1,22984.78,2026-02-17T03:31:00+00:00,2026-02-17T03:31:00+00:00,False,0.7
c2000000-0000-0000-0000-000000002016,c1000000-0000-0000-0000-000000000060,c1000000-0000-0000-0000-000000000117,DIRECT_TRANSFER,1,17608.28,2026-02-18T02:29:00+00:00,2026-02-18T02:29:00+00:00,False,0.7
c2000000-0000-0000-0000-000000002017,c1000000-0000-0000-0000-000000000007,c1000000-0000-0000-0000-000000000113,DIRECT_TRANSFER,1,27800.46,2026-02-19T02:57:00+00:00,2026-02-19T02:57:00+00:00,False,0.7
c2000000-0000-0000-0000-000000002018,c1000000-0000-0000-0000-000000000038,c1000000-0000-0000-0000-000000000117,DIRECT_TRANSFER,1,24301.79,2026-02-20T01:22:00+00:00,2026-02-20T01:22:00+00:00,False,0.7
c2000000-0000-0000-0000-000000002019,c1000000-0000-0000-0000-000000000084,c1000000-0000-0000-0000-000000000119,DIRECT_TRANSFER,1,20879.02,2026-02-21T01:38:00+00:00,2026-02-21T01:38:00+00:00,False,0.7
c2000000-0000-0000-0000-000000002020,c1000000-0000-0000-0000-000000000066,c1000000-0000-0000-0000-000000000123,DIRECT_TRANSFER,1,33679.54,2026-02-22T04:02:00+00:00,2026-02-22T04:02:00+00:00,False,0.7
c2000000-0000-0000-0000-000000002021,c1000000-0000-0000-0000-000000000062,c1000000-0000-0000-0000-000000000108,DIRECT_TRANSFER,1,18869.59,2026-02-23T03:21:00+00:00,2026-02-23T03:21:00+00:00,False,0.7
c2000000-0000-0000-0000-000000002022,c1000000-0000-0000-0000-000000000065,c1000000-0000-0000-0000-000000000111,DIRECT_TRANSFER,1,17918.78,2026-02-24T01:06:00+00:00,2026-02-24T01:06:00+00:00,False,0.7
c2000000-0000-0000-0000-000000002023,c1000000-0000-0000-0000-000000000072,c1000000-0000-0000-0000-000000000114,DIRECT_TRANSFER,1,25190.13,2026-02-25T01:01:00+00:00,2026-02-25T01:01:00+00:00,False,0.7
c2000000-0000-0000-0000-000000002024,c1000000-0000-0000-0000-000000000067,c1000000-0000-0000-0000-000000000117,DIRECT_TRANSFER,1,23068.24,2026-02-26T01:28:00+00:00,2026-02-26T01:28:00+00:00,False,0.7
c2000000-0000-0000-0000-000000002025,c1000000-0000-0000-0000-000000000079,c1000000-0000-0000-0000-000000000120,DIRECT_TRANSFER,1,21530.89,2026-02-27T03:39:00+00:00,2026-02-27T03:39:00+00:00,False,0.7
c2000000-0000-0000-0000-000000002026,c1000000-0000-0000-0000-000000000007,c1000000-0000-0000-0000-000000000131,DIRECT_TRANSFER,1,23767.96,2026-02-28T01:56:00+00:00,2026-02-28T01:56:00+00:00,False,0.7
c2000000-0000-0000-0000-000000002027,c1000000-0000-0000-0000-000000000056,c1000000-0000-0000-0000-000000000130,DIRECT_TRANSFER,1,30586.16,2026-03-01T01:42:00+00:00,2026-03-01T01:42:00+00:00,False,0.7
c2000000-0000-0000-0000-000000002028,c1000000-0000-0000-0000-000000000043,c1000000-0000-0000-0000-000000000127,DIRECT_TRANSFER,1,29450.87,2026-03-03T04:46:00+00:00,2026-03-03T04:46:00+00:00,False,0.7
c2000000-0000-0000-0000-000000002029,c1000000-0000-0000-0000-000000000051,c1000000-0000-0000-0000-000000000113,DIRECT_TRANSFER,1,21058.21,2026-03-05T01:02:00+00:00,2026-03-05T01:02:00+00:00,False,0.7
c2000000-0000-0000-0000-000000002030,c1000000-0000-0000-0000-000000000018,c1000000-0000-0000-0000-000000000112,DIRECT_TRANSFER,1,18873.29,2026-03-06T04:36:00+00:00,2026-03-06T04:36:00+00:00,False,0.7
c2000000-0000-0000-0000-000000002031,c1000000-0000-0000-0000-000000000020,c1000000-0000-0000-0000-000000000119,DIRECT_TRANSFER,1,19212.32,2026-03-07T03:58:00+00:00,2026-03-07T03:58:00+00:00,False,0.7
c2000000-0000-0000-0000-000000002032,c1000000-0000-0000-0000-000000000009,c1000000-0000-0000-0000-000000000111,DIRECT_TRANSFER,1,29544.76,2026-03-08T01:16:00+00:00,2026-03-08T01:16:00+00:00,False,0.7
c2000000-0000-0000-0000-000000002033,c1000000-0000-0000-0000-000000000009,c1000000-0000-0000-0000-000000000029,DIRECT_TRANSFER,1,24377.78,2026-03-09T02:00:00+00:00,2026-03-09T02:00:00+00:00,False,0.7
c2000000-0000-0000-0000-000000002034,c1000000-0000-0000-0000-000000000087,c1000000-0000-0000-0000-000000000064,DIRECT_TRANSFER,1,22351.21,2026-03-09T05:00:00+00:00,2026-03-09T05:00:00+00:00,False,0.7
c2000000-0000-0000-0000-000000002035,c1000000-0000-0000-0000-000000000104,c1000000-0000-0000-0000-000000000044,DIRECT_TRANSFER,1,21048.02,2026-03-09T08:00:00+00:00,2026-03-09T08:00:00+00:00,False,0.7
c2000000-0000-0000-0000-000000002036,c1000000-0000-0000-0000-000000000034,c1000000-0000-0000-0000-000000000074,DIRECT_TRANSFER,1,22322.12,2026-03-09T11:00:00+00:00,2026-03-09T11:00:00+00:00,False,0.7
c2000000-0000-0000-0000-000000002037,c1000000-0000-0000-0000-000000000068,c1000000-0000-0000-0000-000000000020,DIRECT_TRANSFER,1,21860.03,2026-03-09T14:00:00+00:00,2026-03-09T14:00:00+00:00,False,0.7
c2000000-0000-0000-0000-000000002038,c1000000-0000-0000-0000-000000000032,c1000000-0000-0000-0000-000000000029,DIRECT_TRANSFER,1,21142.07,2026-03-09T17:00:00+00:00,2026-03-09T17:00:00+00:00,False,0.7
c2000000-0000-0000-0000-000000002039,c1000000-0000-0000-0000-000000000043,c1000000-0000-0000-0000-000000000066,DIRECT_TRANSFER,1,24322.95,2026-03-09T20:00:00+00:00,2026-03-09T20:00:00+00:00,False,0.7
c2000000-0000-0000-0000-000000002040,c1000000-0000-0000-0000-000000000052,c1000000-0000-0000-0000-000000000007,DIRECT_TRANSFER,1,23610.32,2026-03-09T23:00:00+00:00,2026-03-09T23:00:00+00:00,False,0.7
c2000000-0000-0000-0000-000000002041,c1000000-0000-0000-0000-000000000014,c1000000-0000-0000-0000-000000000019,DIRECT_TRANSFER,1,23092.6,2026-03-10T02:00:00+00:00,2026-03-10T02:00:00+00:00,False,0.7
c2000000-0000-0000-0000-000000002042,c1000000-0000-0000-0000-000000000032,c1000000-0000-0000-0000-000000000060,DIRECT_TRANSFER,1,18640.88,2026-03-10T05:00:00+00:00,2026-03-10T05:00:00+00:00,False,0.7
c2000000-0000-0000-0000-000000002043,c1000000-0000-0000-0000-000000000054,c1000000-0000-0000-0000-000000000073,DIRECT_TRANSFER,1,18527.34,2026-03-10T11:00:00+00:00,2026-03-10T11:00:00+00:00,False,0.7
c2000000-0000-0000-0000-000000002044,c1000000-0000-0000-0000-000000000021,c1000000-0000-0000-0000-000000000080,DIRECT_TRANSFER,1,24034.66,2026-03-10T14:00:00+00:00,2026-03-10T14:00:00+00:00,False,0.7
c2000000-0000-0000-0000-000000002045,c1000000-0000-0000-0000-000000000009,c1000000-0000-0000-0000-000000000100,DIRECT_TRANSFER,1,23780.49,2026-03-10T17:00:00+00:00,2026-03-10T17:00:00+00:00,False,0.7
c2000000-0000-0000-0000-000000002046,c1000000-0000-0000-0000-000000000056,c1000000-0000-0000-0000-000000000052,DIRECT_TRANSFER,1,20692.45,2026-03-10T20:00:00+00:00,2026-03-10T20:00:00+00:00,False,0.7
c2000000-0000-0000-0000-000000002047,c1000000-0000-0000-0000-000000000004,c1000000-0000-0000-0000-000000000043,DIRECT_TRANSFER,1,20002.05,2026-03-10T23:00:00+00:00,2026-03-10T23:00:00+00:00,False,0.7
c2000000-0000-0000-0000-000000002048,c1000000-0000-0000-0000-000000000063,c1000000-0000-0000-0000-000000000003,DIRECT_TRANSFER,1,19391.19,2026-03-11T02:00:00+00:00,2026-03-11T02:00:00+00:00,False,0.7
c2000000-0000-0000-0000-000000002049,c1000000-0000-0000-0000-000000000056,c1000000-0000-0000-0000-000000000031,DIRECT_TRANSFER,1,21968.72,2026-03-11T05:00:00+00:00,2026-03-11T05:00:00+00:00,False,0.7
c2000000-0000-0000-0000-000000002050,c1000000-0000-0000-0000-000000000022,c1000000-0000-0000-0000-000000000044,DIRECT_TRANSFER,1,20126.43,2026-03-11T08:00:00+00:00,2026-03-11T08:00:00+00:00,False,0.7
c2000000-0000-0000-0000-000000002051,c1000000-0000-0000-0000-000000000049,c1000000-0000-0000-0000-000000000011,DIRECT_TRANSFER,1,18535.02,2026-03-11T11:00:00+00:00,2026-03-11T11:00:00+00:00,False,0.7
c2000000-0000-0000-0000-000000002052,c1000000-0000-0000-0000-000000000095,c1000000-0000-0000-0000-000000000002,DIRECT_TRANSFER,1,20785.53,2026-03-11T14:00:00+00:00,2026-03-11T14:00:00+00:00,False,0.7
c2000000-0000-0000-0000-000000002053,c1000000-0000-0000-0000-000000000012,c1000000-0000-0000-0000-000000000102,DIRECT_TRANSFER,1,18333.83,2026-03-11T17:00:00+00:00,2026-03-11T17:00:00+00:00,False,0.7
c2000000-0000-0000-0000-000000002054,c1000000-0000-0000-0000-000000000061,c1000000-0000-0000-0000-000000000023,DIRECT_TRANSFER,1,19894.25,2026-03-11T20:00:00+00:00,2026-03-11T20:00:00+00:00,False,0.7
c2000000-0000-0000-0000-000000002055,c1000000-0000-0000-0000-000000000047,c1000000-0000-0000-0000-000000000087,DIRECT_TRANSFER,1,21717.98,2026-03-11T23:00:00+00:00,2026-03-11T23:00:00+00:00,False,0.7
c2000000-0000-0000-0000-000000002056,c1000000-0000-0000-0000-000000000006,c1000000-0000-0000-0000-000000000022,DIRECT_TRANSFER,1,18649.81,2026-03-12T02:00:00+00:00,2026-03-12T02:00:00+00:00,False,0.7
c2000000-0000-0000-0000-000000002057,c1000000-0000-0000-0000-000000000075,c1000000-0000-0000-0000-000000000011,DIRECT_TRANSFER,1,18001.39,2026-03-12T05:00:00+00:00,2026-03-12T05:00:00+00:00,False,0.7
c2000000-0000-0000-0000-000000002058,c1000000-0000-0000-0000-000000000025,c1000000-0000-0000-0000-000000000102,DIRECT_TRANSFER,1,20540.62,2026-03-12T08:00:00+00:00,2026-03-12T08:00:00+00:00,False,0.7
c2000000-0000-0000-0000-000000002059,c1000000-0000-0000-0000-000000000063,c1000000-0000-0000-0000-000000000014,DIRECT_TRANSFER,1,19894.28,2026-03-12T11:00:00+00:00,2026-03-12T11:00:00+00:00,False,0.7
c2000000-0000-0000-0000-000000002060,c1000000-0000-0000-0000-000000000068,c1000000-0000-0000-0000-000000000010,DIRECT_TRANSFER,1,18422.13,2026-03-12T14:00:00+00:00,2026-03-12T14:00:00+00:00,False,0.7
c2000000-0000-0000-0000-000000002061,c1000000-0000-0000-0000-000000000078,c1000000-0000-0000-0000-000000000034,DIRECT_TRANSFER,1,23044.49,2026-03-12T17:00:00+00:00,2026-03-12T17:00:00+00:00,False,0.7
c2000000-0000-0000-0000-000000002062,c1000000-0000-0000-0000-000000000037,c1000000-0000-0000-0000-000000000005,DIRECT_TRANSFER,1,20201.27,2026-03-12T23:00:00+00:00,2026-03-12T23:00:00+00:00,False,0.7
c2000000-0000-0000-0000-000000002063,c1000000-0000-0000-0000-000000000021,c1000000-0000-0000-0000-000000000089,DIRECT_TRANSFER,1,20941.3,2026-03-13T02:00:00+00:00,2026-03-13T02:00:00+00:00,False,0.7
c2000000-0000-0000-0000-000000002064,c1000000-0000-0000-0000-000000000066,c1000000-0000-0000-0000-000000000040,DIRECT_TRANSFER,1,22586.77,2026-03-13T05:00:00+00:00,2026-03-13T05:00:00+00:00,False,0.7
c2000000-0000-0000-0000-000000002065,c1000000-0000-0000-0000-000000000052,c1000000-0000-0000-0000-000000000119,DIRECT_TRANSFER,1,42981.11,2026-03-15T05:00:00+00:00,2026-03-15T05:00:00+00:00,False,0.7
c2000000-0000-0000-0000-000000002066,c1000000-0000-0000-0000-000000000102,c1000000-0000-0000-0000-000000000115,DIRECT_TRANSFER,1,39322.64,2026-03-17T05:00:00+00:00,2026-03-17T05:00:00+00:00,False,0.7
c2000000-0000-0000-0000-000000002067,c1000000-0000-0000-0000-000000000031,c1000000-0000-0000-0000-000000000120,DIRECT_TRANSFER,1,25866.74,2026-03-19T05:00:00+00:00,2026-03-19T05:00:00+00:00,False,0.7
c2000000-0000-0000-0000-000000002068,c1000000-0000-0000-0000-000000000005,c1000000-0000-0000-0000-000000000108,DIRECT_TRANSFER,1,23527.45,2026-03-21T05:00:00+00:00,2026-03-21T05:00:00+00:00,False,0.7
c2000000-0000-0000-0000-000000002069,c1000000-0000-0000-0000-000000000016,c1000000-0000-0000-0000-000000000110,DIRECT_TRANSFER,1,24799.54,2026-03-23T05:00:00+00:00,2026-03-23T05:00:00+00:00,False,0.7
c2000000-0000-0000-0000-000000002070,c1000000-0000-0000-0000-000000000017,c1000000-0000-0000-0000-000000000110,DIRECT_TRANSFER,1,40792.01,2026-03-25T05:00:00+00:00,2026-03-25T05:00:00+00:00,False,0.7
c2000000-0000-0000-0000-000000002071,c1000000-0000-0000-0000-000000000099,c1000000-0000-0000-0000-000000000116,DIRECT_TRANSFER,1,39880.87,2026-03-27T05:00:00+00:00,2026-03-27T05:00:00+00:00,False,0.7
c2000000-0000-0000-0000-000000002072,c1000000-0000-0000-0000-000000000031,c1000000-0000-0000-0000-000000000128,DIRECT_TRANSFER,1,34521.52,2026-03-29T05:00:00+00:00,2026-03-29T05:00:00+00:00,False,0.7
c2000000-0000-0000-0000-000000002073,c1000000-0000-0000-0000-000000000016,c1000000-0000-0000-0000-000000000126,DIRECT_TRANSFER,1,39375.0,2026-03-31T05:00:00+00:00,2026-03-31T05:00:00+00:00,False,0.7
c2000000-0000-0000-0000-000000002074,c1000000-0000-0000-0000-000000000071,c1000000-0000-0000-0000-000000000129,DIRECT_TRANSFER,1,37279.44,2026-04-02T05:00:00+00:00,2026-04-02T05:00:00+00:00,False,0.7
c2000000-0000-0000-0000-000000002075,c1000000-0000-0000-0000-000000000091,c1000000-0000-0000-0000-000000000112,DIRECT_TRANSFER,1,45285.33,2026-04-04T05:00:00+00:00,2026-04-04T05:00:00+00:00,False,0.7
c2000000-0000-0000-0000-000000002076,c1000000-0000-0000-0000-000000000005,c1000000-0000-0000-0000-000000000117,DIRECT_TRANSFER,1,26069.8,2026-04-06T05:00:00+00:00,2026-04-06T05:00:00+00:00,False,0.7
c2000000-0000-0000-0000-000000002077,c1000000-0000-0000-0000-000000000045,c1000000-0000-0000-0000-000000000108,DIRECT_TRANSFER,1,23271.72,2026-04-08T05:00:00+00:00,2026-04-08T05:00:00+00:00,False,0.7
c2000000-0000-0000-0000-000000002078,c1000000-0000-0000-0000-000000000103,c1000000-0000-0000-0000-000000000114,DIRECT_TRANSFER,1,32128.54,2026-04-10T05:00:00+00:00,2026-04-10T05:00:00+00:00,False,0.7
c2000000-0000-0000-0000-000000002079,c1000000-0000-0000-0000-000000000064,c1000000-0000-0000-0000-000000000120,DIRECT_TRANSFER,1,39116.57,2026-04-12T05:00:00+00:00,2026-04-12T05:00:00+00:00,False,0.7
c2000000-0000-0000-0000-000000002080,c1000000-0000-0000-0000-000000000101,c1000000-0000-0000-0000-000000000128,DIRECT_TRANSFER,1,44426.93,2026-04-14T05:00:00+00:00,2026-04-14T05:00:00+00:00,False,0.7
c2000000-0000-0000-0000-000000002081,c1000000-0000-0000-0000-000000000018,c1000000-0000-0000-0000-000000000132,DIRECT_TRANSFER,1,30499.61,2026-04-16T05:00:00+00:00,2026-04-16T05:00:00+00:00,False,0.7
c2000000-0000-0000-0000-000000002082,c1000000-0000-0000-0000-000000000091,c1000000-0000-0000-0000-000000000119,DIRECT_TRANSFER,1,39118.53,2026-04-18T05:00:00+00:00,2026-04-18T05:00:00+00:00,False,0.7
c2000000-0000-0000-0000-000000002083,c1000000-0000-0000-0000-000000000097,c1000000-0000-0000-0000-000000000124,DIRECT_TRANSFER,1,44571.48,2026-04-20T05:00:00+00:00,2026-04-20T05:00:00+00:00,False,0.7
c2000000-0000-0000-0000-000000002084,c1000000-0000-0000-0000-000000000001,c1000000-0000-0000-0000-000000000131,DIRECT_TRANSFER,1,26268.66,2026-04-22T05:00:00+00:00,2026-04-22T05:00:00+00:00,False,0.7
c2000000-0000-0000-0000-000000002085,c1000000-0000-0000-0000-000000000054,c1000000-0000-0000-0000-000000000108,DIRECT_TRANSFER,1,34659.25,2026-04-24T05:00:00+00:00,2026-04-24T05:00:00+00:00,False,0.7
c2000000-0000-0000-0000-000000002086,c1000000-0000-0000-0000-000000000043,c1000000-0000-0000-0000-000000000110,DIRECT_TRANSFER,1,23092.66,2026-04-26T05:00:00+00:00,2026-04-26T05:00:00+00:00,False,0.7
c2000000-0000-0000-0000-000000002087,c1000000-0000-0000-0000-000000000036,c1000000-0000-0000-0000-000000000112,DIRECT_TRANSFER,1,40740.39,2026-04-30T05:00:00+00:00,2026-04-30T05:00:00+00:00,False,0.7
c2000000-0000-0000-0000-000000002088,c1000000-0000-0000-0000-000000000005,c1000000-0000-0000-0000-000000000130,DIRECT_TRANSFER,1,22239.85,2026-05-02T05:00:00+00:00,2026-05-02T05:00:00+00:00,False,0.7
c2000000-0000-0000-0000-000000002089,c1000000-0000-0000-0000-000000000092,c1000000-0000-0000-0000-000000000116,DIRECT_TRANSFER,1,42805.42,2026-05-04T05:00:00+00:00,2026-05-04T05:00:00+00:00,False,0.7
c2000000-0000-0000-0000-000000002090,c1000000-0000-0000-0000-000000000044,c1000000-0000-0000-0000-000000000106,DIRECT_TRANSFER,1,24719.53,2026-05-06T05:00:00+00:00,2026-05-06T05:00:00+00:00,False,0.7
c2000000-0000-0000-0000-000000002091,c1000000-0000-0000-0000-000000000065,c1000000-0000-0000-0000-000000000112,DIRECT_TRANSFER,1,27487.61,2026-05-08T05:00:00+00:00,2026-05-08T05:00:00+00:00,False,0.7
c2000000-0000-0000-0000-000000002092,c1000000-0000-0000-0000-000000000088,c1000000-0000-0000-0000-000000000127,DIRECT_TRANSFER,1,44302.13,2026-05-10T05:00:00+00:00,2026-05-10T05:00:00+00:00,False,0.7
c2000000-0000-0000-0000-000000002093,c1000000-0000-0000-0000-000000000065,c1000000-0000-0000-0000-000000000114,DIRECT_TRANSFER,1,35802.6,2026-05-12T05:00:00+00:00,2026-05-12T05:00:00+00:00,False,0.7
c2000000-0000-0000-0000-000000002094,c1000000-0000-0000-0000-000000000068,c1000000-0000-0000-0000-000000000124,DIRECT_TRANSFER,1,37924.06,2026-05-14T05:00:00+00:00,2026-05-14T05:00:00+00:00,False,0.7
c2000000-0000-0000-0000-000000002095,c1000000-0000-0000-0000-000000000026,c1000000-0000-0000-0000-000000000119,DIRECT_TRANSFER,1,42012.51,2026-05-16T05:00:00+00:00,2026-05-16T05:00:00+00:00,False,0.7
c2000000-0000-0000-0000-000000002096,c1000000-0000-0000-0000-000000000103,c1000000-0000-0000-0000-000000000107,DIRECT_TRANSFER,1,33828.77,2026-05-18T05:00:00+00:00,2026-05-18T05:00:00+00:00,False,0.7
c2000000-0000-0000-0000-000000002097,c1000000-0000-0000-0000-000000000076,c1000000-0000-0000-0000-000000000123,DIRECT_TRANSFER,1,29545.03,2026-05-20T05:00:00+00:00,2026-05-20T05:00:00+00:00,False,0.7
c2000000-0000-0000-0000-000000002098,c1000000-0000-0000-0000-000000000001,c1000000-0000-0000-0000-000000000149,FAN_IN_MULE,1,24135.61,2026-05-20T09:05:00+00:00,2026-05-20T09:05:00+00:00,False,0.85
c2000000-0000-0000-0000-000000002099,c1000000-0000-0000-0000-000000000002,c1000000-0000-0000-0000-000000000149,FAN_IN_MULE,1,24425.87,2026-05-20T09:07:00+00:00,2026-05-20T09:07:00+00:00,False,0.85
c2000000-0000-0000-0000-000000002100,c1000000-0000-0000-0000-000000000003,c1000000-0000-0000-0000-000000000149,FAN_IN_MULE,1,24479.61,2026-05-20T09:09:00+00:00,2026-05-20T09:09:00+00:00,False,0.85
c2000000-0000-0000-0000-000000002101,c1000000-0000-0000-0000-000000000004,c1000000-0000-0000-0000-000000000149,FAN_IN_MULE,1,24843.24,2026-05-20T09:14:00+00:00,2026-05-20T09:14:00+00:00,False,0.85
c2000000-0000-0000-0000-000000002102,c1000000-0000-0000-0000-000000000005,c1000000-0000-0000-0000-000000000149,FAN_IN_MULE,1,24557.52,2026-05-20T09:20:00+00:00,2026-05-20T09:20:00+00:00,False,0.85
c2000000-0000-0000-0000-000000002103,c1000000-0000-0000-0000-000000000006,c1000000-0000-0000-0000-000000000149,FAN_IN_MULE,1,24767.84,2026-05-20T09:24:00+00:00,2026-05-20T09:24:00+00:00,False,0.85
c2000000-0000-0000-0000-000000002104,c1000000-0000-0000-0000-000000000007,c1000000-0000-0000-0000-000000000149,FAN_IN_MULE,1,24311.76,2026-05-20T09:29:00+00:00,2026-05-20T09:29:00+00:00,False,0.85
c2000000-0000-0000-0000-000000002105,c1000000-0000-0000-0000-000000000008,c1000000-0000-0000-0000-000000000149,FAN_IN_MULE,1,24753.39,2026-05-20T09:31:00+00:00,2026-05-20T09:31:00+00:00,False,0.85
c2000000-0000-0000-0000-000000002106,c1000000-0000-0000-0000-000000000009,c1000000-0000-0000-0000-000000000149,FAN_IN_MULE,1,24303.31,2026-05-20T09:37:00+00:00,2026-05-20T09:37:00+00:00,False,0.85
c2000000-0000-0000-0000-000000002107,c1000000-0000-0000-0000-000000000010,c1000000-0000-0000-0000-000000000149,FAN_IN_MULE,1,24524.59,2026-05-20T09:39:00+00:00,2026-05-20T09:39:00+00:00,False,0.85
c2000000-0000-0000-0000-000000002108,c1000000-0000-0000-0000-000000000011,c1000000-0000-0000-0000-000000000149,FAN_IN_MULE,1,24861.61,2026-05-20T09:42:00+00:00,2026-05-20T09:42:00+00:00,False,0.85
c2000000-0000-0000-0000-000000002109,c1000000-0000-0000-0000-000000000012,c1000000-0000-0000-0000-000000000149,FAN_IN_MULE,1,24417.58,2026-05-20T09:45:00+00:00,2026-05-20T09:45:00+00:00,False,0.85
c2000000-0000-0000-0000-000000002110,c1000000-0000-0000-0000-000000000013,c1000000-0000-0000-0000-000000000149,FAN_IN_MULE,1,24866.91,2026-05-20T09:47:00+00:00,2026-05-20T09:47:00+00:00,False,0.85
c2000000-0000-0000-0000-000000002111,c1000000-0000-0000-0000-000000000014,c1000000-0000-0000-0000-000000000149,FAN_IN_MULE,1,24528.21,2026-05-20T09:51:00+00:00,2026-05-20T09:51:00+00:00,False,0.85
c2000000-0000-0000-0000-000000002112,c1000000-0000-0000-0000-000000000015,c1000000-0000-0000-0000-000000000149,FAN_IN_MULE,1,24851.93,2026-05-20T09:57:00+00:00,2026-05-20T09:57:00+00:00,False,0.85
c2000000-0000-0000-0000-000000002113,c1000000-0000-0000-0000-000000000016,c1000000-0000-0000-0000-000000000149,FAN_IN_MULE,1,24794.84,2026-05-20T10:03:00+00:00,2026-05-20T10:03:00+00:00,False,0.85
c2000000-0000-0000-0000-000000002114,c1000000-0000-0000-0000-000000000017,c1000000-0000-0000-0000-000000000149,FAN_IN_MULE,1,24715.12,2026-05-20T10:07:00+00:00,2026-05-20T10:07:00+00:00,False,0.85
c2000000-0000-0000-0000-000000002115,c1000000-0000-0000-0000-000000000018,c1000000-0000-0000-0000-000000000149,FAN_IN_MULE,1,24497.31,2026-05-20T10:09:00+00:00,2026-05-20T10:09:00+00:00,False,0.85
c2000000-0000-0000-0000-000000002116,c1000000-0000-0000-0000-000000000019,c1000000-0000-0000-0000-000000000149,FAN_IN_MULE,1,24527.27,2026-05-20T10:12:00+00:00,2026-05-20T10:12:00+00:00,False,0.85
c2000000-0000-0000-0000-000000002117,c1000000-0000-0000-0000-000000000020,c1000000-0000-0000-0000-000000000149,FAN_IN_MULE,1,24723.74,2026-05-20T10:16:00+00:00,2026-05-20T10:16:00+00:00,False,0.85
c2000000-0000-0000-0000-000000002118,c1000000-0000-0000-0000-000000000021,c1000000-0000-0000-0000-000000000149,FAN_IN_MULE,1,24840.5,2026-05-20T10:19:00+00:00,2026-05-20T10:19:00+00:00,False,0.85
c2000000-0000-0000-0000-000000002119,c1000000-0000-0000-0000-000000000022,c1000000-0000-0000-0000-000000000149,FAN_IN_MULE,1,24680.58,2026-05-20T10:25:00+00:00,2026-05-20T10:25:00+00:00,False,0.85
c2000000-0000-0000-0000-000000002120,c1000000-0000-0000-0000-000000000023,c1000000-0000-0000-0000-000000000149,FAN_IN_MULE,1,24624.88,2026-05-20T10:31:00+00:00,2026-05-20T10:31:00+00:00,False,0.85
c2000000-0000-0000-0000-000000002121,c1000000-0000-0000-0000-000000000024,c1000000-0000-0000-0000-000000000149,FAN_IN_MULE,1,24163.74,2026-05-20T10:36:00+00:00,2026-05-20T10:36:00+00:00,False,0.85
c2000000-0000-0000-0000-000000002122,c1000000-0000-0000-0000-000000000025,c1000000-0000-0000-0000-000000000149,FAN_IN_MULE,1,24857.26,2026-05-20T10:39:00+00:00,2026-05-20T10:39:00+00:00,False,0.85
c2000000-0000-0000-0000-000000002123,c1000000-0000-0000-0000-000000000026,c1000000-0000-0000-0000-000000000149,FAN_IN_MULE,1,24203.9,2026-05-20T10:41:00+00:00,2026-05-20T10:41:00+00:00,False,0.85
c2000000-0000-0000-0000-000000002124,c1000000-0000-0000-0000-000000000027,c1000000-0000-0000-0000-000000000149,FAN_IN_MULE,1,24235.22,2026-05-20T10:45:00+00:00,2026-05-20T10:45:00+00:00,False,0.85
c2000000-0000-0000-0000-000000002125,c1000000-0000-0000-0000-000000000028,c1000000-0000-0000-0000-000000000149,FAN_IN_MULE,1,24432.46,2026-05-20T10:49:00+00:00,2026-05-20T10:49:00+00:00,False,0.85
c2000000-0000-0000-0000-000000002126,c1000000-0000-0000-0000-000000000029,c1000000-0000-0000-0000-000000000149,FAN_IN_MULE,1,24263.27,2026-05-20T10:54:00+00:00,2026-05-20T10:54:00+00:00,False,0.85
c2000000-0000-0000-0000-000000002127,c1000000-0000-0000-0000-000000000030,c1000000-0000-0000-0000-000000000149,FAN_IN_MULE,1,24178.08,2026-05-20T10:58:00+00:00,2026-05-20T10:58:00+00:00,False,0.85
c2000000-0000-0000-0000-000000002128,c1000000-0000-0000-0000-000000000007,c1000000-0000-0000-0000-000000000008,DIRECT_TRANSFER,34,169966.0,2026-05-20T11:01:00+00:00,2026-05-20T12:03:00+00:00,False,0.7
c2000000-0000-0000-0000-000000002129,c1000000-0000-0000-0000-000000000031,c1000000-0000-0000-0000-000000000149,FAN_IN_MULE,1,24347.59,2026-05-20T11:02:00+00:00,2026-05-20T11:02:00+00:00,False,0.85
c2000000-0000-0000-0000-000000002130,c1000000-0000-0000-0000-000000000032,c1000000-0000-0000-0000-000000000149,FAN_IN_MULE,1,24611.22,2026-05-20T11:08:00+00:00,2026-05-20T11:08:00+00:00,False,0.85
c2000000-0000-0000-0000-000000002131,c1000000-0000-0000-0000-000000000033,c1000000-0000-0000-0000-000000000149,FAN_IN_MULE,1,24798.58,2026-05-20T11:11:00+00:00,2026-05-20T11:11:00+00:00,False,0.85
c2000000-0000-0000-0000-000000002132,c1000000-0000-0000-0000-000000000034,c1000000-0000-0000-0000-000000000149,FAN_IN_MULE,1,24862.87,2026-05-20T11:13:00+00:00,2026-05-20T11:13:00+00:00,False,0.85
c2000000-0000-0000-0000-000000002133,c1000000-0000-0000-0000-000000000004,c1000000-0000-0000-0000-000000000005,CIRCULAR_LOOP,11,214500.0,2026-05-21T05:12:00+00:00,2026-05-21T10:59:00+00:00,True,0.78
c2000000-0000-0000-0000-000000002134,c1000000-0000-0000-0000-000000000005,c1000000-0000-0000-0000-000000000006,CIRCULAR_LOOP,11,213400.0,2026-05-21T05:22:00+00:00,2026-05-21T11:07:00+00:00,True,0.78
c2000000-0000-0000-0000-000000002135,c1000000-0000-0000-0000-000000000006,c1000000-0000-0000-0000-000000000004,CIRCULAR_LOOP,11,212300.0,2026-05-21T05:37:00+00:00,2026-05-21T11:22:00+00:00,True,0.78
c2000000-0000-0000-0000-000000002136,c1000000-0000-0000-0000-000000000009,c1000000-0000-0000-0000-000000000142,FAN_IN_MULE,11,385000.0,2026-05-22T05:06:00+00:00,2026-05-22T09:00:00+00:00,False,0.85
c2000000-0000-0000-0000-000000002137,c1000000-0000-0000-0000-000000000142,c1000000-0000-0000-0000-000000000149,FAN_IN_MULE,11,379500.0,2026-05-22T05:15:00+00:00,2026-05-22T09:07:00+00:00,False,0.85
c2000000-0000-0000-0000-000000002138,c1000000-0000-0000-0000-000000000149,c1000000-0000-0000-0000-000000000106,FAN_IN_MULE,11,374000.0,2026-05-22T05:24:00+00:00,2026-05-22T09:15:00+00:00,False,0.85
