id,tx_hash,sender_wallet_id,receiver_wallet_id,tx_type,amount,fee,status,device_id,location_id,timestamp,pattern_id,pattern_code,pattern_name,typology,evidence_features,is_fraud,is_anomaly,scenario_id
e1000000-0000-0000-0000-000000000001,tx_norm_000058_fbf6e1,c1000000-0000-0000-0000-000000000094,c1000000-0000-0000-0000-000000000138,PAYMENT,1481.0,0.0,COMPLETED,d1000000-0000-0000-0000-000000000020,b1000000-0000-0000-0000-000000000014,2026-01-15T08:06:38+00:00,1,NORMAL_TRANSACTION,Normal Transaction,NORMAL,[],0,0,NORMAL_BASELINE
e1000000-0000-0000-0000-000000000002,tx_norm_000077_c3fe01,c1000000-0000-0000-0000-000000000099,c1000000-0000-0000-0000-000000000133,PAYMENT,2763.03,0.0,COMPLETED,d1000000-0000-0000-0000-000000000004,b1000000-0000-0000-0000-000000000010,2026-01-15T08:13:53+00:00,1,NORMAL_TRANSACTION,Normal Transaction,NORMAL,[],0,0,NORMAL_BASELINE
e1000000-0000-0000-0000-000000000003,tx_norm_000044_2260e7,c1000000-0000-0000-0000-000000000085,c1000000-0000-0000-0000-000000000134,PAYMENT,3013.74,0.0,COMPLETED,d1000000-0000-0000-0000-000000000026,b1000000-0000-0000-0000-000000000006,2026-01-15T08:42:52+00:00,1,NORMAL_TRANSACTION,Normal Transaction,NORMAL,[],0,0,NORMAL_BASELINE
e1000000-0000-0000-0000-000000000004,tx_norm_000001_bd9c66,c1000000-0000-0000-0000-000000000018,c1000000-0000-0000-0000-000000000096,P2P,640.73,5.0,COMPLETED,d1000000-0000-0000-0000-000000000027,b1000000-0000-0000-0000-000000000002,2026-01-15T08:47:17+00:00,1,NORMAL_TRANSACTION,Normal Transaction,NORMAL,[],0,0,NORMAL_BASELINE
e1000000-0000-0000-0000-000000000005,tx_norm_000027_36d839,c1000000-0000-0000-0000-000000000031,c1000000-0000-0000-0000-000000000037,P2P,3076.6,5.0,COMPLETED,d1000000-0000-0000-0000-000000000004,b1000000-0000-0000-0000-000000000010,2026-01-15T08:55:21+00:00,1,NORMAL_TRANSACTION,Normal Transaction,NORMAL,[],0,0,NORMAL_BASELINE
e1000000-0000-0000-0000-000000000006,tx_norm_000042_e18050,c1000000-0000-0000-0000-000000000034,c1000000-0000-0000-0000-000000000017,P2P,4213.02,5.0,COMPLETED,d1000000-0000-0000-0000-000000000004,b1000000-0000-0000-0000-000000000012,2026-01-15T09:04:34+00:00,1,NORMAL_TRANSACTION,Normal Transaction,NORMAL,[],0,0,NORMAL_BASELINE
e1000000-0000-0000-0000-000000000007,tx_norm_000018_436d76,c1000000-0000-0000-0000-000000000001,c1000000-0000-0000-0000-000000000094,P2P,3966.17,5.0,COMPLETED,d1000000-0000-0000-0000-000000000009,b1000000-0000-0000-0000-000000000008,2026-01-15T09:18:27+00:00,1,NORMAL_TRANSACTION,Normal Transaction,NORMAL,[],0,0,NORMAL_BASELINE
e1000000-0000-0000-0000-000000000008,tx_norm_000059_006ed6,c1000000-0000-0000-0000-000000000033,c1000000-0000-0000-0000-000000000133,PAYMENT,2311.8,0.0,COMPLETED,d1000000-0000-0000-0000-000000000030,b1000000-0000-0000-0000-000000000017,2026-01-15T09:24:57+00:00,1,NORMAL_TRANSACTION,Normal Transaction,NORMAL,[],0,0,NORMAL_BASELINE
e1000000-0000-0000-0000-000000000009,tx_norm_000002_9a1de6,c1000000-0000-0000-0000-000000000012,c1000000-0000-0000-0000-000000000029,P2P,1200.44,5.0,COMPLETED,d1000000-0000-0000-0000-000000000002,b1000000-0000-0000-0000-000000000008,2026-01-15T09:37:27+00:00,1,NORMAL_TRANSACTION,Normal Transaction,NORMAL,[],0,0,NORMAL_BASELINE
e1000000-0000-0000-0000-000000000010,tx_norm_000047_217d65,c1000000-0000-0000-0000-000000000006,c1000000-0000-0000-0000-000000000106,CASH_OUT,3001.67,44.72,COMPLETED,d1000000-0000-0000-0000-000000000006,b1000000-0000-0000-0000-000000000006,2026-01-15T09:40:27+00:00,1,NORMAL_TRANSACTION,Normal Transaction,NORMAL,[],0,0,NORMAL_BASELINE
e1000000-0000-0000-0000-000000000011,tx_norm_000061_b841d0,c1000000-0000-0000-0000-000000000041,c1000000-0000-0000-0000-000000000086,P2P,3846.47,5.0,COMPLETED,d1000000-0000-0000-0000-000000000008,b1000000-0000-0000-0000-000000000008,2026-01-15T09:42:58+00:00,1,NORMAL_TRANSACTION,Normal Transaction,NORMAL,[],0,0,NORMAL_BASELINE
e1000000-0000-0000-0000-000000000012,tx_norm_000045_35ebd3,c1000000-0000-0000-0000-000000000110,c1000000-0000-0000-0000-000000000035,CASH_IN,3535.81,0.0,COMPLETED,d1000000-0000-0000-0000-000000000011,b1000000-0000-0000-0000-000000000007,2026-01-15T09:56:06+00:00,1,NORMAL_TRANSACTION,Normal Transaction,NORMAL,[],0,0,NORMAL_BASELINE
e1000000-0000-0000-0000-000000000013,tx_norm_000009_a5e5a5,c1000000-0000-0000-0000-000000000035,c1000000-0000-0000-0000-000000000091,P2P,4227.61,5.0,COMPLETED,d1000000-0000-0000-0000-000000000029,b1000000-0000-0000-0000-000000000019,2026-01-15T10:23:22+00:00,1,NORMAL_TRANSACTION,Normal Transaction,NORMAL,[],0,0,NORMAL_BASELINE
e1000000-0000-0000-0000-000000000014,tx_norm_000081_06f028,c1000000-0000-0000-0000-000000000051,c1000000-0000-0000-0000-000000000077,P2P,2626.89,5.0,COMPLETED,d1000000-0000-0000-0000-000000000018,b1000000-0000-0000-0000-000000000015,2026-01-15T10:39:34+00:00,1,NORMAL_TRANSACTION,Normal Transaction,NORMAL,[],0,0,NORMAL_BASELINE
e1000000-0000-0000-0000-000000000015,tx_norm_000023_9b49bd,c1000000-0000-0000-0000-000000000022,c1000000-0000-0000-0000-000000000114,CASH_OUT,4457.55,66.42,COMPLETED,d1000000-0000-0000-0000-000000000024,b1000000-0000-0000-0000-000000000015,2026-01-15T10:42:30+00:00,1,NORMAL_TRANSACTION,Normal Transaction,NORMAL,[],0,0,NORMAL_BASELINE
e1000000-0000-0000-0000-000000000016,tx_norm_000028_7914c1,c1000000-0000-0000-0000-000000000074,c1000000-0000-0000-0000-000000000121,CASH_OUT,2322.48,34.6,COMPLETED,d1000000-0000-0000-0000-000000000005,b1000000-0000-0000-0000-000000000014,2026-01-15T10:46:59+00:00,1,NORMAL_TRANSACTION,Normal Transaction,NORMAL,[],0,0,NORMAL_BASELINE
e1000000-0000-0000-0000-000000000017,tx_norm_000048_13432e,c1000000-0000-0000-0000-000000000055,c1000000-0000-0000-0000-000000000141,PAYMENT,179.49,0.0,COMPLETED,d1000000-0000-0000-0000-000000000016,b1000000-0000-0000-0000-000000000016,2026-01-15T10:47:28+00:00,1,NORMAL_TRANSACTION,Normal Transaction,NORMAL,[],0,0,NORMAL_BASELINE
e1000000-0000-0000-0000-000000000018,tx_norm_000029_dd2467,c1000000-0000-0000-0000-000000000117,c1000000-0000-0000-0000-000000000055,CASH_IN,4699.92,0.0,COMPLETED,d1000000-0000-0000-0000-000000000009,b1000000-0000-0000-0000-000000000009,2026-01-15T11:06:06+00:00,1,NORMAL_TRANSACTION,Normal Transaction,NORMAL,[],0,0,NORMAL_BASELINE
e1000000-0000-0000-0000-000000000019,tx_norm_000020_eb2263,c1000000-0000-0000-0000-000000000123,c1000000-0000-0000-0000-000000000100,CASH_IN,9301.91,0.0,COMPLETED,d1000000-0000-0000-0000-000000000011,b1000000-0000-0000-0000-000000000001,2026-01-15T11:09:23+00:00,1,NORMAL_TRANSACTION,Normal Transaction,NORMAL,[],0,0,NORMAL_BASELINE
e1000000-0000-0000-0000-000000000020,tx_norm_000031_766ecb,c1000000-0000-0000-0000-000000000018,c1000000-0000-0000-0000-000000000139,PAYMENT,709.64,0.0,COMPLETED,d1000000-0000-0000-0000-000000000027,b1000000-0000-0000-0000-000000000002,2026-01-15T11:12:12+00:00,1,NORMAL_TRANSACTION,Normal Transaction,NORMAL,[],0,0,NORMAL_BASELINE
e1000000-0000-0000-0000-000000000021,tx_norm_000075_3b33f3,c1000000-0000-0000-0000-000000000070,c1000000-0000-0000-0000-000000000011,P2P,795.01,5.0,COMPLETED,d1000000-0000-0000-0000-000000000012,b1000000-0000-0000-0000-000000000010,2026-01-15T11:17:21+00:00,1,NORMAL_TRANSACTION,Normal Transaction,NORMAL,[],0,0,NORMAL_BASELINE
e1000000-0000-0000-0000-000000000022,tx_norm_000043_fbddcf,c1000000-0000-0000-0000-000000000070,c1000000-0000-0000-0000-000000000092,P2P,1500.82,5.0,COMPLETED,d1000000-0000-0000-0000-000000000012,b1000000-0000-0000-0000-000000000010,2026-01-15T11:23:18+00:00,1,NORMAL_TRANSACTION,Normal Transaction,NORMAL,[],0,0,NORMAL_BASELINE
e1000000-0000-0000-0000-000000000023,tx_norm_000087_f6b751,c1000000-0000-0000-0000-000000000048,c1000000-0000-0000-0000-000000000022,P2P,2805.34,5.0,COMPLETED,d1000000-0000-0000-0000-000000000014,b1000000-0000-0000-0000-000000000012,2026-01-15T11:29:44+00:00,1,NORMAL_TRANSACTION,Normal Transaction,NORMAL,[],0,0,NORMAL_BASELINE
e1000000-0000-0000-0000-000000000024,tx_norm_000039_90b2b6,c1000000-0000-0000-0000-000000000011,c1000000-0000-0000-0000-000000000055,P2P,3026.7,5.0,COMPLETED,d1000000-0000-0000-0000-000000000020,b1000000-0000-0000-0000-000000000012,2026-01-15T11:37:38+00:00,1,NORMAL_TRANSACTION,Normal Transaction,NORMAL,[],0,0,NORMAL_BASELINE
e1000000-0000-0000-0000-000000000025,tx_norm_000085_f319c1,c1000000-0000-0000-0000-000000000126,c1000000-0000-0000-0000-000000000006,CASH_IN,7788.1,0.0,COMPLETED,d1000000-0000-0000-0000-000000000010,b1000000-0000-0000-0000-000000000014,2026-01-15T11:41:04+00:00,1,NORMAL_TRANSACTION,Normal Transaction,NORMAL,[],0,0,NORMAL_BASELINE
e1000000-0000-0000-0000-000000000026,tx_norm_000011_0837b8,c1000000-0000-0000-0000-000000000100,c1000000-0000-0000-0000-000000000107,CASH_OUT,2217.86,33.05,COMPLETED,d1000000-0000-0000-0000-000000000011,b1000000-0000-0000-0000-000000000011,2026-01-15T11:43:20+00:00,1,NORMAL_TRANSACTION,Normal Transaction,NORMAL,[],0,0,NORMAL_BASELINE
e1000000-0000-0000-0000-000000000027,tx_norm_000046_e87d1c,c1000000-0000-0000-0000-000000000065,c1000000-0000-0000-0000-000000000121,CASH_OUT,2383.41,35.51,COMPLETED,d1000000-0000-0000-0000-000000000009,b1000000-0000-0000-0000-000000000014,2026-01-15T11:43:40+00:00,1,NORMAL_TRANSACTION,Normal Transaction,NORMAL,[],0,0,NORMAL_BASELINE
e1000000-0000-0000-0000-000000000028,tx_norm_000005_580d7b,c1000000-0000-0000-0000-000000000049,c1000000-0000-0000-0000-000000000013,P2P,1743.61,5.0,COMPLETED,d1000000-0000-0000-0000-000000000024,b1000000-0000-0000-0000-000000000002,2026-01-15T11:48:21+00:00,1,NORMAL_TRANSACTION,Normal Transaction,NORMAL,[],0,0,NORMAL_BASELINE
e1000000-0000-0000-0000-000000000029,tx_norm_000086_1d48a0,c1000000-0000-0000-0000-000000000031,c1000000-0000-0000-0000-000000000135,PAYMENT,1594.36,0.0,COMPLETED,d1000000-0000-0000-0000-000000000004,b1000000-0000-0000-0000-000000000010,2026-01-15T11:53:01+00:00,1,NORMAL_TRANSACTION,Normal Transaction,NORMAL,[],0,0,NORMAL_BASELINE
e1000000-0000-0000-0000-000000000030,tx_norm_000024_66245b,c1000000-0000-0000-0000-000000000128,c1000000-0000-0000-0000-000000000026,CASH_IN,7416.54,0.0,COMPLETED,d1000000-0000-0000-0000-000000000009,b1000000-0000-0000-0000-000000000018,2026-01-15T11:59:34+00:00,1,NORMAL_TRANSACTION,Normal Transaction,NORMAL,[],0,0,NORMAL_BASELINE
e1000000-0000-0000-0000-000000000031,tx_norm_000036_0ea262,c1000000-0000-0000-0000-000000000070,c1000000-0000-0000-0000-000000000133,PAYMENT,2431.33,0.0,COMPLETED,d1000000-0000-0000-0000-000000000012,b1000000-0000-0000-0000-000000000010,2026-01-15T12:13:03+00:00,1,NORMAL_TRANSACTION,Normal Transaction,NORMAL,[],0,0,NORMAL_BASELINE
e1000000-0000-0000-0000-000000000032,tx_norm_000035_27a0c3,c1000000-0000-0000-0000-000000000101,c1000000-0000-0000-0000-000000000141,RECHARGE,200.0,0.0,COMPLETED,d1000000-0000-0000-0000-000000000007,b1000000-0000-0000-0000-000000000014,2026-01-15T12:27:44+00:00,1,NORMAL_TRANSACTION,Normal Transaction,NORMAL,[],0,0,NORMAL_BASELINE
e1000000-0000-0000-0000-000000000033,tx_norm_000006_60e7a1,c1000000-0000-0000-0000-000000000123,c1000000-0000-0000-0000-000000000016,CASH_IN,9758.04,0.0,COMPLETED,d1000000-0000-0000-0000-000000000011,b1000000-0000-0000-0000-000000000001,2026-01-15T12:51:02+00:00,1,NORMAL_TRANSACTION,Normal Transaction,NORMAL,[],0,0,NORMAL_BASELINE
e1000000-0000-0000-0000-000000000034,tx_norm_000055_6601dd,c1000000-0000-0000-0000-000000000029,c1000000-0000-0000-0000-000000000106,CASH_OUT,5450.25,81.21,COMPLETED,d1000000-0000-0000-0000-000000000014,b1000000-0000-0000-0000-000000000006,2026-01-15T12:52:50+00:00,1,NORMAL_TRANSACTION,Normal Transaction,NORMAL,[],0,0,NORMAL_BASELINE
e1000000-0000-0000-0000-000000000035,tx_norm_000084_f3b102,c1000000-0000-0000-0000-000000000096,c1000000-0000-0000-0000-000000000141,PAYMENT,308.86,0.0,COMPLETED,d1000000-0000-0000-0000-000000000023,b1000000-0000-0000-0000-000000000014,2026-01-15T12:53:05+00:00,1,NORMAL_TRANSACTION,Normal Transaction,NORMAL,[],0,0,NORMAL_BASELINE
e1000000-0000-0000-0000-000000000036,tx_norm_000056_665152,c1000000-0000-0000-0000-000000000036,c1000000-0000-0000-0000-000000000138,RECHARGE,500.0,0.0,COMPLETED,d1000000-0000-0000-0000-000000000027,b1000000-0000-0000-0000-000000000003,2026-01-15T12:55:04+00:00,1,NORMAL_TRANSACTION,Normal Transaction,NORMAL,[],0,0,NORMAL_BASELINE
e1000000-0000-0000-0000-000000000037,tx_norm_000057_fbc9f8,c1000000-0000-0000-0000-000000000034,c1000000-0000-0000-0000-000000000111,CASH_OUT,4854.42,72.33,COMPLETED,d1000000-0000-0000-0000-000000000004,b1000000-0000-0000-0000-000000000005,2026-01-15T13:01:07+00:00,1,NORMAL_TRANSACTION,Normal Transaction,NORMAL,[],0,0,NORMAL_BASELINE
e1000000-0000-0000-0000-000000000038,tx_norm_000072_e827a1,c1000000-0000-0000-0000-000000000105,c1000000-0000-0000-0000-000000000141,PAYMENT,1451.56,0.0,COMPLETED,d1000000-0000-0000-0000-000000000015,b1000000-0000-0000-0000-000000000007,2026-01-15T13:48:57+00:00,1,NORMAL_TRANSACTION,Normal Transaction,NORMAL,[],0,0,NORMAL_BASELINE
e1000000-0000-0000-0000-000000000039,tx_norm_000051_ecfedb,c1000000-0000-0000-0000-000000000053,c1000000-0000-0000-0000-000000000125,CASH_OUT,6121.08,91.2,COMPLETED,d1000000-0000-0000-0000-000000000028,b1000000-0000-0000-0000-000000000018,2026-01-15T13:49:35+00:00,1,NORMAL_TRANSACTION,Normal Transaction,NORMAL,[],0,0,NORMAL_BASELINE
e1000000-0000-0000-0000-000000000040,tx_norm_000050_3fe12e,c1000000-0000-0000-0000-000000000107,c1000000-0000-0000-0000-000000000046,CASH_IN,2890.69,0.0,COMPLETED,d1000000-0000-0000-0000-000000000011,b1000000-0000-0000-0000-000000000011,2026-01-15T13:57:59+00:00,1,NORMAL_TRANSACTION,Normal Transaction,NORMAL,[],0,0,NORMAL_BASELINE
e1000000-0000-0000-0000-000000000041,tx_norm_000040_655238,c1000000-0000-0000-0000-000000000092,c1000000-0000-0000-0000-000000000041,P2P,1226.35,5.0,COMPLETED,d1000000-0000-0000-0000-000000000027,b1000000-0000-0000-0000-000000000018,2026-01-15T13:59:16+00:00,1,NORMAL_TRANSACTION,Normal Transaction,NORMAL,[],0,0,NORMAL_BASELINE
e1000000-0000-0000-0000-000000000042,tx_norm_000012_a7cad4,c1000000-0000-0000-0000-000000000073,c1000000-0000-0000-0000-000000000093,P2P,1553.11,5.0,COMPLETED,d1000000-0000-0000-0000-000000000005,b1000000-0000-0000-0000-000000000009,2026-01-15T14:17:04+00:00,1,NORMAL_TRANSACTION,Normal Transaction,NORMAL,[],0,0,NORMAL_BASELINE
e1000000-0000-0000-0000-000000000043,tx_norm_000078_e4429e,c1000000-0000-0000-0000-000000000039,c1000000-0000-0000-0000-000000000130,CASH_OUT,3424.9,51.03,COMPLETED,d1000000-0000-0000-0000-000000000023,b1000000-0000-0000-0000-000000000006,2026-01-15T14:30:00+00:00,1,NORMAL_TRANSACTION,Normal Transaction,NORMAL,[],0,0,NORMAL_BASELINE
e1000000-0000-0000-0000-000000000044,tx_norm_000089_b27b3d,c1000000-0000-0000-0000-000000000089,c1000000-0000-0000-0000-000000000081,P2P,1244.25,5.0,COMPLETED,d1000000-0000-0000-0000-000000000026,b1000000-0000-0000-0000-000000000008,2026-01-15T14:45:12+00:00,1,NORMAL_TRANSACTION,Normal Transaction,NORMAL,[],0,0,NORMAL_BASELINE
e1000000-0000-0000-0000-000000000045,tx_norm_000054_75d66e,c1000000-0000-0000-0000-000000000029,c1000000-0000-0000-0000-000000000112,CASH_OUT,6624.4,98.7,COMPLETED,d1000000-0000-0000-0000-000000000014,b1000000-0000-0000-0000-000000000014,2026-01-15T14:55:02+00:00,1,NORMAL_TRANSACTION,Normal Transaction,NORMAL,[],0,0,NORMAL_BASELINE
e1000000-0000-0000-0000-000000000046,tx_norm_000013_beb799,c1000000-0000-0000-0000-000000000019,c1000000-0000-0000-0000-000000000137,PAYMENT,575.87,0.0,COMPLETED,d1000000-0000-0000-0000-000000000013,b1000000-0000-0000-0000-000000000009,2026-01-15T14:56:58+00:00,1,NORMAL_TRANSACTION,Normal Transaction,NORMAL,[],0,0,NORMAL_BASELINE
e1000000-0000-0000-0000-000000000047,tx_norm_000080_2a405f,c1000000-0000-0000-0000-000000000087,c1000000-0000-0000-0000-000000000104,P2P,1938.56,5.0,COMPLETED,d1000000-0000-0000-0000-000000000026,b1000000-0000-0000-0000-000000000004,2026-01-15T15:01:24+00:00,1,NORMAL_TRANSACTION,Normal Transaction,NORMAL,[],0,0,NORMAL_BASELINE
e1000000-0000-0000-0000-000000000048,tx_norm_000083_d4f8fd,c1000000-0000-0000-0000-000000000118,c1000000-0000-0000-0000-000000000036,CASH_IN,7768.09,0.0,COMPLETED,d1000000-0000-0000-0000-000000000010,b1000000-0000-0000-0000-000000000015,2026-01-15T15:20:21+00:00,1,NORMAL_TRANSACTION,Normal Transaction,NORMAL,[],0,0,NORMAL_BASELINE
e1000000-0000-0000-0000-000000000049,tx_norm_000069_dc45d5,c1000000-0000-0000-0000-000000000089,c1000000-0000-0000-0000-000000000001,P2P,4038.44,5.0,COMPLETED,d1000000-0000-0000-0000-000000000026,b1000000-0000-0000-0000-000000000008,2026-01-15T15:25:15+00:00,1,NORMAL_TRANSACTION,Normal Transaction,NORMAL,[],0,0,NORMAL_BASELINE
e1000000-0000-0000-0000-000000000050,tx_norm_000065_f5b78c,c1000000-0000-0000-0000-000000000122,c1000000-0000-0000-0000-000000000061,CASH_IN,8143.62,0.0,COMPLETED,d1000000-0000-0000-0000-000000000010,b1000000-0000-0000-0000-000000000002,2026-01-15T15:28:28+00:00,1,NORMAL_TRANSACTION,Normal Transaction,NORMAL,[],0,0,NORMAL_BASELINE
e1000000-0000-0000-0000-000000000051,tx_norm_000073_3f4b1a,c1000000-0000-0000-0000-000000000121,c1000000-0000-0000-0000-000000000058,CASH_IN,3332.72,0.0,COMPLETED,d1000000-0000-0000-0000-000000000009,b1000000-0000-0000-0000-000000000014,2026-01-15T15:57:10+00:00,1,NORMAL_TRANSACTION,Normal Transaction,NORMAL,[],0,0,NORMAL_BASELINE
e1000000-0000-0000-0000-000000000052,tx_norm_000025_056280,c1000000-0000-0000-0000-000000000032,c1000000-0000-0000-0000-000000000136,PAYMENT,345.28,0.0,COMPLETED,d1000000-0000-0000-0000-000000000005,b1000000-0000-0000-0000-000000000012,2026-01-15T15:57:33+00:00,1,NORMAL_TRANSACTION,Normal Transaction,NORMAL,[],0,0,NORMAL_BASELINE
e1000000-0000-0000-0000-000000000053,tx_norm_000049_0ab54b,c1000000-0000-0000-0000-000000000071,c1000000-0000-0000-0000-000000000019,P2P,2048.08,5.0,COMPLETED,d1000000-0000-0000-0000-000000000023,b1000000-0000-0000-0000-000000000010,2026-01-15T16:02:53+00:00,1,NORMAL_TRANSACTION,Normal Transaction,NORMAL,[],0,0,NORMAL_BASELINE
e1000000-0000-0000-0000-000000000054,tx_norm_000003_96da1d,c1000000-0000-0000-0000-000000000070,c1000000-0000-0000-0000-000000000139,PAYMENT,822.34,0.0,COMPLETED,d1000000-0000-0000-0000-000000000012,b1000000-0000-0000-0000-000000000010,2026-01-15T16:12:45+00:00,1,NORMAL_TRANSACTION,Normal Transaction,NORMAL,[],0,0,NORMAL_BASELINE
e1000000-0000-0000-0000-000000000055,tx_norm_000026_3a9bed,c1000000-0000-0000-0000-000000000010,c1000000-0000-0000-0000-000000000092,P2P,2913.74,5.0,COMPLETED,d1000000-0000-0000-0000-000000000013,b1000000-0000-0000-0000-000000000003,2026-01-15T16:14:37+00:00,1,NORMAL_TRANSACTION,Normal Transaction,NORMAL,[],0,0,NORMAL_BASELINE
e1000000-0000-0000-0000-000000000056,tx_norm_000014_ff50bd,c1000000-0000-0000-0000-000000000075,c1000000-0000-0000-0000-000000000139,PAYMENT,1254.09,0.0,COMPLETED,d1000000-0000-0000-0000-000000000007,b1000000-0000-0000-0000-000000000009,2026-01-15T16:16:47+00:00,1,NORMAL_TRANSACTION,Normal Transaction,NORMAL,[],0,0,NORMAL_BASELINE
e1000000-0000-0000-0000-000000000057,tx_norm_000007_0bbb25,c1000000-0000-0000-0000-000000000047,c1000000-0000-0000-0000-000000000136,PAYMENT,2298.94,0.0,COMPLETED,d1000000-0000-0000-0000-000000000016,b1000000-0000-0000-0000-000000000014,2026-01-15T16:18:53+00:00,1,NORMAL_TRANSACTION,Normal Transaction,NORMAL,[],0,0,NORMAL_BASELINE
e1000000-0000-0000-0000-000000000058,tx_norm_000062_311c6e,c1000000-0000-0000-0000-000000000052,c1000000-0000-0000-0000-000000000137,PAYMENT,1840.96,0.0,COMPLETED,d1000000-0000-0000-0000-000000000015,b1000000-0000-0000-0000-000000000008,2026-01-15T16:19:42+00:00,1,NORMAL_TRANSACTION,Normal Transaction,NORMAL,[],0,0,NORMAL_BASELINE
e1000000-0000-0000-0000-000000000059,tx_norm_000015_cac5b6,c1000000-0000-0000-0000-000000000109,c1000000-0000-0000-0000-000000000020,CASH_IN,6647.01,0.0,COMPLETED,d1000000-0000-0000-0000-000000000010,b1000000-0000-0000-0000-000000000003,2026-01-15T16:31:05+00:00,1,NORMAL_TRANSACTION,Normal Transaction,NORMAL,[],0,0,NORMAL_BASELINE
e1000000-0000-0000-0000-000000000060,tx_norm_000079_45df16,c1000000-0000-0000-0000-000000000078,c1000000-0000-0000-0000-000000000136,PAYMENT,1639.1,0.0,COMPLETED,d1000000-0000-0000-0000-000000000009,b1000000-0000-0000-0000-000000000006,2026-01-15T16:47:47+00:00,1,NORMAL_TRANSACTION,Normal Transaction,NORMAL,[],0,0,NORMAL_BASELINE
e1000000-0000-0000-0000-000000000061,tx_norm_000016_8da036,c1000000-0000-0000-0000-000000000060,c1000000-0000-0000-0000-000000000069,P2P,1281.08,5.0,COMPLETED,d1000000-0000-0000-0000-000000000011,b1000000-0000-0000-0000-000000000002,2026-01-15T17:04:24+00:00,1,NORMAL_TRANSACTION,Normal Transaction,NORMAL,[],0,0,NORMAL_BASELINE
e1000000-0000-0000-0000-000000000062,tx_norm_000022_885f6e,c1000000-0000-0000-0000-000000000132,c1000000-0000-0000-0000-000000000009,CASH_IN,9801.86,0.0,COMPLETED,d1000000-0000-0000-0000-000000000010,b1000000-0000-0000-0000-000000000009,2026-01-15T17:05:05+00:00,1,NORMAL_TRANSACTION,Normal Transaction,NORMAL,[],0,0,NORMAL_BASELINE
e1000000-0000-0000-0000-000000000063,tx_norm_000021_0ed42f,c1000000-0000-0000-0000-000000000047,c1000000-0000-0000-0000-000000000105,P2P,1522.31,5.0,COMPLETED,d1000000-0000-0000-0000-000000000016,b1000000-0000-0000-0000-000000000014,2026-01-15T17:20:31+00:00,1,NORMAL_TRANSACTION,Normal Transaction,NORMAL,[],0,0,NORMAL_BASELINE
e1000000-0000-0000-0000-000000000064,tx_norm_000037_82010c,c1000000-0000-0000-0000-000000000068,c1000000-0000-0000-0000-000000000111,CASH_OUT,926.6,13.81,COMPLETED,d1000000-0000-0000-0000-000000000019,b1000000-0000-0000-0000-000000000005,2026-01-15T17:30:32+00:00,1,NORMAL_TRANSACTION,Normal Transaction,NORMAL,[],0,0,NORMAL_BASELINE
e1000000-0000-0000-0000-000000000065,tx_norm_000010_451b4c,c1000000-0000-0000-0000-000000000032,c1000000-0000-0000-0000-000000000135,PAYMENT,1559.89,0.0,COMPLETED,d1000000-0000-0000-0000-000000000005,b1000000-0000-0000-0000-000000000012,2026-01-15T17:40:10+00:00,1,NORMAL_TRANSACTION,Normal Transaction,NORMAL,[],0,0,NORMAL_BASELINE
e1000000-0000-0000-0000-000000000066,tx_norm_000068_b7e584,c1000000-0000-0000-0000-000000000054,c1000000-0000-0000-0000-000000000082,P2P,2675.38,5.0,COMPLETED,d1000000-0000-0000-0000-000000000018,b1000000-0000-0000-0000-000000000001,2026-01-15T17:54:49+00:00,1,NORMAL_TRANSACTION,Normal Transaction,NORMAL,[],0,0,NORMAL_BASELINE
e1000000-0000-0000-0000-000000000067,tx_norm_000066_f3b63f,c1000000-0000-0000-0000-000000000082,c1000000-0000-0000-0000-000000000138,PAYMENT,434.83,0.0,COMPLETED,d1000000-0000-0000-0000-000000000010,b1000000-0000-0000-0000-000000000012,2026-01-15T18:05:18+00:00,1,NORMAL_TRANSACTION,Normal Transaction,NORMAL,[],0,0,NORMAL_BASELINE
e1000000-0000-0000-0000-000000000068,tx_norm_000067_fbe33b,c1000000-0000-0000-0000-000000000019,c1000000-0000-0000-0000-000000000106,CASH_OUT,846.6,12.61,COMPLETED,d1000000-0000-0000-0000-000000000013,b1000000-0000-0000-0000-000000000006,2026-01-15T18:19:14+00:00,1,NORMAL_TRANSACTION,Normal Transaction,NORMAL,[],0,0,NORMAL_BASELINE
e1000000-0000-0000-0000-000000000069,tx_norm_000063_67f48a,c1000000-0000-0000-0000-000000000111,c1000000-0000-0000-0000-000000000079,CASH_IN,6121.95,0.0,COMPLETED,d1000000-0000-0000-0000-000000000009,b1000000-0000-0000-0000-000000000005,2026-01-15T18:24:43+00:00,1,NORMAL_TRANSACTION,Normal Transaction,NORMAL,[],0,0,NORMAL_BASELINE
e1000000-0000-0000-0000-000000000070,tx_norm_000082_53cd62,c1000000-0000-0000-0000-000000000024,c1000000-0000-0000-0000-000000000107,CASH_OUT,2451.17,36.52,COMPLETED,d1000000-0000-0000-0000-000000000005,b1000000-0000-0000-0000-000000000011,2026-01-15T18:27:08+00:00,1,NORMAL_TRANSACTION,Normal Transaction,NORMAL,[],0,0,NORMAL_BASELINE
e1000000-0000-0000-0000-000000000071,tx_norm_000041_9f044a,c1000000-0000-0000-0000-000000000097,c1000000-0000-0000-0000-000000000134,PAYMENT,178.41,0.0,COMPLETED,d1000000-0000-0000-0000-000000000018,b1000000-0000-0000-0000-000000000007,2026-01-15T18:41:19+00:00,1,NORMAL_TRANSACTION,Normal Transaction,NORMAL,[],0,0,NORMAL_BASELINE
e1000000-0000-0000-0000-000000000072,tx_norm_000030_dc9692,c1000000-0000-0000-0000-000000000052,c1000000-0000-0000-0000-000000000095,P2P,1659.0,5.0,COMPLETED,d1000000-0000-0000-0000-000000000015,b1000000-0000-0000-0000-000000000008,2026-01-15T18:41:41+00:00,1,NORMAL_TRANSACTION,Normal Transaction,NORMAL,[],0,0,NORMAL_BASELINE
e1000000-0000-0000-0000-000000000073,tx_norm_000017_a41612,c1000000-0000-0000-0000-000000000123,c1000000-0000-0000-0000-000000000097,CASH_IN,3401.43,0.0,COMPLETED,d1000000-0000-0000-0000-000000000011,b1000000-0000-0000-0000-000000000001,2026-01-15T18:46:07+00:00,1,NORMAL_TRANSACTION,Normal Transaction,NORMAL,[],0,0,NORMAL_BASELINE
e1000000-0000-0000-0000-000000000074,tx_norm_000076_7746d0,c1000000-0000-0000-0000-000000000054,c1000000-0000-0000-0000-000000000053,P2P,1622.79,5.0,COMPLETED,d1000000-0000-0000-0000-000000000018,b1000000-0000-0000-0000-000000000001,2026-01-15T19:09:45+00:00,1,NORMAL_TRANSACTION,Normal Transaction,NORMAL,[],0,0,NORMAL_BASELINE
e1000000-0000-0000-0000-000000000075,tx_norm_000019_81f631,c1000000-0000-0000-0000-000000000081,c1000000-0000-0000-0000-000000000115,CASH_OUT,6812.52,101.51,COMPLETED,d1000000-0000-0000-0000-000000000019,b1000000-0000-0000-0000-000000000011,2026-01-15T20:11:32+00:00,1,NORMAL_TRANSACTION,Normal Transaction,NORMAL,[],0,0,NORMAL_BASELINE
e1000000-0000-0000-0000-000000000076,tx_norm_000008_a2bc37,c1000000-0000-0000-0000-000000000013,c1000000-0000-0000-0000-000000000118,CASH_OUT,2584.8,38.51,COMPLETED,d1000000-0000-0000-0000-000000000028,b1000000-0000-0000-0000-000000000015,2026-01-15T20:18:05+00:00,1,NORMAL_TRANSACTION,Normal Transaction,NORMAL,[],0,0,NORMAL_BASELINE
e1000000-0000-0000-0000-000000000077,tx_norm_000070_8eb225,c1000000-0000-0000-0000-000000000090,c1000000-0000-0000-0000-000000000067,P2P,2197.56,5.0,COMPLETED,d1000000-0000-0000-0000-000000000013,b1000000-0000-0000-0000-000000000011,2026-01-15T20:27:14+00:00,1,NORMAL_TRANSACTION,Normal Transaction,NORMAL,[],0,0,NORMAL_BASELINE
e1000000-0000-0000-0000-000000000078,tx_norm_000060_5d3d9e,c1000000-0000-0000-0000-000000000129,c1000000-0000-0000-0000-000000000095,CASH_IN,7035.66,0.0,COMPLETED,d1000000-0000-0000-0000-000000000011,b1000000-0000-0000-0000-000000000001,2026-01-15T20:34:43+00:00,1,NORMAL_TRANSACTION,Normal Transaction,NORMAL,[],0,0,NORMAL_BASELINE
e1000000-0000-0000-0000-000000000079,tx_norm_000074_b6aae0,c1000000-0000-0000-0000-000000000031,c1000000-0000-0000-0000-000000000137,PAYMENT,1491.61,0.0,COMPLETED,d1000000-0000-0000-0000-000000000004,b1000000-0000-0000-0000-000000000010,2026-01-15T20:49:33+00:00,1,NORMAL_TRANSACTION,Normal Transaction,NORMAL,[],0,0,NORMAL_BASELINE
e1000000-0000-0000-0000-000000000080,tx_norm_000088_93676a,c1000000-0000-0000-0000-000000000014,c1000000-0000-0000-0000-000000000133,RECHARGE,100.0,0.0,COMPLETED,d1000000-0000-0000-0000-000000000027,b1000000-0000-0000-0000-000000000012,2026-01-15T20:52:10+00:00,1,NORMAL_TRANSACTION,Normal Transaction,NORMAL,[],0,0,NORMAL_BASELINE
e1000000-0000-0000-0000-000000000081,tx_norm_000004_472293,c1000000-0000-0000-0000-000000000111,c1000000-0000-0000-0000-000000000090,CASH_IN,4803.53,0.0,COMPLETED,d1000000-0000-0000-0000-000000000009,b1000000-0000-0000-0000-000000000005,2026-01-15T20:55:00+00:00,1,NORMAL_TRANSACTION,Normal Transaction,NORMAL,[],0,0,NORMAL_BASELINE
e1000000-0000-0000-0000-000000000082,tx_norm_000053_28c130,c1000000-0000-0000-0000-000000000095,c1000000-0000-0000-0000-000000000131,CASH_OUT,2361.25,35.18,COMPLETED,d1000000-0000-0000-0000-000000000017,b1000000-0000-0000-0000-000000000015,2026-01-15T20:59:26+00:00,1,NORMAL_TRANSACTION,Normal Transaction,NORMAL,[],0,0,NORMAL_BASELINE
e1000000-0000-0000-0000-000000000083,tx_norm_000033_7b3a4e,c1000000-0000-0000-0000-000000000031,c1000000-0000-0000-0000-000000000111,CASH_OUT,3548.11,52.87,COMPLETED,d1000000-0000-0000-0000-000000000004,b1000000-0000-0000-0000-000000000005,2026-01-15T21:00:05+00:00,1,NORMAL_TRANSACTION,Normal Transaction,NORMAL,[],0,0,NORMAL_BASELINE
e1000000-0000-0000-0000-000000000084,tx_norm_000064_a79ac9,c1000000-0000-0000-0000-000000000056,c1000000-0000-0000-0000-000000000102,P2P,2693.93,5.0,COMPLETED,d1000000-0000-0000-0000-000000000006,b1000000-0000-0000-0000-000000000013,2026-01-15T21:00:19+00:00,1,NORMAL_TRANSACTION,Normal Transaction,NORMAL,[],0,0,NORMAL_BASELINE
e1000000-0000-0000-0000-000000000085,tx_norm_000071_8f15ba,c1000000-0000-0000-0000-000000000060,c1000000-0000-0000-0000-000000000087,P2P,2483.87,5.0,COMPLETED,d1000000-0000-0000-0000-000000000011,b1000000-0000-0000-0000-000000000002,2026-01-15T21:07:29+00:00,1,NORMAL_TRANSACTION,Normal Transaction,NORMAL,[],0,0,NORMAL_BASELINE
e1000000-0000-0000-0000-000000000086,tx_norm_000052_ecab33,c1000000-0000-0000-0000-000000000053,c1000000-0000-0000-0000-000000000106,CASH_OUT,1845.2,27.49,COMPLETED,d1000000-0000-0000-0000-000000000028,b1000000-0000-0000-0000-000000000006,2026-01-15T21:10:51+00:00,1,NORMAL_TRANSACTION,Normal Transaction,NORMAL,[],0,0,NORMAL_BASELINE
e1000000-0000-0000-0000-000000000087,tx_norm_000038_f10c71,c1000000-0000-0000-0000-000000000087,c1000000-0000-0000-0000-000000000136,PAYMENT,1381.52,0.0,COMPLETED,d1000000-0000-0000-0000-000000000026,b1000000-0000-0000-0000-000000000004,2026-01-15T21:11:04+00:00,1,NORMAL_TRANSACTION,Normal Transaction,NORMAL,[],0,0,NORMAL_BASELINE
e1000000-0000-0000-0000-000000000088,tx_norm_000034_43e458,c1000000-0000-0000-0000-000000000049,c1000000-0000-0000-0000-000000000001,P2P,4436.83,5.0,COMPLETED,d1000000-0000-0000-0000-000000000024,b1000000-0000-0000-0000-000000000002,2026-01-15T21:25:57+00:00,1,NORMAL_TRANSACTION,Normal Transaction,NORMAL,[],0,0,NORMAL_BASELINE
e1000000-0000-0000-0000-000000000089,tx_norm_000032_ffd0f9,c1000000-0000-0000-0000-000000000071,c1000000-0000-0000-0000-000000000134,PAYMENT,304.29,0.0,COMPLETED,d1000000-0000-0000-0000-000000000023,b1000000-0000-0000-0000-000000000010,2026-01-15T21:59:04+00:00,1,NORMAL_TRANSACTION,Normal Transaction,NORMAL,[],0,0,NORMAL_BASELINE
e1000000-0000-0000-0000-000000000090,tx_norm_000184_2e7098,c1000000-0000-0000-0000-000000000115,c1000000-0000-0000-0000-000000000044,CASH_IN,4159.21,0.0,COMPLETED,d1000000-0000-0000-0000-000000000011,b1000000-0000-0000-0000-000000000011,2026-01-16T08:11:17+00:00,1,NORMAL_TRANSACTION,Normal Transaction,NORMAL,[],0,0,NORMAL_BASELINE
e1000000-0000-0000-0000-000000000091,tx_norm_000112_3bc1a9,c1000000-0000-0000-0000-000000000128,c1000000-0000-0000-0000-000000000059,CASH_IN,1640.62,0.0,COMPLETED,d1000000-0000-0000-0000-000000000009,b1000000-0000-0000-0000-000000000018,2026-01-16T08:14:18+00:00,1,NORMAL_TRANSACTION,Normal Transaction,NORMAL,[],0,0,NORMAL_BASELINE
e1000000-0000-0000-0000-000000000092,tx_norm_000190_4d29d1,c1000000-0000-0000-0000-000000000008,c1000000-0000-0000-0000-000000000133,RECHARGE,50.0,0.0,COMPLETED,d1000000-0000-0000-0000-000000000012,b1000000-0000-0000-0000-000000000012,2026-01-16T08:14:25+00:00,1,NORMAL_TRANSACTION,Normal Transaction,NORMAL,[],0,0,NORMAL_BASELINE
e1000000-0000-0000-0000-000000000093,tx_norm_000207_28a397,c1000000-0000-0000-0000-000000000057,c1000000-0000-0000-0000-000000000141,PAYMENT,1744.38,0.0,COMPLETED,d1000000-0000-0000-0000-000000000026,b1000000-0000-0000-0000-000000000015,2026-01-16T08:15:45+00:00,1,NORMAL_TRANSACTION,Normal Transaction,NORMAL,[],0,0,NORMAL_BASELINE
e1000000-0000-0000-0000-000000000094,tx_norm_000167_cc6b66,c1000000-0000-0000-0000-000000000017,c1000000-0000-0000-0000-000000000141,RECHARGE,100.0,0.0,COMPLETED,d1000000-0000-0000-0000-000000000013,b1000000-0000-0000-0000-000000000009,2026-01-16T08:17:54+00:00,1,NORMAL_TRANSACTION,Normal Transaction,NORMAL,[],0,0,NORMAL_BASELINE
e1000000-0000-0000-0000-000000000095,tx_norm_000141_3e83b9,c1000000-0000-0000-0000-000000000046,c1000000-0000-0000-0000-000000000049,P2P,2051.95,5.0,COMPLETED,d1000000-0000-0000-0000-000000000030,b1000000-0000-0000-0000-000000000019,2026-01-16T08:20:50+00:00,1,NORMAL_TRANSACTION,Normal Transaction,NORMAL,[],0,0,NORMAL_BASELINE
e1000000-0000-0000-0000-000000000096,tx_norm_000206_a56895,c1000000-0000-0000-0000-000000000044,c1000000-0000-0000-0000-000000000128,CASH_OUT,1132.47,16.87,COMPLETED,d1000000-0000-0000-0000-000000000028,b1000000-0000-0000-0000-000000000018,2026-01-16T08:28:06+00:00,1,NORMAL_TRANSACTION,Normal Transaction,NORMAL,[],0,0,NORMAL_BASELINE
e1000000-0000-0000-0000-000000000097,tx_norm_000172_e8e227,c1000000-0000-0000-0000-000000000088,c1000000-0000-0000-0000-000000000134,PAYMENT,1645.32,0.0,COMPLETED,d1000000-0000-0000-0000-000000000008,b1000000-0000-0000-0000-000000000007,2026-01-16T08:30:54+00:00,1,NORMAL_TRANSACTION,Normal Transaction,NORMAL,[],0,0,NORMAL_BASELINE
e1000000-0000-0000-0000-000000000098,tx_norm_000097_c21714,c1000000-0000-0000-0000-000000000093,c1000000-0000-0000-0000-000000000053,P2P,2300.88,5.0,COMPLETED,d1000000-0000-0000-0000-000000000009,b1000000-0000-0000-0000-000000000006,2026-01-16T08:33:12+00:00,1,NORMAL_TRANSACTION,Normal Transaction,NORMAL,[],0,0,NORMAL_BASELINE
e1000000-0000-0000-0000-000000000099,tx_norm_000171_a4b1f9,c1000000-0000-0000-0000-000000000085,c1000000-0000-0000-0000-000000000122,CASH_OUT,2762.23,41.16,COMPLETED,d1000000-0000-0000-0000-000000000026,b1000000-0000-0000-0000-000000000002,2026-01-16T08:46:50+00:00,1,NORMAL_TRANSACTION,Normal Transaction,NORMAL,[],0,0,NORMAL_BASELINE
e1000000-0000-0000-0000-000000000100,tx_norm_000165_11906f,c1000000-0000-0000-0000-000000000017,c1000000-0000-0000-0000-000000000102,P2P,2627.69,5.0,COMPLETED,d1000000-0000-0000-0000-000000000013,b1000000-0000-0000-0000-000000000009,2026-01-16T08:50:21+00:00,1,NORMAL_TRANSACTION,Normal Transaction,NORMAL,[],0,0,NORMAL_BASELINE
e1000000-0000-0000-0000-000000000101,tx_norm_000160_aba4fc,c1000000-0000-0000-0000-000000000018,c1000000-0000-0000-0000-000000000118,CASH_OUT,3902.33,58.14,COMPLETED,d1000000-0000-0000-0000-000000000027,b1000000-0000-0000-0000-000000000015,2026-01-16T09:06:15+00:00,1,NORMAL_TRANSACTION,Normal Transaction,NORMAL,[],0,0,NORMAL_BASELINE
e1000000-0000-0000-0000-000000000102,tx_norm_000139_6f18c1,c1000000-0000-0000-0000-000000000115,c1000000-0000-0000-0000-000000000030,CASH_IN,7720.9,0.0,COMPLETED,d1000000-0000-0000-0000-000000000011,b1000000-0000-0000-0000-000000000011,2026-01-16T09:15:40+00:00,1,NORMAL_TRANSACTION,Normal Transaction,NORMAL,[],0,0,NORMAL_BASELINE
e1000000-0000-0000-0000-000000000103,tx_norm_000122_d32e6d,c1000000-0000-0000-0000-000000000099,c1000000-0000-0000-0000-000000000052,P2P,3919.12,5.0,COMPLETED,d1000000-0000-0000-0000-000000000004,b1000000-0000-0000-0000-000000000010,2026-01-16T09:20:16+00:00,1,NORMAL_TRANSACTION,Normal Transaction,NORMAL,[],0,0,NORMAL_BASELINE
e1000000-0000-0000-0000-000000000104,tx_norm_000209_da003f,c1000000-0000-0000-0000-000000000050,c1000000-0000-0000-0000-000000000137,PAYMENT,918.59,0.0,COMPLETED,d1000000-0000-0000-0000-000000000024,b1000000-0000-0000-0000-000000000011,2026-01-16T09:21:06+00:00,1,NORMAL_TRANSACTION,Normal Transaction,NORMAL,[],0,0,NORMAL_BASELINE
e1000000-0000-0000-0000-000000000105,tx_norm_000189_86e527,c1000000-0000-0000-0000-000000000087,c1000000-0000-0000-0000-000000000088,P2P,2750.48,5.0,COMPLETED,d1000000-0000-0000-0000-000000000026,b1000000-0000-0000-0000-000000000004,2026-01-16T09:22:27+00:00,1,NORMAL_TRANSACTION,Normal Transaction,NORMAL,[],0,0,NORMAL_BASELINE
e1000000-0000-0000-0000-000000000106,tx_norm_000193_13eecd,c1000000-0000-0000-0000-000000000119,c1000000-0000-0000-0000-000000000003,CASH_IN,5137.79,0.0,COMPLETED,d1000000-0000-0000-0000-000000000010,b1000000-0000-0000-0000-000000000011,2026-01-16T09:25:55+00:00,1,NORMAL_TRANSACTION,Normal Transaction,NORMAL,[],0,0,NORMAL_BASELINE
e1000000-0000-0000-0000-000000000107,tx_norm_000092_bbda02,c1000000-0000-0000-0000-000000000059,c1000000-0000-0000-0000-000000000135,PAYMENT,1478.24,0.0,COMPLETED,d1000000-0000-0000-0000-000000000010,b1000000-0000-0000-0000-000000000007,2026-01-16T09:27:23+00:00,1,NORMAL_TRANSACTION,Normal Transaction,NORMAL,[],0,0,NORMAL_BASELINE
e1000000-0000-0000-0000-000000000108,tx_norm_000120_546e03,c1000000-0000-0000-0000-000000000042,c1000000-0000-0000-0000-000000000134,PAYMENT,2766.09,0.0,COMPLETED,d1000000-0000-0000-0000-000000000018,b1000000-0000-0000-0000-000000000008,2026-01-16T09:30:22+00:00,1,NORMAL_TRANSACTION,Normal Transaction,NORMAL,[],0,0,NORMAL_BASELINE
e1000000-0000-0000-0000-000000000109,tx_norm_000168_3ce915,c1000000-0000-0000-0000-000000000002,c1000000-0000-0000-0000-000000000047,P2P,3596.93,5.0,COMPLETED,d1000000-0000-0000-0000-000000000022,b1000000-0000-0000-0000-000000000018,2026-01-16T09:42:55+00:00,1,NORMAL_TRANSACTION,Normal Transaction,NORMAL,[],0,0,NORMAL_BASELINE
e1000000-0000-0000-0000-000000000110,tx_norm_000163_46a02a,c1000000-0000-0000-0000-000000000083,c1000000-0000-0000-0000-000000000138,PAYMENT,334.68,0.0,COMPLETED,d1000000-0000-0000-0000-000000000008,b1000000-0000-0000-0000-000000000004,2026-01-16T09:43:23+00:00,1,NORMAL_TRANSACTION,Normal Transaction,NORMAL,[],0,0,NORMAL_BASELINE
e1000000-0000-0000-0000-000000000111,tx_norm_000101_b0ae8f,c1000000-0000-0000-0000-000000000096,c1000000-0000-0000-0000-000000000069,P2P,4288.77,5.0,COMPLETED,d1000000-0000-0000-0000-000000000023,b1000000-0000-0000-0000-000000000014,2026-01-16T09:46:12+00:00,1,NORMAL_TRANSACTION,Normal Transaction,NORMAL,[],0,0,NORMAL_BASELINE
e1000000-0000-0000-0000-000000000112,tx_norm_000178_cfd01c,c1000000-0000-0000-0000-000000000013,c1000000-0000-0000-0000-000000000097,P2P,3376.82,5.0,COMPLETED,d1000000-0000-0000-0000-000000000028,b1000000-0000-0000-0000-000000000004,2026-01-16T09:53:05+00:00,1,NORMAL_TRANSACTION,Normal Transaction,NORMAL,[],0,0,NORMAL_BASELINE
e1000000-0000-0000-0000-000000000113,tx_norm_000164_98de8e,c1000000-0000-0000-0000-000000000085,c1000000-0000-0000-0000-000000000136,PAYMENT,2107.2,0.0,COMPLETED,d1000000-0000-0000-0000-000000000026,b1000000-0000-0000-0000-000000000006,2026-01-16T09:54:52+00:00,1,NORMAL_TRANSACTION,Normal Transaction,NORMAL,[],0,0,NORMAL_BASELINE
e1000000-0000-0000-0000-000000000114,tx_norm_000105_2f3275,c1000000-0000-0000-0000-000000000061,c1000000-0000-0000-0000-000000000140,PAYMENT,1493.43,0.0,COMPLETED,d1000000-0000-0000-0000-000000000028,b1000000-0000-0000-0000-000000000017,2026-01-16T09:55:00+00:00,1,NORMAL_TRANSACTION,Normal Transaction,NORMAL,[],0,0,NORMAL_BASELINE
e1000000-0000-0000-0000-000000000115,tx_norm_000173_9fd345,c1000000-0000-0000-0000-000000000019,c1000000-0000-0000-0000-000000000009,P2P,742.62,5.0,COMPLETED,d1000000-0000-0000-0000-000000000013,b1000000-0000-0000-0000-000000000009,2026-01-16T09:57:05+00:00,1,NORMAL_TRANSACTION,Normal Transaction,NORMAL,[],0,0,NORMAL_BASELINE
e1000000-0000-0000-0000-000000000116,tx_norm_000145_6c9f82,c1000000-0000-0000-0000-000000000076,c1000000-0000-0000-0000-000000000115,CASH_OUT,5292.04,78.85,COMPLETED,d1000000-0000-0000-0000-000000000030,b1000000-0000-0000-0000-000000000011,2026-01-16T10:04:28+00:00,1,NORMAL_TRANSACTION,Normal Transaction,NORMAL,[],0,0,NORMAL_BASELINE
e1000000-0000-0000-0000-000000000117,tx_norm_000192_ab0534,c1000000-0000-0000-0000-000000000030,c1000000-0000-0000-0000-000000000141,PAYMENT,1854.11,0.0,COMPLETED,d1000000-0000-0000-0000-000000000029,b1000000-0000-0000-0000-000000000009,2026-01-16T10:08:24+00:00,1,NORMAL_TRANSACTION,Normal Transaction,NORMAL,[],0,0,NORMAL_BASELINE
e1000000-0000-0000-0000-000000000118,tx_norm_000107_1e52d7,c1000000-0000-0000-0000-000000000039,c1000000-0000-0000-0000-000000000134,PAYMENT,3181.45,0.0,COMPLETED,d1000000-0000-0000-0000-000000000023,b1000000-0000-0000-0000-000000000007,2026-01-16T10:09:51+00:00,1,NORMAL_TRANSACTION,Normal Transaction,NORMAL,[],0,0,NORMAL_BASELINE
e1000000-0000-0000-0000-000000000119,tx_norm_000111_784c2f,c1000000-0000-0000-0000-000000000053,c1000000-0000-0000-0000-000000000059,P2P,3164.3,5.0,COMPLETED,d1000000-0000-0000-0000-000000000028,b1000000-0000-0000-0000-000000000018,2026-01-16T10:35:04+00:00,1,NORMAL_TRANSACTION,Normal Transaction,NORMAL,[],0,0,NORMAL_BASELINE
e1000000-0000-0000-0000-000000000120,tx_norm_000211_caaa5b,c1000000-0000-0000-0000-000000000040,c1000000-0000-0000-0000-000000000123,CASH_OUT,3325.09,49.54,COMPLETED,d1000000-0000-0000-0000-000000000022,b1000000-0000-0000-0000-000000000001,2026-01-16T10:38:45+00:00,1,NORMAL_TRANSACTION,Normal Transaction,NORMAL,[],0,0,NORMAL_BASELINE
e1000000-0000-0000-0000-000000000121,tx_norm_000200_e1cde8,c1000000-0000-0000-0000-000000000097,c1000000-0000-0000-0000-000000000140,PAYMENT,2227.46,0.0,COMPLETED,d1000000-0000-0000-0000-000000000018,b1000000-0000-0000-0000-000000000007,2026-01-16T10:49:40+00:00,1,NORMAL_TRANSACTION,Normal Transaction,NORMAL,[],0,0,NORMAL_BASELINE
e1000000-0000-0000-0000-000000000122,tx_norm_000199_c257cf,c1000000-0000-0000-0000-000000000023,c1000000-0000-0000-0000-000000000079,P2P,857.34,5.0,COMPLETED,d1000000-0000-0000-0000-000000000014,b1000000-0000-0000-0000-000000000019,2026-01-16T11:06:09+00:00,1,NORMAL_TRANSACTION,Normal Transaction,NORMAL,[],0,0,NORMAL_BASELINE
e1000000-0000-0000-0000-000000000123,tx_norm_000102_fb02be,c1000000-0000-0000-0000-000000000093,c1000000-0000-0000-0000-000000000141,PAYMENT,1970.21,0.0,COMPLETED,d1000000-0000-0000-0000-000000000009,b1000000-0000-0000-0000-000000000006,2026-01-16T11:13:47+00:00,1,NORMAL_TRANSACTION,Normal Transaction,NORMAL,[],0,0,NORMAL_BASELINE
e1000000-0000-0000-0000-000000000124,tx_norm_000214_c5580b,c1000000-0000-0000-0000-000000000038,c1000000-0000-0000-0000-000000000102,P2P,634.91,5.0,COMPLETED,d1000000-0000-0000-0000-000000000020,b1000000-0000-0000-0000-000000000014,2026-01-16T11:14:08+00:00,1,NORMAL_TRANSACTION,Normal Transaction,NORMAL,[],0,0,NORMAL_BASELINE
e1000000-0000-0000-0000-000000000125,tx_norm_000096_46b989,c1000000-0000-0000-0000-000000000036,c1000000-0000-0000-0000-000000000078,P2P,3215.09,5.0,COMPLETED,d1000000-0000-0000-0000-000000000027,b1000000-0000-0000-0000-000000000003,2026-01-16T11:22:51+00:00,1,NORMAL_TRANSACTION,Normal Transaction,NORMAL,[],0,0,NORMAL_BASELINE
e1000000-0000-0000-0000-000000000126,tx_norm_000186_530ac1,c1000000-0000-0000-0000-000000000021,c1000000-0000-0000-0000-000000000138,PAYMENT,1100.49,0.0,COMPLETED,d1000000-0000-0000-0000-000000000030,b1000000-0000-0000-0000-000000000015,2026-01-16T11:24:26+00:00,1,NORMAL_TRANSACTION,Normal Transaction,NORMAL,[],0,0,NORMAL_BASELINE
e1000000-0000-0000-0000-000000000127,tx_norm_000166_c9e48e,c1000000-0000-0000-0000-000000000030,c1000000-0000-0000-0000-000000000116,CASH_OUT,6307.76,93.99,COMPLETED,d1000000-0000-0000-0000-000000000029,b1000000-0000-0000-0000-000000000015,2026-01-16T11:37:13+00:00,1,NORMAL_TRANSACTION,Normal Transaction,NORMAL,[],0,0,NORMAL_BASELINE
e1000000-0000-0000-0000-000000000128,tx_norm_000129_ca3dd8,c1000000-0000-0000-0000-000000000018,c1000000-0000-0000-0000-000000000134,PAYMENT,992.55,0.0,COMPLETED,d1000000-0000-0000-0000-000000000027,b1000000-0000-0000-0000-000000000002,2026-01-16T11:58:38+00:00,1,NORMAL_TRANSACTION,Normal Transaction,NORMAL,[],0,0,NORMAL_BASELINE
e1000000-0000-0000-0000-000000000129,tx_norm_000104_c0b6fc,c1000000-0000-0000-0000-000000000090,c1000000-0000-0000-0000-000000000135,PAYMENT,2095.5,0.0,COMPLETED,d1000000-0000-0000-0000-000000000013,b1000000-0000-0000-0000-000000000011,2026-01-16T12:02:03+00:00,1,NORMAL_TRANSACTION,Normal Transaction,NORMAL,[],0,0,NORMAL_BASELINE
e1000000-0000-0000-0000-000000000130,tx_norm_000094_3e6dd5,c1000000-0000-0000-0000-000000000012,c1000000-0000-0000-0000-000000000037,P2P,3991.01,5.0,COMPLETED,d1000000-0000-0000-0000-000000000002,b1000000-0000-0000-0000-000000000008,2026-01-16T12:20:54+00:00,1,NORMAL_TRANSACTION,Normal Transaction,NORMAL,[],0,0,NORMAL_BASELINE
e1000000-0000-0000-0000-000000000131,tx_norm_000188_372f87,c1000000-0000-0000-0000-000000000078,c1000000-0000-0000-0000-000000000140,PAYMENT,1413.26,0.0,COMPLETED,d1000000-0000-0000-0000-000000000009,b1000000-0000-0000-0000-000000000006,2026-01-16T12:28:42+00:00,1,NORMAL_TRANSACTION,Normal Transaction,NORMAL,[],0,0,NORMAL_BASELINE
e1000000-0000-0000-0000-000000000132,tx_norm_000126_e9b5c5,c1000000-0000-0000-0000-000000000012,c1000000-0000-0000-0000-000000000136,PAYMENT,3176.38,0.0,COMPLETED,d1000000-0000-0000-0000-000000000002,b1000000-0000-0000-0000-000000000008,2026-01-16T12:35:00+00:00,1,NORMAL_TRANSACTION,Normal Transaction,NORMAL,[],0,0,NORMAL_BASELINE
e1000000-0000-0000-0000-000000000133,tx_norm_000151_e8dd5e,c1000000-0000-0000-0000-000000000047,c1000000-0000-0000-0000-000000000095,P2P,765.07,5.0,COMPLETED,d1000000-0000-0000-0000-000000000016,b1000000-0000-0000-0000-000000000014,2026-01-16T12:50:28+00:00,1,NORMAL_TRANSACTION,Normal Transaction,NORMAL,[],0,0,NORMAL_BASELINE
e1000000-0000-0000-0000-000000000134,tx_norm_000106_93b7a8,c1000000-0000-0000-0000-000000000009,c1000000-0000-0000-0000-000000000053,P2P,2314.51,5.0,COMPLETED,d1000000-0000-0000-0000-000000000024,b1000000-0000-0000-0000-000000000015,2026-01-16T12:55:30+00:00,1,NORMAL_TRANSACTION,Normal Transaction,NORMAL,[],0,0,NORMAL_BASELINE
e1000000-0000-0000-0000-000000000135,tx_norm_000169_1d181e,c1000000-0000-0000-0000-000000000017,c1000000-0000-0000-0000-000000000096,P2P,2010.13,5.0,COMPLETED,d1000000-0000-0000-0000-000000000013,b1000000-0000-0000-0000-000000000009,2026-01-16T13:01:11+00:00,1,NORMAL_TRANSACTION,Normal Transaction,NORMAL,[],0,0,NORMAL_BASELINE
e1000000-0000-0000-0000-000000000136,tx_norm_000156_5e5ba1,c1000000-0000-0000-0000-000000000034,c1000000-0000-0000-0000-000000000070,P2P,731.43,5.0,COMPLETED,d1000000-0000-0000-0000-000000000004,b1000000-0000-0000-0000-000000000012,2026-01-16T13:05:50+00:00,1,NORMAL_TRANSACTION,Normal Transaction,NORMAL,[],0,0,NORMAL_BASELINE
e1000000-0000-0000-0000-000000000137,tx_norm_000181_1bb433,c1000000-0000-0000-0000-000000000020,c1000000-0000-0000-0000-000000000140,PAYMENT,833.95,0.0,COMPLETED,d1000000-0000-0000-0000-000000000019,b1000000-0000-0000-0000-000000000011,2026-01-16T13:06:36+00:00,1,NORMAL_TRANSACTION,Normal Transaction,NORMAL,[],0,0,NORMAL_BASELINE
e1000000-0000-0000-0000-000000000138,tx_norm_000195_5ca260,c1000000-0000-0000-0000-000000000059,c1000000-0000-0000-0000-000000000132,CASH_OUT,5672.08,84.51,COMPLETED,d1000000-0000-0000-0000-000000000010,b1000000-0000-0000-0000-000000000009,2026-01-16T13:10:51+00:00,1,NORMAL_TRANSACTION,Normal Transaction,NORMAL,[],0,0,NORMAL_BASELINE
e1000000-0000-0000-0000-000000000139,tx_norm_000177_79699e,c1000000-0000-0000-0000-000000000117,c1000000-0000-0000-0000-000000000020,CASH_IN,7181.39,0.0,COMPLETED,d1000000-0000-0000-0000-000000000009,b1000000-0000-0000-0000-000000000009,2026-01-16T13:27:20+00:00,1,NORMAL_TRANSACTION,Normal Transaction,NORMAL,[],0,0,NORMAL_BASELINE
e1000000-0000-0000-0000-000000000140,tx_norm_000147_464458,c1000000-0000-0000-0000-000000000038,c1000000-0000-0000-0000-000000000133,RECHARGE,200.0,0.0,COMPLETED,d1000000-0000-0000-0000-000000000020,b1000000-0000-0000-0000-000000000014,2026-01-16T13:36:18+00:00,1,NORMAL_TRANSACTION,Normal Transaction,NORMAL,[],0,0,NORMAL_BASELINE
e1000000-0000-0000-0000-000000000141,tx_norm_000137_dbfdd9,c1000000-0000-0000-0000-000000000011,c1000000-0000-0000-0000-000000000044,P2P,3865.07,5.0,COMPLETED,d1000000-0000-0000-0000-000000000020,b1000000-0000-0000-0000-000000000012,2026-01-16T13:39:44+00:00,1,NORMAL_TRANSACTION,Normal Transaction,NORMAL,[],0,0,NORMAL_BASELINE
e1000000-0000-0000-0000-000000000142,tx_norm_000152_f8b38a,c1000000-0000-0000-0000-000000000017,c1000000-0000-0000-0000-000000000102,P2P,2519.45,5.0,COMPLETED,d1000000-0000-0000-0000-000000000013,b1000000-0000-0000-0000-000000000009,2026-01-16T13:47:26+00:00,1,NORMAL_TRANSACTION,Normal Transaction,NORMAL,[],0,0,NORMAL_BASELINE
e1000000-0000-0000-0000-000000000143,tx_norm_000208_0d67d3,c1000000-0000-0000-0000-000000000100,c1000000-0000-0000-0000-000000000044,P2P,3119.26,5.0,COMPLETED,d1000000-0000-0000-0000-000000000011,b1000000-0000-0000-0000-000000000013,2026-01-16T13:58:18+00:00,1,NORMAL_TRANSACTION,Normal Transaction,NORMAL,[],0,0,NORMAL_BASELINE
e1000000-0000-0000-0000-000000000144,tx_norm_000130_d664d2,c1000000-0000-0000-0000-000000000001,c1000000-0000-0000-0000-000000000137,PAYMENT,2364.46,0.0,COMPLETED,d1000000-0000-0000-0000-000000000009,b1000000-0000-0000-0000-000000000008,2026-01-16T13:59:50+00:00,1,NORMAL_TRANSACTION,Normal Transaction,NORMAL,[],0,0,NORMAL_BASELINE
e1000000-0000-0000-0000-000000000145,tx_norm_000175_8d244e,c1000000-0000-0000-0000-000000000126,c1000000-0000-0000-0000-000000000084,CASH_IN,8899.36,0.0,COMPLETED,d1000000-0000-0000-0000-000000000010,b1000000-0000-0000-0000-000000000014,2026-01-16T14:06:50+00:00,1,NORMAL_TRANSACTION,Normal Transaction,NORMAL,[],0,0,NORMAL_BASELINE
e1000000-0000-0000-0000-000000000146,tx_norm_000133_b489d0,c1000000-0000-0000-0000-000000000107,c1000000-0000-0000-0000-000000000041,CASH_IN,7702.35,0.0,COMPLETED,d1000000-0000-0000-0000-000000000011,b1000000-0000-0000-0000-000000000011,2026-01-16T14:14:54+00:00,1,NORMAL_TRANSACTION,Normal Transaction,NORMAL,[],0,0,NORMAL_BASELINE
e1000000-0000-0000-0000-000000000147,tx_norm_000162_3c71e0,c1000000-0000-0000-0000-000000000112,c1000000-0000-0000-0000-000000000057,CASH_IN,5002.26,0.0,COMPLETED,d1000000-0000-0000-0000-000000000009,b1000000-0000-0000-0000-000000000014,2026-01-16T14:17:02+00:00,1,NORMAL_TRANSACTION,Normal Transaction,NORMAL,[],0,0,NORMAL_BASELINE
e1000000-0000-0000-0000-000000000148,tx_norm_000138_0930ae,c1000000-0000-0000-0000-000000000130,c1000000-0000-0000-0000-000000000063,CASH_IN,8851.45,0.0,COMPLETED,d1000000-0000-0000-0000-000000000010,b1000000-0000-0000-0000-000000000006,2026-01-16T14:20:40+00:00,1,NORMAL_TRANSACTION,Normal Transaction,NORMAL,[],0,0,NORMAL_BASELINE
e1000000-0000-0000-0000-000000000149,tx_norm_000176_bac7e2,c1000000-0000-0000-0000-000000000044,c1000000-0000-0000-0000-000000000060,P2P,1914.54,5.0,COMPLETED,d1000000-0000-0000-0000-000000000028,b1000000-0000-0000-0000-000000000011,2026-01-16T14:28:56+00:00,1,NORMAL_TRANSACTION,Normal Transaction,NORMAL,[],0,0,NORMAL_BASELINE
e1000000-0000-0000-0000-000000000150,tx_norm_000142_deef58,c1000000-0000-0000-0000-000000000111,c1000000-0000-0000-0000-000000000023,CASH_IN,1710.72,0.0,COMPLETED,d1000000-0000-0000-0000-000000000009,b1000000-0000-0000-0000-000000000005,2026-01-16T14:36:43+00:00,1,NORMAL_TRANSACTION,Normal Transaction,NORMAL,[],0,0,NORMAL_BASELINE
e1000000-0000-0000-0000-000000000151,tx_norm_000161_7d45d8,c1000000-0000-0000-0000-000000000119,c1000000-0000-0000-0000-000000000084,CASH_IN,1891.19,0.0,COMPLETED,d1000000-0000-0000-0000-000000000010,b1000000-0000-0000-0000-000000000011,2026-01-16T14:37:47+00:00,1,NORMAL_TRANSACTION,Normal Transaction,NORMAL,[],0,0,NORMAL_BASELINE
e1000000-0000-0000-0000-000000000152,tx_norm_000091_6b88f8,c1000000-0000-0000-0000-000000000083,c1000000-0000-0000-0000-000000000044,P2P,254.4,0.0,COMPLETED,d1000000-0000-0000-0000-000000000008,b1000000-0000-0000-0000-000000000004,2026-01-16T14:42:23+00:00,1,NORMAL_TRANSACTION,Normal Transaction,NORMAL,[],0,0,NORMAL_BASELINE
e1000000-0000-0000-0000-000000000153,tx_norm_000134_2051ac,c1000000-0000-0000-0000-000000000020,c1000000-0000-0000-0000-000000000121,CASH_OUT,7736.18,115.27,COMPLETED,d1000000-0000-0000-0000-000000000019,b1000000-0000-0000-0000-000000000014,2026-01-16T14:42:50+00:00,1,NORMAL_TRANSACTION,Normal Transaction,NORMAL,[],0,0,NORMAL_BASELINE
e1000000-0000-0000-0000-000000000154,tx_norm_000099_87ea7f,c1000000-0000-0000-0000-000000000075,c1000000-0000-0000-0000-000000000048,P2P,2235.02,5.0,COMPLETED,d1000000-0000-0000-0000-000000000007,b1000000-0000-0000-0000-000000000009,2026-01-16T14:44:15+00:00,1,NORMAL_TRANSACTION,Normal Transaction,NORMAL,[],0,0,NORMAL_BASELINE
e1000000-0000-0000-0000-000000000155,tx_norm_000100_405bfd,c1000000-0000-0000-0000-000000000090,c1000000-0000-0000-0000-000000000059,P2P,1364.94,5.0,COMPLETED,d1000000-0000-0000-0000-000000000013,b1000000-0000-0000-0000-000000000011,2026-01-16T14:47:35+00:00,1,NORMAL_TRANSACTION,Normal Transaction,NORMAL,[],0,0,NORMAL_BASELINE
e1000000-0000-0000-0000-000000000156,tx_norm_000128_250741,c1000000-0000-0000-0000-000000000032,c1000000-0000-0000-0000-000000000140,RECHARGE,500.0,0.0,COMPLETED,d1000000-0000-0000-0000-000000000005,b1000000-0000-0000-0000-000000000012,2026-01-16T14:53:30+00:00,1,NORMAL_TRANSACTION,Normal Transaction,NORMAL,[],0,0,NORMAL_BASELINE
e1000000-0000-0000-0000-000000000157,tx_norm_000196_6550f7,c1000000-0000-0000-0000-000000000076,c1000000-0000-0000-0000-000000000052,P2P,2453.04,5.0,COMPLETED,d1000000-0000-0000-0000-000000000030,b1000000-0000-0000-0000-000000000002,2026-01-16T14:54:06+00:00,1,NORMAL_TRANSACTION,Normal Transaction,NORMAL,[],0,0,NORMAL_BASELINE
e1000000-0000-0000-0000-000000000158,tx_norm_000127_b495db,c1000000-0000-0000-0000-000000000064,c1000000-0000-0000-0000-000000000128,CASH_OUT,2688.96,40.07,COMPLETED,d1000000-0000-0000-0000-000000000002,b1000000-0000-0000-0000-000000000018,2026-01-16T15:07:41+00:00,1,NORMAL_TRANSACTION,Normal Transaction,NORMAL,[],0,0,NORMAL_BASELINE
e1000000-0000-0000-0000-000000000159,tx_norm_000144_ad77e8,c1000000-0000-0000-0000-000000000103,c1000000-0000-0000-0000-000000000060,P2P,4075.2,5.0,COMPLETED,d1000000-0000-0000-0000-000000000027,b1000000-0000-0000-0000-000000000001,2026-01-16T15:16:42+00:00,1,NORMAL_TRANSACTION,Normal Transaction,NORMAL,[],0,0,NORMAL_BASELINE
e1000000-0000-0000-0000-000000000160,tx_norm_000109_0f6b40,c1000000-0000-0000-0000-000000000055,c1000000-0000-0000-0000-000000000137,PAYMENT,1884.32,0.0,COMPLETED,d1000000-0000-0000-0000-000000000016,b1000000-0000-0000-0000-000000000016,2026-01-16T15:19:55+00:00,1,NORMAL_TRANSACTION,Normal Transaction,NORMAL,[],0,0,NORMAL_BASELINE
e1000000-0000-0000-0000-000000000161,tx_norm_000203_fa34d2,c1000000-0000-0000-0000-000000000037,c1000000-0000-0000-0000-000000000010,P2P,2972.07,5.0,COMPLETED,d1000000-0000-0000-0000-000000000016,b1000000-0000-0000-0000-000000000018,2026-01-16T15:28:02+00:00,1,NORMAL_TRANSACTION,Normal Transaction,NORMAL,[],0,0,NORMAL_BASELINE
e1000000-0000-0000-0000-000000000162,tx_norm_000170_38b77c,c1000000-0000-0000-0000-000000000076,c1000000-0000-0000-0000-000000000014,P2P,2143.62,5.0,COMPLETED,d1000000-0000-0000-0000-000000000030,b1000000-0000-0000-0000-000000000002,2026-01-16T15:28:49+00:00,1,NORMAL_TRANSACTION,Normal Transaction,NORMAL,[],0,0,NORMAL_BASELINE
e1000000-0000-0000-0000-000000000163,tx_norm_000119_6f9628,c1000000-0000-0000-0000-000000000036,c1000000-0000-0000-0000-000000000135,PAYMENT,3190.68,0.0,COMPLETED,d1000000-0000-0000-0000-000000000027,b1000000-0000-0000-0000-000000000003,2026-01-16T15:33:41+00:00,1,NORMAL_TRANSACTION,Normal Transaction,NORMAL,[],0,0,NORMAL_BASELINE
e1000000-0000-0000-0000-000000000164,tx_norm_000202_12fe28,c1000000-0000-0000-0000-000000000124,c1000000-0000-0000-0000-000000000008,CASH_IN,4167.48,0.0,COMPLETED,d1000000-0000-0000-0000-000000000010,b1000000-0000-0000-0000-000000000010,2026-01-16T15:40:19+00:00,1,NORMAL_TRANSACTION,Normal Transaction,NORMAL,[],0,0,NORMAL_BASELINE
e1000000-0000-0000-0000-000000000165,tx_norm_000146_61a117,c1000000-0000-0000-0000-000000000050,c1000000-0000-0000-0000-000000000063,P2P,658.61,5.0,COMPLETED,d1000000-0000-0000-0000-000000000024,b1000000-0000-0000-0000-000000000011,2026-01-16T15:54:19+00:00,1,NORMAL_TRANSACTION,Normal Transaction,NORMAL,[],0,0,NORMAL_BASELINE
e1000000-0000-0000-0000-000000000166,tx_norm_000205_80599b,c1000000-0000-0000-0000-000000000025,c1000000-0000-0000-0000-000000000138,PAYMENT,1995.27,0.0,COMPLETED,d1000000-0000-0000-0000-000000000028,b1000000-0000-0000-0000-000000000004,2026-01-16T15:58:51+00:00,1,NORMAL_TRANSACTION,Normal Transaction,NORMAL,[],0,0,NORMAL_BASELINE
e1000000-0000-0000-0000-000000000167,tx_norm_000179_692ac1,c1000000-0000-0000-0000-000000000072,c1000000-0000-0000-0000-000000000138,RECHARGE,20.0,0.0,COMPLETED,d1000000-0000-0000-0000-000000000027,b1000000-0000-0000-0000-000000000018,2026-01-16T16:03:37+00:00,1,NORMAL_TRANSACTION,Normal Transaction,NORMAL,[],0,0,NORMAL_BASELINE
e1000000-0000-0000-0000-000000000168,tx_norm_000198_a53bc0,c1000000-0000-0000-0000-000000000117,c1000000-0000-0000-0000-000000000094,CASH_IN,9624.01,0.0,COMPLETED,d1000000-0000-0000-0000-000000000009,b1000000-0000-0000-0000-000000000009,2026-01-16T16:12:57+00:00,1,NORMAL_TRANSACTION,Normal Transaction,NORMAL,[],0,0,NORMAL_BASELINE
e1000000-0000-0000-0000-000000000169,tx_norm_000213_c422d0,c1000000-0000-0000-0000-000000000024,c1000000-0000-0000-0000-000000000029,P2P,1669.45,5.0,COMPLETED,d1000000-0000-0000-0000-000000000005,b1000000-0000-0000-0000-000000000017,2026-01-16T16:23:01+00:00,1,NORMAL_TRANSACTION,Normal Transaction,NORMAL,[],0,0,NORMAL_BASELINE
e1000000-0000-0000-0000-000000000170,tx_norm_000153_f1b64a,c1000000-0000-0000-0000-000000000022,c1000000-0000-0000-0000-000000000034,P2P,4130.41,5.0,COMPLETED,d1000000-0000-0000-0000-000000000024,b1000000-0000-0000-0000-000000000018,2026-01-16T16:32:58+00:00,1,NORMAL_TRANSACTION,Normal Transaction,NORMAL,[],0,0,NORMAL_BASELINE
e1000000-0000-0000-0000-000000000171,tx_norm_000174_816bcb,c1000000-0000-0000-0000-000000000077,c1000000-0000-0000-0000-000000000068,P2P,1468.06,5.0,COMPLETED,d1000000-0000-0000-0000-000000000002,b1000000-0000-0000-0000-000000000001,2026-01-16T16:45:20+00:00,1,NORMAL_TRANSACTION,Normal Transaction,NORMAL,[],0,0,NORMAL_BASELINE
e1000000-0000-0000-0000-000000000172,tx_norm_000118_c19ad5,c1000000-0000-0000-0000-000000000114,c1000000-0000-0000-0000-000000000074,CASH_IN,1362.09,0.0,COMPLETED,d1000000-0000-0000-0000-000000000009,b1000000-0000-0000-0000-000000000015,2026-01-16T17:01:48+00:00,1,NORMAL_TRANSACTION,Normal Transaction,NORMAL,[],0,0,NORMAL_BASELINE
e1000000-0000-0000-0000-000000000173,tx_norm_000187_ac8936,c1000000-0000-0000-0000-000000000021,c1000000-0000-0000-0000-000000000098,P2P,2856.7,5.0,COMPLETED,d1000000-0000-0000-0000-000000000030,b1000000-0000-0000-0000-000000000015,2026-01-16T17:05:56+00:00,1,NORMAL_TRANSACTION,Normal Transaction,NORMAL,[],0,0,NORMAL_BASELINE
e1000000-0000-0000-0000-000000000174,tx_norm_000135_74f93d,c1000000-0000-0000-0000-000000000057,c1000000-0000-0000-0000-000000000013,P2P,2461.59,5.0,COMPLETED,d1000000-0000-0000-0000-000000000026,b1000000-0000-0000-0000-000000000015,2026-01-16T17:21:55+00:00,1,NORMAL_TRANSACTION,Normal Transaction,NORMAL,[],0,0,NORMAL_BASELINE
e1000000-0000-0000-0000-000000000175,tx_norm_000216_e71476,c1000000-0000-0000-0000-000000000089,c1000000-0000-0000-0000-000000000100,P2P,2886.38,5.0,COMPLETED,d1000000-0000-0000-0000-000000000026,b1000000-0000-0000-0000-000000000008,2026-01-16T17:24:09+00:00,1,NORMAL_TRANSACTION,Normal Transaction,NORMAL,[],0,0,NORMAL_BASELINE
e1000000-0000-0000-0000-000000000176,tx_norm_000157_78b2b5,c1000000-0000-0000-0000-000000000048,c1000000-0000-0000-0000-000000000134,PAYMENT,2208.25,0.0,COMPLETED,d1000000-0000-0000-0000-000000000014,b1000000-0000-0000-0000-000000000012,2026-01-16T17:24:52+00:00,1,NORMAL_TRANSACTION,Normal Transaction,NORMAL,[],0,0,NORMAL_BASELINE
e1000000-0000-0000-0000-000000000177,tx_norm_000194_67b032,c1000000-0000-0000-0000-000000000082,c1000000-0000-0000-0000-000000000139,PAYMENT,1033.02,0.0,COMPLETED,d1000000-0000-0000-0000-000000000010,b1000000-0000-0000-0000-000000000012,2026-01-16T17:27:36+00:00,1,NORMAL_TRANSACTION,Normal Transaction,NORMAL,[],0,0,NORMAL_BASELINE
e1000000-0000-0000-0000-000000000178,tx_norm_000204_bd29ed,c1000000-0000-0000-0000-000000000075,c1000000-0000-0000-0000-000000000071,P2P,4303.2,5.0,COMPLETED,d1000000-0000-0000-0000-000000000007,b1000000-0000-0000-0000-000000000009,2026-01-16T17:38:32+00:00,1,NORMAL_TRANSACTION,Normal Transaction,NORMAL,[],0,0,NORMAL_BASELINE
e1000000-0000-0000-0000-000000000179,tx_norm_000095_2e8d0e,c1000000-0000-0000-0000-000000000004,c1000000-0000-0000-0000-000000000065,P2P,3859.1,5.0,COMPLETED,d1000000-0000-0000-0000-000000000018,b1000000-0000-0000-0000-000000000007,2026-01-16T17:39:42+00:00,1,NORMAL_TRANSACTION,Normal Transaction,NORMAL,[],0,0,NORMAL_BASELINE
e1000000-0000-0000-0000-000000000180,tx_norm_000185_177d6e,c1000000-0000-0000-0000-000000000095,c1000000-0000-0000-0000-000000000082,P2P,4378.78,5.0,COMPLETED,d1000000-0000-0000-0000-000000000017,b1000000-0000-0000-0000-000000000004,2026-01-16T17:42:25+00:00,1,NORMAL_TRANSACTION,Normal Transaction,NORMAL,[],0,0,NORMAL_BASELINE
e1000000-0000-0000-0000-000000000181,tx_norm_000131_551ac8,c1000000-0000-0000-0000-000000000058,c1000000-0000-0000-0000-000000000123,CASH_OUT,4132.56,61.58,COMPLETED,d1000000-0000-0000-0000-000000000024,b1000000-0000-0000-0000-000000000001,2026-01-16T17:42:31+00:00,1,NORMAL_TRANSACTION,Normal Transaction,NORMAL,[],0,0,NORMAL_BASELINE
e1000000-0000-0000-0000-000000000182,tx_norm_000143_a34db7,c1000000-0000-0000-0000-000000000075,c1000000-0000-0000-0000-000000000135,PAYMENT,858.17,0.0,COMPLETED,d1000000-0000-0000-0000-000000000007,b1000000-0000-0000-0000-000000000009,2026-01-16T17:43:15+00:00,1,NORMAL_TRANSACTION,Normal Transaction,NORMAL,[],0,0,NORMAL_BASELINE
e1000000-0000-0000-0000-000000000183,tx_norm_000115_b04d33,c1000000-0000-0000-0000-000000000037,c1000000-0000-0000-0000-000000000140,PAYMENT,529.28,0.0,COMPLETED,d1000000-0000-0000-0000-000000000016,b1000000-0000-0000-0000-000000000018,2026-01-16T17:47:52+00:00,1,NORMAL_TRANSACTION,Normal Transaction,NORMAL,[],0,0,NORMAL_BASELINE
e1000000-0000-0000-0000-000000000184,tx_norm_000148_d534ee,c1000000-0000-0000-0000-000000000107,c1000000-0000-0000-0000-000000000078,CASH_IN,7706.55,0.0,COMPLETED,d1000000-0000-0000-0000-000000000011,b1000000-0000-0000-0000-000000000011,2026-01-16T17:55:43+00:00,1,NORMAL_TRANSACTION,Normal Transaction,NORMAL,[],0,0,NORMAL_BASELINE
e1000000-0000-0000-0000-000000000185,tx_norm_000158_a2a9d4,c1000000-0000-0000-0000-000000000079,c1000000-0000-0000-0000-000000000029,P2P,2984.91,5.0,COMPLETED,d1000000-0000-0000-0000-000000000014,b1000000-0000-0000-0000-000000000018,2026-01-16T17:56:35+00:00,1,NORMAL_TRANSACTION,Normal Transaction,NORMAL,[],0,0,NORMAL_BASELINE
e1000000-0000-0000-0000-000000000186,tx_norm_000114_cae9b4,c1000000-0000-0000-0000-000000000019,c1000000-0000-0000-0000-000000000010,P2P,456.44,0.0,COMPLETED,d1000000-0000-0000-0000-000000000013,b1000000-0000-0000-0000-000000000009,2026-01-16T18:09:58+00:00,1,NORMAL_TRANSACTION,Normal Transaction,NORMAL,[],0,0,NORMAL_BASELINE
e1000000-0000-0000-0000-000000000187,tx_norm_000093_6f81cf,c1000000-0000-0000-0000-000000000069,c1000000-0000-0000-0000-000000000130,CASH_OUT,4126.23,61.48,COMPLETED,d1000000-0000-0000-0000-000000000009,b1000000-0000-0000-0000-000000000006,2026-01-16T18:17:39+00:00,1,NORMAL_TRANSACTION,Normal Transaction,NORMAL,[],0,0,NORMAL_BASELINE
e1000000-0000-0000-0000-000000000188,tx_norm_000124_49bc47,c1000000-0000-0000-0000-000000000035,c1000000-0000-0000-0000-000000000072,P2P,763.36,5.0,COMPLETED,d1000000-0000-0000-0000-000000000029,b1000000-0000-0000-0000-000000000019,2026-01-16T18:28:48+00:00,1,NORMAL_TRANSACTION,Normal Transaction,NORMAL,[],0,0,NORMAL_BASELINE
e1000000-0000-0000-0000-000000000189,tx_norm_000201_117b35,c1000000-0000-0000-0000-000000000081,c1000000-0000-0000-0000-000000000041,P2P,849.12,5.0,COMPLETED,d1000000-0000-0000-0000-000000000019,b1000000-0000-0000-0000-000000000018,2026-01-16T18:40:39+00:00,1,NORMAL_TRANSACTION,Normal Transaction,NORMAL,[],0,0,NORMAL_BASELINE
e1000000-0000-0000-0000-000000000190,tx_norm_000150_e74577,c1000000-0000-0000-0000-000000000127,c1000000-0000-0000-0000-000000000018,CASH_IN,6654.23,0.0,COMPLETED,d1000000-0000-0000-0000-000000000011,b1000000-0000-0000-0000-000000000013,2026-01-16T18:48:46+00:00,1,NORMAL_TRANSACTION,Normal Transaction,NORMAL,[],0,0,NORMAL_BASELINE
e1000000-0000-0000-0000-000000000191,tx_norm_000123_9f64ee,c1000000-0000-0000-0000-000000000007,c1000000-0000-0000-0000-000000000136,PAYMENT,1731.24,0.0,COMPLETED,d1000000-0000-0000-0000-000000000025,b1000000-0000-0000-0000-000000000011,2026-01-16T18:55:34+00:00,1,NORMAL_TRANSACTION,Normal Transaction,NORMAL,[],0,0,NORMAL_BASELINE
e1000000-0000-0000-0000-000000000192,tx_norm_000110_2834e4,c1000000-0000-0000-0000-000000000028,c1000000-0000-0000-0000-000000000035,P2P,3039.84,5.0,COMPLETED,d1000000-0000-0000-0000-000000000004,b1000000-0000-0000-0000-000000000018,2026-01-16T19:06:48+00:00,1,NORMAL_TRANSACTION,Normal Transaction,NORMAL,[],0,0,NORMAL_BASELINE
e1000000-0000-0000-0000-000000000193,tx_norm_000136_f81dba,c1000000-0000-0000-0000-000000000020,c1000000-0000-0000-0000-000000000108,CASH_OUT,4021.18,59.92,COMPLETED,d1000000-0000-0000-0000-000000000019,b1000000-0000-0000-0000-000000000007,2026-01-16T19:09:26+00:00,1,NORMAL_TRANSACTION,Normal Transaction,NORMAL,[],0,0,NORMAL_BASELINE
e1000000-0000-0000-0000-000000000194,tx_norm_000159_4dead6,c1000000-0000-0000-0000-000000000018,c1000000-0000-0000-0000-000000000133,PAYMENT,3036.1,0.0,COMPLETED,d1000000-0000-0000-0000-000000000027,b1000000-0000-0000-0000-000000000002,2026-01-16T19:19:41+00:00,1,NORMAL_TRANSACTION,Normal Transaction,NORMAL,[],0,0,NORMAL_BASELINE
e1000000-0000-0000-0000-000000000195,tx_norm_000117_d60162,c1000000-0000-0000-0000-000000000012,c1000000-0000-0000-0000-000000000031,P2P,4336.22,5.0,COMPLETED,d1000000-0000-0000-0000-000000000002,b1000000-0000-0000-0000-000000000008,2026-01-16T19:20:38+00:00,1,NORMAL_TRANSACTION,Normal Transaction,NORMAL,[],0,0,NORMAL_BASELINE
e1000000-0000-0000-0000-000000000196,tx_norm_000197_1d30d9,c1000000-0000-0000-0000-000000000022,c1000000-0000-0000-0000-000000000010,P2P,2395.08,5.0,COMPLETED,d1000000-0000-0000-0000-000000000024,b1000000-0000-0000-0000-000000000018,2026-01-16T19:21:14+00:00,1,NORMAL_TRANSACTION,Normal Transaction,NORMAL,[],0,0,NORMAL_BASELINE
e1000000-0000-0000-0000-000000000197,tx_norm_000116_0a3450,c1000000-0000-0000-0000-000000000064,c1000000-0000-0000-0000-000000000140,PAYMENT,395.35,0.0,COMPLETED,d1000000-0000-0000-0000-000000000002,b1000000-0000-0000-0000-000000000003,2026-01-16T19:25:17+00:00,1,NORMAL_TRANSACTION,Normal Transaction,NORMAL,[],0,0,NORMAL_BASELINE
e1000000-0000-0000-0000-000000000198,tx_norm_000217_9c4ffb,c1000000-0000-0000-0000-000000000087,c1000000-0000-0000-0000-000000000136,PAYMENT,3107.25,0.0,COMPLETED,d1000000-0000-0000-0000-000000000026,b1000000-0000-0000-0000-000000000004,2026-01-16T19:28:02+00:00,1,NORMAL_TRANSACTION,Normal Transaction,NORMAL,[],0,0,NORMAL_BASELINE
e1000000-0000-0000-0000-000000000199,tx_norm_000098_4b5305,c1000000-0000-0000-0000-000000000120,c1000000-0000-0000-0000-000000000102,CASH_IN,1155.19,0.0,COMPLETED,d1000000-0000-0000-0000-000000000009,b1000000-0000-0000-0000-000000000013,2026-01-16T19:30:41+00:00,1,NORMAL_TRANSACTION,Normal Transaction,NORMAL,[],0,0,NORMAL_BASELINE
e1000000-0000-0000-0000-000000000200,tx_norm_000125_b5b453,c1000000-0000-0000-0000-000000000081,c1000000-0000-0000-0000-000000000078,P2P,3637.05,5.0,COMPLETED,d1000000-0000-0000-0000-000000000019,b1000000-0000-0000-0000-000000000018,2026-01-16T19:31:07+00:00,1,NORMAL_TRANSACTION,Normal Transaction,NORMAL,[],0,0,NORMAL_BASELINE
e1000000-0000-0000-0000-000000000201,tx_norm_000121_0964fb,c1000000-0000-0000-0000-000000000118,c1000000-0000-0000-0000-000000000105,CASH_IN,7844.5,0.0,COMPLETED,d1000000-0000-0000-0000-000000000010,b1000000-0000-0000-0000-000000000015,2026-01-16T19:31:18+00:00,1,NORMAL_TRANSACTION,Normal Transaction,NORMAL,[],0,0,NORMAL_BASELINE
e1000000-0000-0000-0000-000000000202,tx_norm_000191_bf3c51,c1000000-0000-0000-0000-000000000042,c1000000-0000-0000-0000-000000000016,P2P,233.24,0.0,COMPLETED,d1000000-0000-0000-0000-000000000018,b1000000-0000-0000-0000-000000000008,2026-01-16T20:08:48+00:00,1,NORMAL_TRANSACTION,Normal Transaction,NORMAL,[],0,0,NORMAL_BASELINE
e1000000-0000-0000-0000-000000000203,tx_norm_000155_cdf974,c1000000-0000-0000-0000-000000000127,c1000000-0000-0000-0000-000000000051,CASH_IN,9705.43,0.0,COMPLETED,d1000000-0000-0000-0000-000000000011,b1000000-0000-0000-0000-000000000013,2026-01-16T20:14:55+00:00,1,NORMAL_TRANSACTION,Normal Transaction,NORMAL,[],0,0,NORMAL_BASELINE
e1000000-0000-0000-0000-000000000204,tx_norm_000154_1346d1,c1000000-0000-0000-0000-000000000103,c1000000-0000-0000-0000-000000000109,CASH_OUT,4012.49,59.79,COMPLETED,d1000000-0000-0000-0000-000000000027,b1000000-0000-0000-0000-000000000003,2026-01-16T20:18:47+00:00,1,NORMAL_TRANSACTION,Normal Transaction,NORMAL,[],0,0,NORMAL_BASELINE
e1000000-0000-0000-0000-000000000205,tx_norm_000108_616074,c1000000-0000-0000-0000-000000000080,c1000000-0000-0000-0000-000000000136,PAYMENT,2515.87,0.0,COMPLETED,d1000000-0000-0000-0000-000000000029,b1000000-0000-0000-0000-000000000005,2026-01-16T20:26:38+00:00,1,NORMAL_TRANSACTION,Normal Transaction,NORMAL,[],0,0,NORMAL_BASELINE
e1000000-0000-0000-0000-000000000206,tx_norm_000132_3d225c,c1000000-0000-0000-0000-000000000042,c1000000-0000-0000-0000-000000000136,PAYMENT,3141.36,0.0,COMPLETED,d1000000-0000-0000-0000-000000000018,b1000000-0000-0000-0000-000000000008,2026-01-16T20:34:24+00:00,1,NORMAL_TRANSACTION,Normal Transaction,NORMAL,[],0,0,NORMAL_BASELINE
e1000000-0000-0000-0000-000000000207,tx_norm_000140_e746cc,c1000000-0000-0000-0000-000000000057,c1000000-0000-0000-0000-000000000111,CASH_OUT,5705.01,85.0,COMPLETED,d1000000-0000-0000-0000-000000000026,b1000000-0000-0000-0000-000000000005,2026-01-16T20:40:45+00:00,1,NORMAL_TRANSACTION,Normal Transaction,NORMAL,[],0,0,NORMAL_BASELINE
e1000000-0000-0000-0000-000000000208,tx_norm_000113_8b6870,c1000000-0000-0000-0000-000000000103,c1000000-0000-0000-0000-000000000136,PAYMENT,1446.67,0.0,COMPLETED,d1000000-0000-0000-0000-000000000027,b1000000-0000-0000-0000-000000000001,2026-01-16T20:50:40+00:00,1,NORMAL_TRANSACTION,Normal Transaction,NORMAL,[],0,0,NORMAL_BASELINE
e1000000-0000-0000-0000-000000000209,tx_norm_000149_9ef2b9,c1000000-0000-0000-0000-000000000046,c1000000-0000-0000-0000-000000000136,PAYMENT,2091.68,0.0,COMPLETED,d1000000-0000-0000-0000-000000000030,b1000000-0000-0000-0000-000000000019,2026-01-16T20:51:14+00:00,1,NORMAL_TRANSACTION,Normal Transaction,NORMAL,[],0,0,NORMAL_BASELINE
e1000000-0000-0000-0000-000000000210,tx_norm_000183_edd877,c1000000-0000-0000-0000-000000000083,c1000000-0000-0000-0000-000000000141,PAYMENT,230.07,0.0,COMPLETED,d1000000-0000-0000-0000-000000000008,b1000000-0000-0000-0000-000000000004,2026-01-16T20:52:39+00:00,1,NORMAL_TRANSACTION,Normal Transaction,NORMAL,[],0,0,NORMAL_BASELINE
e1000000-0000-0000-0000-000000000211,tx_norm_000212_17ec88,c1000000-0000-0000-0000-000000000129,c1000000-0000-0000-0000-000000000088,CASH_IN,9212.03,0.0,COMPLETED,d1000000-0000-0000-0000-000000000011,b1000000-0000-0000-0000-000000000001,2026-01-16T21:08:42+00:00,1,NORMAL_TRANSACTION,Normal Transaction,NORMAL,[],0,0,NORMAL_BASELINE
e1000000-0000-0000-0000-000000000212,tx_norm_000210_4f6b58,c1000000-0000-0000-0000-000000000085,c1000000-0000-0000-0000-000000000019,P2P,4142.01,5.0,COMPLETED,d1000000-0000-0000-0000-000000000026,b1000000-0000-0000-0000-000000000006,2026-01-16T21:09:21+00:00,1,NORMAL_TRANSACTION,Normal Transaction,NORMAL,[],0,0,NORMAL_BASELINE
e1000000-0000-0000-0000-000000000213,tx_norm_000103_88bd13,c1000000-0000-0000-0000-000000000023,c1000000-0000-0000-0000-000000000040,P2P,260.84,0.0,COMPLETED,d1000000-0000-0000-0000-000000000014,b1000000-0000-0000-0000-000000000019,2026-01-16T21:12:18+00:00,1,NORMAL_TRANSACTION,Normal Transaction,NORMAL,[],0,0,NORMAL_BASELINE
e1000000-0000-0000-0000-000000000214,tx_norm_000182_6dda4f,c1000000-0000-0000-0000-000000000036,c1000000-0000-0000-0000-000000000075,P2P,1172.48,5.0,COMPLETED,d1000000-0000-0000-0000-000000000027,b1000000-0000-0000-0000-000000000003,2026-01-16T21:35:23+00:00,1,NORMAL_TRANSACTION,Normal Transaction,NORMAL,[],0,0,NORMAL_BASELINE
e1000000-0000-0000-0000-000000000215,tx_norm_000180_99b479,c1000000-0000-0000-0000-000000000093,c1000000-0000-0000-0000-000000000133,PAYMENT,3103.62,0.0,COMPLETED,d1000000-0000-0000-0000-000000000009,b1000000-0000-0000-0000-000000000006,2026-01-16T21:42:48+00:00,1,NORMAL_TRANSACTION,Normal Transaction,NORMAL,[],0,0,NORMAL_BASELINE
e1000000-0000-0000-0000-000000000216,tx_norm_000090_58e258,c1000000-0000-0000-0000-000000000102,c1000000-0000-0000-0000-000000000124,CASH_OUT,6369.77,94.91,COMPLETED,d1000000-0000-0000-0000-000000000029,b1000000-0000-0000-0000-000000000010,2026-01-16T21:43:38+00:00,1,NORMAL_TRANSACTION,Normal Transaction,NORMAL,[],0,0,NORMAL_BASELINE
e1000000-0000-0000-0000-000000000217,tx_norm_000215_9e374f,c1000000-0000-0000-0000-000000000085,c1000000-0000-0000-0000-000000000138,PAYMENT,2823.0,0.0,COMPLETED,d1000000-0000-0000-0000-000000000026,b1000000-0000-0000-0000-000000000006,2026-01-16T21:47:56+00:00,1,NORMAL_TRANSACTION,Normal Transaction,NORMAL,[],0,0,NORMAL_BASELINE
e1000000-0000-0000-0000-000000000218,tx_norm_000276_9b33e3,c1000000-0000-0000-0000-000000000061,c1000000-0000-0000-0000-000000000068,P2P,2165.05,5.0,COMPLETED,d1000000-0000-0000-0000-000000000028,b1000000-0000-0000-0000-000000000017,2026-01-17T08:08:45+00:00,1,NORMAL_TRANSACTION,Normal Transaction,NORMAL,[],0,0,NORMAL_BASELINE
e1000000-0000-0000-0000-000000000219,tx_norm_000352_4c9d69,c1000000-0000-0000-0000-000000000092,c1000000-0000-0000-0000-000000000051,P2P,4194.16,5.0,COMPLETED,d1000000-0000-0000-0000-000000000027,b1000000-0000-0000-0000-000000000018,2026-01-17T08:13:37+00:00,1,NORMAL_TRANSACTION,Normal Transaction,NORMAL,[],0,0,NORMAL_BASELINE
e1000000-0000-0000-0000-000000000220,tx_norm_000236_4f6122,c1000000-0000-0000-0000-000000000026,c1000000-0000-0000-0000-000000000006,P2P,1557.06,5.0,COMPLETED,d1000000-0000-0000-0000-000000000014,b1000000-0000-0000-0000-000000000003,2026-01-17T08:18:12+00:00,1,NORMAL_TRANSACTION,Normal Transaction,NORMAL,[],0,0,NORMAL_BASELINE
e1000000-0000-0000-0000-000000000221,tx_norm_000267_e6fdd7,c1000000-0000-0000-0000-000000000054,c1000000-0000-0000-0000-000000000113,CASH_OUT,7720.14,115.03,COMPLETED,d1000000-0000-0000-0000-000000000018,b1000000-0000-0000-0000-000000000017,2026-01-17T08:18:24+00:00,1,NORMAL_TRANSACTION,Normal Transaction,NORMAL,[],0,0,NORMAL_BASELINE
e1000000-0000-0000-0000-000000000222,tx_norm_000325_6a9440,c1000000-0000-0000-0000-000000000131,c1000000-0000-0000-0000-000000000068,CASH_IN,3868.61,0.0,COMPLETED,d1000000-0000-0000-0000-000000000009,b1000000-0000-0000-0000-000000000015,2026-01-17T08:22:41+00:00,1,NORMAL_TRANSACTION,Normal Transaction,NORMAL,[],0,0,NORMAL_BASELINE
e1000000-0000-0000-0000-000000000223,tx_norm_000253_e25df9,c1000000-0000-0000-0000-000000000060,c1000000-0000-0000-0000-000000000141,PAYMENT,545.8,0.0,COMPLETED,d1000000-0000-0000-0000-000000000011,b1000000-0000-0000-0000-000000000002,2026-01-17T08:23:35+00:00,1,NORMAL_TRANSACTION,Normal Transaction,NORMAL,[],0,0,NORMAL_BASELINE
e1000000-0000-0000-0000-000000000224,tx_norm_000344_2de46e,c1000000-0000-0000-0000-000000000119,c1000000-0000-0000-0000-000000000104,CASH_IN,9457.41,0.0,COMPLETED,d1000000-0000-0000-0000-000000000010,b1000000-0000-0000-0000-000000000011,2026-01-17T08:32:52+00:00,1,NORMAL_TRANSACTION,Normal Transaction,NORMAL,[],0,0,NORMAL_BASELINE
e1000000-0000-0000-0000-000000000225,tx_norm_000324_8e4c3a,c1000000-0000-0000-0000-000000000023,c1000000-0000-0000-0000-000000000126,CASH_OUT,5590.63,83.3,COMPLETED,d1000000-0000-0000-0000-000000000014,b1000000-0000-0000-0000-000000000014,2026-01-17T08:35:37+00:00,1,NORMAL_TRANSACTION,Normal Transaction,NORMAL,[],0,0,NORMAL_BASELINE
e1000000-0000-0000-0000-000000000226,tx_norm_000282_26c432,c1000000-0000-0000-0000-000000000003,c1000000-0000-0000-0000-000000000058,P2P,1548.88,5.0,COMPLETED,d1000000-0000-0000-0000-000000000003,b1000000-0000-0000-0000-000000000007,2026-01-17T08:36:44+00:00,1,NORMAL_TRANSACTION,Normal Transaction,NORMAL,[],0,0,NORMAL_BASELINE
e1000000-0000-0000-0000-000000000227,tx_norm_000230_15eacb,c1000000-0000-0000-0000-000000000054,c1000000-0000-0000-0000-000000000024,P2P,3056.8,5.0,COMPLETED,d1000000-0000-0000-0000-000000000018,b1000000-0000-0000-0000-000000000001,2026-01-17T08:39:22+00:00,1,NORMAL_TRANSACTION,Normal Transaction,NORMAL,[],0,0,NORMAL_BASELINE
e1000000-0000-0000-0000-000000000228,tx_norm_000342_0406ff,c1000000-0000-0000-0000-000000000125,c1000000-0000-0000-0000-000000000062,CASH_IN,6933.56,0.0,COMPLETED,d1000000-0000-0000-0000-000000000011,b1000000-0000-0000-0000-000000000018,2026-01-17T08:39:40+00:00,1,NORMAL_TRANSACTION,Normal Transaction,NORMAL,[],0,0,NORMAL_BASELINE
e1000000-0000-0000-0000-000000000229,tx_norm_000232_c9dc72,c1000000-0000-0000-0000-000000000033,c1000000-0000-0000-0000-000000000133,RECHARGE,100.0,0.0,COMPLETED,d1000000-0000-0000-0000-000000000030,b1000000-0000-0000-0000-000000000017,2026-01-17T08:40:24+00:00,1,NORMAL_TRANSACTION,Normal Transaction,NORMAL,[],0,0,NORMAL_BASELINE
e1000000-0000-0000-0000-000000000230,tx_norm_000221_8412a3,c1000000-0000-0000-0000-000000000071,c1000000-0000-0000-0000-000000000109,CASH_OUT,5835.51,86.95,COMPLETED,d1000000-0000-0000-0000-000000000023,b1000000-0000-0000-0000-000000000003,2026-01-17T08:41:30+00:00,1,NORMAL_TRANSACTION,Normal Transaction,NORMAL,[],0,0,NORMAL_BASELINE
e1000000-0000-0000-0000-000000000231,tx_norm_000319_1139fa,c1000000-0000-0000-0000-000000000099,c1000000-0000-0000-0000-000000000133,PAYMENT,884.03,0.0,COMPLETED,d1000000-0000-0000-0000-000000000004,b1000000-0000-0000-0000-000000000010,2026-01-17T08:51:42+00:00,1,NORMAL_TRANSACTION,Normal Transaction,NORMAL,[],0,0,NORMAL_BASELINE
e1000000-0000-0000-0000-000000000232,tx_norm_000261_43c07d,c1000000-0000-0000-0000-000000000006,c1000000-0000-0000-0000-000000000084,P2P,3515.4,5.0,COMPLETED,d1000000-0000-0000-0000-000000000006,b1000000-0000-0000-0000-000000000014,2026-01-17T08:52:55+00:00,1,NORMAL_TRANSACTION,Normal Transaction,NORMAL,[],0,0,NORMAL_BASELINE
e1000000-0000-0000-0000-000000000233,tx_norm_000247_1e2595,c1000000-0000-0000-0000-000000000067,c1000000-0000-0000-0000-000000000050,P2P,4128.23,5.0,COMPLETED,d1000000-0000-0000-0000-000000000030,b1000000-0000-0000-0000-000000000003,2026-01-17T09:01:47+00:00,1,NORMAL_TRANSACTION,Normal Transaction,NORMAL,[],0,0,NORMAL_BASELINE
e1000000-0000-0000-0000-000000000234,tx_norm_000254_6929de,c1000000-0000-0000-0000-000000000093,c1000000-0000-0000-0000-000000000140,RECHARGE,500.0,0.0,COMPLETED,d1000000-0000-0000-0000-000000000009,b1000000-0000-0000-0000-000000000006,2026-01-17T09:19:25+00:00,1,NORMAL_TRANSACTION,Normal Transaction,NORMAL,[],0,0,NORMAL_BASELINE
e1000000-0000-0000-0000-000000000235,tx_norm_000241_2aa93b,c1000000-0000-0000-0000-000000000058,c1000000-0000-0000-0000-000000000079,P2P,3285.95,5.0,COMPLETED,d1000000-0000-0000-0000-000000000024,b1000000-0000-0000-0000-000000000018,2026-01-17T09:20:42+00:00,1,NORMAL_TRANSACTION,Normal Transaction,NORMAL,[],0,0,NORMAL_BASELINE
e1000000-0000-0000-0000-000000000236,tx_norm_000345_5abca6,c1000000-0000-0000-0000-000000000080,c1000000-0000-0000-0000-000000000068,P2P,1285.4,5.0,COMPLETED,d1000000-0000-0000-0000-000000000029,b1000000-0000-0000-0000-000000000005,2026-01-17T09:33:09+00:00,1,NORMAL_TRANSACTION,Normal Transaction,NORMAL,[],0,0,NORMAL_BASELINE
e1000000-0000-0000-0000-000000000237,tx_norm_000243_248d31,c1000000-0000-0000-0000-000000000066,c1000000-0000-0000-0000-000000000135,PAYMENT,3056.01,0.0,COMPLETED,d1000000-0000-0000-0000-000000000013,b1000000-0000-0000-0000-000000000005,2026-01-17T09:42:40+00:00,1,NORMAL_TRANSACTION,Normal Transaction,NORMAL,[],0,0,NORMAL_BASELINE
e1000000-0000-0000-0000-000000000238,tx_norm_000309_89628f,c1000000-0000-0000-0000-000000000071,c1000000-0000-0000-0000-000000000065,P2P,1069.27,5.0,COMPLETED,d1000000-0000-0000-0000-000000000023,b1000000-0000-0000-0000-000000000010,2026-01-17T09:58:36+00:00,1,NORMAL_TRANSACTION,Normal Transaction,NORMAL,[],0,0,NORMAL_BASELINE
e1000000-0000-0000-0000-000000000239,tx_norm_000314_c40d48,c1000000-0000-0000-0000-000000000053,c1000000-0000-0000-0000-000000000024,P2P,3506.58,5.0,COMPLETED,d1000000-0000-0000-0000-000000000028,b1000000-0000-0000-0000-000000000018,2026-01-17T09:59:30+00:00,1,NORMAL_TRANSACTION,Normal Transaction,NORMAL,[],0,0,NORMAL_BASELINE
e1000000-0000-0000-0000-000000000240,tx_norm_000234_af475b,c1000000-0000-0000-0000-000000000105,c1000000-0000-0000-0000-000000000135,PAYMENT,2682.67,0.0,COMPLETED,d1000000-0000-0000-0000-000000000015,b1000000-0000-0000-0000-000000000007,2026-01-17T10:02:22+00:00,1,NORMAL_TRANSACTION,Normal Transaction,NORMAL,[],0,0,NORMAL_BASELINE
e1000000-0000-0000-0000-000000000241,tx_norm_000326_39b02e,c1000000-0000-0000-0000-000000000069,c1000000-0000-0000-0000-000000000061,P2P,1236.16,5.0,COMPLETED,d1000000-0000-0000-0000-000000000009,b1000000-0000-0000-0000-000000000005,2026-01-17T10:19:24+00:00,1,NORMAL_TRANSACTION,Normal Transaction,NORMAL,[],0,0,NORMAL_BASELINE
e1000000-0000-0000-0000-000000000242,tx_norm_000310_7d23d4,c1000000-0000-0000-0000-000000000015,c1000000-0000-0000-0000-000000000136,PAYMENT,2336.6,0.0,COMPLETED,d1000000-0000-0000-0000-000000000022,b1000000-0000-0000-0000-000000000009,2026-01-17T10:20:54+00:00,1,NORMAL_TRANSACTION,Normal Transaction,NORMAL,[],0,0,NORMAL_BASELINE
e1000000-0000-0000-0000-000000000243,tx_norm_000277_bd4408,c1000000-0000-0000-0000-000000000021,c1000000-0000-0000-0000-000000000139,PAYMENT,3171.38,0.0,COMPLETED,d1000000-0000-0000-0000-000000000030,b1000000-0000-0000-0000-000000000015,2026-01-17T10:20:59+00:00,1,NORMAL_TRANSACTION,Normal Transaction,NORMAL,[],0,0,NORMAL_BASELINE
e1000000-0000-0000-0000-000000000244,tx_norm_000285_de1e99,c1000000-0000-0000-0000-000000000070,c1000000-0000-0000-0000-000000000138,PAYMENT,2211.4,0.0,COMPLETED,d1000000-0000-0000-0000-000000000012,b1000000-0000-0000-0000-000000000010,2026-01-17T10:29:58+00:00,1,NORMAL_TRANSACTION,Normal Transaction,NORMAL,[],0,0,NORMAL_BASELINE
e1000000-0000-0000-0000-000000000245,tx_norm_000281_ae441e,c1000000-0000-0000-0000-000000000130,c1000000-0000-0000-0000-000000000049,CASH_IN,2329.98,0.0,COMPLETED,d1000000-0000-0000-0000-000000000010,b1000000-0000-0000-0000-000000000006,2026-01-17T10:33:40+00:00,1,NORMAL_TRANSACTION,Normal Transaction,NORMAL,[],0,0,NORMAL_BASELINE
e1000000-0000-0000-0000-000000000246,tx_norm_000316_2099d1,c1000000-0000-0000-0000-000000000023,c1000000-0000-0000-0000-000000000070,P2P,1890.15,5.0,COMPLETED,d1000000-0000-0000-0000-000000000014,b1000000-0000-0000-0000-000000000019,2026-01-17T10:41:55+00:00,1,NORMAL_TRANSACTION,Normal Transaction,NORMAL,[],0,0,NORMAL_BASELINE
e1000000-0000-0000-0000-000000000247,tx_norm_000303_546252,c1000000-0000-0000-0000-000000000058,c1000000-0000-0000-0000-000000000098,P2P,1348.08,5.0,COMPLETED,d1000000-0000-0000-0000-000000000024,b1000000-0000-0000-0000-000000000018,2026-01-17T11:00:16+00:00,1,NORMAL_TRANSACTION,Normal Transaction,NORMAL,[],0,0,NORMAL_BASELINE
e1000000-0000-0000-0000-000000000248,tx_norm_000292_19a692,c1000000-0000-0000-0000-000000000029,c1000000-0000-0000-0000-000000000126,CASH_OUT,2246.27,33.47,COMPLETED,d1000000-0000-0000-0000-000000000014,b1000000-0000-0000-0000-000000000014,2026-01-17T11:03:42+00:00,1,NORMAL_TRANSACTION,Normal Transaction,NORMAL,[],0,0,NORMAL_BASELINE
e1000000-0000-0000-0000-000000000249,tx_norm_000249_71f2ce,c1000000-0000-0000-0000-000000000058,c1000000-0000-0000-0000-000000000111,CASH_OUT,7240.09,107.88,COMPLETED,d1000000-0000-0000-0000-000000000024,b1000000-0000-0000-0000-000000000005,2026-01-17T11:07:08+00:00,1,NORMAL_TRANSACTION,Normal Transaction,NORMAL,[],0,0,NORMAL_BASELINE
e1000000-0000-0000-0000-000000000250,tx_norm_000270_e1e0ff,c1000000-0000-0000-0000-000000000007,c1000000-0000-0000-0000-000000000038,P2P,2328.05,5.0,COMPLETED,d1000000-0000-0000-0000-000000000025,b1000000-0000-0000-0000-000000000011,2026-01-17T11:13:37+00:00,1,NORMAL_TRANSACTION,Normal Transaction,NORMAL,[],0,0,NORMAL_BASELINE
e1000000-0000-0000-0000-000000000251,tx_norm_000350_ec95b3,c1000000-0000-0000-0000-000000000073,c1000000-0000-0000-0000-000000000121,CASH_OUT,2533.21,37.74,COMPLETED,d1000000-0000-0000-0000-000000000005,b1000000-0000-0000-0000-000000000014,2026-01-17T11:13:57+00:00,1,NORMAL_TRANSACTION,Normal Transaction,NORMAL,[],0,0,NORMAL_BASELINE
e1000000-0000-0000-0000-000000000252,tx_norm_000323_4ceda1,c1000000-0000-0000-0000-000000000085,c1000000-0000-0000-0000-000000000067,P2P,1150.48,5.0,COMPLETED,d1000000-0000-0000-0000-000000000026,b1000000-0000-0000-0000-000000000006,2026-01-17T11:19:56+00:00,1,NORMAL_TRANSACTION,Normal Transaction,NORMAL,[],0,0,NORMAL_BASELINE
e1000000-0000-0000-0000-000000000253,tx_norm_000224_d6d441,c1000000-0000-0000-0000-000000000004,c1000000-0000-0000-0000-000000000042,P2P,4202.55,5.0,COMPLETED,d1000000-0000-0000-0000-000000000018,b1000000-0000-0000-0000-000000000007,2026-01-17T11:24:05+00:00,1,NORMAL_TRANSACTION,Normal Transaction,NORMAL,[],0,0,NORMAL_BASELINE
e1000000-0000-0000-0000-000000000254,tx_norm_000228_e7b7b4,c1000000-0000-0000-0000-000000000120,c1000000-0000-0000-0000-000000000009,CASH_IN,1997.72,0.0,COMPLETED,d1000000-0000-0000-0000-000000000009,b1000000-0000-0000-0000-000000000013,2026-01-17T11:26:40+00:00,1,NORMAL_TRANSACTION,Normal Transaction,NORMAL,[],0,0,NORMAL_BASELINE
e1000000-0000-0000-0000-000000000255,tx_norm_000331_03ece8,c1000000-0000-0000-0000-000000000043,c1000000-0000-0000-0000-000000000115,CASH_OUT,7677.65,114.4,COMPLETED,d1000000-0000-0000-0000-000000000023,b1000000-0000-0000-0000-000000000011,2026-01-17T11:30:13+00:00,1,NORMAL_TRANSACTION,Normal Transaction,NORMAL,[],0,0,NORMAL_BASELINE
e1000000-0000-0000-0000-000000000256,tx_norm_000332_b21490,c1000000-0000-0000-0000-000000000130,c1000000-0000-0000-0000-000000000062,CASH_IN,9229.97,0.0,COMPLETED,d1000000-0000-0000-0000-000000000010,b1000000-0000-0000-0000-000000000006,2026-01-17T11:47:07+00:00,1,NORMAL_TRANSACTION,Normal Transaction,NORMAL,[],0,0,NORMAL_BASELINE
e1000000-0000-0000-0000-000000000257,tx_norm_000223_808389,c1000000-0000-0000-0000-000000000004,c1000000-0000-0000-0000-000000000119,CASH_OUT,899.43,13.4,COMPLETED,d1000000-0000-0000-0000-000000000018,b1000000-0000-0000-0000-000000000011,2026-01-17T11:52:28+00:00,1,NORMAL_TRANSACTION,Normal Transaction,NORMAL,[],0,0,NORMAL_BASELINE
e1000000-0000-0000-0000-000000000258,tx_norm_000322_ac2b0c,c1000000-0000-0000-0000-000000000116,c1000000-0000-0000-0000-000000000074,CASH_IN,6381.26,0.0,COMPLETED,d1000000-0000-0000-0000-000000000011,b1000000-0000-0000-0000-000000000015,2026-01-17T11:52:58+00:00,1,NORMAL_TRANSACTION,Normal Transaction,NORMAL,[],0,0,NORMAL_BASELINE
e1000000-0000-0000-0000-000000000259,tx_norm_000273_fd350c,c1000000-0000-0000-0000-000000000098,c1000000-0000-0000-0000-000000000141,PAYMENT,1003.15,0.0,COMPLETED,d1000000-0000-0000-0000-000000000022,b1000000-0000-0000-0000-000000000011,2026-01-17T12:04:24+00:00,1,NORMAL_TRANSACTION,Normal Transaction,NORMAL,[],0,0,NORMAL_BASELINE
e1000000-0000-0000-0000-000000000260,tx_norm_000222_6ffe33,c1000000-0000-0000-0000-000000000058,c1000000-0000-0000-0000-000000000067,P2P,833.6,5.0,COMPLETED,d1000000-0000-0000-0000-000000000024,b1000000-0000-0000-0000-000000000018,2026-01-17T12:05:48+00:00,1,NORMAL_TRANSACTION,Normal Transaction,NORMAL,[],0,0,NORMAL_BASELINE
e1000000-0000-0000-0000-000000000261,tx_norm_000271_ba3df7,c1000000-0000-0000-0000-000000000056,c1000000-0000-0000-0000-000000000110,CASH_OUT,7118.42,106.06,COMPLETED,d1000000-0000-0000-0000-000000000006,b1000000-0000-0000-0000-000000000007,2026-01-17T12:34:00+00:00,1,NORMAL_TRANSACTION,Normal Transaction,NORMAL,[],0,0,NORMAL_BASELINE
e1000000-0000-0000-0000-000000000262,tx_norm_000347_17efa6,c1000000-0000-0000-0000-000000000084,c1000000-0000-0000-0000-000000000126,CASH_OUT,6196.89,92.33,COMPLETED,d1000000-0000-0000-0000-000000000024,b1000000-0000-0000-0000-000000000014,2026-01-17T12:43:52+00:00,1,NORMAL_TRANSACTION,Normal Transaction,NORMAL,[],0,0,NORMAL_BASELINE
e1000000-0000-0000-0000-000000000263,tx_norm_000251_a3404f,c1000000-0000-0000-0000-000000000092,c1000000-0000-0000-0000-000000000128,CASH_OUT,7454.93,111.08,COMPLETED,d1000000-0000-0000-0000-000000000027,b1000000-0000-0000-0000-000000000018,2026-01-17T12:57:19+00:00,1,NORMAL_TRANSACTION,Normal Transaction,NORMAL,[],0,0,NORMAL_BASELINE
e1000000-0000-0000-0000-000000000264,tx_norm_000291_963a86,c1000000-0000-0000-0000-000000000110,c1000000-0000-0000-0000-000000000014,CASH_IN,6541.09,0.0,COMPLETED,d1000000-0000-0000-0000-000000000011,b1000000-0000-0000-0000-000000000007,2026-01-17T12:59:35+00:00,1,NORMAL_TRANSACTION,Normal Transaction,NORMAL,[],0,0,NORMAL_BASELINE
e1000000-0000-0000-0000-000000000265,tx_norm_000231_63f4c6,c1000000-0000-0000-0000-000000000101,c1000000-0000-0000-0000-000000000141,PAYMENT,1840.16,0.0,COMPLETED,d1000000-0000-0000-0000-000000000007,b1000000-0000-0000-0000-000000000014,2026-01-17T13:04:33+00:00,1,NORMAL_TRANSACTION,Normal Transaction,NORMAL,[],0,0,NORMAL_BASELINE
e1000000-0000-0000-0000-000000000266,tx_norm_000256_c48d56,c1000000-0000-0000-0000-000000000071,c1000000-0000-0000-0000-000000000126,CASH_OUT,4908.39,73.14,COMPLETED,d1000000-0000-0000-0000-000000000023,b1000000-0000-0000-0000-000000000014,2026-01-17T13:08:56+00:00,1,NORMAL_TRANSACTION,Normal Transaction,NORMAL,[],0,0,NORMAL_BASELINE
e1000000-0000-0000-0000-000000000267,tx_norm_000300_564cfb,c1000000-0000-0000-0000-000000000033,c1000000-0000-0000-0000-000000000135,PAYMENT,192.96,0.0,COMPLETED,d1000000-0000-0000-0000-000000000030,b1000000-0000-0000-0000-000000000017,2026-01-17T13:10:46+00:00,1,NORMAL_TRANSACTION,Normal Transaction,NORMAL,[],0,0,NORMAL_BASELINE
e1000000-0000-0000-0000-000000000268,tx_norm_000233_c1b5b5,c1000000-0000-0000-0000-000000000109,c1000000-0000-0000-0000-000000000099,CASH_IN,6237.13,0.0,COMPLETED,d1000000-0000-0000-0000-000000000010,b1000000-0000-0000-0000-000000000003,2026-01-17T13:15:46+00:00,1,NORMAL_TRANSACTION,Normal Transaction,NORMAL,[],0,0,NORMAL_BASELINE
e1000000-0000-0000-0000-000000000269,tx_norm_000295_3b72c8,c1000000-0000-0000-0000-000000000099,c1000000-0000-0000-0000-000000000012,P2P,3004.88,5.0,COMPLETED,d1000000-0000-0000-0000-000000000004,b1000000-0000-0000-0000-000000000010,2026-01-17T13:18:41+00:00,1,NORMAL_TRANSACTION,Normal Transaction,NORMAL,[],0,0,NORMAL_BASELINE
e1000000-0000-0000-0000-000000000270,tx_norm_000307_d35ac0,c1000000-0000-0000-0000-000000000061,c1000000-0000-0000-0000-000000000141,PAYMENT,2596.08,0.0,COMPLETED,d1000000-0000-0000-0000-000000000028,b1000000-0000-0000-0000-000000000017,2026-01-17T13:26:44+00:00,1,NORMAL_TRANSACTION,Normal Transaction,NORMAL,[],0,0,NORMAL_BASELINE
e1000000-0000-0000-0000-000000000271,tx_norm_000242_464942,c1000000-0000-0000-0000-000000000117,c1000000-0000-0000-0000-000000000079,CASH_IN,9983.36,0.0,COMPLETED,d1000000-0000-0000-0000-000000000009,b1000000-0000-0000-0000-000000000009,2026-01-17T13:28:02+00:00,1,NORMAL_TRANSACTION,Normal Transaction,NORMAL,[],0,0,NORMAL_BASELINE
e1000000-0000-0000-0000-000000000272,tx_norm_000306_bf6b8c,c1000000-0000-0000-0000-000000000018,c1000000-0000-0000-0000-000000000063,P2P,858.7,5.0,COMPLETED,d1000000-0000-0000-0000-000000000027,b1000000-0000-0000-0000-000000000002,2026-01-17T13:39:14+00:00,1,NORMAL_TRANSACTION,Normal Transaction,NORMAL,[],0,0,NORMAL_BASELINE
e1000000-0000-0000-0000-000000000273,tx_norm_000293_8ce3e7,c1000000-0000-0000-0000-000000000099,c1000000-0000-0000-0000-000000000018,P2P,222.28,0.0,COMPLETED,d1000000-0000-0000-0000-000000000004,b1000000-0000-0000-0000-000000000010,2026-01-17T13:45:30+00:00,1,NORMAL_TRANSACTION,Normal Transaction,NORMAL,[],0,0,NORMAL_BASELINE
e1000000-0000-0000-0000-000000000274,tx_norm_000265_5edbb8,c1000000-0000-0000-0000-000000000045,c1000000-0000-0000-0000-000000000053,P2P,762.29,5.0,COMPLETED,d1000000-0000-0000-0000-000000000022,b1000000-0000-0000-0000-000000000016,2026-01-17T13:55:45+00:00,1,NORMAL_TRANSACTION,Normal Transaction,NORMAL,[],0,0,NORMAL_BASELINE
e1000000-0000-0000-0000-000000000275,tx_norm_000315_f6d22a,c1000000-0000-0000-0000-000000000049,c1000000-0000-0000-0000-000000000139,PAYMENT,394.76,0.0,COMPLETED,d1000000-0000-0000-0000-000000000024,b1000000-0000-0000-0000-000000000002,2026-01-17T13:57:24+00:00,1,NORMAL_TRANSACTION,Normal Transaction,NORMAL,[],0,0,NORMAL_BASELINE
e1000000-0000-0000-0000-000000000276,tx_norm_000290_d3f4a4,c1000000-0000-0000-0000-000000000129,c1000000-0000-0000-0000-000000000062,CASH_IN,2925.88,0.0,COMPLETED,d1000000-0000-0000-0000-000000000011,b1000000-0000-0000-0000-000000000001,2026-01-17T13:59:28+00:00,1,NORMAL_TRANSACTION,Normal Transaction,NORMAL,[],0,0,NORMAL_BASELINE
e1000000-0000-0000-0000-000000000277,tx_norm_000258_4027ab,c1000000-0000-0000-0000-000000000067,c1000000-0000-0000-0000-000000000037,P2P,3837.51,5.0,COMPLETED,d1000000-0000-0000-0000-000000000030,b1000000-0000-0000-0000-000000000003,2026-01-17T13:59:45+00:00,1,NORMAL_TRANSACTION,Normal Transaction,NORMAL,[],0,0,NORMAL_BASELINE
e1000000-0000-0000-0000-000000000278,tx_norm_000239_84ef43,c1000000-0000-0000-0000-000000000064,c1000000-0000-0000-0000-000000000138,PAYMENT,2969.15,0.0,COMPLETED,d1000000-0000-0000-0000-000000000002,b1000000-0000-0000-0000-000000000003,2026-01-17T14:21:11+00:00,1,NORMAL_TRANSACTION,Normal Transaction,NORMAL,[],0,0,NORMAL_BASELINE
e1000000-0000-0000-0000-000000000279,tx_norm_000348_152aea,c1000000-0000-0000-0000-000000000082,c1000000-0000-0000-0000-000000000133,PAYMENT,2293.68,0.0,COMPLETED,d1000000-0000-0000-0000-000000000010,b1000000-0000-0000-0000-000000000012,2026-01-17T14:24:35+00:00,1,NORMAL_TRANSACTION,Normal Transaction,NORMAL,[],0,0,NORMAL_BASELINE
e1000000-0000-0000-0000-000000000280,tx_norm_000257_2a26f7,c1000000-0000-0000-0000-000000000016,c1000000-0000-0000-0000-000000000122,CASH_OUT,1647.62,24.55,COMPLETED,d1000000-0000-0000-0000-000000000006,b1000000-0000-0000-0000-000000000002,2026-01-17T14:32:58+00:00,1,NORMAL_TRANSACTION,Normal Transaction,NORMAL,[],0,0,NORMAL_BASELINE
e1000000-0000-0000-0000-000000000281,tx_norm_000245_5f3c44,c1000000-0000-0000-0000-000000000087,c1000000-0000-0000-0000-000000000140,PAYMENT,3043.91,0.0,COMPLETED,d1000000-0000-0000-0000-000000000026,b1000000-0000-0000-0000-000000000004,2026-01-17T14:36:02+00:00,1,NORMAL_TRANSACTION,Normal Transaction,NORMAL,[],0,0,NORMAL_BASELINE
e1000000-0000-0000-0000-000000000282,tx_norm_000294_c18363,c1000000-0000-0000-0000-000000000061,c1000000-0000-0000-0000-000000000121,CASH_OUT,5379.04,80.15,COMPLETED,d1000000-0000-0000-0000-000000000028,b1000000-0000-0000-0000-000000000014,2026-01-17T14:41:59+00:00,1,NORMAL_TRANSACTION,Normal Transaction,NORMAL,[],0,0,NORMAL_BASELINE
e1000000-0000-0000-0000-000000000283,tx_norm_000237_dcb51c,c1000000-0000-0000-0000-000000000005,c1000000-0000-0000-0000-000000000136,PAYMENT,1022.64,0.0,COMPLETED,d1000000-0000-0000-0000-000000000015,b1000000-0000-0000-0000-000000000019,2026-01-17T14:52:34+00:00,1,NORMAL_TRANSACTION,Normal Transaction,NORMAL,[],0,0,NORMAL_BASELINE
e1000000-0000-0000-0000-000000000284,tx_norm_000339_7d024c,c1000000-0000-0000-0000-000000000111,c1000000-0000-0000-0000-000000000018,CASH_IN,7482.82,0.0,COMPLETED,d1000000-0000-0000-0000-000000000009,b1000000-0000-0000-0000-000000000005,2026-01-17T15:10:46+00:00,1,NORMAL_TRANSACTION,Normal Transaction,NORMAL,[],0,0,NORMAL_BASELINE
e1000000-0000-0000-0000-000000000285,tx_norm_000321_fe54ee,c1000000-0000-0000-0000-000000000100,c1000000-0000-0000-0000-000000000008,P2P,802.58,5.0,COMPLETED,d1000000-0000-0000-0000-000000000011,b1000000-0000-0000-0000-000000000013,2026-01-17T15:14:34+00:00,1,NORMAL_TRANSACTION,Normal Transaction,NORMAL,[],0,0,NORMAL_BASELINE
e1000000-0000-0000-0000-000000000286,tx_norm_000305_a38295,c1000000-0000-0000-0000-000000000065,c1000000-0000-0000-0000-000000000137,PAYMENT,2255.39,0.0,COMPLETED,d1000000-0000-0000-0000-000000000009,b1000000-0000-0000-0000-000000000007,2026-01-17T15:19:10+00:00,1,NORMAL_TRANSACTION,Normal Transaction,NORMAL,[],0,0,NORMAL_BASELINE
e1000000-0000-0000-0000-000000000287,tx_norm_000269_8164ce,c1000000-0000-0000-0000-000000000003,c1000000-0000-0000-0000-000000000013,P2P,4264.5,5.0,COMPLETED,d1000000-0000-0000-0000-000000000003,b1000000-0000-0000-0000-000000000007,2026-01-17T15:31:56+00:00,1,NORMAL_TRANSACTION,Normal Transaction,NORMAL,[],0,0,NORMAL_BASELINE
e1000000-0000-0000-0000-000000000288,tx_norm_000338_7d1645,c1000000-0000-0000-0000-000000000044,c1000000-0000-0000-0000-000000000114,CASH_OUT,6225.2,92.76,COMPLETED,d1000000-0000-0000-0000-000000000028,b1000000-0000-0000-0000-000000000015,2026-01-17T15:35:41+00:00,1,NORMAL_TRANSACTION,Normal Transaction,NORMAL,[],0,0,NORMAL_BASELINE
e1000000-0000-0000-0000-000000000289,tx_norm_000226_2646ea,c1000000-0000-0000-0000-000000000003,c1000000-0000-0000-0000-000000000114,CASH_OUT,2117.41,31.55,COMPLETED,d1000000-0000-0000-0000-000000000003,b1000000-0000-0000-0000-000000000015,2026-01-17T15:39:00+00:00,1,NORMAL_TRANSACTION,Normal Transaction,NORMAL,[],0,0,NORMAL_BASELINE
e1000000-0000-0000-0000-000000000290,tx_norm_000266_24108e,c1000000-0000-0000-0000-000000000016,c1000000-0000-0000-0000-000000000036,P2P,2133.26,5.0,COMPLETED,d1000000-0000-0000-0000-000000000006,b1000000-0000-0000-0000-000000000018,2026-01-17T16:06:20+00:00,1,NORMAL_TRANSACTION,Normal Transaction,NORMAL,[],0,0,NORMAL_BASELINE
e1000000-0000-0000-0000-000000000291,tx_norm_000328_ec1702,c1000000-0000-0000-0000-000000000027,c1000000-0000-0000-0000-000000000044,P2P,2980.84,5.0,COMPLETED,d1000000-0000-0000-0000-000000000015,b1000000-0000-0000-0000-000000000017,2026-01-17T16:08:24+00:00,1,NORMAL_TRANSACTION,Normal Transaction,NORMAL,[],0,0,NORMAL_BASELINE
e1000000-0000-0000-0000-000000000292,tx_norm_000302_7a3a6e,c1000000-0000-0000-0000-000000000013,c1000000-0000-0000-0000-000000000135,PAYMENT,3144.14,0.0,COMPLETED,d1000000-0000-0000-0000-000000000028,b1000000-0000-0000-0000-000000000004,2026-01-17T16:20:05+00:00,1,NORMAL_TRANSACTION,Normal Transaction,NORMAL,[],0,0,NORMAL_BASELINE
e1000000-0000-0000-0000-000000000293,tx_norm_000275_0a4e25,c1000000-0000-0000-0000-000000000078,c1000000-0000-0000-0000-000000000066,P2P,1925.96,5.0,COMPLETED,d1000000-0000-0000-0000-000000000009,b1000000-0000-0000-0000-000000000006,2026-01-17T16:23:48+00:00,1,NORMAL_TRANSACTION,Normal Transaction,NORMAL,[],0,0,NORMAL_BASELINE
e1000000-0000-0000-0000-000000000294,tx_norm_000318_304041,c1000000-0000-0000-0000-000000000059,c1000000-0000-0000-0000-000000000045,P2P,867.02,5.0,COMPLETED,d1000000-0000-0000-0000-000000000010,b1000000-0000-0000-0000-000000000007,2026-01-17T16:24:52+00:00,1,NORMAL_TRANSACTION,Normal Transaction,NORMAL,[],0,0,NORMAL_BASELINE
e1000000-0000-0000-0000-000000000295,tx_norm_000311_905c7b,c1000000-0000-0000-0000-000000000017,c1000000-0000-0000-0000-000000000067,P2P,1986.33,5.0,COMPLETED,d1000000-0000-0000-0000-000000000013,b1000000-0000-0000-0000-000000000009,2026-01-17T16:28:51+00:00,1,NORMAL_TRANSACTION,Normal Transaction,NORMAL,[],0,0,NORMAL_BASELINE
e1000000-0000-0000-0000-000000000296,tx_norm_000312_d10314,c1000000-0000-0000-0000-000000000093,c1000000-0000-0000-0000-000000000106,CASH_OUT,3469.62,51.7,COMPLETED,d1000000-0000-0000-0000-000000000009,b1000000-0000-0000-0000-000000000006,2026-01-17T16:29:43+00:00,1,NORMAL_TRANSACTION,Normal Transaction,NORMAL,[],0,0,NORMAL_BASELINE
e1000000-0000-0000-0000-000000000297,tx_norm_000299_cf0e6d,c1000000-0000-0000-0000-000000000065,c1000000-0000-0000-0000-000000000120,CASH_OUT,2546.28,37.94,COMPLETED,d1000000-0000-0000-0000-000000000009,b1000000-0000-0000-0000-000000000013,2026-01-17T16:31:56+00:00,1,NORMAL_TRANSACTION,Normal Transaction,NORMAL,[],0,0,NORMAL_BASELINE
e1000000-0000-0000-0000-000000000298,tx_norm_000220_236e16,c1000000-0000-0000-0000-000000000105,c1000000-0000-0000-0000-000000000136,RECHARGE,500.0,0.0,COMPLETED,d1000000-0000-0000-0000-000000000015,b1000000-0000-0000-0000-000000000007,2026-01-17T16:33:26+00:00,1,NORMAL_TRANSACTION,Normal Transaction,NORMAL,[],0,0,NORMAL_BASELINE
e1000000-0000-0000-0000-000000000299,tx_norm_000343_fa3c16,c1000000-0000-0000-0000-000000000068,c1000000-0000-0000-0000-000000000094,P2P,1381.39,5.0,COMPLETED,d1000000-0000-0000-0000-000000000019,b1000000-0000-0000-0000-000000000004,2026-01-17T16:35:26+00:00,1,NORMAL_TRANSACTION,Normal Transaction,NORMAL,[],0,0,NORMAL_BASELINE
e1000000-0000-0000-0000-000000000300,tx_norm_000340_699289,c1000000-0000-0000-0000-000000000010,c1000000-0000-0000-0000-000000000133,PAYMENT,2481.23,0.0,COMPLETED,d1000000-0000-0000-0000-000000000013,b1000000-0000-0000-0000-000000000003,2026-01-17T16:41:03+00:00,1,NORMAL_TRANSACTION,Normal Transaction,NORMAL,[],0,0,NORMAL_BASELINE
e1000000-0000-0000-0000-000000000301,tx_norm_000334_774c0a,c1000000-0000-0000-0000-000000000047,c1000000-0000-0000-0000-000000000067,P2P,3996.09,5.0,COMPLETED,d1000000-0000-0000-0000-000000000016,b1000000-0000-0000-0000-000000000014,2026-01-17T16:41:22+00:00,1,NORMAL_TRANSACTION,Normal Transaction,NORMAL,[],0,0,NORMAL_BASELINE
e1000000-0000-0000-0000-000000000302,tx_norm_000320_0b5319,c1000000-0000-0000-0000-000000000091,c1000000-0000-0000-0000-000000000133,PAYMENT,896.44,0.0,COMPLETED,d1000000-0000-0000-0000-000000000009,b1000000-0000-0000-0000-000000000012,2026-01-17T17:02:28+00:00,1,NORMAL_TRANSACTION,Normal Transaction,NORMAL,[],0,0,NORMAL_BASELINE
e1000000-0000-0000-0000-000000000303,tx_norm_000330_abe42e,c1000000-0000-0000-0000-000000000103,c1000000-0000-0000-0000-000000000098,P2P,2726.61,5.0,COMPLETED,d1000000-0000-0000-0000-000000000027,b1000000-0000-0000-0000-000000000001,2026-01-17T17:02:55+00:00,1,NORMAL_TRANSACTION,Normal Transaction,NORMAL,[],0,0,NORMAL_BASELINE
e1000000-0000-0000-0000-000000000304,tx_norm_000353_54ec3f,c1000000-0000-0000-0000-000000000050,c1000000-0000-0000-0000-000000000127,CASH_OUT,7223.94,107.64,COMPLETED,d1000000-0000-0000-0000-000000000024,b1000000-0000-0000-0000-000000000013,2026-01-17T17:15:36+00:00,1,NORMAL_TRANSACTION,Normal Transaction,NORMAL,[],0,0,NORMAL_BASELINE
e1000000-0000-0000-0000-000000000305,tx_norm_000278_4cbf13,c1000000-0000-0000-0000-000000000069,c1000000-0000-0000-0000-000000000121,CASH_OUT,5815.55,86.65,COMPLETED,d1000000-0000-0000-0000-000000000009,b1000000-0000-0000-0000-000000000014,2026-01-17T17:21:32+00:00,1,NORMAL_TRANSACTION,Normal Transaction,NORMAL,[],0,0,NORMAL_BASELINE
e1000000-0000-0000-0000-000000000306,tx_norm_000286_3990e2,c1000000-0000-0000-0000-000000000036,c1000000-0000-0000-0000-000000000141,RECHARGE,100.0,0.0,COMPLETED,d1000000-0000-0000-0000-000000000027,b1000000-0000-0000-0000-000000000003,2026-01-17T17:30:12+00:00,1,NORMAL_TRANSACTION,Normal Transaction,NORMAL,[],0,0,NORMAL_BASELINE
e1000000-0000-0000-0000-000000000307,tx_norm_000280_9561c8,c1000000-0000-0000-0000-000000000101,c1000000-0000-0000-0000-000000000136,RECHARGE,20.0,0.0,COMPLETED,d1000000-0000-0000-0000-000000000007,b1000000-0000-0000-0000-000000000014,2026-01-17T17:30:16+00:00,1,NORMAL_TRANSACTION,Normal Transaction,NORMAL,[],0,0,NORMAL_BASELINE
e1000000-0000-0000-0000-000000000308,tx_norm_000229_4a90cd,c1000000-0000-0000-0000-000000000074,c1000000-0000-0000-0000-000000000136,PAYMENT,2341.56,0.0,COMPLETED,d1000000-0000-0000-0000-000000000005,b1000000-0000-0000-0000-000000000009,2026-01-17T17:34:01+00:00,1,NORMAL_TRANSACTION,Normal Transaction,NORMAL,[],0,0,NORMAL_BASELINE
e1000000-0000-0000-0000-000000000309,tx_norm_000260_566e3c,c1000000-0000-0000-0000-000000000080,c1000000-0000-0000-0000-000000000094,P2P,4078.6,5.0,COMPLETED,d1000000-0000-0000-0000-000000000029,b1000000-0000-0000-0000-000000000005,2026-01-17T17:37:09+00:00,1,NORMAL_TRANSACTION,Normal Transaction,NORMAL,[],0,0,NORMAL_BASELINE
e1000000-0000-0000-0000-000000000310,tx_norm_000298_a42d0c,c1000000-0000-0000-0000-000000000043,c1000000-0000-0000-0000-000000000115,CASH_OUT,3907.62,58.22,COMPLETED,d1000000-0000-0000-0000-000000000023,b1000000-0000-0000-0000-000000000011,2026-01-17T17:38:06+00:00,1,NORMAL_TRANSACTION,Normal Transaction,NORMAL,[],0,0,NORMAL_BASELINE
e1000000-0000-0000-0000-000000000311,tx_norm_000301_d3b59a,c1000000-0000-0000-0000-000000000079,c1000000-0000-0000-0000-000000000083,P2P,4057.28,5.0,COMPLETED,d1000000-0000-0000-0000-000000000014,b1000000-0000-0000-0000-000000000018,2026-01-17T17:43:48+00:00,1,NORMAL_TRANSACTION,Normal Transaction,NORMAL,[],0,0,NORMAL_BASELINE
e1000000-0000-0000-0000-000000000312,tx_norm_000304_0fe761,c1000000-0000-0000-0000-000000000084,c1000000-0000-0000-0000-000000000047,P2P,3178.9,5.0,COMPLETED,d1000000-0000-0000-0000-000000000024,b1000000-0000-0000-0000-000000000005,2026-01-17T17:46:36+00:00,1,NORMAL_TRANSACTION,Normal Transaction,NORMAL,[],0,0,NORMAL_BASELINE
e1000000-0000-0000-0000-000000000313,tx_norm_000336_95831d,c1000000-0000-0000-0000-000000000106,c1000000-0000-0000-0000-000000000034,CASH_IN,5979.8,0.0,COMPLETED,d1000000-0000-0000-0000-000000000011,b1000000-0000-0000-0000-000000000006,2026-01-17T17:55:14+00:00,1,NORMAL_TRANSACTION,Normal Transaction,NORMAL,[],0,0,NORMAL_BASELINE
e1000000-0000-0000-0000-000000000314,tx_norm_000263_741b77,c1000000-0000-0000-0000-000000000104,c1000000-0000-0000-0000-000000000088,P2P,1946.2,5.0,COMPLETED,d1000000-0000-0000-0000-000000000026,b1000000-0000-0000-0000-000000000019,2026-01-17T18:19:30+00:00,1,NORMAL_TRANSACTION,Normal Transaction,NORMAL,[],0,0,NORMAL_BASELINE
e1000000-0000-0000-0000-000000000315,tx_norm_000259_80a8a2,c1000000-0000-0000-0000-000000000039,c1000000-0000-0000-0000-000000000080,P2P,2493.96,5.0,COMPLETED,d1000000-0000-0000-0000-000000000023,b1000000-0000-0000-0000-000000000007,2026-01-17T18:35:17+00:00,1,NORMAL_TRANSACTION,Normal Transaction,NORMAL,[],0,0,NORMAL_BASELINE
e1000000-0000-0000-0000-000000000316,tx_norm_000274_fc9e1d,c1000000-0000-0000-0000-000000000013,c1000000-0000-0000-0000-000000000052,P2P,1804.75,5.0,COMPLETED,d1000000-0000-0000-0000-000000000028,b1000000-0000-0000-0000-000000000004,2026-01-17T18:39:07+00:00,1,NORMAL_TRANSACTION,Normal Transaction,NORMAL,[],0,0,NORMAL_BASELINE
e1000000-0000-0000-0000-000000000317,tx_norm_000244_5dc7b3,c1000000-0000-0000-0000-000000000009,c1000000-0000-0000-0000-000000000032,P2P,3547.62,5.0,COMPLETED,d1000000-0000-0000-0000-000000000024,b1000000-0000-0000-0000-000000000015,2026-01-17T18:50:28+00:00,1,NORMAL_TRANSACTION,Normal Transaction,NORMAL,[],0,0,NORMAL_BASELINE
e1000000-0000-0000-0000-000000000318,tx_norm_000351_edc3a1,c1000000-0000-0000-0000-000000000073,c1000000-0000-0000-0000-000000000127,CASH_OUT,746.76,11.13,COMPLETED,d1000000-0000-0000-0000-000000000005,b1000000-0000-0000-0000-000000000013,2026-01-17T18:59:17+00:00,1,NORMAL_TRANSACTION,Normal Transaction,NORMAL,[],0,0,NORMAL_BASELINE
e1000000-0000-0000-0000-000000000319,tx_norm_000264_9b4e16,c1000000-0000-0000-0000-000000000062,c1000000-0000-0000-0000-000000000140,PAYMENT,772.27,0.0,COMPLETED,d1000000-0000-0000-0000-000000000003,b1000000-0000-0000-0000-000000000006,2026-01-17T19:03:10+00:00,1,NORMAL_TRANSACTION,Normal Transaction,NORMAL,[],0,0,NORMAL_BASELINE
e1000000-0000-0000-0000-000000000320,tx_norm_000284_607796,c1000000-0000-0000-0000-000000000042,c1000000-0000-0000-0000-000000000086,P2P,2257.0,5.0,COMPLETED,d1000000-0000-0000-0000-000000000018,b1000000-0000-0000-0000-000000000008,2026-01-17T19:08:33+00:00,1,NORMAL_TRANSACTION,Normal Transaction,NORMAL,[],0,0,NORMAL_BASELINE
e1000000-0000-0000-0000-000000000321,tx_norm_000333_61730c,c1000000-0000-0000-0000-000000000071,c1000000-0000-0000-0000-000000000116,CASH_OUT,6316.35,94.11,COMPLETED,d1000000-0000-0000-0000-000000000023,b1000000-0000-0000-0000-000000000015,2026-01-17T19:13:25+00:00,1,NORMAL_TRANSACTION,Normal Transaction,NORMAL,[],0,0,NORMAL_BASELINE
e1000000-0000-0000-0000-000000000322,tx_norm_000283_bc5fd4,c1000000-0000-0000-0000-000000000079,c1000000-0000-0000-0000-000000000140,PAYMENT,2812.09,0.0,COMPLETED,d1000000-0000-0000-0000-000000000014,b1000000-0000-0000-0000-000000000018,2026-01-17T19:13:26+00:00,1,NORMAL_TRANSACTION,Normal Transaction,NORMAL,[],0,0,NORMAL_BASELINE
e1000000-0000-0000-0000-000000000323,tx_norm_000313_8a89b0,c1000000-0000-0000-0000-000000000055,c1000000-0000-0000-0000-000000000045,P2P,3211.65,5.0,COMPLETED,d1000000-0000-0000-0000-000000000016,b1000000-0000-0000-0000-000000000016,2026-01-17T19:13:37+00:00,1,NORMAL_TRANSACTION,Normal Transaction,NORMAL,[],0,0,NORMAL_BASELINE
e1000000-0000-0000-0000-000000000324,tx_norm_000337_d55742,c1000000-0000-0000-0000-000000000043,c1000000-0000-0000-0000-000000000030,P2P,1833.31,5.0,COMPLETED,d1000000-0000-0000-0000-000000000023,b1000000-0000-0000-0000-000000000002,2026-01-17T19:26:18+00:00,1,NORMAL_TRANSACTION,Normal Transaction,NORMAL,[],0,0,NORMAL_BASELINE
e1000000-0000-0000-0000-000000000325,tx_norm_000235_f1901b,c1000000-0000-0000-0000-000000000018,c1000000-0000-0000-0000-000000000009,P2P,3278.99,5.0,COMPLETED,d1000000-0000-0000-0000-000000000027,b1000000-0000-0000-0000-000000000002,2026-01-17T19:30:40+00:00,1,NORMAL_TRANSACTION,Normal Transaction,NORMAL,[],0,0,NORMAL_BASELINE
e1000000-0000-0000-0000-000000000326,tx_norm_000227_1f3174,c1000000-0000-0000-0000-000000000100,c1000000-0000-0000-0000-000000000137,PAYMENT,874.8,0.0,COMPLETED,d1000000-0000-0000-0000-000000000011,b1000000-0000-0000-0000-000000000013,2026-01-17T19:38:33+00:00,1,NORMAL_TRANSACTION,Normal Transaction,NORMAL,[],0,0,NORMAL_BASELINE
e1000000-0000-0000-0000-000000000327,tx_norm_000296_2d007d,c1000000-0000-0000-0000-000000000023,c1000000-0000-0000-0000-000000000119,CASH_OUT,7116.84,106.04,COMPLETED,d1000000-0000-0000-0000-000000000014,b1000000-0000-0000-0000-000000000011,2026-01-17T19:46:54+00:00,1,NORMAL_TRANSACTION,Normal Transaction,NORMAL,[],0,0,NORMAL_BASELINE
e1000000-0000-0000-0000-000000000328,tx_norm_000246_475836,c1000000-0000-0000-0000-000000000047,c1000000-0000-0000-0000-000000000052,P2P,1551.86,5.0,COMPLETED,d1000000-0000-0000-0000-000000000016,b1000000-0000-0000-0000-000000000014,2026-01-17T20:04:36+00:00,1,NORMAL_TRANSACTION,Normal Transaction,NORMAL,[],0,0,NORMAL_BASELINE
e1000000-0000-0000-0000-000000000329,tx_norm_000240_523ae9,c1000000-0000-0000-0000-000000000056,c1000000-0000-0000-0000-000000000135,PAYMENT,1813.7,0.0,COMPLETED,d1000000-0000-0000-0000-000000000006,b1000000-0000-0000-0000-000000000013,2026-01-17T20:05:46+00:00,1,NORMAL_TRANSACTION,Normal Transaction,NORMAL,[],0,0,NORMAL_BASELINE
e1000000-0000-0000-0000-000000000330,tx_norm_000225_c24369,c1000000-0000-0000-0000-000000000061,c1000000-0000-0000-0000-000000000091,P2P,3773.78,5.0,COMPLETED,d1000000-0000-0000-0000-000000000028,b1000000-0000-0000-0000-000000000017,2026-01-17T20:09:08+00:00,1,NORMAL_TRANSACTION,Normal Transaction,NORMAL,[],0,0,NORMAL_BASELINE
e1000000-0000-0000-0000-000000000331,tx_norm_000308_87365a,c1000000-0000-0000-0000-000000000131,c1000000-0000-0000-0000-000000000011,CASH_IN,5729.56,0.0,COMPLETED,d1000000-0000-0000-0000-000000000009,b1000000-0000-0000-0000-000000000015,2026-01-17T20:15:43+00:00,1,NORMAL_TRANSACTION,Normal Transaction,NORMAL,[],0,0,NORMAL_BASELINE
e1000000-0000-0000-0000-000000000332,tx_norm_000248_ffa623,c1000000-0000-0000-0000-000000000079,c1000000-0000-0000-0000-000000000137,PAYMENT,2266.64,0.0,COMPLETED,d1000000-0000-0000-0000-000000000014,b1000000-0000-0000-0000-000000000018,2026-01-17T20:16:45+00:00,1,NORMAL_TRANSACTION,Normal Transaction,NORMAL,[],0,0,NORMAL_BASELINE
e1000000-0000-0000-0000-000000000333,tx_norm_000287_594b2a,c1000000-0000-0000-0000-000000000091,c1000000-0000-0000-0000-000000000063,P2P,1563.28,5.0,COMPLETED,d1000000-0000-0000-0000-000000000009,b1000000-0000-0000-0000-000000000012,2026-01-17T20:18:45+00:00,1,NORMAL_TRANSACTION,Normal Transaction,NORMAL,[],0,0,NORMAL_BASELINE
e1000000-0000-0000-0000-000000000334,tx_norm_000252_ca55e3,c1000000-0000-0000-0000-000000000026,c1000000-0000-0000-0000-000000000103,P2P,797.17,5.0,COMPLETED,d1000000-0000-0000-0000-000000000014,b1000000-0000-0000-0000-000000000003,2026-01-17T20:23:32+00:00,1,NORMAL_TRANSACTION,Normal Transaction,NORMAL,[],0,0,NORMAL_BASELINE
e1000000-0000-0000-0000-000000000335,tx_norm_000346_fd7fe9,c1000000-0000-0000-0000-000000000052,c1000000-0000-0000-0000-000000000060,P2P,2629.51,5.0,COMPLETED,d1000000-0000-0000-0000-000000000015,b1000000-0000-0000-0000-000000000008,2026-01-17T20:25:05+00:00,1,NORMAL_TRANSACTION,Normal Transaction,NORMAL,[],0,0,NORMAL_BASELINE
e1000000-0000-0000-0000-000000000336,tx_norm_000272_5cce5b,c1000000-0000-0000-0000-000000000007,c1000000-0000-0000-0000-000000000074,P2P,2615.81,5.0,COMPLETED,d1000000-0000-0000-0000-000000000025,b1000000-0000-0000-0000-000000000011,2026-01-17T20:25:23+00:00,1,NORMAL_TRANSACTION,Normal Transaction,NORMAL,[],0,0,NORMAL_BASELINE
e1000000-0000-0000-0000-000000000337,tx_norm_000262_8baaf7,c1000000-0000-0000-0000-000000000004,c1000000-0000-0000-0000-000000000140,PAYMENT,2861.44,0.0,COMPLETED,d1000000-0000-0000-0000-000000000018,b1000000-0000-0000-0000-000000000007,2026-01-17T20:36:26+00:00,1,NORMAL_TRANSACTION,Normal Transaction,NORMAL,[],0,0,NORMAL_BASELINE
e1000000-0000-0000-0000-000000000338,tx_norm_000250_8ccc9c,c1000000-0000-0000-0000-000000000086,c1000000-0000-0000-0000-000000000138,RECHARGE,20.0,0.0,COMPLETED,d1000000-0000-0000-0000-000000000030,b1000000-0000-0000-0000-000000000011,2026-01-17T20:43:54+00:00,1,NORMAL_TRANSACTION,Normal Transaction,NORMAL,[],0,0,NORMAL_BASELINE
e1000000-0000-0000-0000-000000000339,tx_norm_000288_e5508e,c1000000-0000-0000-0000-000000000074,c1000000-0000-0000-0000-000000000088,P2P,2535.72,5.0,COMPLETED,d1000000-0000-0000-0000-000000000005,b1000000-0000-0000-0000-000000000009,2026-01-17T20:46:17+00:00,1,NORMAL_TRANSACTION,Normal Transaction,NORMAL,[],0,0,NORMAL_BASELINE
e1000000-0000-0000-0000-000000000340,tx_norm_000335_69f753,c1000000-0000-0000-0000-000000000116,c1000000-0000-0000-0000-000000000027,CASH_IN,4336.34,0.0,COMPLETED,d1000000-0000-0000-0000-000000000011,b1000000-0000-0000-0000-000000000015,2026-01-17T20:46:30+00:00,1,NORMAL_TRANSACTION,Normal Transaction,NORMAL,[],0,0,NORMAL_BASELINE
e1000000-0000-0000-0000-000000000341,tx_norm_000354_bed63d,c1000000-0000-0000-0000-000000000128,c1000000-0000-0000-0000-000000000093,CASH_IN,1705.85,0.0,COMPLETED,d1000000-0000-0000-0000-000000000009,b1000000-0000-0000-0000-000000000018,2026-01-17T20:47:08+00:00,1,NORMAL_TRANSACTION,Normal Transaction,NORMAL,[],0,0,NORMAL_BASELINE
e1000000-0000-0000-0000-000000000342,tx_norm_000218_cf01f9,c1000000-0000-0000-0000-000000000069,c1000000-0000-0000-0000-000000000136,PAYMENT,1093.88,0.0,COMPLETED,d1000000-0000-0000-0000-000000000009,b1000000-0000-0000-0000-000000000005,2026-01-17T20:47:50+00:00,1,NORMAL_TRANSACTION,Normal Transaction,NORMAL,[],0,0,NORMAL_BASELINE
e1000000-0000-0000-0000-000000000343,tx_norm_000317_8b60c5,c1000000-0000-0000-0000-000000000039,c1000000-0000-0000-0000-000000000061,P2P,3096.05,5.0,COMPLETED,d1000000-0000-0000-0000-000000000023,b1000000-0000-0000-0000-000000000007,2026-01-17T21:00:48+00:00,1,NORMAL_TRANSACTION,Normal Transaction,NORMAL,[],0,0,NORMAL_BASELINE
e1000000-0000-0000-0000-000000000344,tx_norm_000279_cbf81f,c1000000-0000-0000-0000-000000000015,c1000000-0000-0000-0000-000000000055,P2P,2709.92,5.0,COMPLETED,d1000000-0000-0000-0000-000000000022,b1000000-0000-0000-0000-000000000009,2026-01-17T21:01:23+00:00,1,NORMAL_TRANSACTION,Normal Transaction,NORMAL,[],0,0,NORMAL_BASELINE
e1000000-0000-0000-0000-000000000345,tx_norm_000219_482231,c1000000-0000-0000-0000-000000000124,c1000000-0000-0000-0000-000000000057,CASH_IN,5155.12,0.0,COMPLETED,d1000000-0000-0000-0000-000000000010,b1000000-0000-0000-0000-000000000010,2026-01-17T21:12:23+00:00,1,NORMAL_TRANSACTION,Normal Transaction,NORMAL,[],0,0,NORMAL_BASELINE
e1000000-0000-0000-0000-000000000346,tx_norm_000268_7f8e54,c1000000-0000-0000-0000-000000000041,c1000000-0000-0000-0000-000000000136,PAYMENT,2477.52,0.0,COMPLETED,d1000000-0000-0000-0000-000000000008,b1000000-0000-0000-0000-000000000008,2026-01-17T21:20:59+00:00,1,NORMAL_TRANSACTION,Normal Transaction,NORMAL,[],0,0,NORMAL_BASELINE
e1000000-0000-0000-0000-000000000347,tx_norm_000289_b6d1f6,c1000000-0000-0000-0000-000000000038,c1000000-0000-0000-0000-000000000107,CASH_OUT,2657.23,39.59,COMPLETED,d1000000-0000-0000-0000-000000000020,b1000000-0000-0000-0000-000000000011,2026-01-17T21:22:49+00:00,1,NORMAL_TRANSACTION,Normal Transaction,NORMAL,[],0,0,NORMAL_BASELINE
e1000000-0000-0000-0000-000000000348,tx_norm_000329_ac75c3,c1000000-0000-0000-0000-000000000025,c1000000-0000-0000-0000-000000000133,PAYMENT,968.81,0.0,COMPLETED,d1000000-0000-0000-0000-000000000028,b1000000-0000-0000-0000-000000000004,2026-01-17T21:23:05+00:00,1,NORMAL_TRANSACTION,Normal Transaction,NORMAL,[],0,0,NORMAL_BASELINE
e1000000-0000-0000-0000-000000000349,tx_norm_000297_025f55,c1000000-0000-0000-0000-000000000096,c1000000-0000-0000-0000-000000000137,PAYMENT,2824.07,0.0,COMPLETED,d1000000-0000-0000-0000-000000000023,b1000000-0000-0000-0000-000000000014,2026-01-17T21:25:50+00:00,1,NORMAL_TRANSACTION,Normal Transaction,NORMAL,[],0,0,NORMAL_BASELINE
e1000000-0000-0000-0000-000000000350,tx_norm_000349_eb4d8f,c1000000-0000-0000-0000-000000000124,c1000000-0000-0000-0000-000000000013,CASH_IN,9053.12,0.0,COMPLETED,d1000000-0000-0000-0000-000000000010,b1000000-0000-0000-0000-000000000010,2026-01-17T21:27:41+00:00,1,NORMAL_TRANSACTION,Normal Transaction,NORMAL,[],0,0,NORMAL_BASELINE
e1000000-0000-0000-0000-000000000351,tx_norm_000255_7740d8,c1000000-0000-0000-0000-000000000041,c1000000-0000-0000-0000-000000000084,P2P,518.91,5.0,COMPLETED,d1000000-0000-0000-0000-000000000008,b1000000-0000-0000-0000-000000000008,2026-01-17T21:36:04+00:00,1,NORMAL_TRANSACTION,Normal Transaction,NORMAL,[],0,0,NORMAL_BASELINE
e1000000-0000-0000-0000-000000000352,tx_norm_000341_74bd0c,c1000000-0000-0000-0000-000000000020,c1000000-0000-0000-0000-000000000002,P2P,1140.49,5.0,COMPLETED,d1000000-0000-0000-0000-000000000019,b1000000-0000-0000-0000-000000000011,2026-01-17T21:40:14+00:00,1,NORMAL_TRANSACTION,Normal Transaction,NORMAL,[],0,0,NORMAL_BASELINE
e1000000-0000-0000-0000-000000000353,tx_norm_000238_6667d3,c1000000-0000-0000-0000-000000000103,c1000000-0000-0000-0000-000000000048,P2P,2078.89,5.0,COMPLETED,d1000000-0000-0000-0000-000000000027,b1000000-0000-0000-0000-000000000001,2026-01-17T21:41:21+00:00,1,NORMAL_TRANSACTION,Normal Transaction,NORMAL,[],0,0,NORMAL_BASELINE
e1000000-0000-0000-0000-000000000354,tx_norm_000327_6aa042,c1000000-0000-0000-0000-000000000008,c1000000-0000-0000-0000-000000000123,CASH_OUT,3595.08,53.57,COMPLETED,d1000000-0000-0000-0000-000000000012,b1000000-0000-0000-0000-000000000001,2026-01-17T21:45:09+00:00,1,NORMAL_TRANSACTION,Normal Transaction,NORMAL,[],0,0,NORMAL_BASELINE
e1000000-0000-0000-0000-000000000355,tx_norm_000355_9d2645,c1000000-0000-0000-0000-000000000010,c1000000-0000-0000-0000-000000000045,P2P,2802.23,5.0,COMPLETED,d1000000-0000-0000-0000-000000000013,b1000000-0000-0000-0000-000000000003,2026-01-18T08:06:27+00:00,1,NORMAL_TRANSACTION,Normal Transaction,NORMAL,[],0,0,NORMAL_BASELINE
e1000000-0000-0000-0000-000000000356,tx_norm_000410_f54191,c1000000-0000-0000-0000-000000000057,c1000000-0000-0000-0000-000000000120,CASH_OUT,505.07,7.53,COMPLETED,d1000000-0000-0000-0000-000000000026,b1000000-0000-0000-0000-000000000013,2026-01-18T08:07:59+00:00,1,NORMAL_TRANSACTION,Normal Transaction,NORMAL,[],0,0,NORMAL_BASELINE
e1000000-0000-0000-0000-000000000357,tx_norm_000473_86bb42,c1000000-0000-0000-0000-000000000110,c1000000-0000-0000-0000-000000000100,CASH_IN,1998.29,0.0,COMPLETED,d1000000-0000-0000-0000-000000000011,b1000000-0000-0000-0000-000000000007,2026-01-18T08:09:37+00:00,1,NORMAL_TRANSACTION,Normal Transaction,NORMAL,[],0,0,NORMAL_BASELINE
e1000000-0000-0000-0000-000000000358,tx_norm_000491_4ef03f,c1000000-0000-0000-0000-000000000011,c1000000-0000-0000-0000-000000000140,PAYMENT,2723.5,0.0,COMPLETED,d1000000-0000-0000-0000-000000000020,b1000000-0000-0000-0000-000000000012,2026-01-18T08:13:10+00:00,1,NORMAL_TRANSACTION,Normal Transaction,NORMAL,[],0,0,NORMAL_BASELINE
e1000000-0000-0000-0000-000000000359,tx_norm_000414_71efe7,c1000000-0000-0000-0000-000000000076,c1000000-0000-0000-0000-000000000029,P2P,2433.61,5.0,COMPLETED,d1000000-0000-0000-0000-000000000030,b1000000-0000-0000-0000-000000000002,2026-01-18T08:13:30+00:00,1,NORMAL_TRANSACTION,Normal Transaction,NORMAL,[],0,0,NORMAL_BASELINE
e1000000-0000-0000-0000-000000000360,tx_norm_000403_b61df9,c1000000-0000-0000-0000-000000000128,c1000000-0000-0000-0000-000000000017,CASH_IN,3247.1,0.0,COMPLETED,d1000000-0000-0000-0000-000000000009,b1000000-0000-0000-0000-000000000018,2026-01-18T08:17:55+00:00,1,NORMAL_TRANSACTION,Normal Transaction,NORMAL,[],0,0,NORMAL_BASELINE
e1000000-0000-0000-0000-000000000361,tx_norm_000485_e34f76,c1000000-0000-0000-0000-000000000010,c1000000-0000-0000-0000-000000000138,RECHARGE,50.0,0.0,COMPLETED,d1000000-0000-0000-0000-000000000013,b1000000-0000-0000-0000-000000000003,2026-01-18T08:20:16+00:00,1,NORMAL_TRANSACTION,Normal Transaction,NORMAL,[],0,0,NORMAL_BASELINE
e1000000-0000-0000-0000-000000000362,tx_norm_000442_3e19fc,c1000000-0000-0000-0000-000000000101,c1000000-0000-0000-0000-000000000039,P2P,3380.18,5.0,COMPLETED,d1000000-0000-0000-0000-000000000007,b1000000-0000-0000-0000-000000000014,2026-01-18T08:23:12+00:00,1,NORMAL_TRANSACTION,Normal Transaction,NORMAL,[],0,0,NORMAL_BASELINE
e1000000-0000-0000-0000-000000000363,tx_norm_000460_466534,c1000000-0000-0000-0000-000000000046,c1000000-0000-0000-0000-000000000136,PAYMENT,2920.33,0.0,COMPLETED,d1000000-0000-0000-0000-000000000030,b1000000-0000-0000-0000-000000000019,2026-01-18T08:24:43+00:00,1,NORMAL_TRANSACTION,Normal Transaction,NORMAL,[],0,0,NORMAL_BASELINE
e1000000-0000-0000-0000-000000000364,tx_norm_000505_79a7e6,c1000000-0000-0000-0000-000000000089,c1000000-0000-0000-0000-000000000113,CASH_OUT,869.68,12.96,COMPLETED,d1000000-0000-0000-0000-000000000026,b1000000-0000-0000-0000-000000000017,2026-01-18T08:25:56+00:00,1,NORMAL_TRANSACTION,Normal Transaction,NORMAL,[],0,0,NORMAL_BASELINE
e1000000-0000-0000-0000-000000000365,tx_norm_000426_f2dcb1,c1000000-0000-0000-0000-000000000028,c1000000-0000-0000-0000-000000000006,P2P,4167.09,5.0,COMPLETED,d1000000-0000-0000-0000-000000000004,b1000000-0000-0000-0000-000000000018,2026-01-18T08:37:04+00:00,1,NORMAL_TRANSACTION,Normal Transaction,NORMAL,[],0,0,NORMAL_BASELINE
e1000000-0000-0000-0000-000000000366,tx_norm_000415_1221cd,c1000000-0000-0000-0000-000000000055,c1000000-0000-0000-0000-000000000128,CASH_OUT,1491.31,22.22,COMPLETED,d1000000-0000-0000-0000-000000000016,b1000000-0000-0000-0000-000000000018,2026-01-18T08:44:21+00:00,1,NORMAL_TRANSACTION,Normal Transaction,NORMAL,[],0,0,NORMAL_BASELINE
e1000000-0000-0000-0000-000000000367,tx_norm_000466_19a267,c1000000-0000-0000-0000-000000000099,c1000000-0000-0000-0000-000000000136,PAYMENT,3120.64,0.0,COMPLETED,d1000000-0000-0000-0000-000000000004,b1000000-0000-0000-0000-000000000010,2026-01-18T08:51:30+00:00,1,NORMAL_TRANSACTION,Normal Transaction,NORMAL,[],0,0,NORMAL_BASELINE
e1000000-0000-0000-0000-000000000368,tx_norm_000382_bd90b8,c1000000-0000-0000-0000-000000000087,c1000000-0000-0000-0000-000000000135,PAYMENT,2986.26,0.0,COMPLETED,d1000000-0000-0000-0000-000000000026,b1000000-0000-0000-0000-000000000004,2026-01-18T08:54:21+00:00,1,NORMAL_TRANSACTION,Normal Transaction,NORMAL,[],0,0,NORMAL_BASELINE
e1000000-0000-0000-0000-000000000369,tx_norm_000437_eb93f7,c1000000-0000-0000-0000-000000000006,c1000000-0000-0000-0000-000000000062,P2P,1765.1,5.0,COMPLETED,d1000000-0000-0000-0000-000000000006,b1000000-0000-0000-0000-000000000014,2026-01-18T08:54:55+00:00,1,NORMAL_TRANSACTION,Normal Transaction,NORMAL,[],0,0,NORMAL_BASELINE
e1000000-0000-0000-0000-000000000370,tx_norm_000456_668c87,c1000000-0000-0000-0000-000000000029,c1000000-0000-0000-0000-000000000110,CASH_OUT,1986.0,29.59,COMPLETED,d1000000-0000-0000-0000-000000000014,b1000000-0000-0000-0000-000000000007,2026-01-18T09:00:03+00:00,1,NORMAL_TRANSACTION,Normal Transaction,NORMAL,[],0,0,NORMAL_BASELINE
e1000000-0000-0000-0000-000000000371,tx_norm_000377_949cd8,c1000000-0000-0000-0000-000000000066,c1000000-0000-0000-0000-000000000097,P2P,2430.83,5.0,COMPLETED,d1000000-0000-0000-0000-000000000013,b1000000-0000-0000-0000-000000000005,2026-01-18T09:00:06+00:00,1,NORMAL_TRANSACTION,Normal Transaction,NORMAL,[],0,0,NORMAL_BASELINE
e1000000-0000-0000-0000-000000000372,tx_norm_000459_651ea2,c1000000-0000-0000-0000-000000000074,c1000000-0000-0000-0000-000000000056,P2P,3733.25,5.0,COMPLETED,d1000000-0000-0000-0000-000000000005,b1000000-0000-0000-0000-000000000009,2026-01-18T09:02:29+00:00,1,NORMAL_TRANSACTION,Normal Transaction,NORMAL,[],0,0,NORMAL_BASELINE
e1000000-0000-0000-0000-000000000373,tx_norm_000471_54ec84,c1000000-0000-0000-0000-000000000003,c1000000-0000-0000-0000-000000000141,PAYMENT,1607.87,0.0,COMPLETED,d1000000-0000-0000-0000-000000000003,b1000000-0000-0000-0000-000000000007,2026-01-18T09:03:14+00:00,1,NORMAL_TRANSACTION,Normal Transaction,NORMAL,[],0,0,NORMAL_BASELINE
e1000000-0000-0000-0000-000000000374,tx_norm_000458_d8e70a,c1000000-0000-0000-0000-000000000104,c1000000-0000-0000-0000-000000000135,PAYMENT,430.53,0.0,COMPLETED,d1000000-0000-0000-0000-000000000026,b1000000-0000-0000-0000-000000000019,2026-01-18T09:12:57+00:00,1,NORMAL_TRANSACTION,Normal Transaction,NORMAL,[],0,0,NORMAL_BASELINE
e1000000-0000-0000-0000-000000000375,tx_norm_000488_43e864,c1000000-0000-0000-0000-000000000053,c1000000-0000-0000-0000-000000000141,RECHARGE,500.0,0.0,COMPLETED,d1000000-0000-0000-0000-000000000028,b1000000-0000-0000-0000-000000000018,2026-01-18T09:21:13+00:00,1,NORMAL_TRANSACTION,Normal Transaction,NORMAL,[],0,0,NORMAL_BASELINE
e1000000-0000-0000-0000-000000000376,tx_norm_000474_4d407b,c1000000-0000-0000-0000-000000000051,c1000000-0000-0000-0000-000000000124,CASH_OUT,1257.74,18.74,COMPLETED,d1000000-0000-0000-0000-000000000018,b1000000-0000-0000-0000-000000000010,2026-01-18T09:23:45+00:00,1,NORMAL_TRANSACTION,Normal Transaction,NORMAL,[],0,0,NORMAL_BASELINE
e1000000-0000-0000-0000-000000000377,tx_norm_000500_eacb1f,c1000000-0000-0000-0000-000000000042,c1000000-0000-0000-0000-000000000036,P2P,2434.66,5.0,COMPLETED,d1000000-0000-0000-0000-000000000018,b1000000-0000-0000-0000-000000000008,2026-01-18T09:24:35+00:00,1,NORMAL_TRANSACTION,Normal Transaction,NORMAL,[],0,0,NORMAL_BASELINE
e1000000-0000-0000-0000-000000000378,tx_norm_000431_b538f9,c1000000-0000-0000-0000-000000000040,c1000000-0000-0000-0000-000000000135,PAYMENT,514.3,0.0,COMPLETED,d1000000-0000-0000-0000-000000000022,b1000000-0000-0000-0000-000000000012,2026-01-18T09:29:39+00:00,1,NORMAL_TRANSACTION,Normal Transaction,NORMAL,[],0,0,NORMAL_BASELINE
e1000000-0000-0000-0000-000000000379,tx_norm_000448_0ff1c5,c1000000-0000-0000-0000-000000000051,c1000000-0000-0000-0000-000000000134,PAYMENT,1955.28,0.0,COMPLETED,d1000000-0000-0000-0000-000000000018,b1000000-0000-0000-0000-000000000015,2026-01-18T09:32:08+00:00,1,NORMAL_TRANSACTION,Normal Transaction,NORMAL,[],0,0,NORMAL_BASELINE
e1000000-0000-0000-0000-000000000380,tx_norm_000440_fb3df0,c1000000-0000-0000-0000-000000000023,c1000000-0000-0000-0000-000000000113,CASH_OUT,6532.54,97.33,COMPLETED,d1000000-0000-0000-0000-000000000014,b1000000-0000-0000-0000-000000000017,2026-01-18T09:32:43+00:00,1,NORMAL_TRANSACTION,Normal Transaction,NORMAL,[],0,0,NORMAL_BASELINE
e1000000-0000-0000-0000-000000000381,tx_norm_000412_2a5fda,c1000000-0000-0000-0000-000000000048,c1000000-0000-0000-0000-000000000087,P2P,4086.34,5.0,COMPLETED,d1000000-0000-0000-0000-000000000014,b1000000-0000-0000-0000-000000000012,2026-01-18T09:41:23+00:00,1,NORMAL_TRANSACTION,Normal Transaction,NORMAL,[],0,0,NORMAL_BASELINE
e1000000-0000-0000-0000-000000000382,tx_norm_000444_d6ee52,c1000000-0000-0000-0000-000000000030,c1000000-0000-0000-0000-000000000141,PAYMENT,1206.59,0.0,COMPLETED,d1000000-0000-0000-0000-000000000029,b1000000-0000-0000-0000-000000000009,2026-01-18T10:00:59+00:00,1,NORMAL_TRANSACTION,Normal Transaction,NORMAL,[],0,0,NORMAL_BASELINE
e1000000-0000-0000-0000-000000000383,tx_norm_000451_5bb8b9,c1000000-0000-0000-0000-000000000041,c1000000-0000-0000-0000-000000000139,PAYMENT,518.25,0.0,COMPLETED,d1000000-0000-0000-0000-000000000008,b1000000-0000-0000-0000-000000000008,2026-01-18T10:06:10+00:00,1,NORMAL_TRANSACTION,Normal Transaction,NORMAL,[],0,0,NORMAL_BASELINE
e1000000-0000-0000-0000-000000000384,tx_norm_000498_fcffe9,c1000000-0000-0000-0000-000000000017,c1000000-0000-0000-0000-000000000107,CASH_OUT,3675.31,54.76,COMPLETED,d1000000-0000-0000-0000-000000000013,b1000000-0000-0000-0000-000000000011,2026-01-18T10:10:13+00:00,1,NORMAL_TRANSACTION,Normal Transaction,NORMAL,[],0,0,NORMAL_BASELINE
e1000000-0000-0000-0000-000000000385,tx_norm_000475_a630ad,c1000000-0000-0000-0000-000000000102,c1000000-0000-0000-0000-000000000126,CASH_OUT,7704.97,114.8,COMPLETED,d1000000-0000-0000-0000-000000000029,b1000000-0000-0000-0000-000000000014,2026-01-18T10:10:46+00:00,1,NORMAL_TRANSACTION,Normal Transaction,NORMAL,[],0,0,NORMAL_BASELINE
e1000000-0000-0000-0000-000000000386,tx_norm_000392_f3abea,c1000000-0000-0000-0000-000000000080,c1000000-0000-0000-0000-000000000107,CASH_OUT,6991.42,104.17,COMPLETED,d1000000-0000-0000-0000-000000000029,b1000000-0000-0000-0000-000000000011,2026-01-18T10:11:20+00:00,1,NORMAL_TRANSACTION,Normal Transaction,NORMAL,[],0,0,NORMAL_BASELINE
e1000000-0000-0000-0000-000000000387,tx_norm_000366_cdd7f4,c1000000-0000-0000-0000-000000000043,c1000000-0000-0000-0000-000000000132,CASH_OUT,5151.44,76.76,COMPLETED,d1000000-0000-0000-0000-000000000023,b1000000-0000-0000-0000-000000000009,2026-01-18T10:19:00+00:00,1,NORMAL_TRANSACTION,Normal Transaction,NORMAL,[],0,0,NORMAL_BASELINE
e1000000-0000-0000-0000-000000000388,tx_norm_000433_c57c74,c1000000-0000-0000-0000-000000000114,c1000000-0000-0000-0000-000000000094,CASH_IN,8977.73,0.0,COMPLETED,d1000000-0000-0000-0000-000000000009,b1000000-0000-0000-0000-000000000015,2026-01-18T10:23:08+00:00,1,NORMAL_TRANSACTION,Normal Transaction,NORMAL,[],0,0,NORMAL_BASELINE
e1000000-0000-0000-0000-000000000389,tx_norm_000476_aa6048,c1000000-0000-0000-0000-000000000125,c1000000-0000-0000-0000-000000000101,CASH_IN,4211.43,0.0,COMPLETED,d1000000-0000-0000-0000-000000000011,b1000000-0000-0000-0000-000000000018,2026-01-18T10:45:35+00:00,1,NORMAL_TRANSACTION,Normal Transaction,NORMAL,[],0,0,NORMAL_BASELINE
e1000000-0000-0000-0000-000000000390,tx_norm_000486_9d17d2,c1000000-0000-0000-0000-000000000012,c1000000-0000-0000-0000-000000000138,PAYMENT,1961.79,0.0,COMPLETED,d1000000-0000-0000-0000-000000000002,b1000000-0000-0000-0000-000000000008,2026-01-18T10:46:04+00:00,1,NORMAL_TRANSACTION,Normal Transaction,NORMAL,[],0,0,NORMAL_BASELINE
e1000000-0000-0000-0000-000000000391,tx_norm_000438_6b5bc9,c1000000-0000-0000-0000-000000000103,c1000000-0000-0000-0000-000000000092,P2P,3384.86,5.0,COMPLETED,d1000000-0000-0000-0000-000000000027,b1000000-0000-0000-0000-000000000001,2026-01-18T10:59:54+00:00,1,NORMAL_TRANSACTION,Normal Transaction,NORMAL,[],0,0,NORMAL_BASELINE
e1000000-0000-0000-0000-000000000392,tx_norm_000480_bab27b,c1000000-0000-0000-0000-000000000012,c1000000-0000-0000-0000-000000000092,P2P,3081.11,5.0,COMPLETED,d1000000-0000-0000-0000-000000000002,b1000000-0000-0000-0000-000000000008,2026-01-18T11:22:20+00:00,1,NORMAL_TRANSACTION,Normal Transaction,NORMAL,[],0,0,NORMAL_BASELINE
e1000000-0000-0000-0000-000000000393,tx_norm_000446_0b3d0c,c1000000-0000-0000-0000-000000000019,c1000000-0000-0000-0000-000000000137,RECHARGE,20.0,0.0,COMPLETED,d1000000-0000-0000-0000-000000000013,b1000000-0000-0000-0000-000000000009,2026-01-18T11:26:31+00:00,1,NORMAL_TRANSACTION,Normal Transaction,NORMAL,[],0,0,NORMAL_BASELINE
e1000000-0000-0000-0000-000000000394,tx_norm_000378_801e86,c1000000-0000-0000-0000-000000000099,c1000000-0000-0000-0000-000000000087,P2P,2730.94,5.0,COMPLETED,d1000000-0000-0000-0000-000000000004,b1000000-0000-0000-0000-000000000010,2026-01-18T11:28:23+00:00,1,NORMAL_TRANSACTION,Normal Transaction,NORMAL,[],0,0,NORMAL_BASELINE
e1000000-0000-0000-0000-000000000395,tx_norm_000363_4d16f0,c1000000-0000-0000-0000-000000000049,c1000000-0000-0000-0000-000000000022,P2P,797.01,5.0,COMPLETED,d1000000-0000-0000-0000-000000000024,b1000000-0000-0000-0000-000000000002,2026-01-18T11:36:33+00:00,1,NORMAL_TRANSACTION,Normal Transaction,NORMAL,[],0,0,NORMAL_BASELINE
e1000000-0000-0000-0000-000000000396,tx_norm_000370_ba2aa7,c1000000-0000-0000-0000-000000000099,c1000000-0000-0000-0000-000000000071,P2P,315.74,0.0,COMPLETED,d1000000-0000-0000-0000-000000000004,b1000000-0000-0000-0000-000000000010,2026-01-18T11:37:34+00:00,1,NORMAL_TRANSACTION,Normal Transaction,NORMAL,[],0,0,NORMAL_BASELINE
e1000000-0000-0000-0000-000000000397,tx_norm_000411_eec71a,c1000000-0000-0000-0000-000000000084,c1000000-0000-0000-0000-000000000039,P2P,883.6,5.0,COMPLETED,d1000000-0000-0000-0000-000000000024,b1000000-0000-0000-0000-000000000005,2026-01-18T11:44:58+00:00,1,NORMAL_TRANSACTION,Normal Transaction,NORMAL,[],0,0,NORMAL_BASELINE
e1000000-0000-0000-0000-000000000398,tx_norm_000472_52d6b7,c1000000-0000-0000-0000-000000000023,c1000000-0000-0000-0000-000000000104,P2P,3830.42,5.0,COMPLETED,d1000000-0000-0000-0000-000000000014,b1000000-0000-0000-0000-000000000019,2026-01-18T11:51:08+00:00,1,NORMAL_TRANSACTION,Normal Transaction,NORMAL,[],0,0,NORMAL_BASELINE
e1000000-0000-0000-0000-000000000399,tx_norm_000499_ba236c,c1000000-0000-0000-0000-000000000077,c1000000-0000-0000-0000-000000000034,P2P,1574.92,5.0,COMPLETED,d1000000-0000-0000-0000-000000000002,b1000000-0000-0000-0000-000000000001,2026-01-18T11:52:40+00:00,1,NORMAL_TRANSACTION,Normal Transaction,NORMAL,[],0,0,NORMAL_BASELINE
e1000000-0000-0000-0000-000000000400,tx_norm_000395_90ce77,c1000000-0000-0000-0000-000000000037,c1000000-0000-0000-0000-000000000022,P2P,3557.18,5.0,COMPLETED,d1000000-0000-0000-0000-000000000016,b1000000-0000-0000-0000-000000000018,2026-01-18T12:02:17+00:00,1,NORMAL_TRANSACTION,Normal Transaction,NORMAL,[],0,0,NORMAL_BASELINE
e1000000-0000-0000-0000-000000000401,tx_norm_000489_2751ab,c1000000-0000-0000-0000-000000000074,c1000000-0000-0000-0000-000000000071,P2P,3811.37,5.0,COMPLETED,d1000000-0000-0000-0000-000000000005,b1000000-0000-0000-0000-000000000009,2026-01-18T12:15:06+00:00,1,NORMAL_TRANSACTION,Normal Transaction,NORMAL,[],0,0,NORMAL_BASELINE
e1000000-0000-0000-0000-000000000402,tx_norm_000402_f67839,c1000000-0000-0000-0000-000000000066,c1000000-0000-0000-0000-000000000134,RECHARGE,50.0,0.0,COMPLETED,d1000000-0000-0000-0000-000000000013,b1000000-0000-0000-0000-000000000005,2026-01-18T12:36:17+00:00,1,NORMAL_TRANSACTION,Normal Transaction,NORMAL,[],0,0,NORMAL_BASELINE
e1000000-0000-0000-0000-000000000403,tx_norm_000423_1cdcc4,c1000000-0000-0000-0000-000000000131,c1000000-0000-0000-0000-000000000031,CASH_IN,5453.99,0.0,COMPLETED,d1000000-0000-0000-0000-000000000009,b1000000-0000-0000-0000-000000000015,2026-01-18T12:41:03+00:00,1,NORMAL_TRANSACTION,Normal Transaction,NORMAL,[],0,0,NORMAL_BASELINE
e1000000-0000-0000-0000-000000000404,tx_norm_000387_9c7eb5,c1000000-0000-0000-0000-000000000082,c1000000-0000-0000-0000-000000000138,PAYMENT,1970.76,0.0,COMPLETED,d1000000-0000-0000-0000-000000000010,b1000000-0000-0000-0000-000000000012,2026-01-18T12:42:55+00:00,1,NORMAL_TRANSACTION,Normal Transaction,NORMAL,[],0,0,NORMAL_BASELINE
e1000000-0000-0000-0000-000000000405,tx_norm_000430_ecb467,c1000000-0000-0000-0000-000000000113,c1000000-0000-0000-0000-000000000008,CASH_IN,3200.32,0.0,COMPLETED,d1000000-0000-0000-0000-000000000011,b1000000-0000-0000-0000-000000000017,2026-01-18T12:44:27+00:00,1,NORMAL_TRANSACTION,Normal Transaction,NORMAL,[],0,0,NORMAL_BASELINE
e1000000-0000-0000-0000-000000000406,tx_norm_000490_331de3,c1000000-0000-0000-0000-000000000085,c1000000-0000-0000-0000-000000000081,P2P,2780.93,5.0,COMPLETED,d1000000-0000-0000-0000-000000000026,b1000000-0000-0000-0000-000000000006,2026-01-18T13:00:27+00:00,1,NORMAL_TRANSACTION,Normal Transaction,NORMAL,[],0,0,NORMAL_BASELINE
e1000000-0000-0000-0000-000000000407,tx_norm_000445_34879e,c1000000-0000-0000-0000-000000000129,c1000000-0000-0000-0000-000000000094,CASH_IN,3767.6,0.0,COMPLETED,d1000000-0000-0000-0000-000000000011,b1000000-0000-0000-0000-000000000001,2026-01-18T13:00:48+00:00,1,NORMAL_TRANSACTION,Normal Transaction,NORMAL,[],0,0,NORMAL_BASELINE
e1000000-0000-0000-0000-000000000408,tx_norm_000506_7ddac1,c1000000-0000-0000-0000-000000000039,c1000000-0000-0000-0000-000000000115,CASH_OUT,2602.6,38.78,COMPLETED,d1000000-0000-0000-0000-000000000023,b1000000-0000-0000-0000-000000000011,2026-01-18T13:01:21+00:00,1,NORMAL_TRANSACTION,Normal Transaction,NORMAL,[],0,0,NORMAL_BASELINE
e1000000-0000-0000-0000-000000000409,tx_norm_000379_f0d027,c1000000-0000-0000-0000-000000000054,c1000000-0000-0000-0000-000000000011,P2P,699.1,5.0,COMPLETED,d1000000-0000-0000-0000-000000000018,b1000000-0000-0000-0000-000000000001,2026-01-18T13:01:30+00:00,1,NORMAL_TRANSACTION,Normal Transaction,NORMAL,[],0,0,NORMAL_BASELINE
e1000000-0000-0000-0000-000000000410,tx_norm_000439_92502e,c1000000-0000-0000-0000-000000000041,c1000000-0000-0000-0000-000000000114,CASH_OUT,6694.98,99.76,COMPLETED,d1000000-0000-0000-0000-000000000008,b1000000-0000-0000-0000-000000000015,2026-01-18T13:15:26+00:00,1,NORMAL_TRANSACTION,Normal Transaction,NORMAL,[],0,0,NORMAL_BASELINE
e1000000-0000-0000-0000-000000000411,tx_norm_000365_75366b,c1000000-0000-0000-0000-000000000121,c1000000-0000-0000-0000-000000000077,CASH_IN,6550.02,0.0,COMPLETED,d1000000-0000-0000-0000-000000000009,b1000000-0000-0000-0000-000000000014,2026-01-18T13:16:15+00:00,1,NORMAL_TRANSACTION,Normal Transaction,NORMAL,[],0,0,NORMAL_BASELINE
e1000000-0000-0000-0000-000000000412,tx_norm_000380_79e5c9,c1000000-0000-0000-0000-000000000027,c1000000-0000-0000-0000-000000000141,PAYMENT,1622.92,0.0,COMPLETED,d1000000-0000-0000-0000-000000000015,b1000000-0000-0000-0000-000000000017,2026-01-18T13:19:21+00:00,1,NORMAL_TRANSACTION,Normal Transaction,NORMAL,[],0,0,NORMAL_BASELINE
e1000000-0000-0000-0000-000000000413,tx_norm_000465_e550d7,c1000000-0000-0000-0000-000000000041,c1000000-0000-0000-0000-000000000078,P2P,1141.79,5.0,COMPLETED,d1000000-0000-0000-0000-000000000008,b1000000-0000-0000-0000-000000000008,2026-01-18T13:24:17+00:00,1,NORMAL_TRANSACTION,Normal Transaction,NORMAL,[],0,0,NORMAL_BASELINE
e1000000-0000-0000-0000-000000000414,tx_norm_000454_2c8298,c1000000-0000-0000-0000-000000000039,c1000000-0000-0000-0000-000000000034,P2P,3726.39,5.0,COMPLETED,d1000000-0000-0000-0000-000000000023,b1000000-0000-0000-0000-000000000007,2026-01-18T13:25:32+00:00,1,NORMAL_TRANSACTION,Normal Transaction,NORMAL,[],0,0,NORMAL_BASELINE
e1000000-0000-0000-0000-000000000415,tx_norm_000450_95af6d,c1000000-0000-0000-0000-000000000026,c1000000-0000-0000-0000-000000000018,P2P,3553.73,5.0,COMPLETED,d1000000-0000-0000-0000-000000000014,b1000000-0000-0000-0000-000000000003,2026-01-18T13:28:17+00:00,1,NORMAL_TRANSACTION,Normal Transaction,NORMAL,[],0,0,NORMAL_BASELINE
e1000000-0000-0000-0000-000000000416,tx_norm_000357_9e5d9c,c1000000-0000-0000-0000-000000000088,c1000000-0000-0000-0000-000000000139,PAYMENT,411.37,0.0,COMPLETED,d1000000-0000-0000-0000-000000000008,b1000000-0000-0000-0000-000000000007,2026-01-18T13:35:24+00:00,1,NORMAL_TRANSACTION,Normal Transaction,NORMAL,[],0,0,NORMAL_BASELINE
e1000000-0000-0000-0000-000000000417,tx_norm_000443_c2aef6,c1000000-0000-0000-0000-000000000100,c1000000-0000-0000-0000-000000000136,RECHARGE,500.0,0.0,COMPLETED,d1000000-0000-0000-0000-000000000011,b1000000-0000-0000-0000-000000000013,2026-01-18T13:37:31+00:00,1,NORMAL_TRANSACTION,Normal Transaction,NORMAL,[],0,0,NORMAL_BASELINE
e1000000-0000-0000-0000-000000000418,tx_norm_000390_6c4c45,c1000000-0000-0000-0000-000000000054,c1000000-0000-0000-0000-000000000135,PAYMENT,1903.16,0.0,COMPLETED,d1000000-0000-0000-0000-000000000018,b1000000-0000-0000-0000-000000000001,2026-01-18T13:44:09+00:00,1,NORMAL_TRANSACTION,Normal Transaction,NORMAL,[],0,0,NORMAL_BASELINE
e1000000-0000-0000-0000-000000000419,tx_norm_000434_939f71,c1000000-0000-0000-0000-000000000009,c1000000-0000-0000-0000-000000000035,P2P,3262.99,5.0,COMPLETED,d1000000-0000-0000-0000-000000000024,b1000000-0000-0000-0000-000000000015,2026-01-18T13:51:27+00:00,1,NORMAL_TRANSACTION,Normal Transaction,NORMAL,[],0,0,NORMAL_BASELINE
e1000000-0000-0000-0000-000000000420,tx_norm_000441_8d9765,c1000000-0000-0000-0000-000000000037,c1000000-0000-0000-0000-000000000137,PAYMENT,1148.27,0.0,COMPLETED,d1000000-0000-0000-0000-000000000016,b1000000-0000-0000-0000-000000000018,2026-01-18T14:04:56+00:00,1,NORMAL_TRANSACTION,Normal Transaction,NORMAL,[],0,0,NORMAL_BASELINE
e1000000-0000-0000-0000-000000000421,tx_norm_000416_4c9bff,c1000000-0000-0000-0000-000000000014,c1000000-0000-0000-0000-000000000116,CASH_OUT,3256.71,48.52,COMPLETED,d1000000-0000-0000-0000-000000000027,b1000000-0000-0000-0000-000000000015,2026-01-18T14:05:46+00:00,1,NORMAL_TRANSACTION,Normal Transaction,NORMAL,[],0,0,NORMAL_BASELINE
e1000000-0000-0000-0000-000000000422,tx_norm_000361_c8d0f9,c1000000-0000-0000-0000-000000000071,c1000000-0000-0000-0000-000000000012,P2P,2766.78,5.0,COMPLETED,d1000000-0000-0000-0000-000000000023,b1000000-0000-0000-0000-000000000010,2026-01-18T14:06:01+00:00,1,NORMAL_TRANSACTION,Normal Transaction,NORMAL,[],0,0,NORMAL_BASELINE
e1000000-0000-0000-0000-000000000423,tx_norm_000493_39eb03,c1000000-0000-0000-0000-000000000034,c1000000-0000-0000-0000-000000000140,PAYMENT,1568.43,0.0,COMPLETED,d1000000-0000-0000-0000-000000000004,b1000000-0000-0000-0000-000000000012,2026-01-18T14:23:11+00:00,1,NORMAL_TRANSACTION,Normal Transaction,NORMAL,[],0,0,NORMAL_BASELINE
e1000000-0000-0000-0000-000000000424,tx_norm_000419_23d7e6,c1000000-0000-0000-0000-000000000028,c1000000-0000-0000-0000-000000000134,PAYMENT,2884.61,0.0,COMPLETED,d1000000-0000-0000-0000-000000000004,b1000000-0000-0000-0000-000000000018,2026-01-18T14:39:43+00:00,1,NORMAL_TRANSACTION,Normal Transaction,NORMAL,[],0,0,NORMAL_BASELINE
e1000000-0000-0000-0000-000000000425,tx_norm_000413_1758d4,c1000000-0000-0000-0000-000000000130,c1000000-0000-0000-0000-000000000030,CASH_IN,4863.08,0.0,COMPLETED,d1000000-0000-0000-0000-000000000010,b1000000-0000-0000-0000-000000000006,2026-01-18T14:40:19+00:00,1,NORMAL_TRANSACTION,Normal Transaction,NORMAL,[],0,0,NORMAL_BASELINE
e1000000-0000-0000-0000-000000000426,tx_norm_000394_cbbed9,c1000000-0000-0000-0000-000000000022,c1000000-0000-0000-0000-000000000134,PAYMENT,1874.46,0.0,COMPLETED,d1000000-0000-0000-0000-000000000024,b1000000-0000-0000-0000-000000000018,2026-01-18T14:45:53+00:00,1,NORMAL_TRANSACTION,Normal Transaction,NORMAL,[],0,0,NORMAL_BASELINE
e1000000-0000-0000-0000-000000000427,tx_norm_000495_6b2b78,c1000000-0000-0000-0000-000000000008,c1000000-0000-0000-0000-000000000051,P2P,3719.14,5.0,COMPLETED,d1000000-0000-0000-0000-000000000012,b1000000-0000-0000-0000-000000000012,2026-01-18T14:48:37+00:00,1,NORMAL_TRANSACTION,Normal Transaction,NORMAL,[],0,0,NORMAL_BASELINE
e1000000-0000-0000-0000-000000000428,tx_norm_000356_7d9830,c1000000-0000-0000-0000-000000000035,c1000000-0000-0000-0000-000000000102,P2P,4468.12,5.0,COMPLETED,d1000000-0000-0000-0000-000000000029,b1000000-0000-0000-0000-000000000019,2026-01-18T14:49:20+00:00,1,NORMAL_TRANSACTION,Normal Transaction,NORMAL,[],0,0,NORMAL_BASELINE
e1000000-0000-0000-0000-000000000429,tx_norm_000417_249204,c1000000-0000-0000-0000-000000000110,c1000000-0000-0000-0000-000000000083,CASH_IN,9936.46,0.0,COMPLETED,d1000000-0000-0000-0000-000000000011,b1000000-0000-0000-0000-000000000007,2026-01-18T14:49:52+00:00,1,NORMAL_TRANSACTION,Normal Transaction,NORMAL,[],0,0,NORMAL_BASELINE
e1000000-0000-0000-0000-000000000430,tx_norm_000408_93f375,c1000000-0000-0000-0000-000000000042,c1000000-0000-0000-0000-000000000137,PAYMENT,1180.15,0.0,COMPLETED,d1000000-0000-0000-0000-000000000018,b1000000-0000-0000-0000-000000000008,2026-01-18T14:52:13+00:00,1,NORMAL_TRANSACTION,Normal Transaction,NORMAL,[],0,0,NORMAL_BASELINE
e1000000-0000-0000-0000-000000000431,tx_norm_000455_1a1699,c1000000-0000-0000-0000-000000000071,c1000000-0000-0000-0000-000000000136,PAYMENT,438.91,0.0,COMPLETED,d1000000-0000-0000-0000-000000000023,b1000000-0000-0000-0000-000000000010,2026-01-18T14:54:28+00:00,1,NORMAL_TRANSACTION,Normal Transaction,NORMAL,[],0,0,NORMAL_BASELINE
e1000000-0000-0000-0000-000000000432,tx_norm_000462_6b52f9,c1000000-0000-0000-0000-000000000012,c1000000-0000-0000-0000-000000000137,PAYMENT,1318.2,0.0,COMPLETED,d1000000-0000-0000-0000-000000000002,b1000000-0000-0000-0000-000000000008,2026-01-18T14:56:35+00:00,1,NORMAL_TRANSACTION,Normal Transaction,NORMAL,[],0,0,NORMAL_BASELINE
e1000000-0000-0000-0000-000000000433,tx_norm_000481_c97a24,c1000000-0000-0000-0000-000000000089,c1000000-0000-0000-0000-000000000009,P2P,1707.07,5.0,COMPLETED,d1000000-0000-0000-0000-000000000026,b1000000-0000-0000-0000-000000000008,2026-01-18T15:00:16+00:00,1,NORMAL_TRANSACTION,Normal Transaction,NORMAL,[],0,0,NORMAL_BASELINE
e1000000-0000-0000-0000-000000000434,tx_norm_000393_68bd07,c1000000-0000-0000-0000-000000000072,c1000000-0000-0000-0000-000000000122,CASH_OUT,5398.02,80.43,COMPLETED,d1000000-0000-0000-0000-000000000027,b1000000-0000-0000-0000-000000000002,2026-01-18T15:08:12+00:00,1,NORMAL_TRANSACTION,Normal Transaction,NORMAL,[],0,0,NORMAL_BASELINE
e1000000-0000-0000-0000-000000000435,tx_norm_000364_c85cd7,c1000000-0000-0000-0000-000000000036,c1000000-0000-0000-0000-000000000055,P2P,1488.93,5.0,COMPLETED,d1000000-0000-0000-0000-000000000027,b1000000-0000-0000-0000-000000000003,2026-01-18T15:09:04+00:00,1,NORMAL_TRANSACTION,Normal Transaction,NORMAL,[],0,0,NORMAL_BASELINE
e1000000-0000-0000-0000-000000000436,tx_norm_000452_afa14a,c1000000-0000-0000-0000-000000000016,c1000000-0000-0000-0000-000000000012,P2P,877.75,5.0,COMPLETED,d1000000-0000-0000-0000-000000000006,b1000000-0000-0000-0000-000000000018,2026-01-18T15:19:29+00:00,1,NORMAL_TRANSACTION,Normal Transaction,NORMAL,[],0,0,NORMAL_BASELINE
e1000000-0000-0000-0000-000000000437,tx_norm_000367_52171c,c1000000-0000-0000-0000-000000000084,c1000000-0000-0000-0000-000000000125,CASH_OUT,1520.93,22.66,COMPLETED,d1000000-0000-0000-0000-000000000024,b1000000-0000-0000-0000-000000000018,2026-01-18T15:21:27+00:00,1,NORMAL_TRANSACTION,Normal Transaction,NORMAL,[],0,0,NORMAL_BASELINE
e1000000-0000-0000-0000-000000000438,tx_norm_000435_284577,c1000000-0000-0000-0000-000000000064,c1000000-0000-0000-0000-000000000074,P2P,917.59,5.0,COMPLETED,d1000000-0000-0000-0000-000000000002,b1000000-0000-0000-0000-000000000003,2026-01-18T15:29:32+00:00,1,NORMAL_TRANSACTION,Normal Transaction,NORMAL,[],0,0,NORMAL_BASELINE
e1000000-0000-0000-0000-000000000439,tx_norm_000492_2f5460,c1000000-0000-0000-0000-000000000108,c1000000-0000-0000-0000-000000000083,CASH_IN,5897.13,0.0,COMPLETED,d1000000-0000-0000-0000-000000000009,b1000000-0000-0000-0000-000000000007,2026-01-18T15:31:57+00:00,1,NORMAL_TRANSACTION,Normal Transaction,NORMAL,[],0,0,NORMAL_BASELINE
e1000000-0000-0000-0000-000000000440,tx_norm_000385_c09867,c1000000-0000-0000-0000-000000000091,c1000000-0000-0000-0000-000000000028,P2P,1084.87,5.0,COMPLETED,d1000000-0000-0000-0000-000000000009,b1000000-0000-0000-0000-000000000012,2026-01-18T15:37:27+00:00,1,NORMAL_TRANSACTION,Normal Transaction,NORMAL,[],0,0,NORMAL_BASELINE
e1000000-0000-0000-0000-000000000441,tx_norm_000391_7d592e,c1000000-0000-0000-0000-000000000126,c1000000-0000-0000-0000-000000000023,CASH_IN,5994.21,0.0,COMPLETED,d1000000-0000-0000-0000-000000000010,b1000000-0000-0000-0000-000000000014,2026-01-18T15:40:34+00:00,1,NORMAL_TRANSACTION,Normal Transaction,NORMAL,[],0,0,NORMAL_BASELINE
e1000000-0000-0000-0000-000000000442,tx_norm_000424_21c9a1,c1000000-0000-0000-0000-000000000002,c1000000-0000-0000-0000-000000000048,P2P,4215.87,5.0,COMPLETED,d1000000-0000-0000-0000-000000000022,b1000000-0000-0000-0000-000000000018,2026-01-18T15:40:38+00:00,1,NORMAL_TRANSACTION,Normal Transaction,NORMAL,[],0,0,NORMAL_BASELINE
e1000000-0000-0000-0000-000000000443,tx_norm_000381_b5f59c,c1000000-0000-0000-0000-000000000009,c1000000-0000-0000-0000-000000000137,PAYMENT,286.28,0.0,COMPLETED,d1000000-0000-0000-0000-000000000024,b1000000-0000-0000-0000-000000000015,2026-01-18T15:46:44+00:00,1,NORMAL_TRANSACTION,Normal Transaction,NORMAL,[],0,0,NORMAL_BASELINE
e1000000-0000-0000-0000-000000000444,tx_norm_000399_96822e,c1000000-0000-0000-0000-000000000113,c1000000-0000-0000-0000-000000000027,CASH_IN,8296.32,0.0,COMPLETED,d1000000-0000-0000-0000-000000000011,b1000000-0000-0000-0000-000000000017,2026-01-18T15:55:07+00:00,1,NORMAL_TRANSACTION,Normal Transaction,NORMAL,[],0,0,NORMAL_BASELINE
e1000000-0000-0000-0000-000000000445,tx_norm_000461_4b8c03,c1000000-0000-0000-0000-000000000080,c1000000-0000-0000-0000-000000000079,P2P,1256.87,5.0,COMPLETED,d1000000-0000-0000-0000-000000000029,b1000000-0000-0000-0000-000000000005,2026-01-18T15:56:09+00:00,1,NORMAL_TRANSACTION,Normal Transaction,NORMAL,[],0,0,NORMAL_BASELINE
e1000000-0000-0000-0000-000000000446,tx_norm_000483_c9ea35,c1000000-0000-0000-0000-000000000049,c1000000-0000-0000-0000-000000000013,P2P,3763.87,5.0,COMPLETED,d1000000-0000-0000-0000-000000000024,b1000000-0000-0000-0000-000000000002,2026-01-18T15:56:24+00:00,1,NORMAL_TRANSACTION,Normal Transaction,NORMAL,[],0,0,NORMAL_BASELINE
e1000000-0000-0000-0000-000000000447,tx_norm_000383_3b5ae2,c1000000-0000-0000-0000-000000000072,c1000000-0000-0000-0000-000000000055,P2P,4321.39,5.0,COMPLETED,d1000000-0000-0000-0000-000000000027,b1000000-0000-0000-0000-000000000018,2026-01-18T16:11:35+00:00,1,NORMAL_TRANSACTION,Normal Transaction,NORMAL,[],0,0,NORMAL_BASELINE
e1000000-0000-0000-0000-000000000448,tx_norm_000427_66fba7,c1000000-0000-0000-0000-000000000130,c1000000-0000-0000-0000-000000000054,CASH_IN,4812.18,0.0,COMPLETED,d1000000-0000-0000-0000-000000000010,b1000000-0000-0000-0000-000000000006,2026-01-18T16:18:40+00:00,1,NORMAL_TRANSACTION,Normal Transaction,NORMAL,[],0,0,NORMAL_BASELINE
e1000000-0000-0000-0000-000000000449,tx_norm_000396_5deaa7,c1000000-0000-0000-0000-000000000035,c1000000-0000-0000-0000-000000000141,PAYMENT,2661.01,0.0,COMPLETED,d1000000-0000-0000-0000-000000000029,b1000000-0000-0000-0000-000000000019,2026-01-18T16:32:07+00:00,1,NORMAL_TRANSACTION,Normal Transaction,NORMAL,[],0,0,NORMAL_BASELINE
e1000000-0000-0000-0000-000000000450,tx_norm_000418_368acd,c1000000-0000-0000-0000-000000000022,c1000000-0000-0000-0000-000000000140,PAYMENT,1221.12,0.0,COMPLETED,d1000000-0000-0000-0000-000000000024,b1000000-0000-0000-0000-000000000018,2026-01-18T16:36:00+00:00,1,NORMAL_TRANSACTION,Normal Transaction,NORMAL,[],0,0,NORMAL_BASELINE
e1000000-0000-0000-0000-000000000451,tx_norm_000497_c1d71f,c1000000-0000-0000-0000-000000000074,c1000000-0000-0000-0000-000000000135,PAYMENT,516.86,0.0,COMPLETED,d1000000-0000-0000-0000-000000000005,b1000000-0000-0000-0000-000000000009,2026-01-18T16:36:57+00:00,1,NORMAL_TRANSACTION,Normal Transaction,NORMAL,[],0,0,NORMAL_BASELINE
e1000000-0000-0000-0000-000000000452,tx_norm_000469_f2c847,c1000000-0000-0000-0000-000000000124,c1000000-0000-0000-0000-000000000073,CASH_IN,2278.92,0.0,COMPLETED,d1000000-0000-0000-0000-000000000010,b1000000-0000-0000-0000-000000000010,2026-01-18T17:01:45+00:00,1,NORMAL_TRANSACTION,Normal Transaction,NORMAL,[],0,0,NORMAL_BASELINE
e1000000-0000-0000-0000-000000000453,tx_norm_000494_5802b6,c1000000-0000-0000-0000-000000000127,c1000000-0000-0000-0000-000000000013,CASH_IN,1771.37,0.0,COMPLETED,d1000000-0000-0000-0000-000000000011,b1000000-0000-0000-0000-000000000013,2026-01-18T17:03:09+00:00,1,NORMAL_TRANSACTION,Normal Transaction,NORMAL,[],0,0,NORMAL_BASELINE
e1000000-0000-0000-0000-000000000454,tx_norm_000386_752206,c1000000-0000-0000-0000-000000000024,c1000000-0000-0000-0000-000000000117,CASH_OUT,2944.89,43.88,COMPLETED,d1000000-0000-0000-0000-000000000005,b1000000-0000-0000-0000-000000000009,2026-01-18T17:06:51+00:00,1,NORMAL_TRANSACTION,Normal Transaction,NORMAL,[],0,0,NORMAL_BASELINE
e1000000-0000-0000-0000-000000000455,tx_norm_000388_ac7051,c1000000-0000-0000-0000-000000000059,c1000000-0000-0000-0000-000000000081,P2P,941.87,5.0,COMPLETED,d1000000-0000-0000-0000-000000000010,b1000000-0000-0000-0000-000000000007,2026-01-18T17:07:22+00:00,1,NORMAL_TRANSACTION,Normal Transaction,NORMAL,[],0,0,NORMAL_BASELINE
e1000000-0000-0000-0000-000000000456,tx_norm_000504_ae49c0,c1000000-0000-0000-0000-000000000052,c1000000-0000-0000-0000-000000000019,P2P,2858.45,5.0,COMPLETED,d1000000-0000-0000-0000-000000000015,b1000000-0000-0000-0000-000000000008,2026-01-18T17:30:02+00:00,1,NORMAL_TRANSACTION,Normal Transaction,NORMAL,[],0,0,NORMAL_BASELINE
e1000000-0000-0000-0000-000000000457,tx_norm_000389_1df05d,c1000000-0000-0000-0000-000000000116,c1000000-0000-0000-0000-000000000016,CASH_IN,3147.15,0.0,COMPLETED,d1000000-0000-0000-0000-000000000011,b1000000-0000-0000-0000-000000000015,2026-01-18T17:37:05+00:00,1,NORMAL_TRANSACTION,Normal Transaction,NORMAL,[],0,0,NORMAL_BASELINE
e1000000-0000-0000-0000-000000000458,tx_norm_000502_19da82,c1000000-0000-0000-0000-000000000109,c1000000-0000-0000-0000-000000000014,CASH_IN,6064.15,0.0,COMPLETED,d1000000-0000-0000-0000-000000000010,b1000000-0000-0000-0000-000000000003,2026-01-18T17:37:37+00:00,1,NORMAL_TRANSACTION,Normal Transaction,NORMAL,[],0,0,NORMAL_BASELINE
e1000000-0000-0000-0000-000000000459,tx_norm_000375_5ae1db,c1000000-0000-0000-0000-000000000099,c1000000-0000-0000-0000-000000000032,P2P,3027.69,5.0,COMPLETED,d1000000-0000-0000-0000-000000000004,b1000000-0000-0000-0000-000000000010,2026-01-18T17:40:58+00:00,1,NORMAL_TRANSACTION,Normal Transaction,NORMAL,[],0,0,NORMAL_BASELINE
e1000000-0000-0000-0000-000000000460,tx_norm_000420_3f6eed,c1000000-0000-0000-0000-000000000055,c1000000-0000-0000-0000-000000000041,P2P,3601.63,5.0,COMPLETED,d1000000-0000-0000-0000-000000000016,b1000000-0000-0000-0000-000000000016,2026-01-18T17:46:24+00:00,1,NORMAL_TRANSACTION,Normal Transaction,NORMAL,[],0,0,NORMAL_BASELINE
e1000000-0000-0000-0000-000000000461,tx_norm_000369_1d27c0,c1000000-0000-0000-0000-000000000036,c1000000-0000-0000-0000-000000000102,P2P,1889.62,5.0,COMPLETED,d1000000-0000-0000-0000-000000000027,b1000000-0000-0000-0000-000000000003,2026-01-18T17:50:15+00:00,1,NORMAL_TRANSACTION,Normal Transaction,NORMAL,[],0,0,NORMAL_BASELINE
e1000000-0000-0000-0000-000000000462,tx_norm_000409_197dba,c1000000-0000-0000-0000-000000000127,c1000000-0000-0000-0000-000000000098,CASH_IN,1435.68,0.0,COMPLETED,d1000000-0000-0000-0000-000000000011,b1000000-0000-0000-0000-000000000013,2026-01-18T17:54:31+00:00,1,NORMAL_TRANSACTION,Normal Transaction,NORMAL,[],0,0,NORMAL_BASELINE
e1000000-0000-0000-0000-000000000463,tx_norm_000468_5168bb,c1000000-0000-0000-0000-000000000023,c1000000-0000-0000-0000-000000000024,P2P,1217.17,5.0,COMPLETED,d1000000-0000-0000-0000-000000000014,b1000000-0000-0000-0000-000000000019,2026-01-18T17:54:51+00:00,1,NORMAL_TRANSACTION,Normal Transaction,NORMAL,[],0,0,NORMAL_BASELINE
e1000000-0000-0000-0000-000000000464,tx_norm_000421_b0c30a,c1000000-0000-0000-0000-000000000077,c1000000-0000-0000-0000-000000000137,PAYMENT,2525.86,0.0,COMPLETED,d1000000-0000-0000-0000-000000000002,b1000000-0000-0000-0000-000000000001,2026-01-18T18:05:15+00:00,1,NORMAL_TRANSACTION,Normal Transaction,NORMAL,[],0,0,NORMAL_BASELINE
e1000000-0000-0000-0000-000000000465,tx_norm_000449_d4f763,c1000000-0000-0000-0000-000000000041,c1000000-0000-0000-0000-000000000104,P2P,1889.7,5.0,COMPLETED,d1000000-0000-0000-0000-000000000008,b1000000-0000-0000-0000-000000000008,2026-01-18T18:08:15+00:00,1,NORMAL_TRANSACTION,Normal Transaction,NORMAL,[],0,0,NORMAL_BASELINE
e1000000-0000-0000-0000-000000000466,tx_norm_000384_9d361c,c1000000-0000-0000-0000-000000000056,c1000000-0000-0000-0000-000000000139,PAYMENT,239.04,0.0,COMPLETED,d1000000-0000-0000-0000-000000000006,b1000000-0000-0000-0000-000000000013,2026-01-18T18:11:11+00:00,1,NORMAL_TRANSACTION,Normal Transaction,NORMAL,[],0,0,NORMAL_BASELINE
e1000000-0000-0000-0000-000000000467,tx_norm_000467_f2a32e,c1000000-0000-0000-0000-000000000102,c1000000-0000-0000-0000-000000000133,PAYMENT,2480.35,0.0,COMPLETED,d1000000-0000-0000-0000-000000000029,b1000000-0000-0000-0000-000000000006,2026-01-18T18:15:17+00:00,1,NORMAL_TRANSACTION,Normal Transaction,NORMAL,[],0,0,NORMAL_BASELINE
e1000000-0000-0000-0000-000000000468,tx_norm_000405_bff30c,c1000000-0000-0000-0000-000000000082,c1000000-0000-0000-0000-000000000134,PAYMENT,1378.69,0.0,COMPLETED,d1000000-0000-0000-0000-000000000010,b1000000-0000-0000-0000-000000000012,2026-01-18T18:26:24+00:00,1,NORMAL_TRANSACTION,Normal Transaction,NORMAL,[],0,0,NORMAL_BASELINE
e1000000-0000-0000-0000-000000000469,tx_norm_000372_b719bb,c1000000-0000-0000-0000-000000000031,c1000000-0000-0000-0000-000000000137,PAYMENT,2158.92,0.0,COMPLETED,d1000000-0000-0000-0000-000000000004,b1000000-0000-0000-0000-000000000010,2026-01-18T18:31:08+00:00,1,NORMAL_TRANSACTION,Normal Transaction,NORMAL,[],0,0,NORMAL_BASELINE
e1000000-0000-0000-0000-000000000470,tx_norm_000428_82e4dd,c1000000-0000-0000-0000-000000000036,c1000000-0000-0000-0000-000000000134,PAYMENT,1095.22,0.0,COMPLETED,d1000000-0000-0000-0000-000000000027,b1000000-0000-0000-0000-000000000003,2026-01-18T18:34:34+00:00,1,NORMAL_TRANSACTION,Normal Transaction,NORMAL,[],0,0,NORMAL_BASELINE
e1000000-0000-0000-0000-000000000471,tx_norm_000376_54e385,c1000000-0000-0000-0000-000000000083,c1000000-0000-0000-0000-000000000139,PAYMENT,3098.77,0.0,COMPLETED,d1000000-0000-0000-0000-000000000008,b1000000-0000-0000-0000-000000000004,2026-01-18T18:39:02+00:00,1,NORMAL_TRANSACTION,Normal Transaction,NORMAL,[],0,0,NORMAL_BASELINE
e1000000-0000-0000-0000-000000000472,tx_norm_000457_13325c,c1000000-0000-0000-0000-000000000076,c1000000-0000-0000-0000-000000000034,P2P,4144.94,5.0,COMPLETED,d1000000-0000-0000-0000-000000000030,b1000000-0000-0000-0000-000000000002,2026-01-18T18:40:41+00:00,1,NORMAL_TRANSACTION,Normal Transaction,NORMAL,[],0,0,NORMAL_BASELINE
e1000000-0000-0000-0000-000000000473,tx_norm_000484_088dbd,c1000000-0000-0000-0000-000000000058,c1000000-0000-0000-0000-000000000010,P2P,3636.54,5.0,COMPLETED,d1000000-0000-0000-0000-000000000024,b1000000-0000-0000-0000-000000000018,2026-01-18T18:48:43+00:00,1,NORMAL_TRANSACTION,Normal Transaction,NORMAL,[],0,0,NORMAL_BASELINE
e1000000-0000-0000-0000-000000000474,tx_norm_000496_6511e6,c1000000-0000-0000-0000-000000000031,c1000000-0000-0000-0000-000000000140,PAYMENT,1061.5,0.0,COMPLETED,d1000000-0000-0000-0000-000000000004,b1000000-0000-0000-0000-000000000010,2026-01-18T18:55:59+00:00,1,NORMAL_TRANSACTION,Normal Transaction,NORMAL,[],0,0,NORMAL_BASELINE
e1000000-0000-0000-0000-000000000475,tx_norm_000463_fd498e,c1000000-0000-0000-0000-000000000081,c1000000-0000-0000-0000-000000000141,PAYMENT,2574.28,0.0,COMPLETED,d1000000-0000-0000-0000-000000000019,b1000000-0000-0000-0000-000000000018,2026-01-18T18:56:51+00:00,1,NORMAL_TRANSACTION,Normal Transaction,NORMAL,[],0,0,NORMAL_BASELINE
e1000000-0000-0000-0000-000000000476,tx_norm_000482_e271ff,c1000000-0000-0000-0000-000000000094,c1000000-0000-0000-0000-000000000054,P2P,4367.14,5.0,COMPLETED,d1000000-0000-0000-0000-000000000020,b1000000-0000-0000-0000-000000000014,2026-01-18T19:00:03+00:00,1,NORMAL_TRANSACTION,Normal Transaction,NORMAL,[],0,0,NORMAL_BASELINE
e1000000-0000-0000-0000-000000000477,tx_norm_000432_d28fcf,c1000000-0000-0000-0000-000000000045,c1000000-0000-0000-0000-000000000141,PAYMENT,1727.53,0.0,COMPLETED,d1000000-0000-0000-0000-000000000022,b1000000-0000-0000-0000-000000000016,2026-01-18T19:00:10+00:00,1,NORMAL_TRANSACTION,Normal Transaction,NORMAL,[],0,0,NORMAL_BASELINE
e1000000-0000-0000-0000-000000000478,tx_norm_000487_2837f4,c1000000-0000-0000-0000-000000000022,c1000000-0000-0000-0000-000000000125,CASH_OUT,7173.15,106.88,COMPLETED,d1000000-0000-0000-0000-000000000024,b1000000-0000-0000-0000-000000000018,2026-01-18T19:01:27+00:00,1,NORMAL_TRANSACTION,Normal Transaction,NORMAL,[],0,0,NORMAL_BASELINE
e1000000-0000-0000-0000-000000000479,tx_norm_000368_b1e8c0,c1000000-0000-0000-0000-000000000051,c1000000-0000-0000-0000-000000000041,P2P,1453.23,5.0,COMPLETED,d1000000-0000-0000-0000-000000000018,b1000000-0000-0000-0000-000000000015,2026-01-18T19:12:30+00:00,1,NORMAL_TRANSACTION,Normal Transaction,NORMAL,[],0,0,NORMAL_BASELINE
e1000000-0000-0000-0000-000000000480,tx_norm_000371_d908a1,c1000000-0000-0000-0000-000000000132,c1000000-0000-0000-0000-000000000089,CASH_IN,1622.43,0.0,COMPLETED,d1000000-0000-0000-0000-000000000010,b1000000-0000-0000-0000-000000000009,2026-01-18T19:13:28+00:00,1,NORMAL_TRANSACTION,Normal Transaction,NORMAL,[],0,0,NORMAL_BASELINE
e1000000-0000-0000-0000-000000000481,tx_norm_000359_71da35,c1000000-0000-0000-0000-000000000012,c1000000-0000-0000-0000-000000000001,P2P,4254.73,5.0,COMPLETED,d1000000-0000-0000-0000-000000000002,b1000000-0000-0000-0000-000000000008,2026-01-18T19:24:20+00:00,1,NORMAL_TRANSACTION,Normal Transaction,NORMAL,[],0,0,NORMAL_BASELINE
e1000000-0000-0000-0000-000000000482,tx_norm_000508_d2efa9,c1000000-0000-0000-0000-000000000025,c1000000-0000-0000-0000-000000000140,PAYMENT,794.74,0.0,COMPLETED,d1000000-0000-0000-0000-000000000028,b1000000-0000-0000-0000-000000000004,2026-01-18T19:26:38+00:00,1,NORMAL_TRANSACTION,Normal Transaction,NORMAL,[],0,0,NORMAL_BASELINE
e1000000-0000-0000-0000-000000000483,tx_norm_000407_65d0b5,c1000000-0000-0000-0000-000000000117,c1000000-0000-0000-0000-000000000009,CASH_IN,8161.1,0.0,COMPLETED,d1000000-0000-0000-0000-000000000009,b1000000-0000-0000-0000-000000000009,2026-01-18T19:29:40+00:00,1,NORMAL_TRANSACTION,Normal Transaction,NORMAL,[],0,0,NORMAL_BASELINE
e1000000-0000-0000-0000-000000000484,tx_norm_000478_9a3624,c1000000-0000-0000-0000-000000000099,c1000000-0000-0000-0000-000000000124,CASH_OUT,742.87,11.07,COMPLETED,d1000000-0000-0000-0000-000000000004,b1000000-0000-0000-0000-000000000010,2026-01-18T19:36:25+00:00,1,NORMAL_TRANSACTION,Normal Transaction,NORMAL,[],0,0,NORMAL_BASELINE
e1000000-0000-0000-0000-000000000485,tx_norm_000398_593c57,c1000000-0000-0000-0000-000000000115,c1000000-0000-0000-0000-000000000005,CASH_IN,5047.59,0.0,COMPLETED,d1000000-0000-0000-0000-000000000011,b1000000-0000-0000-0000-000000000011,2026-01-18T19:53:41+00:00,1,NORMAL_TRANSACTION,Normal Transaction,NORMAL,[],0,0,NORMAL_BASELINE
e1000000-0000-0000-0000-000000000486,tx_norm_000406_de70bd,c1000000-0000-0000-0000-000000000063,c1000000-0000-0000-0000-000000000042,P2P,2702.41,5.0,COMPLETED,d1000000-0000-0000-0000-000000000008,b1000000-0000-0000-0000-000000000013,2026-01-18T19:59:56+00:00,1,NORMAL_TRANSACTION,Normal Transaction,NORMAL,[],0,0,NORMAL_BASELINE
e1000000-0000-0000-0000-000000000487,tx_norm_000401_52daf6,c1000000-0000-0000-0000-000000000036,c1000000-0000-0000-0000-000000000078,P2P,2516.7,5.0,COMPLETED,d1000000-0000-0000-0000-000000000027,b1000000-0000-0000-0000-000000000003,2026-01-18T20:03:36+00:00,1,NORMAL_TRANSACTION,Normal Transaction,NORMAL,[],0,0,NORMAL_BASELINE
e1000000-0000-0000-0000-000000000488,tx_norm_000436_824259,c1000000-0000-0000-0000-000000000093,c1000000-0000-0000-0000-000000000134,PAYMENT,846.63,0.0,COMPLETED,d1000000-0000-0000-0000-000000000009,b1000000-0000-0000-0000-000000000006,2026-01-18T20:06:57+00:00,1,NORMAL_TRANSACTION,Normal Transaction,NORMAL,[],0,0,NORMAL_BASELINE
e1000000-0000-0000-0000-000000000489,tx_norm_000429_a65be2,c1000000-0000-0000-0000-000000000076,c1000000-0000-0000-0000-000000000083,P2P,3481.86,5.0,COMPLETED,d1000000-0000-0000-0000-000000000030,b1000000-0000-0000-0000-000000000002,2026-01-18T20:09:34+00:00,1,NORMAL_TRANSACTION,Normal Transaction,NORMAL,[],0,0,NORMAL_BASELINE
e1000000-0000-0000-0000-000000000490,tx_norm_000358_c8ad08,c1000000-0000-0000-0000-000000000035,c1000000-0000-0000-0000-000000000020,P2P,1834.0,5.0,COMPLETED,d1000000-0000-0000-0000-000000000029,b1000000-0000-0000-0000-000000000019,2026-01-18T20:15:45+00:00,1,NORMAL_TRANSACTION,Normal Transaction,NORMAL,[],0,0,NORMAL_BASELINE
e1000000-0000-0000-0000-000000000491,tx_norm_000360_8e0370,c1000000-0000-0000-0000-000000000024,c1000000-0000-0000-0000-000000000057,P2P,2130.03,5.0,COMPLETED,d1000000-0000-0000-0000-000000000005,b1000000-0000-0000-0000-000000000017,2026-01-18T20:17:06+00:00,1,NORMAL_TRANSACTION,Normal Transaction,NORMAL,[],0,0,NORMAL_BASELINE
e1000000-0000-0000-0000-000000000492,tx_norm_000373_88cc4d,c1000000-0000-0000-0000-000000000077,c1000000-0000-0000-0000-000000000140,PAYMENT,1925.84,0.0,COMPLETED,d1000000-0000-0000-0000-000000000002,b1000000-0000-0000-0000-000000000001,2026-01-18T20:24:04+00:00,1,NORMAL_TRANSACTION,Normal Transaction,NORMAL,[],0,0,NORMAL_BASELINE
e1000000-0000-0000-0000-000000000493,tx_norm_000479_beced2,c1000000-0000-0000-0000-000000000014,c1000000-0000-0000-0000-000000000140,PAYMENT,578.96,0.0,COMPLETED,d1000000-0000-0000-0000-000000000027,b1000000-0000-0000-0000-000000000012,2026-01-18T20:39:14+00:00,1,NORMAL_TRANSACTION,Normal Transaction,NORMAL,[],0,0,NORMAL_BASELINE
e1000000-0000-0000-0000-000000000494,tx_norm_000501_264ef5,c1000000-0000-0000-0000-000000000101,c1000000-0000-0000-0000-000000000139,PAYMENT,493.18,0.0,COMPLETED,d1000000-0000-0000-0000-000000000007,b1000000-0000-0000-0000-000000000014,2026-01-18T20:44:39+00:00,1,NORMAL_TRANSACTION,Normal Transaction,NORMAL,[],0,0,NORMAL_BASELINE
e1000000-0000-0000-0000-000000000495,tx_norm_000464_90ce82,c1000000-0000-0000-0000-000000000101,c1000000-0000-0000-0000-000000000140,PAYMENT,1199.3,0.0,COMPLETED,d1000000-0000-0000-0000-000000000007,b1000000-0000-0000-0000-000000000014,2026-01-18T20:45:22+00:00,1,NORMAL_TRANSACTION,Normal Transaction,NORMAL,[],0,0,NORMAL_BASELINE
e1000000-0000-0000-0000-000000000496,tx_norm_000477_ba94aa,c1000000-0000-0000-0000-000000000089,c1000000-0000-0000-0000-000000000038,P2P,747.6,5.0,COMPLETED,d1000000-0000-0000-0000-000000000026,b1000000-0000-0000-0000-000000000008,2026-01-18T21:11:24+00:00,1,NORMAL_TRANSACTION,Normal Transaction,NORMAL,[],0,0,NORMAL_BASELINE
e1000000-0000-0000-0000-000000000497,tx_norm_000507_52246d,c1000000-0000-0000-0000-000000000096,c1000000-0000-0000-0000-000000000057,P2P,3528.33,5.0,COMPLETED,d1000000-0000-0000-0000-000000000023,b1000000-0000-0000-0000-000000000014,2026-01-18T21:14:08+00:00,1,NORMAL_TRANSACTION,Normal Transaction,NORMAL,[],0,0,NORMAL_BASELINE
e1000000-0000-0000-0000-000000000498,tx_norm_000404_a1e518,c1000000-0000-0000-0000-000000000051,c1000000-0000-0000-0000-000000000121,CASH_OUT,1566.29,23.34,COMPLETED,d1000000-0000-0000-0000-000000000018,b1000000-0000-0000-0000-000000000014,2026-01-18T21:15:48+00:00,1,NORMAL_TRANSACTION,Normal Transaction,NORMAL,[],0,0,NORMAL_BASELINE
e1000000-0000-0000-0000-000000000499,tx_norm_000362_e6b0da,c1000000-0000-0000-0000-000000000050,c1000000-0000-0000-0000-000000000101,P2P,564.21,5.0,COMPLETED,d1000000-0000-0000-0000-000000000024,b1000000-0000-0000-0000-000000000011,2026-01-18T21:24:00+00:00,1,NORMAL_TRANSACTION,Normal Transaction,NORMAL,[],0,0,NORMAL_BASELINE
e1000000-0000-0000-0000-000000000500,tx_norm_000447_15bc2a,c1000000-0000-0000-0000-000000000117,c1000000-0000-0000-0000-000000000059,CASH_IN,9770.99,0.0,COMPLETED,d1000000-0000-0000-0000-000000000009,b1000000-0000-0000-0000-000000000009,2026-01-18T21:33:26+00:00,1,NORMAL_TRANSACTION,Normal Transaction,NORMAL,[],0,0,NORMAL_BASELINE
e1000000-0000-0000-0000-000000000501,tx_norm_000503_7c4f48,c1000000-0000-0000-0000-000000000053,c1000000-0000-0000-0000-000000000034,P2P,1847.09,5.0,COMPLETED,d1000000-0000-0000-0000-000000000028,b1000000-0000-0000-0000-000000000018,2026-01-18T21:34:56+00:00,1,NORMAL_TRANSACTION,Normal Transaction,NORMAL,[],0,0,NORMAL_BASELINE
e1000000-0000-0000-0000-000000000502,tx_norm_000374_cff2b1,c1000000-0000-0000-0000-000000000102,c1000000-0000-0000-0000-000000000138,PAYMENT,2289.98,0.0,COMPLETED,d1000000-0000-0000-0000-000000000029,b1000000-0000-0000-0000-000000000006,2026-01-18T21:44:26+00:00,1,NORMAL_TRANSACTION,Normal Transaction,NORMAL,[],0,0,NORMAL_BASELINE
e1000000-0000-0000-0000-000000000503,tx_norm_000400_d0437e,c1000000-0000-0000-0000-000000000022,c1000000-0000-0000-0000-000000000135,PAYMENT,2543.79,0.0,COMPLETED,d1000000-0000-0000-0000-000000000024,b1000000-0000-0000-0000-000000000018,2026-01-18T21:45:39+00:00,1,NORMAL_TRANSACTION,Normal Transaction,NORMAL,[],0,0,NORMAL_BASELINE
e1000000-0000-0000-0000-000000000504,tx_norm_000453_b60e69,c1000000-0000-0000-0000-000000000028,c1000000-0000-0000-0000-000000000138,PAYMENT,602.39,0.0,COMPLETED,d1000000-0000-0000-0000-000000000004,b1000000-0000-0000-0000-000000000018,2026-01-18T21:45:44+00:00,1,NORMAL_TRANSACTION,Normal Transaction,NORMAL,[],0,0,NORMAL_BASELINE
e1000000-0000-0000-0000-000000000505,tx_norm_000397_6cd6f0,c1000000-0000-0000-0000-000000000120,c1000000-0000-0000-0000-000000000070,CASH_IN,2966.88,0.0,COMPLETED,d1000000-0000-0000-0000-000000000009,b1000000-0000-0000-0000-000000000013,2026-01-18T21:48:02+00:00,1,NORMAL_TRANSACTION,Normal Transaction,NORMAL,[],0,0,NORMAL_BASELINE
e1000000-0000-0000-0000-000000000506,tx_norm_000470_7d8d3d,c1000000-0000-0000-0000-000000000070,c1000000-0000-0000-0000-000000000137,RECHARGE,50.0,0.0,COMPLETED,d1000000-0000-0000-0000-000000000012,b1000000-0000-0000-0000-000000000010,2026-01-18T21:51:56+00:00,1,NORMAL_TRANSACTION,Normal Transaction,NORMAL,[],0,0,NORMAL_BASELINE
e1000000-0000-0000-0000-000000000507,tx_norm_000425_f45707,c1000000-0000-0000-0000-000000000070,c1000000-0000-0000-0000-000000000135,PAYMENT,2476.31,0.0,COMPLETED,d1000000-0000-0000-0000-000000000012,b1000000-0000-0000-0000-000000000010,2026-01-18T21:53:36+00:00,1,NORMAL_TRANSACTION,Normal Transaction,NORMAL,[],0,0,NORMAL_BASELINE
e1000000-0000-0000-0000-000000000508,tx_norm_000422_304b23,c1000000-0000-0000-0000-000000000027,c1000000-0000-0000-0000-000000000122,CASH_OUT,5051.95,75.27,COMPLETED,d1000000-0000-0000-0000-000000000015,b1000000-0000-0000-0000-000000000002,2026-01-18T21:54:42+00:00,1,NORMAL_TRANSACTION,Normal Transaction,NORMAL,[],0,0,NORMAL_BASELINE
e1000000-0000-0000-0000-000000000509,tx_norm_000563_de9205,c1000000-0000-0000-0000-000000000065,c1000000-0000-0000-0000-000000000121,CASH_OUT,6889.03,102.65,COMPLETED,d1000000-0000-0000-0000-000000000009,b1000000-0000-0000-0000-000000000014,2026-01-19T08:00:41+00:00,1,NORMAL_TRANSACTION,Normal Transaction,NORMAL,[],0,0,NORMAL_BASELINE
e1000000-0000-0000-0000-000000000510,tx_norm_000541_96f61c,c1000000-0000-0000-0000-000000000110,c1000000-0000-0000-0000-000000000028,CASH_IN,7606.69,0.0,COMPLETED,d1000000-0000-0000-0000-000000000011,b1000000-0000-0000-0000-000000000007,2026-01-19T08:14:14+00:00,1,NORMAL_TRANSACTION,Normal Transaction,NORMAL,[],0,0,NORMAL_BASELINE
e1000000-0000-0000-0000-000000000511,tx_norm_000629_0af57e,c1000000-0000-0000-0000-000000000009,c1000000-0000-0000-0000-000000000137,PAYMENT,1276.78,0.0,COMPLETED,d1000000-0000-0000-0000-000000000024,b1000000-0000-0000-0000-000000000015,2026-01-19T08:14:48+00:00,1,NORMAL_TRANSACTION,Normal Transaction,NORMAL,[],0,0,NORMAL_BASELINE
e1000000-0000-0000-0000-000000000512,tx_norm_000515_db6ba3,c1000000-0000-0000-0000-000000000074,c1000000-0000-0000-0000-000000000101,P2P,4349.15,5.0,COMPLETED,d1000000-0000-0000-0000-000000000005,b1000000-0000-0000-0000-000000000009,2026-01-19T08:24:03+00:00,1,NORMAL_TRANSACTION,Normal Transaction,NORMAL,[],0,0,NORMAL_BASELINE
e1000000-0000-0000-0000-000000000513,tx_norm_000634_a4bae8,c1000000-0000-0000-0000-000000000022,c1000000-0000-0000-0000-000000000031,P2P,531.48,5.0,COMPLETED,d1000000-0000-0000-0000-000000000024,b1000000-0000-0000-0000-000000000018,2026-01-19T08:32:56+00:00,1,NORMAL_TRANSACTION,Normal Transaction,NORMAL,[],0,0,NORMAL_BASELINE
e1000000-0000-0000-0000-000000000514,tx_norm_000536_87f1d4,c1000000-0000-0000-0000-000000000106,c1000000-0000-0000-0000-000000000042,CASH_IN,7811.63,0.0,COMPLETED,d1000000-0000-0000-0000-000000000011,b1000000-0000-0000-0000-000000000006,2026-01-19T08:34:12+00:00,1,NORMAL_TRANSACTION,Normal Transaction,NORMAL,[],0,0,NORMAL_BASELINE
e1000000-0000-0000-0000-000000000515,tx_norm_000537_58274e,c1000000-0000-0000-0000-000000000032,c1000000-0000-0000-0000-000000000136,PAYMENT,2265.25,0.0,COMPLETED,d1000000-0000-0000-0000-000000000005,b1000000-0000-0000-0000-000000000012,2026-01-19T08:43:00+00:00,1,NORMAL_TRANSACTION,Normal Transaction,NORMAL,[],0,0,NORMAL_BASELINE
e1000000-0000-0000-0000-000000000516,tx_norm_000544_797209,c1000000-0000-0000-0000-000000000049,c1000000-0000-0000-0000-000000000134,PAYMENT,1819.21,0.0,COMPLETED,d1000000-0000-0000-0000-000000000024,b1000000-0000-0000-0000-000000000002,2026-01-19T08:44:07+00:00,1,NORMAL_TRANSACTION,Normal Transaction,NORMAL,[],0,0,NORMAL_BASELINE
e1000000-0000-0000-0000-000000000517,tx_norm_000560_90a4a4,c1000000-0000-0000-0000-000000000130,c1000000-0000-0000-0000-000000000096,CASH_IN,6189.84,0.0,COMPLETED,d1000000-0000-0000-0000-000000000010,b1000000-0000-0000-0000-000000000006,2026-01-19T08:45:55+00:00,1,NORMAL_TRANSACTION,Normal Transaction,NORMAL,[],0,0,NORMAL_BASELINE
e1000000-0000-0000-0000-000000000518,tx_norm_000570_a2379e,c1000000-0000-0000-0000-000000000106,c1000000-0000-0000-0000-000000000044,CASH_IN,4196.25,0.0,COMPLETED,d1000000-0000-0000-0000-000000000011,b1000000-0000-0000-0000-000000000006,2026-01-19T09:06:48+00:00,1,NORMAL_TRANSACTION,Normal Transaction,NORMAL,[],0,0,NORMAL_BASELINE
e1000000-0000-0000-0000-000000000519,tx_norm_000572_d315fa,c1000000-0000-0000-0000-000000000016,c1000000-0000-0000-0000-000000000052,P2P,1127.03,5.0,COMPLETED,d1000000-0000-0000-0000-000000000006,b1000000-0000-0000-0000-000000000018,2026-01-19T09:16:39+00:00,1,NORMAL_TRANSACTION,Normal Transaction,NORMAL,[],0,0,NORMAL_BASELINE
e1000000-0000-0000-0000-000000000520,tx_norm_000648_157511,c1000000-0000-0000-0000-000000000099,c1000000-0000-0000-0000-000000000030,P2P,4113.37,5.0,COMPLETED,d1000000-0000-0000-0000-000000000004,b1000000-0000-0000-0000-000000000010,2026-01-19T09:27:08+00:00,1,NORMAL_TRANSACTION,Normal Transaction,NORMAL,[],0,0,NORMAL_BASELINE
e1000000-0000-0000-0000-000000000521,tx_norm_000527_e9a1c6,c1000000-0000-0000-0000-000000000129,c1000000-0000-0000-0000-000000000104,CASH_IN,6031.28,0.0,COMPLETED,d1000000-0000-0000-0000-000000000011,b1000000-0000-0000-0000-000000000001,2026-01-19T09:30:08+00:00,1,NORMAL_TRANSACTION,Normal Transaction,NORMAL,[],0,0,NORMAL_BASELINE
e1000000-0000-0000-0000-000000000522,tx_norm_000631_91f604,c1000000-0000-0000-0000-000000000036,c1000000-0000-0000-0000-000000000137,PAYMENT,1914.83,0.0,COMPLETED,d1000000-0000-0000-0000-000000000027,b1000000-0000-0000-0000-000000000003,2026-01-19T09:45:33+00:00,1,NORMAL_TRANSACTION,Normal Transaction,NORMAL,[],0,0,NORMAL_BASELINE
e1000000-0000-0000-0000-000000000523,tx_norm_000564_39034b,c1000000-0000-0000-0000-000000000043,c1000000-0000-0000-0000-000000000036,P2P,416.51,0.0,COMPLETED,d1000000-0000-0000-0000-000000000023,b1000000-0000-0000-0000-000000000002,2026-01-19T09:48:31+00:00,1,NORMAL_TRANSACTION,Normal Transaction,NORMAL,[],0,0,NORMAL_BASELINE
e1000000-0000-0000-0000-000000000524,tx_norm_000566_048c84,c1000000-0000-0000-0000-000000000016,c1000000-0000-0000-0000-000000000140,PAYMENT,2422.98,0.0,COMPLETED,d1000000-0000-0000-0000-000000000006,b1000000-0000-0000-0000-000000000018,2026-01-19T09:54:31+00:00,1,NORMAL_TRANSACTION,Normal Transaction,NORMAL,[],0,0,NORMAL_BASELINE
e1000000-0000-0000-0000-000000000525,tx_norm_000553_2ba6b1,c1000000-0000-0000-0000-000000000002,c1000000-0000-0000-0000-000000000110,CASH_OUT,5475.16,81.58,COMPLETED,d1000000-0000-0000-0000-000000000022,b1000000-0000-0000-0000-000000000007,2026-01-19T09:54:48+00:00,1,NORMAL_TRANSACTION,Normal Transaction,NORMAL,[],0,0,NORMAL_BASELINE
e1000000-0000-0000-0000-000000000526,tx_norm_000531_daaf75,c1000000-0000-0000-0000-000000000039,c1000000-0000-0000-0000-000000000054,P2P,432.47,0.0,COMPLETED,d1000000-0000-0000-0000-000000000023,b1000000-0000-0000-0000-000000000007,2026-01-19T09:55:43+00:00,1,NORMAL_TRANSACTION,Normal Transaction,NORMAL,[],0,0,NORMAL_BASELINE
e1000000-0000-0000-0000-000000000527,tx_norm_000538_0bb432,c1000000-0000-0000-0000-000000000040,c1000000-0000-0000-0000-000000000135,PAYMENT,349.13,0.0,COMPLETED,d1000000-0000-0000-0000-000000000022,b1000000-0000-0000-0000-000000000012,2026-01-19T10:06:24+00:00,1,NORMAL_TRANSACTION,Normal Transaction,NORMAL,[],0,0,NORMAL_BASELINE
e1000000-0000-0000-0000-000000000528,tx_norm_000612_f26d3d,c1000000-0000-0000-0000-000000000077,c1000000-0000-0000-0000-000000000051,P2P,2509.75,5.0,COMPLETED,d1000000-0000-0000-0000-000000000002,b1000000-0000-0000-0000-000000000001,2026-01-19T10:07:02+00:00,1,NORMAL_TRANSACTION,Normal Transaction,NORMAL,[],0,0,NORMAL_BASELINE
e1000000-0000-0000-0000-000000000529,tx_norm_000542_a3ec15,c1000000-0000-0000-0000-000000000131,c1000000-0000-0000-0000-000000000005,CASH_IN,4376.73,0.0,COMPLETED,d1000000-0000-0000-0000-000000000009,b1000000-0000-0000-0000-000000000015,2026-01-19T10:07:23+00:00,1,NORMAL_TRANSACTION,Normal Transaction,NORMAL,[],0,0,NORMAL_BASELINE
e1000000-0000-0000-0000-000000000530,tx_norm_000555_b09d72,c1000000-0000-0000-0000-000000000059,c1000000-0000-0000-0000-000000000137,PAYMENT,2698.91,0.0,COMPLETED,d1000000-0000-0000-0000-000000000010,b1000000-0000-0000-0000-000000000007,2026-01-19T10:07:25+00:00,1,NORMAL_TRANSACTION,Normal Transaction,NORMAL,[],0,0,NORMAL_BASELINE
e1000000-0000-0000-0000-000000000531,tx_norm_000614_abc535,c1000000-0000-0000-0000-000000000033,c1000000-0000-0000-0000-000000000025,P2P,692.88,5.0,COMPLETED,d1000000-0000-0000-0000-000000000030,b1000000-0000-0000-0000-000000000017,2026-01-19T10:10:11+00:00,1,NORMAL_TRANSACTION,Normal Transaction,NORMAL,[],0,0,NORMAL_BASELINE
e1000000-0000-0000-0000-000000000532,tx_norm_000532_dcc5d9,c1000000-0000-0000-0000-000000000073,c1000000-0000-0000-0000-000000000140,PAYMENT,586.83,0.0,COMPLETED,d1000000-0000-0000-0000-000000000005,b1000000-0000-0000-0000-000000000009,2026-01-19T10:12:21+00:00,1,NORMAL_TRANSACTION,Normal Transaction,NORMAL,[],0,0,NORMAL_BASELINE
e1000000-0000-0000-0000-000000000533,tx_norm_000626_a9a54c,c1000000-0000-0000-0000-000000000051,c1000000-0000-0000-0000-000000000138,PAYMENT,1681.61,0.0,COMPLETED,d1000000-0000-0000-0000-000000000018,b1000000-0000-0000-0000-000000000015,2026-01-19T10:29:32+00:00,1,NORMAL_TRANSACTION,Normal Transaction,NORMAL,[],0,0,NORMAL_BASELINE
e1000000-0000-0000-0000-000000000534,tx_norm_000558_e1446b,c1000000-0000-0000-0000-000000000125,c1000000-0000-0000-0000-000000000004,CASH_IN,8763.18,0.0,COMPLETED,d1000000-0000-0000-0000-000000000011,b1000000-0000-0000-0000-000000000018,2026-01-19T10:39:24+00:00,1,NORMAL_TRANSACTION,Normal Transaction,NORMAL,[],0,0,NORMAL_BASELINE
e1000000-0000-0000-0000-000000000535,tx_norm_000535_622106,c1000000-0000-0000-0000-000000000052,c1000000-0000-0000-0000-000000000139,PAYMENT,3094.25,0.0,COMPLETED,d1000000-0000-0000-0000-000000000015,b1000000-0000-0000-0000-000000000008,2026-01-19T10:39:27+00:00,1,NORMAL_TRANSACTION,Normal Transaction,NORMAL,[],0,0,NORMAL_BASELINE
e1000000-0000-0000-0000-000000000536,tx_norm_000638_421d4d,c1000000-0000-0000-0000-000000000074,c1000000-0000-0000-0000-000000000019,P2P,440.42,0.0,COMPLETED,d1000000-0000-0000-0000-000000000005,b1000000-0000-0000-0000-000000000009,2026-01-19T10:40:32+00:00,1,NORMAL_TRANSACTION,Normal Transaction,NORMAL,[],0,0,NORMAL_BASELINE
e1000000-0000-0000-0000-000000000537,tx_norm_000637_97a418,c1000000-0000-0000-0000-000000000032,c1000000-0000-0000-0000-000000000133,PAYMENT,540.05,0.0,COMPLETED,d1000000-0000-0000-0000-000000000005,b1000000-0000-0000-0000-000000000012,2026-01-19T10:41:53+00:00,1,NORMAL_TRANSACTION,Normal Transaction,NORMAL,[],0,0,NORMAL_BASELINE
e1000000-0000-0000-0000-000000000538,tx_norm_000617_31891f,c1000000-0000-0000-0000-000000000037,c1000000-0000-0000-0000-000000000081,P2P,500.18,5.0,COMPLETED,d1000000-0000-0000-0000-000000000016,b1000000-0000-0000-0000-000000000018,2026-01-19T10:42:41+00:00,1,NORMAL_TRANSACTION,Normal Transaction,NORMAL,[],0,0,NORMAL_BASELINE
e1000000-0000-0000-0000-000000000539,tx_norm_000642_3ad513,c1000000-0000-0000-0000-000000000059,c1000000-0000-0000-0000-000000000078,P2P,2739.56,5.0,COMPLETED,d1000000-0000-0000-0000-000000000010,b1000000-0000-0000-0000-000000000007,2026-01-19T10:46:43+00:00,1,NORMAL_TRANSACTION,Normal Transaction,NORMAL,[],0,0,NORMAL_BASELINE
e1000000-0000-0000-0000-000000000540,tx_norm_000610_24e222,c1000000-0000-0000-0000-000000000123,c1000000-0000-0000-0000-000000000038,CASH_IN,9641.21,0.0,COMPLETED,d1000000-0000-0000-0000-000000000011,b1000000-0000-0000-0000-000000000001,2026-01-19T10:47:25+00:00,1,NORMAL_TRANSACTION,Normal Transaction,NORMAL,[],0,0,NORMAL_BASELINE
e1000000-0000-0000-0000-000000000541,tx_norm_000605_685a9f,c1000000-0000-0000-0000-000000000074,c1000000-0000-0000-0000-000000000136,PAYMENT,2928.51,0.0,COMPLETED,d1000000-0000-0000-0000-000000000005,b1000000-0000-0000-0000-000000000009,2026-01-19T10:50:16+00:00,1,NORMAL_TRANSACTION,Normal Transaction,NORMAL,[],0,0,NORMAL_BASELINE
e1000000-0000-0000-0000-000000000542,tx_norm_000635_a93e7b,c1000000-0000-0000-0000-000000000078,c1000000-0000-0000-0000-000000000093,P2P,3712.91,5.0,COMPLETED,d1000000-0000-0000-0000-000000000009,b1000000-0000-0000-0000-000000000006,2026-01-19T11:09:11+00:00,1,NORMAL_TRANSACTION,Normal Transaction,NORMAL,[],0,0,NORMAL_BASELINE
e1000000-0000-0000-0000-000000000543,tx_norm_000522_cf5e0f,c1000000-0000-0000-0000-000000000107,c1000000-0000-0000-0000-000000000104,CASH_IN,8715.84,0.0,COMPLETED,d1000000-0000-0000-0000-000000000011,b1000000-0000-0000-0000-000000000011,2026-01-19T11:09:33+00:00,1,NORMAL_TRANSACTION,Normal Transaction,NORMAL,[],0,0,NORMAL_BASELINE
e1000000-0000-0000-0000-000000000544,tx_norm_000584_d6e1ba,c1000000-0000-0000-0000-000000000115,c1000000-0000-0000-0000-000000000088,CASH_IN,3255.05,0.0,COMPLETED,d1000000-0000-0000-0000-000000000011,b1000000-0000-0000-0000-000000000011,2026-01-19T11:17:48+00:00,1,NORMAL_TRANSACTION,Normal Transaction,NORMAL,[],0,0,NORMAL_BASELINE
e1000000-0000-0000-0000-000000000545,tx_norm_000548_e90d21,c1000000-0000-0000-0000-000000000021,c1000000-0000-0000-0000-000000000133,PAYMENT,1821.82,0.0,COMPLETED,d1000000-0000-0000-0000-000000000030,b1000000-0000-0000-0000-000000000015,2026-01-19T11:22:45+00:00,1,NORMAL_TRANSACTION,Normal Transaction,NORMAL,[],0,0,NORMAL_BASELINE
e1000000-0000-0000-0000-000000000546,tx_norm_000640_d492b5,c1000000-0000-0000-0000-000000000062,c1000000-0000-0000-0000-000000000135,RECHARGE,50.0,0.0,COMPLETED,d1000000-0000-0000-0000-000000000003,b1000000-0000-0000-0000-000000000006,2026-01-19T11:28:38+00:00,1,NORMAL_TRANSACTION,Normal Transaction,NORMAL,[],0,0,NORMAL_BASELINE
e1000000-0000-0000-0000-000000000547,tx_norm_000589_b46292,c1000000-0000-0000-0000-000000000120,c1000000-0000-0000-0000-000000000029,CASH_IN,9203.38,0.0,COMPLETED,d1000000-0000-0000-0000-000000000009,b1000000-0000-0000-0000-000000000013,2026-01-19T11:39:55+00:00,1,NORMAL_TRANSACTION,Normal Transaction,NORMAL,[],0,0,NORMAL_BASELINE
e1000000-0000-0000-0000-000000000548,tx_norm_000545_a9987b,c1000000-0000-0000-0000-000000000039,c1000000-0000-0000-0000-000000000139,PAYMENT,2168.08,0.0,COMPLETED,d1000000-0000-0000-0000-000000000023,b1000000-0000-0000-0000-000000000007,2026-01-19T11:44:43+00:00,1,NORMAL_TRANSACTION,Normal Transaction,NORMAL,[],0,0,NORMAL_BASELINE
e1000000-0000-0000-0000-000000000549,tx_norm_000597_5893ef,c1000000-0000-0000-0000-000000000072,c1000000-0000-0000-0000-000000000133,PAYMENT,499.9,0.0,COMPLETED,d1000000-0000-0000-0000-000000000027,b1000000-0000-0000-0000-000000000018,2026-01-19T11:48:39+00:00,1,NORMAL_TRANSACTION,Normal Transaction,NORMAL,[],0,0,NORMAL_BASELINE
e1000000-0000-0000-0000-000000000550,tx_norm_000511_0cf173,c1000000-0000-0000-0000-000000000008,c1000000-0000-0000-0000-000000000033,P2P,342.21,0.0,COMPLETED,d1000000-0000-0000-0000-000000000012,b1000000-0000-0000-0000-000000000012,2026-01-19T11:56:53+00:00,1,NORMAL_TRANSACTION,Normal Transaction,NORMAL,[],0,0,NORMAL_BASELINE
e1000000-0000-0000-0000-000000000551,tx_norm_000598_aebbaf,c1000000-0000-0000-0000-000000000080,c1000000-0000-0000-0000-000000000136,PAYMENT,3074.64,0.0,COMPLETED,d1000000-0000-0000-0000-000000000029,b1000000-0000-0000-0000-000000000005,2026-01-19T11:57:41+00:00,1,NORMAL_TRANSACTION,Normal Transaction,NORMAL,[],0,0,NORMAL_BASELINE
e1000000-0000-0000-0000-000000000552,tx_norm_000547_435391,c1000000-0000-0000-0000-000000000026,c1000000-0000-0000-0000-000000000079,P2P,1058.92,5.0,COMPLETED,d1000000-0000-0000-0000-000000000014,b1000000-0000-0000-0000-000000000003,2026-01-19T12:07:50+00:00,1,NORMAL_TRANSACTION,Normal Transaction,NORMAL,[],0,0,NORMAL_BASELINE
e1000000-0000-0000-0000-000000000553,tx_norm_000613_e7d73d,c1000000-0000-0000-0000-000000000129,c1000000-0000-0000-0000-000000000045,CASH_IN,2905.63,0.0,COMPLETED,d1000000-0000-0000-0000-000000000011,b1000000-0000-0000-0000-000000000001,2026-01-19T12:13:47+00:00,1,NORMAL_TRANSACTION,Normal Transaction,NORMAL,[],0,0,NORMAL_BASELINE
e1000000-0000-0000-0000-000000000554,tx_norm_000534_c90394,c1000000-0000-0000-0000-000000000124,c1000000-0000-0000-0000-000000000098,CASH_IN,2425.92,0.0,COMPLETED,d1000000-0000-0000-0000-000000000010,b1000000-0000-0000-0000-000000000010,2026-01-19T12:13:48+00:00,1,NORMAL_TRANSACTION,Normal Transaction,NORMAL,[],0,0,NORMAL_BASELINE
e1000000-0000-0000-0000-000000000555,tx_norm_000539_afd0d2,c1000000-0000-0000-0000-000000000068,c1000000-0000-0000-0000-000000000138,PAYMENT,1472.68,0.0,COMPLETED,d1000000-0000-0000-0000-000000000019,b1000000-0000-0000-0000-000000000004,2026-01-19T12:29:46+00:00,1,NORMAL_TRANSACTION,Normal Transaction,NORMAL,[],0,0,NORMAL_BASELINE
e1000000-0000-0000-0000-000000000556,tx_norm_000546_9e2174,c1000000-0000-0000-0000-000000000119,c1000000-0000-0000-0000-000000000014,CASH_IN,5604.26,0.0,COMPLETED,d1000000-0000-0000-0000-000000000010,b1000000-0000-0000-0000-000000000011,2026-01-19T12:39:38+00:00,1,NORMAL_TRANSACTION,Normal Transaction,NORMAL,[],0,0,NORMAL_BASELINE
e1000000-0000-0000-0000-000000000557,tx_norm_000551_198d13,c1000000-0000-0000-0000-000000000038,c1000000-0000-0000-0000-000000000137,PAYMENT,1566.05,0.0,COMPLETED,d1000000-0000-0000-0000-000000000020,b1000000-0000-0000-0000-000000000014,2026-01-19T12:41:14+00:00,1,NORMAL_TRANSACTION,Normal Transaction,NORMAL,[],0,0,NORMAL_BASELINE
e1000000-0000-0000-0000-000000000558,tx_norm_000519_82f290,c1000000-0000-0000-0000-000000000051,c1000000-0000-0000-0000-000000000124,CASH_OUT,1267.34,18.88,COMPLETED,d1000000-0000-0000-0000-000000000018,b1000000-0000-0000-0000-000000000010,2026-01-19T12:43:33+00:00,1,NORMAL_TRANSACTION,Normal Transaction,NORMAL,[],0,0,NORMAL_BASELINE
e1000000-0000-0000-0000-000000000559,tx_norm_000510_076925,c1000000-0000-0000-0000-000000000100,c1000000-0000-0000-0000-000000000141,PAYMENT,2831.96,0.0,COMPLETED,d1000000-0000-0000-0000-000000000011,b1000000-0000-0000-0000-000000000013,2026-01-19T12:45:32+00:00,1,NORMAL_TRANSACTION,Normal Transaction,NORMAL,[],0,0,NORMAL_BASELINE
e1000000-0000-0000-0000-000000000560,tx_norm_000620_767d3b,c1000000-0000-0000-0000-000000000094,c1000000-0000-0000-0000-000000000043,P2P,3974.91,5.0,COMPLETED,d1000000-0000-0000-0000-000000000020,b1000000-0000-0000-0000-000000000014,2026-01-19T12:53:23+00:00,1,NORMAL_TRANSACTION,Normal Transaction,NORMAL,[],0,0,NORMAL_BASELINE
e1000000-0000-0000-0000-000000000561,tx_norm_000579_336d77,c1000000-0000-0000-0000-000000000041,c1000000-0000-0000-0000-000000000141,PAYMENT,2079.38,0.0,COMPLETED,d1000000-0000-0000-0000-000000000008,b1000000-0000-0000-0000-000000000008,2026-01-19T12:53:44+00:00,1,NORMAL_TRANSACTION,Normal Transaction,NORMAL,[],0,0,NORMAL_BASELINE
e1000000-0000-0000-0000-000000000562,tx_norm_000524_fea82e,c1000000-0000-0000-0000-000000000095,c1000000-0000-0000-0000-000000000133,PAYMENT,1928.22,0.0,COMPLETED,d1000000-0000-0000-0000-000000000017,b1000000-0000-0000-0000-000000000004,2026-01-19T12:58:26+00:00,1,NORMAL_TRANSACTION,Normal Transaction,NORMAL,[],0,0,NORMAL_BASELINE
e1000000-0000-0000-0000-000000000563,tx_norm_000651_893e2b,c1000000-0000-0000-0000-000000000075,c1000000-0000-0000-0000-000000000137,PAYMENT,946.97,0.0,COMPLETED,d1000000-0000-0000-0000-000000000007,b1000000-0000-0000-0000-000000000009,2026-01-19T13:06:09+00:00,1,NORMAL_TRANSACTION,Normal Transaction,NORMAL,[],0,0,NORMAL_BASELINE
e1000000-0000-0000-0000-000000000564,tx_norm_000578_e2ed86,c1000000-0000-0000-0000-000000000018,c1000000-0000-0000-0000-000000000119,CASH_OUT,5018.93,74.78,COMPLETED,d1000000-0000-0000-0000-000000000027,b1000000-0000-0000-0000-000000000011,2026-01-19T13:18:28+00:00,1,NORMAL_TRANSACTION,Normal Transaction,NORMAL,[],0,0,NORMAL_BASELINE
e1000000-0000-0000-0000-000000000565,tx_norm_000577_460a61,c1000000-0000-0000-0000-000000000078,c1000000-0000-0000-0000-000000000090,P2P,3478.21,5.0,COMPLETED,d1000000-0000-0000-0000-000000000009,b1000000-0000-0000-0000-000000000006,2026-01-19T13:32:56+00:00,1,NORMAL_TRANSACTION,Normal Transaction,NORMAL,[],0,0,NORMAL_BASELINE
e1000000-0000-0000-0000-000000000566,tx_norm_000621_14fc3a,c1000000-0000-0000-0000-000000000014,c1000000-0000-0000-0000-000000000135,PAYMENT,2118.93,0.0,COMPLETED,d1000000-0000-0000-0000-000000000027,b1000000-0000-0000-0000-000000000012,2026-01-19T13:49:19+00:00,1,NORMAL_TRANSACTION,Normal Transaction,NORMAL,[],0,0,NORMAL_BASELINE
e1000000-0000-0000-0000-000000000567,tx_norm_000554_d0a17f,c1000000-0000-0000-0000-000000000035,c1000000-0000-0000-0000-000000000134,RECHARGE,100.0,0.0,COMPLETED,d1000000-0000-0000-0000-000000000029,b1000000-0000-0000-0000-000000000019,2026-01-19T13:57:28+00:00,1,NORMAL_TRANSACTION,Normal Transaction,NORMAL,[],0,0,NORMAL_BASELINE
e1000000-0000-0000-0000-000000000568,tx_norm_000540_eb0f82,c1000000-0000-0000-0000-000000000025,c1000000-0000-0000-0000-000000000022,P2P,4276.76,5.0,COMPLETED,d1000000-0000-0000-0000-000000000028,b1000000-0000-0000-0000-000000000004,2026-01-19T13:57:31+00:00,1,NORMAL_TRANSACTION,Normal Transaction,NORMAL,[],0,0,NORMAL_BASELINE
e1000000-0000-0000-0000-000000000569,tx_norm_000608_162534,c1000000-0000-0000-0000-000000000101,c1000000-0000-0000-0000-000000000088,P2P,1495.81,5.0,COMPLETED,d1000000-0000-0000-0000-000000000007,b1000000-0000-0000-0000-000000000014,2026-01-19T13:59:32+00:00,1,NORMAL_TRANSACTION,Normal Transaction,NORMAL,[],0,0,NORMAL_BASELINE
e1000000-0000-0000-0000-000000000570,tx_norm_000596_5c5d3f,c1000000-0000-0000-0000-000000000028,c1000000-0000-0000-0000-000000000086,P2P,1627.1,5.0,COMPLETED,d1000000-0000-0000-0000-000000000004,b1000000-0000-0000-0000-000000000018,2026-01-19T14:05:22+00:00,1,NORMAL_TRANSACTION,Normal Transaction,NORMAL,[],0,0,NORMAL_BASELINE
e1000000-0000-0000-0000-000000000571,tx_norm_000643_d3966f,c1000000-0000-0000-0000-000000000067,c1000000-0000-0000-0000-000000000065,P2P,3142.78,5.0,COMPLETED,d1000000-0000-0000-0000-000000000030,b1000000-0000-0000-0000-000000000003,2026-01-19T14:08:06+00:00,1,NORMAL_TRANSACTION,Normal Transaction,NORMAL,[],0,0,NORMAL_BASELINE
e1000000-0000-0000-0000-000000000572,tx_norm_000619_a40dfe,c1000000-0000-0000-0000-000000000101,c1000000-0000-0000-0000-000000000029,P2P,3262.46,5.0,COMPLETED,d1000000-0000-0000-0000-000000000007,b1000000-0000-0000-0000-000000000014,2026-01-19T14:10:00+00:00,1,NORMAL_TRANSACTION,Normal Transaction,NORMAL,[],0,0,NORMAL_BASELINE
e1000000-0000-0000-0000-000000000573,tx_norm_000592_0171f5,c1000000-0000-0000-0000-000000000021,c1000000-0000-0000-0000-000000000076,P2P,3837.86,5.0,COMPLETED,d1000000-0000-0000-0000-000000000030,b1000000-0000-0000-0000-000000000015,2026-01-19T14:17:35+00:00,1,NORMAL_TRANSACTION,Normal Transaction,NORMAL,[],0,0,NORMAL_BASELINE
e1000000-0000-0000-0000-000000000574,tx_norm_000567_f69264,c1000000-0000-0000-0000-000000000001,c1000000-0000-0000-0000-000000000134,PAYMENT,2564.94,0.0,COMPLETED,d1000000-0000-0000-0000-000000000009,b1000000-0000-0000-0000-000000000008,2026-01-19T14:26:02+00:00,1,NORMAL_TRANSACTION,Normal Transaction,NORMAL,[],0,0,NORMAL_BASELINE
e1000000-0000-0000-0000-000000000575,tx_norm_000588_0351b0,c1000000-0000-0000-0000-000000000041,c1000000-0000-0000-0000-000000000141,RECHARGE,20.0,0.0,COMPLETED,d1000000-0000-0000-0000-000000000008,b1000000-0000-0000-0000-000000000008,2026-01-19T14:26:50+00:00,1,NORMAL_TRANSACTION,Normal Transaction,NORMAL,[],0,0,NORMAL_BASELINE
e1000000-0000-0000-0000-000000000576,tx_norm_000632_605715,c1000000-0000-0000-0000-000000000084,c1000000-0000-0000-0000-000000000010,P2P,2421.65,5.0,COMPLETED,d1000000-0000-0000-0000-000000000024,b1000000-0000-0000-0000-000000000005,2026-01-19T14:41:24+00:00,1,NORMAL_TRANSACTION,Normal Transaction,NORMAL,[],0,0,NORMAL_BASELINE
e1000000-0000-0000-0000-000000000577,tx_norm_000523_ff5a22,c1000000-0000-0000-0000-000000000129,c1000000-0000-0000-0000-000000000004,CASH_IN,6898.61,0.0,COMPLETED,d1000000-0000-0000-0000-000000000011,b1000000-0000-0000-0000-000000000001,2026-01-19T14:42:20+00:00,1,NORMAL_TRANSACTION,Normal Transaction,NORMAL,[],0,0,NORMAL_BASELINE
e1000000-0000-0000-0000-000000000578,tx_norm_000624_e4dc43,c1000000-0000-0000-0000-000000000005,c1000000-0000-0000-0000-000000000072,P2P,1320.65,5.0,COMPLETED,d1000000-0000-0000-0000-000000000015,b1000000-0000-0000-0000-000000000019,2026-01-19T14:49:37+00:00,1,NORMAL_TRANSACTION,Normal Transaction,NORMAL,[],0,0,NORMAL_BASELINE
e1000000-0000-0000-0000-000000000579,tx_norm_000529_d9e927,c1000000-0000-0000-0000-000000000034,c1000000-0000-0000-0000-000000000076,P2P,1464.42,5.0,COMPLETED,d1000000-0000-0000-0000-000000000004,b1000000-0000-0000-0000-000000000012,2026-01-19T14:50:56+00:00,1,NORMAL_TRANSACTION,Normal Transaction,NORMAL,[],0,0,NORMAL_BASELINE
e1000000-0000-0000-0000-000000000580,tx_norm_000636_35f0b1,c1000000-0000-0000-0000-000000000121,c1000000-0000-0000-0000-000000000087,CASH_IN,5309.33,0.0,COMPLETED,d1000000-0000-0000-0000-000000000009,b1000000-0000-0000-0000-000000000014,2026-01-19T14:51:21+00:00,1,NORMAL_TRANSACTION,Normal Transaction,NORMAL,[],0,0,NORMAL_BASELINE
e1000000-0000-0000-0000-000000000581,tx_norm_000599_48677b,c1000000-0000-0000-0000-000000000050,c1000000-0000-0000-0000-000000000114,CASH_OUT,4551.78,67.82,COMPLETED,d1000000-0000-0000-0000-000000000024,b1000000-0000-0000-0000-000000000015,2026-01-19T14:58:50+00:00,1,NORMAL_TRANSACTION,Normal Transaction,NORMAL,[],0,0,NORMAL_BASELINE
e1000000-0000-0000-0000-000000000582,tx_norm_000530_31cd9f,c1000000-0000-0000-0000-000000000075,c1000000-0000-0000-0000-000000000134,PAYMENT,1590.27,0.0,COMPLETED,d1000000-0000-0000-0000-000000000007,b1000000-0000-0000-0000-000000000009,2026-01-19T15:03:55+00:00,1,NORMAL_TRANSACTION,Normal Transaction,NORMAL,[],0,0,NORMAL_BASELINE
e1000000-0000-0000-0000-000000000583,tx_norm_000591_609010,c1000000-0000-0000-0000-000000000023,c1000000-0000-0000-0000-000000000096,P2P,2409.54,5.0,COMPLETED,d1000000-0000-0000-0000-000000000014,b1000000-0000-0000-0000-000000000019,2026-01-19T15:11:43+00:00,1,NORMAL_TRANSACTION,Normal Transaction,NORMAL,[],0,0,NORMAL_BASELINE
e1000000-0000-0000-0000-000000000584,tx_norm_000562_8eefa5,c1000000-0000-0000-0000-000000000118,c1000000-0000-0000-0000-000000000020,CASH_IN,8551.3,0.0,COMPLETED,d1000000-0000-0000-0000-000000000010,b1000000-0000-0000-0000-000000000015,2026-01-19T15:22:42+00:00,1,NORMAL_TRANSACTION,Normal Transaction,NORMAL,[],0,0,NORMAL_BASELINE
e1000000-0000-0000-0000-000000000585,tx_norm_000618_5d4f71,c1000000-0000-0000-0000-000000000040,c1000000-0000-0000-0000-000000000135,PAYMENT,1874.93,0.0,COMPLETED,d1000000-0000-0000-0000-000000000022,b1000000-0000-0000-0000-000000000012,2026-01-19T15:28:21+00:00,1,NORMAL_TRANSACTION,Normal Transaction,NORMAL,[],0,0,NORMAL_BASELINE
e1000000-0000-0000-0000-000000000586,tx_norm_000606_88eae7,c1000000-0000-0000-0000-000000000003,c1000000-0000-0000-0000-000000000139,PAYMENT,2203.56,0.0,COMPLETED,d1000000-0000-0000-0000-000000000003,b1000000-0000-0000-0000-000000000007,2026-01-19T15:40:25+00:00,1,NORMAL_TRANSACTION,Normal Transaction,NORMAL,[],0,0,NORMAL_BASELINE
e1000000-0000-0000-0000-000000000587,tx_norm_000625_96f013,c1000000-0000-0000-0000-000000000051,c1000000-0000-0000-0000-000000000029,P2P,4033.18,5.0,COMPLETED,d1000000-0000-0000-0000-000000000018,b1000000-0000-0000-0000-000000000015,2026-01-19T15:41:49+00:00,1,NORMAL_TRANSACTION,Normal Transaction,NORMAL,[],0,0,NORMAL_BASELINE
e1000000-0000-0000-0000-000000000588,tx_norm_000593_c60ea4,c1000000-0000-0000-0000-000000000020,c1000000-0000-0000-0000-000000000043,P2P,2766.59,5.0,COMPLETED,d1000000-0000-0000-0000-000000000019,b1000000-0000-0000-0000-000000000011,2026-01-19T15:45:59+00:00,1,NORMAL_TRANSACTION,Normal Transaction,NORMAL,[],0,0,NORMAL_BASELINE
e1000000-0000-0000-0000-000000000589,tx_norm_000517_9bbc6c,c1000000-0000-0000-0000-000000000077,c1000000-0000-0000-0000-000000000133,PAYMENT,832.5,0.0,COMPLETED,d1000000-0000-0000-0000-000000000002,b1000000-0000-0000-0000-000000000001,2026-01-19T15:58:08+00:00,1,NORMAL_TRANSACTION,Normal Transaction,NORMAL,[],0,0,NORMAL_BASELINE
e1000000-0000-0000-0000-000000000590,tx_norm_000559_42f90f,c1000000-0000-0000-0000-000000000053,c1000000-0000-0000-0000-000000000058,P2P,397.68,0.0,COMPLETED,d1000000-0000-0000-0000-000000000028,b1000000-0000-0000-0000-000000000018,2026-01-19T15:58:31+00:00,1,NORMAL_TRANSACTION,Normal Transaction,NORMAL,[],0,0,NORMAL_BASELINE
e1000000-0000-0000-0000-000000000591,tx_norm_000602_dd6d6b,c1000000-0000-0000-0000-000000000086,c1000000-0000-0000-0000-000000000081,P2P,3526.4,5.0,COMPLETED,d1000000-0000-0000-0000-000000000030,b1000000-0000-0000-0000-000000000011,2026-01-19T16:00:40+00:00,1,NORMAL_TRANSACTION,Normal Transaction,NORMAL,[],0,0,NORMAL_BASELINE
e1000000-0000-0000-0000-000000000592,tx_norm_000595_8b074d,c1000000-0000-0000-0000-000000000101,c1000000-0000-0000-0000-000000000141,PAYMENT,636.08,0.0,COMPLETED,d1000000-0000-0000-0000-000000000007,b1000000-0000-0000-0000-000000000014,2026-01-19T16:14:11+00:00,1,NORMAL_TRANSACTION,Normal Transaction,NORMAL,[],0,0,NORMAL_BASELINE
e1000000-0000-0000-0000-000000000593,tx_norm_000633_e31db3,c1000000-0000-0000-0000-000000000045,c1000000-0000-0000-0000-000000000121,CASH_OUT,6444.93,96.03,COMPLETED,d1000000-0000-0000-0000-000000000022,b1000000-0000-0000-0000-000000000014,2026-01-19T16:25:22+00:00,1,NORMAL_TRANSACTION,Normal Transaction,NORMAL,[],0,0,NORMAL_BASELINE
e1000000-0000-0000-0000-000000000594,tx_norm_000639_f27f3a,c1000000-0000-0000-0000-000000000082,c1000000-0000-0000-0000-000000000133,RECHARGE,100.0,0.0,COMPLETED,d1000000-0000-0000-0000-000000000010,b1000000-0000-0000-0000-000000000012,2026-01-19T16:25:38+00:00,1,NORMAL_TRANSACTION,Normal Transaction,NORMAL,[],0,0,NORMAL_BASELINE
e1000000-0000-0000-0000-000000000595,tx_norm_000646_f03c66,c1000000-0000-0000-0000-000000000090,c1000000-0000-0000-0000-000000000122,CASH_OUT,3717.17,55.39,COMPLETED,d1000000-0000-0000-0000-000000000013,b1000000-0000-0000-0000-000000000002,2026-01-19T16:26:23+00:00,1,NORMAL_TRANSACTION,Normal Transaction,NORMAL,[],0,0,NORMAL_BASELINE
e1000000-0000-0000-0000-000000000596,tx_norm_000571_d26404,c1000000-0000-0000-0000-000000000107,c1000000-0000-0000-0000-000000000022,CASH_IN,5431.8,0.0,COMPLETED,d1000000-0000-0000-0000-000000000011,b1000000-0000-0000-0000-000000000011,2026-01-19T16:33:23+00:00,1,NORMAL_TRANSACTION,Normal Transaction,NORMAL,[],0,0,NORMAL_BASELINE
e1000000-0000-0000-0000-000000000597,tx_norm_000581_8ff198,c1000000-0000-0000-0000-000000000091,c1000000-0000-0000-0000-000000000134,PAYMENT,2470.36,0.0,COMPLETED,d1000000-0000-0000-0000-000000000009,b1000000-0000-0000-0000-000000000012,2026-01-19T16:34:44+00:00,1,NORMAL_TRANSACTION,Normal Transaction,NORMAL,[],0,0,NORMAL_BASELINE
e1000000-0000-0000-0000-000000000598,tx_norm_000520_5616af,c1000000-0000-0000-0000-000000000039,c1000000-0000-0000-0000-000000000134,PAYMENT,1619.3,0.0,COMPLETED,d1000000-0000-0000-0000-000000000023,b1000000-0000-0000-0000-000000000007,2026-01-19T16:41:38+00:00,1,NORMAL_TRANSACTION,Normal Transaction,NORMAL,[],0,0,NORMAL_BASELINE
e1000000-0000-0000-0000-000000000599,tx_norm_000575_c7f4f4,c1000000-0000-0000-0000-000000000056,c1000000-0000-0000-0000-000000000140,PAYMENT,2969.33,0.0,COMPLETED,d1000000-0000-0000-0000-000000000006,b1000000-0000-0000-0000-000000000013,2026-01-19T16:47:03+00:00,1,NORMAL_TRANSACTION,Normal Transaction,NORMAL,[],0,0,NORMAL_BASELINE
e1000000-0000-0000-0000-000000000600,tx_norm_000587_ed2e1b,c1000000-0000-0000-0000-000000000115,c1000000-0000-0000-0000-000000000089,CASH_IN,6980.44,0.0,COMPLETED,d1000000-0000-0000-0000-000000000011,b1000000-0000-0000-0000-000000000011,2026-01-19T16:50:50+00:00,1,NORMAL_TRANSACTION,Normal Transaction,NORMAL,[],0,0,NORMAL_BASELINE
e1000000-0000-0000-0000-000000000601,tx_norm_000600_0b39dc,c1000000-0000-0000-0000-000000000103,c1000000-0000-0000-0000-000000000066,P2P,2115.89,5.0,COMPLETED,d1000000-0000-0000-0000-000000000027,b1000000-0000-0000-0000-000000000001,2026-01-19T16:52:49+00:00,1,NORMAL_TRANSACTION,Normal Transaction,NORMAL,[],0,0,NORMAL_BASELINE
e1000000-0000-0000-0000-000000000602,tx_norm_000630_0a3731,c1000000-0000-0000-0000-000000000061,c1000000-0000-0000-0000-000000000059,P2P,3990.67,5.0,COMPLETED,d1000000-0000-0000-0000-000000000028,b1000000-0000-0000-0000-000000000017,2026-01-19T16:58:50+00:00,1,NORMAL_TRANSACTION,Normal Transaction,NORMAL,[],0,0,NORMAL_BASELINE
e1000000-0000-0000-0000-000000000603,tx_norm_000644_880bcb,c1000000-0000-0000-0000-000000000079,c1000000-0000-0000-0000-000000000133,PAYMENT,2827.15,0.0,COMPLETED,d1000000-0000-0000-0000-000000000014,b1000000-0000-0000-0000-000000000018,2026-01-19T17:06:11+00:00,1,NORMAL_TRANSACTION,Normal Transaction,NORMAL,[],0,0,NORMAL_BASELINE
e1000000-0000-0000-0000-000000000604,tx_norm_000641_82c41c,c1000000-0000-0000-0000-000000000099,c1000000-0000-0000-0000-000000000135,PAYMENT,2050.8,0.0,COMPLETED,d1000000-0000-0000-0000-000000000004,b1000000-0000-0000-0000-000000000010,2026-01-19T17:09:50+00:00,1,NORMAL_TRANSACTION,Normal Transaction,NORMAL,[],0,0,NORMAL_BASELINE
e1000000-0000-0000-0000-000000000605,tx_norm_000652_69c952,c1000000-0000-0000-0000-000000000088,c1000000-0000-0000-0000-000000000051,P2P,3446.38,5.0,COMPLETED,d1000000-0000-0000-0000-000000000008,b1000000-0000-0000-0000-000000000007,2026-01-19T17:23:39+00:00,1,NORMAL_TRANSACTION,Normal Transaction,NORMAL,[],0,0,NORMAL_BASELINE
e1000000-0000-0000-0000-000000000606,tx_norm_000650_50deef,c1000000-0000-0000-0000-000000000049,c1000000-0000-0000-0000-000000000136,PAYMENT,2247.69,0.0,COMPLETED,d1000000-0000-0000-0000-000000000024,b1000000-0000-0000-0000-000000000002,2026-01-19T17:33:07+00:00,1,NORMAL_TRANSACTION,Normal Transaction,NORMAL,[],0,0,NORMAL_BASELINE
e1000000-0000-0000-0000-000000000607,tx_norm_000514_1723ec,c1000000-0000-0000-0000-000000000034,c1000000-0000-0000-0000-000000000097,P2P,3772.74,5.0,COMPLETED,d1000000-0000-0000-0000-000000000004,b1000000-0000-0000-0000-000000000012,2026-01-19T17:35:22+00:00,1,NORMAL_TRANSACTION,Normal Transaction,NORMAL,[],0,0,NORMAL_BASELINE
e1000000-0000-0000-0000-000000000608,tx_norm_000582_88adda,c1000000-0000-0000-0000-000000000127,c1000000-0000-0000-0000-000000000096,CASH_IN,9044.79,0.0,COMPLETED,d1000000-0000-0000-0000-000000000011,b1000000-0000-0000-0000-000000000013,2026-01-19T17:36:42+00:00,1,NORMAL_TRANSACTION,Normal Transaction,NORMAL,[],0,0,NORMAL_BASELINE
e1000000-0000-0000-0000-000000000609,tx_norm_000628_f06dca,c1000000-0000-0000-0000-000000000019,c1000000-0000-0000-0000-000000000129,CASH_OUT,5990.03,89.25,COMPLETED,d1000000-0000-0000-0000-000000000013,b1000000-0000-0000-0000-000000000001,2026-01-19T17:36:42+00:00,1,NORMAL_TRANSACTION,Normal Transaction,NORMAL,[],0,0,NORMAL_BASELINE
e1000000-0000-0000-0000-000000000610,tx_norm_000580_a66c0f,c1000000-0000-0000-0000-000000000127,c1000000-0000-0000-0000-000000000017,CASH_IN,9832.02,0.0,COMPLETED,d1000000-0000-0000-0000-000000000011,b1000000-0000-0000-0000-000000000013,2026-01-19T17:45:18+00:00,1,NORMAL_TRANSACTION,Normal Transaction,NORMAL,[],0,0,NORMAL_BASELINE
e1000000-0000-0000-0000-000000000611,tx_norm_000586_638e13,c1000000-0000-0000-0000-000000000113,c1000000-0000-0000-0000-000000000096,CASH_IN,6824.07,0.0,COMPLETED,d1000000-0000-0000-0000-000000000011,b1000000-0000-0000-0000-000000000017,2026-01-19T17:55:43+00:00,1,NORMAL_TRANSACTION,Normal Transaction,NORMAL,[],0,0,NORMAL_BASELINE
e1000000-0000-0000-0000-000000000612,tx_norm_000649_ca1797,c1000000-0000-0000-0000-000000000025,c1000000-0000-0000-0000-000000000133,PAYMENT,2312.9,0.0,COMPLETED,d1000000-0000-0000-0000-000000000028,b1000000-0000-0000-0000-000000000004,2026-01-19T17:56:34+00:00,1,NORMAL_TRANSACTION,Normal Transaction,NORMAL,[],0,0,NORMAL_BASELINE
e1000000-0000-0000-0000-000000000613,tx_norm_000513_ded7d3,c1000000-0000-0000-0000-000000000077,c1000000-0000-0000-0000-000000000058,P2P,963.61,5.0,COMPLETED,d1000000-0000-0000-0000-000000000002,b1000000-0000-0000-0000-000000000001,2026-01-19T18:01:15+00:00,1,NORMAL_TRANSACTION,Normal Transaction,NORMAL,[],0,0,NORMAL_BASELINE
e1000000-0000-0000-0000-000000000614,tx_norm_000616_54b2a5,c1000000-0000-0000-0000-000000000093,c1000000-0000-0000-0000-000000000075,P2P,2294.92,5.0,COMPLETED,d1000000-0000-0000-0000-000000000009,b1000000-0000-0000-0000-000000000006,2026-01-19T18:04:16+00:00,1,NORMAL_TRANSACTION,Normal Transaction,NORMAL,[],0,0,NORMAL_BASELINE
e1000000-0000-0000-0000-000000000615,tx_norm_000601_c5f833,c1000000-0000-0000-0000-000000000013,c1000000-0000-0000-0000-000000000135,PAYMENT,3113.47,0.0,COMPLETED,d1000000-0000-0000-0000-000000000028,b1000000-0000-0000-0000-000000000004,2026-01-19T18:12:20+00:00,1,NORMAL_TRANSACTION,Normal Transaction,NORMAL,[],0,0,NORMAL_BASELINE
e1000000-0000-0000-0000-000000000616,tx_norm_000516_dd5863,c1000000-0000-0000-0000-000000000084,c1000000-0000-0000-0000-000000000053,P2P,2407.11,5.0,COMPLETED,d1000000-0000-0000-0000-000000000024,b1000000-0000-0000-0000-000000000005,2026-01-19T18:14:43+00:00,1,NORMAL_TRANSACTION,Normal Transaction,NORMAL,[],0,0,NORMAL_BASELINE
e1000000-0000-0000-0000-000000000617,tx_norm_000568_5d0403,c1000000-0000-0000-0000-000000000027,c1000000-0000-0000-0000-000000000140,PAYMENT,3048.58,0.0,COMPLETED,d1000000-0000-0000-0000-000000000015,b1000000-0000-0000-0000-000000000017,2026-01-19T18:19:56+00:00,1,NORMAL_TRANSACTION,Normal Transaction,NORMAL,[],0,0,NORMAL_BASELINE
e1000000-0000-0000-0000-000000000618,tx_norm_000521_a6c681,c1000000-0000-0000-0000-000000000084,c1000000-0000-0000-0000-000000000093,P2P,4294.41,5.0,COMPLETED,d1000000-0000-0000-0000-000000000024,b1000000-0000-0000-0000-000000000005,2026-01-19T18:20:55+00:00,1,NORMAL_TRANSACTION,Normal Transaction,NORMAL,[],0,0,NORMAL_BASELINE
e1000000-0000-0000-0000-000000000619,tx_norm_000526_2e5eeb,c1000000-0000-0000-0000-000000000022,c1000000-0000-0000-0000-000000000086,P2P,3968.93,5.0,COMPLETED,d1000000-0000-0000-0000-000000000024,b1000000-0000-0000-0000-000000000018,2026-01-19T18:22:32+00:00,1,NORMAL_TRANSACTION,Normal Transaction,NORMAL,[],0,0,NORMAL_BASELINE
e1000000-0000-0000-0000-000000000620,tx_norm_000565_92b26a,c1000000-0000-0000-0000-000000000011,c1000000-0000-0000-0000-000000000120,CASH_OUT,3831.42,57.09,COMPLETED,d1000000-0000-0000-0000-000000000020,b1000000-0000-0000-0000-000000000013,2026-01-19T18:24:25+00:00,1,NORMAL_TRANSACTION,Normal Transaction,NORMAL,[],0,0,NORMAL_BASELINE
e1000000-0000-0000-0000-000000000621,tx_norm_000607_d926fe,c1000000-0000-0000-0000-000000000096,c1000000-0000-0000-0000-000000000075,P2P,395.72,0.0,COMPLETED,d1000000-0000-0000-0000-000000000023,b1000000-0000-0000-0000-000000000014,2026-01-19T18:46:39+00:00,1,NORMAL_TRANSACTION,Normal Transaction,NORMAL,[],0,0,NORMAL_BASELINE
e1000000-0000-0000-0000-000000000622,tx_norm_000561_ba05dd,c1000000-0000-0000-0000-000000000089,c1000000-0000-0000-0000-000000000134,PAYMENT,1470.19,0.0,COMPLETED,d1000000-0000-0000-0000-000000000026,b1000000-0000-0000-0000-000000000008,2026-01-19T18:55:21+00:00,1,NORMAL_TRANSACTION,Normal Transaction,NORMAL,[],0,0,NORMAL_BASELINE
e1000000-0000-0000-0000-000000000623,tx_norm_000611_8db3c2,c1000000-0000-0000-0000-000000000094,c1000000-0000-0000-0000-000000000138,RECHARGE,20.0,0.0,COMPLETED,d1000000-0000-0000-0000-000000000020,b1000000-0000-0000-0000-000000000014,2026-01-19T18:56:58+00:00,1,NORMAL_TRANSACTION,Normal Transaction,NORMAL,[],0,0,NORMAL_BASELINE
e1000000-0000-0000-0000-000000000624,tx_norm_000528_df162e,c1000000-0000-0000-0000-000000000113,c1000000-0000-0000-0000-000000000046,CASH_IN,3009.95,0.0,COMPLETED,d1000000-0000-0000-0000-000000000011,b1000000-0000-0000-0000-000000000017,2026-01-19T18:57:21+00:00,1,NORMAL_TRANSACTION,Normal Transaction,NORMAL,[],0,0,NORMAL_BASELINE
e1000000-0000-0000-0000-000000000625,tx_norm_000623_94f6c6,c1000000-0000-0000-0000-000000000065,c1000000-0000-0000-0000-000000000082,P2P,334.14,0.0,COMPLETED,d1000000-0000-0000-0000-000000000009,b1000000-0000-0000-0000-000000000007,2026-01-19T19:04:57+00:00,1,NORMAL_TRANSACTION,Normal Transaction,NORMAL,[],0,0,NORMAL_BASELINE
e1000000-0000-0000-0000-000000000626,tx_norm_000512_ec4e8c,c1000000-0000-0000-0000-000000000060,c1000000-0000-0000-0000-000000000066,P2P,1906.85,5.0,COMPLETED,d1000000-0000-0000-0000-000000000011,b1000000-0000-0000-0000-000000000002,2026-01-19T19:12:17+00:00,1,NORMAL_TRANSACTION,Normal Transaction,NORMAL,[],0,0,NORMAL_BASELINE
e1000000-0000-0000-0000-000000000627,tx_norm_000573_96bc53,c1000000-0000-0000-0000-000000000107,c1000000-0000-0000-0000-000000000082,CASH_IN,8537.2,0.0,COMPLETED,d1000000-0000-0000-0000-000000000011,b1000000-0000-0000-0000-000000000011,2026-01-19T19:21:06+00:00,1,NORMAL_TRANSACTION,Normal Transaction,NORMAL,[],0,0,NORMAL_BASELINE
e1000000-0000-0000-0000-000000000628,tx_norm_000509_28b26b,c1000000-0000-0000-0000-000000000048,c1000000-0000-0000-0000-000000000133,PAYMENT,1721.57,0.0,COMPLETED,d1000000-0000-0000-0000-000000000014,b1000000-0000-0000-0000-000000000012,2026-01-19T19:31:48+00:00,1,NORMAL_TRANSACTION,Normal Transaction,NORMAL,[],0,0,NORMAL_BASELINE
e1000000-0000-0000-0000-000000000629,tx_norm_000576_99bd62,c1000000-0000-0000-0000-000000000110,c1000000-0000-0000-0000-000000000014,CASH_IN,4486.65,0.0,COMPLETED,d1000000-0000-0000-0000-000000000011,b1000000-0000-0000-0000-000000000007,2026-01-19T19:37:11+00:00,1,NORMAL_TRANSACTION,Normal Transaction,NORMAL,[],0,0,NORMAL_BASELINE
e1000000-0000-0000-0000-000000000630,tx_norm_000604_12c062,c1000000-0000-0000-0000-000000000092,c1000000-0000-0000-0000-000000000043,P2P,362.91,0.0,COMPLETED,d1000000-0000-0000-0000-000000000027,b1000000-0000-0000-0000-000000000018,2026-01-19T19:43:09+00:00,1,NORMAL_TRANSACTION,Normal Transaction,NORMAL,[],0,0,NORMAL_BASELINE
e1000000-0000-0000-0000-000000000631,tx_norm_000518_37dc8c,c1000000-0000-0000-0000-000000000049,c1000000-0000-0000-0000-000000000045,P2P,2173.69,5.0,COMPLETED,d1000000-0000-0000-0000-000000000024,b1000000-0000-0000-0000-000000000002,2026-01-19T19:45:41+00:00,1,NORMAL_TRANSACTION,Normal Transaction,NORMAL,[],0,0,NORMAL_BASELINE
e1000000-0000-0000-0000-000000000632,tx_norm_000585_73dd3b,c1000000-0000-0000-0000-000000000070,c1000000-0000-0000-0000-000000000005,P2P,1742.33,5.0,COMPLETED,d1000000-0000-0000-0000-000000000012,b1000000-0000-0000-0000-000000000010,2026-01-19T19:50:18+00:00,1,NORMAL_TRANSACTION,Normal Transaction,NORMAL,[],0,0,NORMAL_BASELINE
e1000000-0000-0000-0000-000000000633,tx_norm_000549_e8294a,c1000000-0000-0000-0000-000000000001,c1000000-0000-0000-0000-000000000003,P2P,3088.02,5.0,COMPLETED,d1000000-0000-0000-0000-000000000009,b1000000-0000-0000-0000-000000000008,2026-01-19T19:59:30+00:00,1,NORMAL_TRANSACTION,Normal Transaction,NORMAL,[],0,0,NORMAL_BASELINE
e1000000-0000-0000-0000-000000000634,tx_norm_000533_0134e7,c1000000-0000-0000-0000-000000000023,c1000000-0000-0000-0000-000000000042,P2P,2928.35,5.0,COMPLETED,d1000000-0000-0000-0000-000000000014,b1000000-0000-0000-0000-000000000019,2026-01-19T20:05:31+00:00,1,NORMAL_TRANSACTION,Normal Transaction,NORMAL,[],0,0,NORMAL_BASELINE
e1000000-0000-0000-0000-000000000635,tx_norm_000645_e59fc1,c1000000-0000-0000-0000-000000000017,c1000000-0000-0000-0000-000000000141,PAYMENT,2673.94,0.0,COMPLETED,d1000000-0000-0000-0000-000000000013,b1000000-0000-0000-0000-000000000009,2026-01-19T20:07:05+00:00,1,NORMAL_TRANSACTION,Normal Transaction,NORMAL,[],0,0,NORMAL_BASELINE
e1000000-0000-0000-0000-000000000636,tx_norm_000556_b9f614,c1000000-0000-0000-0000-000000000022,c1000000-0000-0000-0000-000000000109,CASH_OUT,1493.84,22.26,COMPLETED,d1000000-0000-0000-0000-000000000024,b1000000-0000-0000-0000-000000000003,2026-01-19T20:26:41+00:00,1,NORMAL_TRANSACTION,Normal Transaction,NORMAL,[],0,0,NORMAL_BASELINE
e1000000-0000-0000-0000-000000000637,tx_norm_000543_d60bf6,c1000000-0000-0000-0000-000000000007,c1000000-0000-0000-0000-000000000086,P2P,664.89,5.0,COMPLETED,d1000000-0000-0000-0000-000000000025,b1000000-0000-0000-0000-000000000011,2026-01-19T20:34:39+00:00,1,NORMAL_TRANSACTION,Normal Transaction,NORMAL,[],0,0,NORMAL_BASELINE
e1000000-0000-0000-0000-000000000638,tx_norm_000590_318910,c1000000-0000-0000-0000-000000000112,c1000000-0000-0000-0000-000000000100,CASH_IN,7524.23,0.0,COMPLETED,d1000000-0000-0000-0000-000000000009,b1000000-0000-0000-0000-000000000014,2026-01-19T20:37:34+00:00,1,NORMAL_TRANSACTION,Normal Transaction,NORMAL,[],0,0,NORMAL_BASELINE
e1000000-0000-0000-0000-000000000639,tx_norm_000647_d6521e,c1000000-0000-0000-0000-000000000103,c1000000-0000-0000-0000-000000000095,P2P,4103.79,5.0,COMPLETED,d1000000-0000-0000-0000-000000000027,b1000000-0000-0000-0000-000000000001,2026-01-19T20:49:24+00:00,1,NORMAL_TRANSACTION,Normal Transaction,NORMAL,[],0,0,NORMAL_BASELINE
e1000000-0000-0000-0000-000000000640,tx_norm_000574_7fb33b,c1000000-0000-0000-0000-000000000076,c1000000-0000-0000-0000-000000000141,PAYMENT,560.64,0.0,COMPLETED,d1000000-0000-0000-0000-000000000030,b1000000-0000-0000-0000-000000000002,2026-01-19T20:57:28+00:00,1,NORMAL_TRANSACTION,Normal Transaction,NORMAL,[],0,0,NORMAL_BASELINE
e1000000-0000-0000-0000-000000000641,tx_norm_000609_889157,c1000000-0000-0000-0000-000000000085,c1000000-0000-0000-0000-000000000004,P2P,2238.15,5.0,COMPLETED,d1000000-0000-0000-0000-000000000026,b1000000-0000-0000-0000-000000000006,2026-01-19T20:59:28+00:00,1,NORMAL_TRANSACTION,Normal Transaction,NORMAL,[],0,0,NORMAL_BASELINE
e1000000-0000-0000-0000-000000000642,tx_norm_000552_bd10f8,c1000000-0000-0000-0000-000000000103,c1000000-0000-0000-0000-000000000087,P2P,1544.64,5.0,COMPLETED,d1000000-0000-0000-0000-000000000027,b1000000-0000-0000-0000-000000000001,2026-01-19T21:02:54+00:00,1,NORMAL_TRANSACTION,Normal Transaction,NORMAL,[],0,0,NORMAL_BASELINE
e1000000-0000-0000-0000-000000000643,tx_norm_000615_12b99a,c1000000-0000-0000-0000-000000000123,c1000000-0000-0000-0000-000000000060,CASH_IN,6802.07,0.0,COMPLETED,d1000000-0000-0000-0000-000000000011,b1000000-0000-0000-0000-000000000001,2026-01-19T21:03:54+00:00,1,NORMAL_TRANSACTION,Normal Transaction,NORMAL,[],0,0,NORMAL_BASELINE
e1000000-0000-0000-0000-000000000644,tx_norm_000603_f09387,c1000000-0000-0000-0000-000000000090,c1000000-0000-0000-0000-000000000139,PAYMENT,2122.01,0.0,COMPLETED,d1000000-0000-0000-0000-000000000013,b1000000-0000-0000-0000-000000000011,2026-01-19T21:06:13+00:00,1,NORMAL_TRANSACTION,Normal Transaction,NORMAL,[],0,0,NORMAL_BASELINE
e1000000-0000-0000-0000-000000000645,tx_norm_000557_adab2c,c1000000-0000-0000-0000-000000000076,c1000000-0000-0000-0000-000000000140,PAYMENT,2596.91,0.0,COMPLETED,d1000000-0000-0000-0000-000000000030,b1000000-0000-0000-0000-000000000002,2026-01-19T21:10:06+00:00,1,NORMAL_TRANSACTION,Normal Transaction,NORMAL,[],0,0,NORMAL_BASELINE
e1000000-0000-0000-0000-000000000646,tx_norm_000525_c8ef03,c1000000-0000-0000-0000-000000000113,c1000000-0000-0000-0000-000000000088,CASH_IN,5811.72,0.0,COMPLETED,d1000000-0000-0000-0000-000000000011,b1000000-0000-0000-0000-000000000017,2026-01-19T21:12:21+00:00,1,NORMAL_TRANSACTION,Normal Transaction,NORMAL,[],0,0,NORMAL_BASELINE
e1000000-0000-0000-0000-000000000647,tx_norm_000569_5d00df,c1000000-0000-0000-0000-000000000072,c1000000-0000-0000-0000-000000000140,PAYMENT,2335.81,0.0,COMPLETED,d1000000-0000-0000-0000-000000000027,b1000000-0000-0000-0000-000000000018,2026-01-19T21:14:54+00:00,1,NORMAL_TRANSACTION,Normal Transaction,NORMAL,[],0,0,NORMAL_BASELINE
e1000000-0000-0000-0000-000000000648,tx_norm_000583_0d95aa,c1000000-0000-0000-0000-000000000014,c1000000-0000-0000-0000-000000000004,P2P,1837.74,5.0,COMPLETED,d1000000-0000-0000-0000-000000000027,b1000000-0000-0000-0000-000000000012,2026-01-19T21:27:51+00:00,1,NORMAL_TRANSACTION,Normal Transaction,NORMAL,[],0,0,NORMAL_BASELINE
e1000000-0000-0000-0000-000000000649,tx_norm_000550_b93c4b,c1000000-0000-0000-0000-000000000012,c1000000-0000-0000-0000-000000000141,PAYMENT,378.9,0.0,COMPLETED,d1000000-0000-0000-0000-000000000002,b1000000-0000-0000-0000-000000000008,2026-01-19T21:36:42+00:00,1,NORMAL_TRANSACTION,Normal Transaction,NORMAL,[],0,0,NORMAL_BASELINE
e1000000-0000-0000-0000-000000000650,tx_norm_000594_c8b648,c1000000-0000-0000-0000-000000000074,c1000000-0000-0000-0000-000000000141,PAYMENT,1242.16,0.0,COMPLETED,d1000000-0000-0000-0000-000000000005,b1000000-0000-0000-0000-000000000009,2026-01-19T21:42:19+00:00,1,NORMAL_TRANSACTION,Normal Transaction,NORMAL,[],0,0,NORMAL_BASELINE
e1000000-0000-0000-0000-000000000651,tx_norm_000627_28c2cc,c1000000-0000-0000-0000-000000000130,c1000000-0000-0000-0000-000000000066,CASH_IN,2263.34,0.0,COMPLETED,d1000000-0000-0000-0000-000000000010,b1000000-0000-0000-0000-000000000006,2026-01-19T21:51:39+00:00,1,NORMAL_TRANSACTION,Normal Transaction,NORMAL,[],0,0,NORMAL_BASELINE
e1000000-0000-0000-0000-000000000652,tx_norm_000622_a06a18,c1000000-0000-0000-0000-000000000026,c1000000-0000-0000-0000-000000000114,CASH_OUT,6001.58,89.42,COMPLETED,d1000000-0000-0000-0000-000000000014,b1000000-0000-0000-0000-000000000015,2026-01-19T21:52:08+00:00,1,NORMAL_TRANSACTION,Normal Transaction,NORMAL,[],0,0,NORMAL_BASELINE
e1000000-0000-0000-0000-000000000653,tx_norm_000698_def330,c1000000-0000-0000-0000-000000000042,c1000000-0000-0000-0000-000000000062,P2P,2208.93,5.0,COMPLETED,d1000000-0000-0000-0000-000000000018,b1000000-0000-0000-0000-000000000008,2026-01-20T08:02:42+00:00,1,NORMAL_TRANSACTION,Normal Transaction,NORMAL,[],0,0,NORMAL_BASELINE
e1000000-0000-0000-0000-000000000654,tx_norm_000763_4572b3,c1000000-0000-0000-0000-000000000026,c1000000-0000-0000-0000-000000000103,P2P,3195.06,5.0,COMPLETED,d1000000-0000-0000-0000-000000000014,b1000000-0000-0000-0000-000000000003,2026-01-20T08:16:10+00:00,1,NORMAL_TRANSACTION,Normal Transaction,NORMAL,[],0,0,NORMAL_BASELINE
e1000000-0000-0000-0000-000000000655,tx_norm_000712_e54c87,c1000000-0000-0000-0000-000000000070,c1000000-0000-0000-0000-000000000061,P2P,980.9,5.0,COMPLETED,d1000000-0000-0000-0000-000000000012,b1000000-0000-0000-0000-000000000010,2026-01-20T08:17:49+00:00,1,NORMAL_TRANSACTION,Normal Transaction,NORMAL,[],0,0,NORMAL_BASELINE
e1000000-0000-0000-0000-000000000656,tx_norm_000742_f17f3f,c1000000-0000-0000-0000-000000000041,c1000000-0000-0000-0000-000000000003,P2P,3517.55,5.0,COMPLETED,d1000000-0000-0000-0000-000000000008,b1000000-0000-0000-0000-000000000008,2026-01-20T08:19:14+00:00,1,NORMAL_TRANSACTION,Normal Transaction,NORMAL,[],0,0,NORMAL_BASELINE
e1000000-0000-0000-0000-000000000657,tx_norm_000760_54f5df,c1000000-0000-0000-0000-000000000040,c1000000-0000-0000-0000-000000000120,CASH_OUT,4033.93,60.11,COMPLETED,d1000000-0000-0000-0000-000000000022,b1000000-0000-0000-0000-000000000013,2026-01-20T08:21:44+00:00,1,NORMAL_TRANSACTION,Normal Transaction,NORMAL,[],0,0,NORMAL_BASELINE
e1000000-0000-0000-0000-000000000658,tx_norm_000749_51beba,c1000000-0000-0000-0000-000000000007,c1000000-0000-0000-0000-000000000137,PAYMENT,1749.37,0.0,COMPLETED,d1000000-0000-0000-0000-000000000025,b1000000-0000-0000-0000-000000000011,2026-01-20T08:40:49+00:00,1,NORMAL_TRANSACTION,Normal Transaction,NORMAL,[],0,0,NORMAL_BASELINE
e1000000-0000-0000-0000-000000000659,tx_norm_000679_dca1ad,c1000000-0000-0000-0000-000000000013,c1000000-0000-0000-0000-000000000043,P2P,1754.89,5.0,COMPLETED,d1000000-0000-0000-0000-000000000028,b1000000-0000-0000-0000-000000000004,2026-01-20T08:43:13+00:00,1,NORMAL_TRANSACTION,Normal Transaction,NORMAL,[],0,0,NORMAL_BASELINE
e1000000-0000-0000-0000-000000000660,tx_norm_000734_18dcce,c1000000-0000-0000-0000-000000000010,c1000000-0000-0000-0000-000000000112,CASH_OUT,7704.4,114.8,COMPLETED,d1000000-0000-0000-0000-000000000013,b1000000-0000-0000-0000-000000000014,2026-01-20T08:46:04+00:00,1,NORMAL_TRANSACTION,Normal Transaction,NORMAL,[],0,0,NORMAL_BASELINE
e1000000-0000-0000-0000-000000000661,tx_norm_000675_e18861,c1000000-0000-0000-0000-000000000041,c1000000-0000-0000-0000-000000000065,P2P,4061.92,5.0,COMPLETED,d1000000-0000-0000-0000-000000000008,b1000000-0000-0000-0000-000000000008,2026-01-20T08:54:30+00:00,1,NORMAL_TRANSACTION,Normal Transaction,NORMAL,[],0,0,NORMAL_BASELINE
e1000000-0000-0000-0000-000000000662,tx_norm_000758_ba7e1b,c1000000-0000-0000-0000-000000000088,c1000000-0000-0000-0000-000000000048,P2P,870.76,5.0,COMPLETED,d1000000-0000-0000-0000-000000000008,b1000000-0000-0000-0000-000000000007,2026-01-20T08:59:52+00:00,1,NORMAL_TRANSACTION,Normal Transaction,NORMAL,[],0,0,NORMAL_BASELINE
e1000000-0000-0000-0000-000000000663,tx_norm_000737_287e40,c1000000-0000-0000-0000-000000000052,c1000000-0000-0000-0000-000000000066,P2P,1651.31,5.0,COMPLETED,d1000000-0000-0000-0000-000000000015,b1000000-0000-0000-0000-000000000008,2026-01-20T09:10:50+00:00,1,NORMAL_TRANSACTION,Normal Transaction,NORMAL,[],0,0,NORMAL_BASELINE
e1000000-0000-0000-0000-000000000664,tx_norm_000717_95aeb1,c1000000-0000-0000-0000-000000000002,c1000000-0000-0000-0000-000000000135,PAYMENT,2572.89,0.0,COMPLETED,d1000000-0000-0000-0000-000000000022,b1000000-0000-0000-0000-000000000018,2026-01-20T09:15:40+00:00,1,NORMAL_TRANSACTION,Normal Transaction,NORMAL,[],0,0,NORMAL_BASELINE
e1000000-0000-0000-0000-000000000665,tx_norm_000690_a3fd17,c1000000-0000-0000-0000-000000000081,c1000000-0000-0000-0000-000000000019,P2P,3933.51,5.0,COMPLETED,d1000000-0000-0000-0000-000000000019,b1000000-0000-0000-0000-000000000018,2026-01-20T09:24:39+00:00,1,NORMAL_TRANSACTION,Normal Transaction,NORMAL,[],0,0,NORMAL_BASELINE
e1000000-0000-0000-0000-000000000666,tx_norm_000753_7b1dbc,c1000000-0000-0000-0000-000000000090,c1000000-0000-0000-0000-000000000135,PAYMENT,2474.2,0.0,COMPLETED,d1000000-0000-0000-0000-000000000013,b1000000-0000-0000-0000-000000000011,2026-01-20T09:25:32+00:00,1,NORMAL_TRANSACTION,Normal Transaction,NORMAL,[],0,0,NORMAL_BASELINE
e1000000-0000-0000-0000-000000000667,tx_norm_000666_41f831,c1000000-0000-0000-0000-000000000015,c1000000-0000-0000-0000-000000000104,P2P,2407.13,5.0,COMPLETED,d1000000-0000-0000-0000-000000000022,b1000000-0000-0000-0000-000000000009,2026-01-20T09:32:18+00:00,1,NORMAL_TRANSACTION,Normal Transaction,NORMAL,[],0,0,NORMAL_BASELINE
e1000000-0000-0000-0000-000000000668,tx_norm_000671_92ded4,c1000000-0000-0000-0000-000000000041,c1000000-0000-0000-0000-000000000047,P2P,1139.83,5.0,COMPLETED,d1000000-0000-0000-0000-000000000008,b1000000-0000-0000-0000-000000000008,2026-01-20T09:35:59+00:00,1,NORMAL_TRANSACTION,Normal Transaction,NORMAL,[],0,0,NORMAL_BASELINE
e1000000-0000-0000-0000-000000000669,tx_norm_000745_cafbc4,c1000000-0000-0000-0000-000000000028,c1000000-0000-0000-0000-000000000134,PAYMENT,2356.92,0.0,COMPLETED,d1000000-0000-0000-0000-000000000004,b1000000-0000-0000-0000-000000000018,2026-01-20T09:36:25+00:00,1,NORMAL_TRANSACTION,Normal Transaction,NORMAL,[],0,0,NORMAL_BASELINE
e1000000-0000-0000-0000-000000000670,tx_norm_000756_980855,c1000000-0000-0000-0000-000000000045,c1000000-0000-0000-0000-000000000136,PAYMENT,1128.25,0.0,COMPLETED,d1000000-0000-0000-0000-000000000022,b1000000-0000-0000-0000-000000000016,2026-01-20T09:42:26+00:00,1,NORMAL_TRANSACTION,Normal Transaction,NORMAL,[],0,0,NORMAL_BASELINE
e1000000-0000-0000-0000-000000000671,tx_norm_000759_d1f44c,c1000000-0000-0000-0000-000000000080,c1000000-0000-0000-0000-000000000019,P2P,3935.64,5.0,COMPLETED,d1000000-0000-0000-0000-000000000029,b1000000-0000-0000-0000-000000000005,2026-01-20T09:47:03+00:00,1,NORMAL_TRANSACTION,Normal Transaction,NORMAL,[],0,0,NORMAL_BASELINE
e1000000-0000-0000-0000-000000000672,tx_norm_000674_c3a582,c1000000-0000-0000-0000-000000000127,c1000000-0000-0000-0000-000000000064,CASH_IN,6524.44,0.0,COMPLETED,d1000000-0000-0000-0000-000000000011,b1000000-0000-0000-0000-000000000013,2026-01-20T09:58:05+00:00,1,NORMAL_TRANSACTION,Normal Transaction,NORMAL,[],0,0,NORMAL_BASELINE
e1000000-0000-0000-0000-000000000673,tx_norm_000677_58e7ed,c1000000-0000-0000-0000-000000000121,c1000000-0000-0000-0000-000000000070,CASH_IN,1293.06,0.0,COMPLETED,d1000000-0000-0000-0000-000000000009,b1000000-0000-0000-0000-000000000014,2026-01-20T10:03:33+00:00,1,NORMAL_TRANSACTION,Normal Transaction,NORMAL,[],0,0,NORMAL_BASELINE
e1000000-0000-0000-0000-000000000674,tx_norm_000662_960959,c1000000-0000-0000-0000-000000000117,c1000000-0000-0000-0000-000000000086,CASH_IN,4556.29,0.0,COMPLETED,d1000000-0000-0000-0000-000000000009,b1000000-0000-0000-0000-000000000009,2026-01-20T10:05:17+00:00,1,NORMAL_TRANSACTION,Normal Transaction,NORMAL,[],0,0,NORMAL_BASELINE
e1000000-0000-0000-0000-000000000675,tx_norm_000744_cfa28f,c1000000-0000-0000-0000-000000000075,c1000000-0000-0000-0000-000000000032,P2P,1201.87,5.0,COMPLETED,d1000000-0000-0000-0000-000000000007,b1000000-0000-0000-0000-000000000009,2026-01-20T10:08:16+00:00,1,NORMAL_TRANSACTION,Normal Transaction,NORMAL,[],0,0,NORMAL_BASELINE
e1000000-0000-0000-0000-000000000676,tx_norm_000752_663166,c1000000-0000-0000-0000-000000000074,c1000000-0000-0000-0000-000000000097,P2P,412.04,0.0,COMPLETED,d1000000-0000-0000-0000-000000000005,b1000000-0000-0000-0000-000000000009,2026-01-20T10:08:21+00:00,1,NORMAL_TRANSACTION,Normal Transaction,NORMAL,[],0,0,NORMAL_BASELINE
e1000000-0000-0000-0000-000000000677,tx_norm_000702_5808d7,c1000000-0000-0000-0000-000000000105,c1000000-0000-0000-0000-000000000098,P2P,3846.17,5.0,COMPLETED,d1000000-0000-0000-0000-000000000015,b1000000-0000-0000-0000-000000000007,2026-01-20T10:19:00+00:00,1,NORMAL_TRANSACTION,Normal Transaction,NORMAL,[],0,0,NORMAL_BASELINE
e1000000-0000-0000-0000-000000000678,tx_norm_000719_9e5f82,c1000000-0000-0000-0000-000000000021,c1000000-0000-0000-0000-000000000065,P2P,593.03,5.0,COMPLETED,d1000000-0000-0000-0000-000000000030,b1000000-0000-0000-0000-000000000015,2026-01-20T10:23:49+00:00,1,NORMAL_TRANSACTION,Normal Transaction,NORMAL,[],0,0,NORMAL_BASELINE
e1000000-0000-0000-0000-000000000679,tx_norm_000774_115c42,c1000000-0000-0000-0000-000000000019,c1000000-0000-0000-0000-000000000135,RECHARGE,100.0,0.0,COMPLETED,d1000000-0000-0000-0000-000000000013,b1000000-0000-0000-0000-000000000009,2026-01-20T10:27:58+00:00,1,NORMAL_TRANSACTION,Normal Transaction,NORMAL,[],0,0,NORMAL_BASELINE
e1000000-0000-0000-0000-000000000680,tx_norm_000721_58e9d0,c1000000-0000-0000-0000-000000000072,c1000000-0000-0000-0000-000000000102,P2P,2971.98,5.0,COMPLETED,d1000000-0000-0000-0000-000000000027,b1000000-0000-0000-0000-000000000018,2026-01-20T10:31:14+00:00,1,NORMAL_TRANSACTION,Normal Transaction,NORMAL,[],0,0,NORMAL_BASELINE
e1000000-0000-0000-0000-000000000681,tx_norm_000746_1869c7,c1000000-0000-0000-0000-000000000090,c1000000-0000-0000-0000-000000000124,CASH_OUT,6646.36,99.03,COMPLETED,d1000000-0000-0000-0000-000000000013,b1000000-0000-0000-0000-000000000010,2026-01-20T10:31:52+00:00,1,NORMAL_TRANSACTION,Normal Transaction,NORMAL,[],0,0,NORMAL_BASELINE
e1000000-0000-0000-0000-000000000682,tx_norm_000680_2f14f7,c1000000-0000-0000-0000-000000000061,c1000000-0000-0000-0000-000000000080,P2P,1675.31,5.0,COMPLETED,d1000000-0000-0000-0000-000000000028,b1000000-0000-0000-0000-000000000017,2026-01-20T10:35:16+00:00,1,NORMAL_TRANSACTION,Normal Transaction,NORMAL,[],0,0,NORMAL_BASELINE
e1000000-0000-0000-0000-000000000683,tx_norm_000682_b8875c,c1000000-0000-0000-0000-000000000088,c1000000-0000-0000-0000-000000000136,RECHARGE,20.0,0.0,COMPLETED,d1000000-0000-0000-0000-000000000008,b1000000-0000-0000-0000-000000000007,2026-01-20T10:36:08+00:00,1,NORMAL_TRANSACTION,Normal Transaction,NORMAL,[],0,0,NORMAL_BASELINE
e1000000-0000-0000-0000-000000000684,tx_norm_000694_35e803,c1000000-0000-0000-0000-000000000129,c1000000-0000-0000-0000-000000000090,CASH_IN,7747.66,0.0,COMPLETED,d1000000-0000-0000-0000-000000000011,b1000000-0000-0000-0000-000000000001,2026-01-20T10:46:15+00:00,1,NORMAL_TRANSACTION,Normal Transaction,NORMAL,[],0,0,NORMAL_BASELINE
e1000000-0000-0000-0000-000000000685,tx_norm_000672_3c1fdf,c1000000-0000-0000-0000-000000000025,c1000000-0000-0000-0000-000000000121,CASH_OUT,6028.34,89.82,COMPLETED,d1000000-0000-0000-0000-000000000028,b1000000-0000-0000-0000-000000000014,2026-01-20T10:47:43+00:00,1,NORMAL_TRANSACTION,Normal Transaction,NORMAL,[],0,0,NORMAL_BASELINE
e1000000-0000-0000-0000-000000000686,tx_norm_000689_bc8cfa,c1000000-0000-0000-0000-000000000087,c1000000-0000-0000-0000-000000000066,P2P,2296.22,5.0,COMPLETED,d1000000-0000-0000-0000-000000000026,b1000000-0000-0000-0000-000000000004,2026-01-20T10:49:18+00:00,1,NORMAL_TRANSACTION,Normal Transaction,NORMAL,[],0,0,NORMAL_BASELINE
e1000000-0000-0000-0000-000000000687,tx_norm_000755_9375ee,c1000000-0000-0000-0000-000000000056,c1000000-0000-0000-0000-000000000042,P2P,3144.37,5.0,COMPLETED,d1000000-0000-0000-0000-000000000006,b1000000-0000-0000-0000-000000000013,2026-01-20T11:15:04+00:00,1,NORMAL_TRANSACTION,Normal Transaction,NORMAL,[],0,0,NORMAL_BASELINE
e1000000-0000-0000-0000-000000000688,tx_norm_000740_73d0b6,c1000000-0000-0000-0000-000000000096,c1000000-0000-0000-0000-000000000137,PAYMENT,1248.03,0.0,COMPLETED,d1000000-0000-0000-0000-000000000023,b1000000-0000-0000-0000-000000000014,2026-01-20T11:24:49+00:00,1,NORMAL_TRANSACTION,Normal Transaction,NORMAL,[],0,0,NORMAL_BASELINE
e1000000-0000-0000-0000-000000000689,tx_norm_000754_bc54b8,c1000000-0000-0000-0000-000000000112,c1000000-0000-0000-0000-000000000072,CASH_IN,6543.97,0.0,COMPLETED,d1000000-0000-0000-0000-000000000009,b1000000-0000-0000-0000-000000000014,2026-01-20T11:31:25+00:00,1,NORMAL_TRANSACTION,Normal Transaction,NORMAL,[],0,0,NORMAL_BASELINE
e1000000-0000-0000-0000-000000000690,tx_norm_000769_e3f164,c1000000-0000-0000-0000-000000000081,c1000000-0000-0000-0000-000000000114,CASH_OUT,7090.08,105.64,COMPLETED,d1000000-0000-0000-0000-000000000019,b1000000-0000-0000-0000-000000000015,2026-01-20T11:32:17+00:00,1,NORMAL_TRANSACTION,Normal Transaction,NORMAL,[],0,0,NORMAL_BASELINE
e1000000-0000-0000-0000-000000000691,tx_norm_000714_aa7f7e,c1000000-0000-0000-0000-000000000095,c1000000-0000-0000-0000-000000000100,P2P,604.03,5.0,COMPLETED,d1000000-0000-0000-0000-000000000017,b1000000-0000-0000-0000-000000000004,2026-01-20T11:47:02+00:00,1,NORMAL_TRANSACTION,Normal Transaction,NORMAL,[],0,0,NORMAL_BASELINE
e1000000-0000-0000-0000-000000000692,tx_norm_000660_c8b190,c1000000-0000-0000-0000-000000000067,c1000000-0000-0000-0000-000000000115,CASH_OUT,1960.6,29.21,COMPLETED,d1000000-0000-0000-0000-000000000030,b1000000-0000-0000-0000-000000000011,2026-01-20T11:54:42+00:00,1,NORMAL_TRANSACTION,Normal Transaction,NORMAL,[],0,0,NORMAL_BASELINE
e1000000-0000-0000-0000-000000000693,tx_norm_000706_be3074,c1000000-0000-0000-0000-000000000067,c1000000-0000-0000-0000-000000000137,PAYMENT,1018.26,0.0,COMPLETED,d1000000-0000-0000-0000-000000000030,b1000000-0000-0000-0000-000000000003,2026-01-20T12:05:27+00:00,1,NORMAL_TRANSACTION,Normal Transaction,NORMAL,[],0,0,NORMAL_BASELINE
e1000000-0000-0000-0000-000000000694,tx_norm_000697_86d895,c1000000-0000-0000-0000-000000000120,c1000000-0000-0000-0000-000000000081,CASH_IN,2137.71,0.0,COMPLETED,d1000000-0000-0000-0000-000000000009,b1000000-0000-0000-0000-000000000013,2026-01-20T12:14:15+00:00,1,NORMAL_TRANSACTION,Normal Transaction,NORMAL,[],0,0,NORMAL_BASELINE
e1000000-0000-0000-0000-000000000695,tx_norm_000781_2d54ff,c1000000-0000-0000-0000-000000000112,c1000000-0000-0000-0000-000000000097,CASH_IN,2841.06,0.0,COMPLETED,d1000000-0000-0000-0000-000000000009,b1000000-0000-0000-0000-000000000014,2026-01-20T12:26:14+00:00,1,NORMAL_TRANSACTION,Normal Transaction,NORMAL,[],0,0,NORMAL_BASELINE
e1000000-0000-0000-0000-000000000696,tx_norm_000699_98fb47,c1000000-0000-0000-0000-000000000090,c1000000-0000-0000-0000-000000000070,P2P,961.26,5.0,COMPLETED,d1000000-0000-0000-0000-000000000013,b1000000-0000-0000-0000-000000000011,2026-01-20T12:35:28+00:00,1,NORMAL_TRANSACTION,Normal Transaction,NORMAL,[],0,0,NORMAL_BASELINE
e1000000-0000-0000-0000-000000000697,tx_norm_000688_936dd1,c1000000-0000-0000-0000-000000000087,c1000000-0000-0000-0000-000000000078,P2P,1055.52,5.0,COMPLETED,d1000000-0000-0000-0000-000000000026,b1000000-0000-0000-0000-000000000004,2026-01-20T13:01:26+00:00,1,NORMAL_TRANSACTION,Normal Transaction,NORMAL,[],0,0,NORMAL_BASELINE
e1000000-0000-0000-0000-000000000698,tx_norm_000658_85609e,c1000000-0000-0000-0000-000000000050,c1000000-0000-0000-0000-000000000053,P2P,2840.05,5.0,COMPLETED,d1000000-0000-0000-0000-000000000024,b1000000-0000-0000-0000-000000000011,2026-01-20T13:05:38+00:00,1,NORMAL_TRANSACTION,Normal Transaction,NORMAL,[],0,0,NORMAL_BASELINE
e1000000-0000-0000-0000-000000000699,tx_norm_000724_87f89f,c1000000-0000-0000-0000-000000000077,c1000000-0000-0000-0000-000000000141,PAYMENT,639.05,0.0,COMPLETED,d1000000-0000-0000-0000-000000000002,b1000000-0000-0000-0000-000000000001,2026-01-20T13:20:46+00:00,1,NORMAL_TRANSACTION,Normal Transaction,NORMAL,[],0,0,NORMAL_BASELINE
e1000000-0000-0000-0000-000000000700,tx_norm_000701_698630,c1000000-0000-0000-0000-000000000012,c1000000-0000-0000-0000-000000000058,P2P,1523.83,5.0,COMPLETED,d1000000-0000-0000-0000-000000000002,b1000000-0000-0000-0000-000000000008,2026-01-20T13:30:34+00:00,1,NORMAL_TRANSACTION,Normal Transaction,NORMAL,[],0,0,NORMAL_BASELINE
e1000000-0000-0000-0000-000000000701,tx_norm_000692_e33fc5,c1000000-0000-0000-0000-000000000125,c1000000-0000-0000-0000-000000000083,CASH_IN,4559.1,0.0,COMPLETED,d1000000-0000-0000-0000-000000000011,b1000000-0000-0000-0000-000000000018,2026-01-20T13:41:18+00:00,1,NORMAL_TRANSACTION,Normal Transaction,NORMAL,[],0,0,NORMAL_BASELINE
e1000000-0000-0000-0000-000000000702,tx_norm_000748_d97766,c1000000-0000-0000-0000-000000000016,c1000000-0000-0000-0000-000000000136,PAYMENT,2430.42,0.0,COMPLETED,d1000000-0000-0000-0000-000000000006,b1000000-0000-0000-0000-000000000018,2026-01-20T13:56:52+00:00,1,NORMAL_TRANSACTION,Normal Transaction,NORMAL,[],0,0,NORMAL_BASELINE
e1000000-0000-0000-0000-000000000703,tx_norm_000741_2294fa,c1000000-0000-0000-0000-000000000037,c1000000-0000-0000-0000-000000000078,P2P,270.1,0.0,COMPLETED,d1000000-0000-0000-0000-000000000016,b1000000-0000-0000-0000-000000000018,2026-01-20T14:00:46+00:00,1,NORMAL_TRANSACTION,Normal Transaction,NORMAL,[],0,0,NORMAL_BASELINE
e1000000-0000-0000-0000-000000000704,tx_norm_000695_c55be9,c1000000-0000-0000-0000-000000000061,c1000000-0000-0000-0000-000000000072,P2P,431.45,0.0,COMPLETED,d1000000-0000-0000-0000-000000000028,b1000000-0000-0000-0000-000000000017,2026-01-20T14:06:06+00:00,1,NORMAL_TRANSACTION,Normal Transaction,NORMAL,[],0,0,NORMAL_BASELINE
e1000000-0000-0000-0000-000000000705,tx_norm_000686_a13ea6,c1000000-0000-0000-0000-000000000028,c1000000-0000-0000-0000-000000000034,P2P,2249.12,5.0,COMPLETED,d1000000-0000-0000-0000-000000000004,b1000000-0000-0000-0000-000000000018,2026-01-20T14:06:44+00:00,1,NORMAL_TRANSACTION,Normal Transaction,NORMAL,[],0,0,NORMAL_BASELINE
e1000000-0000-0000-0000-000000000706,tx_norm_000681_4795cd,c1000000-0000-0000-0000-000000000117,c1000000-0000-0000-0000-000000000047,CASH_IN,8688.93,0.0,COMPLETED,d1000000-0000-0000-0000-000000000009,b1000000-0000-0000-0000-000000000009,2026-01-20T14:13:26+00:00,1,NORMAL_TRANSACTION,Normal Transaction,NORMAL,[],0,0,NORMAL_BASELINE
e1000000-0000-0000-0000-000000000707,tx_norm_000776_461781,c1000000-0000-0000-0000-000000000132,c1000000-0000-0000-0000-000000000082,CASH_IN,9399.25,0.0,COMPLETED,d1000000-0000-0000-0000-000000000010,b1000000-0000-0000-0000-000000000009,2026-01-20T14:19:28+00:00,1,NORMAL_TRANSACTION,Normal Transaction,NORMAL,[],0,0,NORMAL_BASELINE
e1000000-0000-0000-0000-000000000708,tx_norm_000772_a70872,c1000000-0000-0000-0000-000000000058,c1000000-0000-0000-0000-000000000141,PAYMENT,551.91,0.0,COMPLETED,d1000000-0000-0000-0000-000000000024,b1000000-0000-0000-0000-000000000018,2026-01-20T14:19:58+00:00,1,NORMAL_TRANSACTION,Normal Transaction,NORMAL,[],0,0,NORMAL_BASELINE
e1000000-0000-0000-0000-000000000709,tx_norm_000705_60dc12,c1000000-0000-0000-0000-000000000095,c1000000-0000-0000-0000-000000000083,P2P,1875.81,5.0,COMPLETED,d1000000-0000-0000-0000-000000000017,b1000000-0000-0000-0000-000000000004,2026-01-20T14:25:15+00:00,1,NORMAL_TRANSACTION,Normal Transaction,NORMAL,[],0,0,NORMAL_BASELINE
e1000000-0000-0000-0000-000000000710,tx_norm_000691_3a6c7d,c1000000-0000-0000-0000-000000000010,c1000000-0000-0000-0000-000000000134,PAYMENT,644.1,0.0,COMPLETED,d1000000-0000-0000-0000-000000000013,b1000000-0000-0000-0000-000000000003,2026-01-20T14:40:39+00:00,1,NORMAL_TRANSACTION,Normal Transaction,NORMAL,[],0,0,NORMAL_BASELINE
e1000000-0000-0000-0000-000000000711,tx_norm_000669_6994bf,c1000000-0000-0000-0000-000000000087,c1000000-0000-0000-0000-000000000136,RECHARGE,100.0,0.0,COMPLETED,d1000000-0000-0000-0000-000000000026,b1000000-0000-0000-0000-000000000004,2026-01-20T14:40:50+00:00,1,NORMAL_TRANSACTION,Normal Transaction,NORMAL,[],0,0,NORMAL_BASELINE
e1000000-0000-0000-0000-000000000712,tx_norm_000726_3d211d,c1000000-0000-0000-0000-000000000080,c1000000-0000-0000-0000-000000000117,CASH_OUT,6320.12,94.17,COMPLETED,d1000000-0000-0000-0000-000000000029,b1000000-0000-0000-0000-000000000009,2026-01-20T14:46:11+00:00,1,NORMAL_TRANSACTION,Normal Transaction,NORMAL,[],0,0,NORMAL_BASELINE
e1000000-0000-0000-0000-000000000713,tx_norm_000739_902a40,c1000000-0000-0000-0000-000000000093,c1000000-0000-0000-0000-000000000138,PAYMENT,2005.66,0.0,COMPLETED,d1000000-0000-0000-0000-000000000009,b1000000-0000-0000-0000-000000000006,2026-01-20T14:48:40+00:00,1,NORMAL_TRANSACTION,Normal Transaction,NORMAL,[],0,0,NORMAL_BASELINE
e1000000-0000-0000-0000-000000000714,tx_norm_000718_79ab56,c1000000-0000-0000-0000-000000000006,c1000000-0000-0000-0000-000000000076,P2P,3568.94,5.0,COMPLETED,d1000000-0000-0000-0000-000000000006,b1000000-0000-0000-0000-000000000014,2026-01-20T14:50:15+00:00,1,NORMAL_TRANSACTION,Normal Transaction,NORMAL,[],0,0,NORMAL_BASELINE
e1000000-0000-0000-0000-000000000715,tx_norm_000730_869c3a,c1000000-0000-0000-0000-000000000083,c1000000-0000-0000-0000-000000000050,P2P,3029.06,5.0,COMPLETED,d1000000-0000-0000-0000-000000000008,b1000000-0000-0000-0000-000000000004,2026-01-20T15:12:06+00:00,1,NORMAL_TRANSACTION,Normal Transaction,NORMAL,[],0,0,NORMAL_BASELINE
e1000000-0000-0000-0000-000000000716,tx_norm_000725_a355ad,c1000000-0000-0000-0000-000000000047,c1000000-0000-0000-0000-000000000060,P2P,203.1,0.0,COMPLETED,d1000000-0000-0000-0000-000000000016,b1000000-0000-0000-0000-000000000014,2026-01-20T15:18:52+00:00,1,NORMAL_TRANSACTION,Normal Transaction,NORMAL,[],0,0,NORMAL_BASELINE
e1000000-0000-0000-0000-000000000717,tx_norm_000715_bea645,c1000000-0000-0000-0000-000000000042,c1000000-0000-0000-0000-000000000135,RECHARGE,20.0,0.0,COMPLETED,d1000000-0000-0000-0000-000000000018,b1000000-0000-0000-0000-000000000008,2026-01-20T15:24:43+00:00,1,NORMAL_TRANSACTION,Normal Transaction,NORMAL,[],0,0,NORMAL_BASELINE
e1000000-0000-0000-0000-000000000718,tx_norm_000768_a00f23,c1000000-0000-0000-0000-000000000045,c1000000-0000-0000-0000-000000000089,P2P,1713.23,5.0,COMPLETED,d1000000-0000-0000-0000-000000000022,b1000000-0000-0000-0000-000000000016,2026-01-20T15:25:47+00:00,1,NORMAL_TRANSACTION,Normal Transaction,NORMAL,[],0,0,NORMAL_BASELINE
e1000000-0000-0000-0000-000000000719,tx_norm_000703_025683,c1000000-0000-0000-0000-000000000121,c1000000-0000-0000-0000-000000000097,CASH_IN,5293.6,0.0,COMPLETED,d1000000-0000-0000-0000-000000000009,b1000000-0000-0000-0000-000000000014,2026-01-20T15:34:00+00:00,1,NORMAL_TRANSACTION,Normal Transaction,NORMAL,[],0,0,NORMAL_BASELINE
e1000000-0000-0000-0000-000000000720,tx_norm_000767_4e0fba,c1000000-0000-0000-0000-000000000107,c1000000-0000-0000-0000-000000000032,CASH_IN,9300.43,0.0,COMPLETED,d1000000-0000-0000-0000-000000000011,b1000000-0000-0000-0000-000000000011,2026-01-20T15:35:59+00:00,1,NORMAL_TRANSACTION,Normal Transaction,NORMAL,[],0,0,NORMAL_BASELINE
e1000000-0000-0000-0000-000000000721,tx_norm_000764_e9b1c4,c1000000-0000-0000-0000-000000000085,c1000000-0000-0000-0000-000000000035,P2P,3050.82,5.0,COMPLETED,d1000000-0000-0000-0000-000000000026,b1000000-0000-0000-0000-000000000006,2026-01-20T15:41:00+00:00,1,NORMAL_TRANSACTION,Normal Transaction,NORMAL,[],0,0,NORMAL_BASELINE
e1000000-0000-0000-0000-000000000722,tx_norm_000723_2fc6c4,c1000000-0000-0000-0000-000000000070,c1000000-0000-0000-0000-000000000140,PAYMENT,728.82,0.0,COMPLETED,d1000000-0000-0000-0000-000000000012,b1000000-0000-0000-0000-000000000010,2026-01-20T15:45:28+00:00,1,NORMAL_TRANSACTION,Normal Transaction,NORMAL,[],0,0,NORMAL_BASELINE
e1000000-0000-0000-0000-000000000723,tx_norm_000687_cf5d33,c1000000-0000-0000-0000-000000000047,c1000000-0000-0000-0000-000000000073,P2P,2597.21,5.0,COMPLETED,d1000000-0000-0000-0000-000000000016,b1000000-0000-0000-0000-000000000014,2026-01-20T15:47:21+00:00,1,NORMAL_TRANSACTION,Normal Transaction,NORMAL,[],0,0,NORMAL_BASELINE
e1000000-0000-0000-0000-000000000724,tx_norm_000751_c94f6e,c1000000-0000-0000-0000-000000000012,c1000000-0000-0000-0000-000000000136,PAYMENT,1467.4,0.0,COMPLETED,d1000000-0000-0000-0000-000000000002,b1000000-0000-0000-0000-000000000008,2026-01-20T15:48:38+00:00,1,NORMAL_TRANSACTION,Normal Transaction,NORMAL,[],0,0,NORMAL_BASELINE
e1000000-0000-0000-0000-000000000725,tx_norm_000684_d9719e,c1000000-0000-0000-0000-000000000064,c1000000-0000-0000-0000-000000000018,P2P,4480.92,5.0,COMPLETED,d1000000-0000-0000-0000-000000000002,b1000000-0000-0000-0000-000000000003,2026-01-20T15:51:00+00:00,1,NORMAL_TRANSACTION,Normal Transaction,NORMAL,[],0,0,NORMAL_BASELINE
e1000000-0000-0000-0000-000000000726,tx_norm_000665_1b4149,c1000000-0000-0000-0000-000000000034,c1000000-0000-0000-0000-000000000135,PAYMENT,1391.76,0.0,COMPLETED,d1000000-0000-0000-0000-000000000004,b1000000-0000-0000-0000-000000000012,2026-01-20T15:59:25+00:00,1,NORMAL_TRANSACTION,Normal Transaction,NORMAL,[],0,0,NORMAL_BASELINE
e1000000-0000-0000-0000-000000000727,tx_norm_000663_d46b77,c1000000-0000-0000-0000-000000000108,c1000000-0000-0000-0000-000000000071,CASH_IN,3560.44,0.0,COMPLETED,d1000000-0000-0000-0000-000000000009,b1000000-0000-0000-0000-000000000007,2026-01-20T16:00:47+00:00,1,NORMAL_TRANSACTION,Normal Transaction,NORMAL,[],0,0,NORMAL_BASELINE
e1000000-0000-0000-0000-000000000728,tx_norm_000709_b71714,c1000000-0000-0000-0000-000000000037,c1000000-0000-0000-0000-000000000137,RECHARGE,50.0,0.0,COMPLETED,d1000000-0000-0000-0000-000000000016,b1000000-0000-0000-0000-000000000018,2026-01-20T16:01:11+00:00,1,NORMAL_TRANSACTION,Normal Transaction,NORMAL,[],0,0,NORMAL_BASELINE
e1000000-0000-0000-0000-000000000729,tx_norm_000716_0d559b,c1000000-0000-0000-0000-000000000039,c1000000-0000-0000-0000-000000000136,PAYMENT,1249.3,0.0,COMPLETED,d1000000-0000-0000-0000-000000000023,b1000000-0000-0000-0000-000000000007,2026-01-20T16:07:16+00:00,1,NORMAL_TRANSACTION,Normal Transaction,NORMAL,[],0,0,NORMAL_BASELINE
e1000000-0000-0000-0000-000000000730,tx_norm_000770_bada0c,c1000000-0000-0000-0000-000000000051,c1000000-0000-0000-0000-000000000086,P2P,790.22,5.0,COMPLETED,d1000000-0000-0000-0000-000000000018,b1000000-0000-0000-0000-000000000015,2026-01-20T16:17:14+00:00,1,NORMAL_TRANSACTION,Normal Transaction,NORMAL,[],0,0,NORMAL_BASELINE
e1000000-0000-0000-0000-000000000731,tx_norm_000743_75dacb,c1000000-0000-0000-0000-000000000074,c1000000-0000-0000-0000-000000000135,PAYMENT,437.58,0.0,COMPLETED,d1000000-0000-0000-0000-000000000005,b1000000-0000-0000-0000-000000000009,2026-01-20T16:32:35+00:00,1,NORMAL_TRANSACTION,Normal Transaction,NORMAL,[],0,0,NORMAL_BASELINE
e1000000-0000-0000-0000-000000000732,tx_norm_000661_3d3fec,c1000000-0000-0000-0000-000000000022,c1000000-0000-0000-0000-000000000088,P2P,355.06,0.0,COMPLETED,d1000000-0000-0000-0000-000000000024,b1000000-0000-0000-0000-000000000018,2026-01-20T16:33:44+00:00,1,NORMAL_TRANSACTION,Normal Transaction,NORMAL,[],0,0,NORMAL_BASELINE
e1000000-0000-0000-0000-000000000733,tx_norm_000670_662051,c1000000-0000-0000-0000-000000000114,c1000000-0000-0000-0000-000000000032,CASH_IN,3585.61,0.0,COMPLETED,d1000000-0000-0000-0000-000000000009,b1000000-0000-0000-0000-000000000015,2026-01-20T16:34:00+00:00,1,NORMAL_TRANSACTION,Normal Transaction,NORMAL,[],0,0,NORMAL_BASELINE
e1000000-0000-0000-0000-000000000734,tx_norm_000729_33bb73,c1000000-0000-0000-0000-000000000017,c1000000-0000-0000-0000-000000000024,P2P,3956.02,5.0,COMPLETED,d1000000-0000-0000-0000-000000000013,b1000000-0000-0000-0000-000000000009,2026-01-20T16:42:04+00:00,1,NORMAL_TRANSACTION,Normal Transaction,NORMAL,[],0,0,NORMAL_BASELINE
e1000000-0000-0000-0000-000000000735,tx_norm_000771_92a97a,c1000000-0000-0000-0000-000000000088,c1000000-0000-0000-0000-000000000113,CASH_OUT,3630.0,54.09,COMPLETED,d1000000-0000-0000-0000-000000000008,b1000000-0000-0000-0000-000000000017,2026-01-20T16:43:39+00:00,1,NORMAL_TRANSACTION,Normal Transaction,NORMAL,[],0,0,NORMAL_BASELINE
e1000000-0000-0000-0000-000000000736,tx_norm_000775_519580,c1000000-0000-0000-0000-000000000019,c1000000-0000-0000-0000-000000000095,P2P,326.78,0.0,COMPLETED,d1000000-0000-0000-0000-000000000013,b1000000-0000-0000-0000-000000000009,2026-01-20T16:46:07+00:00,1,NORMAL_TRANSACTION,Normal Transaction,NORMAL,[],0,0,NORMAL_BASELINE
e1000000-0000-0000-0000-000000000737,tx_norm_000685_915d9a,c1000000-0000-0000-0000-000000000115,c1000000-0000-0000-0000-000000000033,CASH_IN,6059.25,0.0,COMPLETED,d1000000-0000-0000-0000-000000000011,b1000000-0000-0000-0000-000000000011,2026-01-20T16:46:20+00:00,1,NORMAL_TRANSACTION,Normal Transaction,NORMAL,[],0,0,NORMAL_BASELINE
e1000000-0000-0000-0000-000000000738,tx_norm_000736_b3da58,c1000000-0000-0000-0000-000000000014,c1000000-0000-0000-0000-000000000138,PAYMENT,2207.2,0.0,COMPLETED,d1000000-0000-0000-0000-000000000027,b1000000-0000-0000-0000-000000000012,2026-01-20T16:47:35+00:00,1,NORMAL_TRANSACTION,Normal Transaction,NORMAL,[],0,0,NORMAL_BASELINE
e1000000-0000-0000-0000-000000000739,tx_norm_000733_440c7e,c1000000-0000-0000-0000-000000000048,c1000000-0000-0000-0000-000000000133,PAYMENT,2662.11,0.0,COMPLETED,d1000000-0000-0000-0000-000000000014,b1000000-0000-0000-0000-000000000012,2026-01-20T16:47:56+00:00,1,NORMAL_TRANSACTION,Normal Transaction,NORMAL,[],0,0,NORMAL_BASELINE
e1000000-0000-0000-0000-000000000740,tx_norm_000696_ee7ca7,c1000000-0000-0000-0000-000000000080,c1000000-0000-0000-0000-000000000020,P2P,562.54,5.0,COMPLETED,d1000000-0000-0000-0000-000000000029,b1000000-0000-0000-0000-000000000005,2026-01-20T16:48:05+00:00,1,NORMAL_TRANSACTION,Normal Transaction,NORMAL,[],0,0,NORMAL_BASELINE
e1000000-0000-0000-0000-000000000741,tx_norm_000750_bb48bb,c1000000-0000-0000-0000-000000000029,c1000000-0000-0000-0000-000000000135,PAYMENT,304.09,0.0,COMPLETED,d1000000-0000-0000-0000-000000000014,b1000000-0000-0000-0000-000000000006,2026-01-20T17:09:20+00:00,1,NORMAL_TRANSACTION,Normal Transaction,NORMAL,[],0,0,NORMAL_BASELINE
e1000000-0000-0000-0000-000000000742,tx_norm_000664_f68ae9,c1000000-0000-0000-0000-000000000036,c1000000-0000-0000-0000-000000000136,RECHARGE,500.0,0.0,COMPLETED,d1000000-0000-0000-0000-000000000027,b1000000-0000-0000-0000-000000000003,2026-01-20T17:22:22+00:00,1,NORMAL_TRANSACTION,Normal Transaction,NORMAL,[],0,0,NORMAL_BASELINE
e1000000-0000-0000-0000-000000000743,tx_norm_000654_a8c6c2,c1000000-0000-0000-0000-000000000129,c1000000-0000-0000-0000-000000000018,CASH_IN,8694.99,0.0,COMPLETED,d1000000-0000-0000-0000-000000000011,b1000000-0000-0000-0000-000000000001,2026-01-20T17:22:49+00:00,1,NORMAL_TRANSACTION,Normal Transaction,NORMAL,[],0,0,NORMAL_BASELINE
e1000000-0000-0000-0000-000000000744,tx_norm_000708_26f341,c1000000-0000-0000-0000-000000000121,c1000000-0000-0000-0000-000000000025,CASH_IN,3885.79,0.0,COMPLETED,d1000000-0000-0000-0000-000000000009,b1000000-0000-0000-0000-000000000014,2026-01-20T17:28:17+00:00,1,NORMAL_TRANSACTION,Normal Transaction,NORMAL,[],0,0,NORMAL_BASELINE
e1000000-0000-0000-0000-000000000745,tx_norm_000738_531c88,c1000000-0000-0000-0000-000000000041,c1000000-0000-0000-0000-000000000072,P2P,4463.29,5.0,COMPLETED,d1000000-0000-0000-0000-000000000008,b1000000-0000-0000-0000-000000000008,2026-01-20T17:28:59+00:00,1,NORMAL_TRANSACTION,Normal Transaction,NORMAL,[],0,0,NORMAL_BASELINE
e1000000-0000-0000-0000-000000000746,tx_norm_000773_e60d7a,c1000000-0000-0000-0000-000000000018,c1000000-0000-0000-0000-000000000115,CASH_OUT,5663.99,84.39,COMPLETED,d1000000-0000-0000-0000-000000000027,b1000000-0000-0000-0000-000000000011,2026-01-20T17:34:43+00:00,1,NORMAL_TRANSACTION,Normal Transaction,NORMAL,[],0,0,NORMAL_BASELINE
e1000000-0000-0000-0000-000000000747,tx_norm_000778_5bf88d,c1000000-0000-0000-0000-000000000030,c1000000-0000-0000-0000-000000000031,P2P,3155.72,5.0,COMPLETED,d1000000-0000-0000-0000-000000000029,b1000000-0000-0000-0000-000000000009,2026-01-20T17:36:39+00:00,1,NORMAL_TRANSACTION,Normal Transaction,NORMAL,[],0,0,NORMAL_BASELINE
e1000000-0000-0000-0000-000000000748,tx_norm_000783_be125f,c1000000-0000-0000-0000-000000000041,c1000000-0000-0000-0000-000000000052,P2P,2829.47,5.0,COMPLETED,d1000000-0000-0000-0000-000000000008,b1000000-0000-0000-0000-000000000008,2026-01-20T17:47:52+00:00,1,NORMAL_TRANSACTION,Normal Transaction,NORMAL,[],0,0,NORMAL_BASELINE
e1000000-0000-0000-0000-000000000749,tx_norm_000747_0e50f3,c1000000-0000-0000-0000-000000000124,c1000000-0000-0000-0000-000000000049,CASH_IN,1706.3,0.0,COMPLETED,d1000000-0000-0000-0000-000000000010,b1000000-0000-0000-0000-000000000010,2026-01-20T18:19:02+00:00,1,NORMAL_TRANSACTION,Normal Transaction,NORMAL,[],0,0,NORMAL_BASELINE
e1000000-0000-0000-0000-000000000750,tx_norm_000732_0f8a0c,c1000000-0000-0000-0000-000000000011,c1000000-0000-0000-0000-000000000120,CASH_OUT,6507.65,96.96,COMPLETED,d1000000-0000-0000-0000-000000000020,b1000000-0000-0000-0000-000000000013,2026-01-20T18:31:59+00:00,1,NORMAL_TRANSACTION,Normal Transaction,NORMAL,[],0,0,NORMAL_BASELINE
e1000000-0000-0000-0000-000000000751,tx_norm_000700_88a613,c1000000-0000-0000-0000-000000000056,c1000000-0000-0000-0000-000000000122,CASH_OUT,5298.4,78.95,COMPLETED,d1000000-0000-0000-0000-000000000006,b1000000-0000-0000-0000-000000000002,2026-01-20T18:47:40+00:00,1,NORMAL_TRANSACTION,Normal Transaction,NORMAL,[],0,0,NORMAL_BASELINE
e1000000-0000-0000-0000-000000000752,tx_norm_000710_6b950c,c1000000-0000-0000-0000-000000000002,c1000000-0000-0000-0000-000000000065,P2P,1133.91,5.0,COMPLETED,d1000000-0000-0000-0000-000000000022,b1000000-0000-0000-0000-000000000018,2026-01-20T19:00:14+00:00,1,NORMAL_TRANSACTION,Normal Transaction,NORMAL,[],0,0,NORMAL_BASELINE
e1000000-0000-0000-0000-000000000753,tx_norm_000727_86296f,c1000000-0000-0000-0000-000000000105,c1000000-0000-0000-0000-000000000139,RECHARGE,50.0,0.0,COMPLETED,d1000000-0000-0000-0000-000000000015,b1000000-0000-0000-0000-000000000007,2026-01-20T19:04:42+00:00,1,NORMAL_TRANSACTION,Normal Transaction,NORMAL,[],0,0,NORMAL_BASELINE
e1000000-0000-0000-0000-000000000754,tx_norm_000766_32e97c,c1000000-0000-0000-0000-000000000077,c1000000-0000-0000-0000-000000000069,P2P,578.49,5.0,COMPLETED,d1000000-0000-0000-0000-000000000002,b1000000-0000-0000-0000-000000000001,2026-01-20T19:06:57+00:00,1,NORMAL_TRANSACTION,Normal Transaction,NORMAL,[],0,0,NORMAL_BASELINE
e1000000-0000-0000-0000-000000000755,tx_norm_000762_a9dcfe,c1000000-0000-0000-0000-000000000106,c1000000-0000-0000-0000-000000000049,CASH_IN,6247.04,0.0,COMPLETED,d1000000-0000-0000-0000-000000000011,b1000000-0000-0000-0000-000000000006,2026-01-20T19:09:44+00:00,1,NORMAL_TRANSACTION,Normal Transaction,NORMAL,[],0,0,NORMAL_BASELINE
e1000000-0000-0000-0000-000000000756,tx_norm_000722_e60ec8,c1000000-0000-0000-0000-000000000117,c1000000-0000-0000-0000-000000000093,CASH_IN,2212.59,0.0,COMPLETED,d1000000-0000-0000-0000-000000000009,b1000000-0000-0000-0000-000000000009,2026-01-20T19:12:01+00:00,1,NORMAL_TRANSACTION,Normal Transaction,NORMAL,[],0,0,NORMAL_BASELINE
e1000000-0000-0000-0000-000000000757,tx_norm_000655_668b28,c1000000-0000-0000-0000-000000000111,c1000000-0000-0000-0000-000000000013,CASH_IN,2930.12,0.0,COMPLETED,d1000000-0000-0000-0000-000000000009,b1000000-0000-0000-0000-000000000005,2026-01-20T19:14:28+00:00,1,NORMAL_TRANSACTION,Normal Transaction,NORMAL,[],0,0,NORMAL_BASELINE
e1000000-0000-0000-0000-000000000758,tx_norm_000735_91ed55,c1000000-0000-0000-0000-000000000025,c1000000-0000-0000-0000-000000000069,P2P,3024.57,5.0,COMPLETED,d1000000-0000-0000-0000-000000000028,b1000000-0000-0000-0000-000000000004,2026-01-20T19:14:34+00:00,1,NORMAL_TRANSACTION,Normal Transaction,NORMAL,[],0,0,NORMAL_BASELINE
e1000000-0000-0000-0000-000000000759,tx_norm_000761_7ba79d,c1000000-0000-0000-0000-000000000067,c1000000-0000-0000-0000-000000000098,P2P,1312.23,5.0,COMPLETED,d1000000-0000-0000-0000-000000000030,b1000000-0000-0000-0000-000000000003,2026-01-20T19:34:13+00:00,1,NORMAL_TRANSACTION,Normal Transaction,NORMAL,[],0,0,NORMAL_BASELINE
e1000000-0000-0000-0000-000000000760,tx_norm_000731_03599c,c1000000-0000-0000-0000-000000000029,c1000000-0000-0000-0000-000000000079,P2P,3286.73,5.0,COMPLETED,d1000000-0000-0000-0000-000000000014,b1000000-0000-0000-0000-000000000006,2026-01-20T19:37:16+00:00,1,NORMAL_TRANSACTION,Normal Transaction,NORMAL,[],0,0,NORMAL_BASELINE
e1000000-0000-0000-0000-000000000761,tx_norm_000659_706078,c1000000-0000-0000-0000-000000000105,c1000000-0000-0000-0000-000000000111,CASH_OUT,5302.18,79.0,COMPLETED,d1000000-0000-0000-0000-000000000015,b1000000-0000-0000-0000-000000000005,2026-01-20T19:38:03+00:00,1,NORMAL_TRANSACTION,Normal Transaction,NORMAL,[],0,0,NORMAL_BASELINE
e1000000-0000-0000-0000-000000000762,tx_norm_000779_5fbbcd,c1000000-0000-0000-0000-000000000078,c1000000-0000-0000-0000-000000000061,P2P,3261.68,5.0,COMPLETED,d1000000-0000-0000-0000-000000000009,b1000000-0000-0000-0000-000000000006,2026-01-20T19:49:30+00:00,1,NORMAL_TRANSACTION,Normal Transaction,NORMAL,[],0,0,NORMAL_BASELINE
e1000000-0000-0000-0000-000000000763,tx_norm_000657_4359ff,c1000000-0000-0000-0000-000000000077,c1000000-0000-0000-0000-000000000056,P2P,579.0,5.0,COMPLETED,d1000000-0000-0000-0000-000000000002,b1000000-0000-0000-0000-000000000001,2026-01-20T20:05:52+00:00,1,NORMAL_TRANSACTION,Normal Transaction,NORMAL,[],0,0,NORMAL_BASELINE
e1000000-0000-0000-0000-000000000764,tx_norm_000777_9df034,c1000000-0000-0000-0000-000000000004,c1000000-0000-0000-0000-000000000099,P2P,4439.61,5.0,COMPLETED,d1000000-0000-0000-0000-000000000018,b1000000-0000-0000-0000-000000000007,2026-01-20T20:12:06+00:00,1,NORMAL_TRANSACTION,Normal Transaction,NORMAL,[],0,0,NORMAL_BASELINE
e1000000-0000-0000-0000-000000000765,tx_norm_000683_f58ab7,c1000000-0000-0000-0000-000000000049,c1000000-0000-0000-0000-000000000136,PAYMENT,594.82,0.0,COMPLETED,d1000000-0000-0000-0000-000000000024,b1000000-0000-0000-0000-000000000002,2026-01-20T20:15:35+00:00,1,NORMAL_TRANSACTION,Normal Transaction,NORMAL,[],0,0,NORMAL_BASELINE
e1000000-0000-0000-0000-000000000766,tx_norm_000707_1c4050,c1000000-0000-0000-0000-000000000009,c1000000-0000-0000-0000-000000000025,P2P,787.48,5.0,COMPLETED,d1000000-0000-0000-0000-000000000024,b1000000-0000-0000-0000-000000000015,2026-01-20T20:17:26+00:00,1,NORMAL_TRANSACTION,Normal Transaction,NORMAL,[],0,0,NORMAL_BASELINE
e1000000-0000-0000-0000-000000000767,tx_norm_000704_696785,c1000000-0000-0000-0000-000000000001,c1000000-0000-0000-0000-000000000072,P2P,1806.67,5.0,COMPLETED,d1000000-0000-0000-0000-000000000009,b1000000-0000-0000-0000-000000000008,2026-01-20T20:18:38+00:00,1,NORMAL_TRANSACTION,Normal Transaction,NORMAL,[],0,0,NORMAL_BASELINE
e1000000-0000-0000-0000-000000000768,tx_norm_000757_25545c,c1000000-0000-0000-0000-000000000079,c1000000-0000-0000-0000-000000000140,RECHARGE,500.0,0.0,COMPLETED,d1000000-0000-0000-0000-000000000014,b1000000-0000-0000-0000-000000000018,2026-01-20T20:19:10+00:00,1,NORMAL_TRANSACTION,Normal Transaction,NORMAL,[],0,0,NORMAL_BASELINE
e1000000-0000-0000-0000-000000000769,tx_norm_000668_420079,c1000000-0000-0000-0000-000000000059,c1000000-0000-0000-0000-000000000133,PAYMENT,1620.01,0.0,COMPLETED,d1000000-0000-0000-0000-000000000010,b1000000-0000-0000-0000-000000000007,2026-01-20T20:21:49+00:00,1,NORMAL_TRANSACTION,Normal Transaction,NORMAL,[],0,0,NORMAL_BASELINE
e1000000-0000-0000-0000-000000000770,tx_norm_000728_1c4760,c1000000-0000-0000-0000-000000000042,c1000000-0000-0000-0000-000000000139,PAYMENT,2104.76,0.0,COMPLETED,d1000000-0000-0000-0000-000000000018,b1000000-0000-0000-0000-000000000008,2026-01-20T20:35:09+00:00,1,NORMAL_TRANSACTION,Normal Transaction,NORMAL,[],0,0,NORMAL_BASELINE
e1000000-0000-0000-0000-000000000771,tx_norm_000653_fd0ee0,c1000000-0000-0000-0000-000000000072,c1000000-0000-0000-0000-000000000073,P2P,2280.17,5.0,COMPLETED,d1000000-0000-0000-0000-000000000027,b1000000-0000-0000-0000-000000000018,2026-01-20T20:35:30+00:00,1,NORMAL_TRANSACTION,Normal Transaction,NORMAL,[],0,0,NORMAL_BASELINE
e1000000-0000-0000-0000-000000000772,tx_norm_000656_f6ee13,c1000000-0000-0000-0000-000000000128,c1000000-0000-0000-0000-000000000007,CASH_IN,2446.64,0.0,COMPLETED,d1000000-0000-0000-0000-000000000009,b1000000-0000-0000-0000-000000000018,2026-01-20T20:35:39+00:00,1,NORMAL_TRANSACTION,Normal Transaction,NORMAL,[],0,0,NORMAL_BASELINE
e1000000-0000-0000-0000-000000000773,tx_norm_000720_ca9d88,c1000000-0000-0000-0000-000000000083,c1000000-0000-0000-0000-000000000020,P2P,3215.71,5.0,COMPLETED,d1000000-0000-0000-0000-000000000008,b1000000-0000-0000-0000-000000000004,2026-01-20T20:40:03+00:00,1,NORMAL_TRANSACTION,Normal Transaction,NORMAL,[],0,0,NORMAL_BASELINE
e1000000-0000-0000-0000-000000000774,tx_norm_000711_148980,c1000000-0000-0000-0000-000000000060,c1000000-0000-0000-0000-000000000133,RECHARGE,100.0,0.0,COMPLETED,d1000000-0000-0000-0000-000000000011,b1000000-0000-0000-0000-000000000002,2026-01-20T20:51:31+00:00,1,NORMAL_TRANSACTION,Normal Transaction,NORMAL,[],0,0,NORMAL_BASELINE
e1000000-0000-0000-0000-000000000775,tx_norm_000693_2f132a,c1000000-0000-0000-0000-000000000122,c1000000-0000-0000-0000-000000000058,CASH_IN,4725.9,0.0,COMPLETED,d1000000-0000-0000-0000-000000000010,b1000000-0000-0000-0000-000000000002,2026-01-20T20:55:23+00:00,1,NORMAL_TRANSACTION,Normal Transaction,NORMAL,[],0,0,NORMAL_BASELINE
e1000000-0000-0000-0000-000000000776,tx_norm_000765_6175a2,c1000000-0000-0000-0000-000000000084,c1000000-0000-0000-0000-000000000050,P2P,1194.03,5.0,COMPLETED,d1000000-0000-0000-0000-000000000024,b1000000-0000-0000-0000-000000000005,2026-01-20T21:06:01+00:00,1,NORMAL_TRANSACTION,Normal Transaction,NORMAL,[],0,0,NORMAL_BASELINE
e1000000-0000-0000-0000-000000000777,tx_norm_000673_c76883,c1000000-0000-0000-0000-000000000032,c1000000-0000-0000-0000-000000000081,P2P,1730.92,5.0,COMPLETED,d1000000-0000-0000-0000-000000000005,b1000000-0000-0000-0000-000000000012,2026-01-20T21:16:13+00:00,1,NORMAL_TRANSACTION,Normal Transaction,NORMAL,[],0,0,NORMAL_BASELINE
e1000000-0000-0000-0000-000000000778,tx_norm_000676_38db12,c1000000-0000-0000-0000-000000000098,c1000000-0000-0000-0000-000000000066,P2P,1405.15,5.0,COMPLETED,d1000000-0000-0000-0000-000000000022,b1000000-0000-0000-0000-000000000011,2026-01-20T21:17:31+00:00,1,NORMAL_TRANSACTION,Normal Transaction,NORMAL,[],0,0,NORMAL_BASELINE
e1000000-0000-0000-0000-000000000779,tx_norm_000780_68994c,c1000000-0000-0000-0000-000000000021,c1000000-0000-0000-0000-000000000136,PAYMENT,840.13,0.0,COMPLETED,d1000000-0000-0000-0000-000000000030,b1000000-0000-0000-0000-000000000015,2026-01-20T21:24:31+00:00,1,NORMAL_TRANSACTION,Normal Transaction,NORMAL,[],0,0,NORMAL_BASELINE
e1000000-0000-0000-0000-000000000780,tx_norm_000713_c56f05,c1000000-0000-0000-0000-000000000099,c1000000-0000-0000-0000-000000000092,P2P,1270.54,5.0,COMPLETED,d1000000-0000-0000-0000-000000000004,b1000000-0000-0000-0000-000000000010,2026-01-20T21:24:53+00:00,1,NORMAL_TRANSACTION,Normal Transaction,NORMAL,[],0,0,NORMAL_BASELINE
e1000000-0000-0000-0000-000000000781,tx_norm_000782_c6b602,c1000000-0000-0000-0000-000000000120,c1000000-0000-0000-0000-000000000032,CASH_IN,4848.0,0.0,COMPLETED,d1000000-0000-0000-0000-000000000009,b1000000-0000-0000-0000-000000000013,2026-01-20T21:39:31+00:00,1,NORMAL_TRANSACTION,Normal Transaction,NORMAL,[],0,0,NORMAL_BASELINE
e1000000-0000-0000-0000-000000000782,tx_norm_000678_50ce85,c1000000-0000-0000-0000-000000000016,c1000000-0000-0000-0000-000000000091,P2P,2428.28,5.0,COMPLETED,d1000000-0000-0000-0000-000000000006,b1000000-0000-0000-0000-000000000018,2026-01-20T21:43:49+00:00,1,NORMAL_TRANSACTION,Normal Transaction,NORMAL,[],0,0,NORMAL_BASELINE
e1000000-0000-0000-0000-000000000783,tx_norm_000667_c51c91,c1000000-0000-0000-0000-000000000057,c1000000-0000-0000-0000-000000000049,P2P,2621.62,5.0,COMPLETED,d1000000-0000-0000-0000-000000000026,b1000000-0000-0000-0000-000000000015,2026-01-20T21:50:36+00:00,1,NORMAL_TRANSACTION,Normal Transaction,NORMAL,[],0,0,NORMAL_BASELINE
e1000000-0000-0000-0000-000000000784,tx_norm_000904_48a2a1,c1000000-0000-0000-0000-000000000091,c1000000-0000-0000-0000-000000000126,CASH_OUT,4952.98,73.8,COMPLETED,d1000000-0000-0000-0000-000000000009,b1000000-0000-0000-0000-000000000014,2026-01-21T08:00:11+00:00,1,NORMAL_TRANSACTION,Normal Transaction,NORMAL,[],0,0,NORMAL_BASELINE
e1000000-0000-0000-0000-000000000785,tx_norm_000894_1e4182,c1000000-0000-0000-0000-000000000101,c1000000-0000-0000-0000-000000000093,P2P,384.1,0.0,COMPLETED,d1000000-0000-0000-0000-000000000007,b1000000-0000-0000-0000-000000000014,2026-01-21T08:02:21+00:00,1,NORMAL_TRANSACTION,Normal Transaction,NORMAL,[],0,0,NORMAL_BASELINE
e1000000-0000-0000-0000-000000000786,tx_norm_000897_e797f3,c1000000-0000-0000-0000-000000000002,c1000000-0000-0000-0000-000000000135,PAYMENT,2079.62,0.0,COMPLETED,d1000000-0000-0000-0000-000000000022,b1000000-0000-0000-0000-000000000018,2026-01-21T08:15:44+00:00,1,NORMAL_TRANSACTION,Normal Transaction,NORMAL,[],0,0,NORMAL_BASELINE
e1000000-0000-0000-0000-000000000787,tx_norm_000798_3527bc,c1000000-0000-0000-0000-000000000080,c1000000-0000-0000-0000-000000000141,PAYMENT,2651.37,0.0,COMPLETED,d1000000-0000-0000-0000-000000000029,b1000000-0000-0000-0000-000000000005,2026-01-21T08:15:56+00:00,1,NORMAL_TRANSACTION,Normal Transaction,NORMAL,[],0,0,NORMAL_BASELINE
e1000000-0000-0000-0000-000000000788,tx_norm_000862_472119,c1000000-0000-0000-0000-000000000065,c1000000-0000-0000-0000-000000000010,P2P,3861.21,5.0,COMPLETED,d1000000-0000-0000-0000-000000000009,b1000000-0000-0000-0000-000000000007,2026-01-21T08:18:31+00:00,1,NORMAL_TRANSACTION,Normal Transaction,NORMAL,[],0,0,NORMAL_BASELINE
e1000000-0000-0000-0000-000000000789,tx_norm_000823_e3a1af,c1000000-0000-0000-0000-000000000077,c1000000-0000-0000-0000-000000000012,P2P,1633.15,5.0,COMPLETED,d1000000-0000-0000-0000-000000000002,b1000000-0000-0000-0000-000000000001,2026-01-21T08:19:59+00:00,1,NORMAL_TRANSACTION,Normal Transaction,NORMAL,[],0,0,NORMAL_BASELINE
e1000000-0000-0000-0000-000000000790,tx_norm_000888_ef5eec,c1000000-0000-0000-0000-000000000062,c1000000-0000-0000-0000-000000000109,CASH_OUT,4754.33,70.84,COMPLETED,d1000000-0000-0000-0000-000000000003,b1000000-0000-0000-0000-000000000003,2026-01-21T08:24:44+00:00,1,NORMAL_TRANSACTION,Normal Transaction,NORMAL,[],0,0,NORMAL_BASELINE
e1000000-0000-0000-0000-000000000791,tx_norm_000796_e1f8d1,c1000000-0000-0000-0000-000000000070,c1000000-0000-0000-0000-000000000131,CASH_OUT,543.13,8.09,COMPLETED,d1000000-0000-0000-0000-000000000012,b1000000-0000-0000-0000-000000000015,2026-01-21T08:29:31+00:00,1,NORMAL_TRANSACTION,Normal Transaction,NORMAL,[],0,0,NORMAL_BASELINE
e1000000-0000-0000-0000-000000000792,tx_norm_000810_4cdf69,c1000000-0000-0000-0000-000000000114,c1000000-0000-0000-0000-000000000102,CASH_IN,1610.52,0.0,COMPLETED,d1000000-0000-0000-0000-000000000009,b1000000-0000-0000-0000-000000000015,2026-01-21T08:40:12+00:00,1,NORMAL_TRANSACTION,Normal Transaction,NORMAL,[],0,0,NORMAL_BASELINE
e1000000-0000-0000-0000-000000000793,tx_norm_000868_661423,c1000000-0000-0000-0000-000000000109,c1000000-0000-0000-0000-000000000007,CASH_IN,2508.4,0.0,COMPLETED,d1000000-0000-0000-0000-000000000010,b1000000-0000-0000-0000-000000000003,2026-01-21T08:41:16+00:00,1,NORMAL_TRANSACTION,Normal Transaction,NORMAL,[],0,0,NORMAL_BASELINE
e1000000-0000-0000-0000-000000000794,tx_norm_000911_ce1e8d,c1000000-0000-0000-0000-000000000056,c1000000-0000-0000-0000-000000000033,P2P,1637.47,5.0,COMPLETED,d1000000-0000-0000-0000-000000000006,b1000000-0000-0000-0000-000000000013,2026-01-21T08:41:23+00:00,1,NORMAL_TRANSACTION,Normal Transaction,NORMAL,[],0,0,NORMAL_BASELINE
e1000000-0000-0000-0000-000000000795,tx_norm_000847_dd9d2e,c1000000-0000-0000-0000-000000000046,c1000000-0000-0000-0000-000000000109,CASH_OUT,6959.36,103.69,COMPLETED,d1000000-0000-0000-0000-000000000030,b1000000-0000-0000-0000-000000000003,2026-01-21T08:45:35+00:00,1,NORMAL_TRANSACTION,Normal Transaction,NORMAL,[],0,0,NORMAL_BASELINE
e1000000-0000-0000-0000-000000000796,tx_norm_000885_aa239b,c1000000-0000-0000-0000-000000000082,c1000000-0000-0000-0000-000000000001,P2P,4211.44,5.0,COMPLETED,d1000000-0000-0000-0000-000000000010,b1000000-0000-0000-0000-000000000012,2026-01-21T08:57:31+00:00,1,NORMAL_TRANSACTION,Normal Transaction,NORMAL,[],0,0,NORMAL_BASELINE
e1000000-0000-0000-0000-000000000797,tx_norm_000896_eb034c,c1000000-0000-0000-0000-000000000084,c1000000-0000-0000-0000-000000000003,P2P,2226.24,5.0,COMPLETED,d1000000-0000-0000-0000-000000000024,b1000000-0000-0000-0000-000000000005,2026-01-21T09:02:47+00:00,1,NORMAL_TRANSACTION,Normal Transaction,NORMAL,[],0,0,NORMAL_BASELINE
e1000000-0000-0000-0000-000000000798,tx_norm_000816_d7a7e7,c1000000-0000-0000-0000-000000000044,c1000000-0000-0000-0000-000000000118,CASH_OUT,5198.83,77.46,COMPLETED,d1000000-0000-0000-0000-000000000028,b1000000-0000-0000-0000-000000000015,2026-01-21T09:09:17+00:00,1,NORMAL_TRANSACTION,Normal Transaction,NORMAL,[],0,0,NORMAL_BASELINE
e1000000-0000-0000-0000-000000000799,tx_norm_000883_e9a0c2,c1000000-0000-0000-0000-000000000112,c1000000-0000-0000-0000-000000000079,CASH_IN,6790.04,0.0,COMPLETED,d1000000-0000-0000-0000-000000000009,b1000000-0000-0000-0000-000000000014,2026-01-21T09:09:34+00:00,1,NORMAL_TRANSACTION,Normal Transaction,NORMAL,[],0,0,NORMAL_BASELINE
e1000000-0000-0000-0000-000000000800,tx_norm_000835_9abc98,c1000000-0000-0000-0000-000000000022,c1000000-0000-0000-0000-000000000137,PAYMENT,2492.22,0.0,COMPLETED,d1000000-0000-0000-0000-000000000024,b1000000-0000-0000-0000-000000000018,2026-01-21T09:22:30+00:00,1,NORMAL_TRANSACTION,Normal Transaction,NORMAL,[],0,0,NORMAL_BASELINE
e1000000-0000-0000-0000-000000000801,tx_norm_000824_4fe898,c1000000-0000-0000-0000-000000000115,c1000000-0000-0000-0000-000000000003,CASH_IN,6198.04,0.0,COMPLETED,d1000000-0000-0000-0000-000000000011,b1000000-0000-0000-0000-000000000011,2026-01-21T09:33:49+00:00,1,NORMAL_TRANSACTION,Normal Transaction,NORMAL,[],0,0,NORMAL_BASELINE
e1000000-0000-0000-0000-000000000802,tx_norm_000879_a3871e,c1000000-0000-0000-0000-000000000060,c1000000-0000-0000-0000-000000000086,P2P,4225.58,5.0,COMPLETED,d1000000-0000-0000-0000-000000000011,b1000000-0000-0000-0000-000000000002,2026-01-21T09:44:11+00:00,1,NORMAL_TRANSACTION,Normal Transaction,NORMAL,[],0,0,NORMAL_BASELINE
e1000000-0000-0000-0000-000000000803,tx_norm_000903_7ca9e6,c1000000-0000-0000-0000-000000000049,c1000000-0000-0000-0000-000000000135,PAYMENT,197.67,0.0,COMPLETED,d1000000-0000-0000-0000-000000000024,b1000000-0000-0000-0000-000000000002,2026-01-21T09:50:54+00:00,1,NORMAL_TRANSACTION,Normal Transaction,NORMAL,[],0,0,NORMAL_BASELINE
e1000000-0000-0000-0000-000000000804,tx_norm_000890_8df21a,c1000000-0000-0000-0000-000000000115,c1000000-0000-0000-0000-000000000083,CASH_IN,2828.08,0.0,COMPLETED,d1000000-0000-0000-0000-000000000011,b1000000-0000-0000-0000-000000000011,2026-01-21T09:53:29+00:00,1,NORMAL_TRANSACTION,Normal Transaction,NORMAL,[],0,0,NORMAL_BASELINE
e1000000-0000-0000-0000-000000000805,tx_norm_000878_90e9e2,c1000000-0000-0000-0000-000000000085,c1000000-0000-0000-0000-000000000099,P2P,4069.56,5.0,COMPLETED,d1000000-0000-0000-0000-000000000026,b1000000-0000-0000-0000-000000000006,2026-01-21T09:54:38+00:00,1,NORMAL_TRANSACTION,Normal Transaction,NORMAL,[],0,0,NORMAL_BASELINE
e1000000-0000-0000-0000-000000000806,tx_norm_000892_067e4b,c1000000-0000-0000-0000-000000000025,c1000000-0000-0000-0000-000000000135,PAYMENT,258.88,0.0,COMPLETED,d1000000-0000-0000-0000-000000000028,b1000000-0000-0000-0000-000000000004,2026-01-21T09:56:40+00:00,1,NORMAL_TRANSACTION,Normal Transaction,NORMAL,[],0,0,NORMAL_BASELINE
e1000000-0000-0000-0000-000000000807,tx_norm_000828_214c87,c1000000-0000-0000-0000-000000000044,c1000000-0000-0000-0000-000000000141,PAYMENT,1503.13,0.0,COMPLETED,d1000000-0000-0000-0000-000000000028,b1000000-0000-0000-0000-000000000011,2026-01-21T10:04:19+00:00,1,NORMAL_TRANSACTION,Normal Transaction,NORMAL,[],0,0,NORMAL_BASELINE
e1000000-0000-0000-0000-000000000808,tx_norm_000799_aac049,c1000000-0000-0000-0000-000000000107,c1000000-0000-0000-0000-000000000019,CASH_IN,8684.46,0.0,COMPLETED,d1000000-0000-0000-0000-000000000011,b1000000-0000-0000-0000-000000000011,2026-01-21T10:09:03+00:00,1,NORMAL_TRANSACTION,Normal Transaction,NORMAL,[],0,0,NORMAL_BASELINE
e1000000-0000-0000-0000-000000000809,tx_norm_000841_c576c2,c1000000-0000-0000-0000-000000000014,c1000000-0000-0000-0000-000000000089,P2P,3700.49,5.0,COMPLETED,d1000000-0000-0000-0000-000000000027,b1000000-0000-0000-0000-000000000012,2026-01-21T10:19:25+00:00,1,NORMAL_TRANSACTION,Normal Transaction,NORMAL,[],0,0,NORMAL_BASELINE
e1000000-0000-0000-0000-000000000810,tx_norm_000788_c75aec,c1000000-0000-0000-0000-000000000012,c1000000-0000-0000-0000-000000000141,PAYMENT,495.17,0.0,COMPLETED,d1000000-0000-0000-0000-000000000002,b1000000-0000-0000-0000-000000000008,2026-01-21T10:29:53+00:00,1,NORMAL_TRANSACTION,Normal Transaction,NORMAL,[],0,0,NORMAL_BASELINE
e1000000-0000-0000-0000-000000000811,tx_norm_000838_c8c8cc,c1000000-0000-0000-0000-000000000027,c1000000-0000-0000-0000-000000000090,P2P,2741.17,5.0,COMPLETED,d1000000-0000-0000-0000-000000000015,b1000000-0000-0000-0000-000000000017,2026-01-21T10:30:24+00:00,1,NORMAL_TRANSACTION,Normal Transaction,NORMAL,[],0,0,NORMAL_BASELINE
e1000000-0000-0000-0000-000000000812,tx_norm_000836_a64272,c1000000-0000-0000-0000-000000000092,c1000000-0000-0000-0000-000000000134,PAYMENT,1143.9,0.0,COMPLETED,d1000000-0000-0000-0000-000000000027,b1000000-0000-0000-0000-000000000018,2026-01-21T10:32:06+00:00,1,NORMAL_TRANSACTION,Normal Transaction,NORMAL,[],0,0,NORMAL_BASELINE
e1000000-0000-0000-0000-000000000813,tx_norm_000863_9a940c,c1000000-0000-0000-0000-000000000033,c1000000-0000-0000-0000-000000000002,P2P,3388.15,5.0,COMPLETED,d1000000-0000-0000-0000-000000000030,b1000000-0000-0000-0000-000000000017,2026-01-21T10:39:17+00:00,1,NORMAL_TRANSACTION,Normal Transaction,NORMAL,[],0,0,NORMAL_BASELINE
e1000000-0000-0000-0000-000000000814,tx_norm_000801_749105,c1000000-0000-0000-0000-000000000089,c1000000-0000-0000-0000-000000000141,PAYMENT,691.13,0.0,COMPLETED,d1000000-0000-0000-0000-000000000026,b1000000-0000-0000-0000-000000000008,2026-01-21T10:43:18+00:00,1,NORMAL_TRANSACTION,Normal Transaction,NORMAL,[],0,0,NORMAL_BASELINE
e1000000-0000-0000-0000-000000000815,tx_norm_000902_0a6b3e,c1000000-0000-0000-0000-000000000057,c1000000-0000-0000-0000-000000000136,PAYMENT,2973.31,0.0,COMPLETED,d1000000-0000-0000-0000-000000000026,b1000000-0000-0000-0000-000000000015,2026-01-21T10:44:23+00:00,1,NORMAL_TRANSACTION,Normal Transaction,NORMAL,[],0,0,NORMAL_BASELINE
e1000000-0000-0000-0000-000000000816,tx_norm_000851_a46a07,c1000000-0000-0000-0000-000000000056,c1000000-0000-0000-0000-000000000135,PAYMENT,408.22,0.0,COMPLETED,d1000000-0000-0000-0000-000000000006,b1000000-0000-0000-0000-000000000013,2026-01-21T10:46:56+00:00,1,NORMAL_TRANSACTION,Normal Transaction,NORMAL,[],0,0,NORMAL_BASELINE
e1000000-0000-0000-0000-000000000817,tx_norm_000794_4f3c97,c1000000-0000-0000-0000-000000000092,c1000000-0000-0000-0000-000000000007,P2P,2004.2,5.0,COMPLETED,d1000000-0000-0000-0000-000000000027,b1000000-0000-0000-0000-000000000018,2026-01-21T10:55:09+00:00,1,NORMAL_TRANSACTION,Normal Transaction,NORMAL,[],0,0,NORMAL_BASELINE
e1000000-0000-0000-0000-000000000818,tx_norm_000808_d91b1a,c1000000-0000-0000-0000-000000000081,c1000000-0000-0000-0000-000000000103,P2P,707.08,5.0,COMPLETED,d1000000-0000-0000-0000-000000000019,b1000000-0000-0000-0000-000000000018,2026-01-21T11:00:07+00:00,1,NORMAL_TRANSACTION,Normal Transaction,NORMAL,[],0,0,NORMAL_BASELINE
e1000000-0000-0000-0000-000000000819,tx_norm_000797_99e954,c1000000-0000-0000-0000-000000000120,c1000000-0000-0000-0000-000000000053,CASH_IN,4976.88,0.0,COMPLETED,d1000000-0000-0000-0000-000000000009,b1000000-0000-0000-0000-000000000013,2026-01-21T11:13:37+00:00,1,NORMAL_TRANSACTION,Normal Transaction,NORMAL,[],0,0,NORMAL_BASELINE
e1000000-0000-0000-0000-000000000820,tx_norm_000848_67f1c1,c1000000-0000-0000-0000-000000000081,c1000000-0000-0000-0000-000000000138,PAYMENT,2320.91,0.0,COMPLETED,d1000000-0000-0000-0000-000000000019,b1000000-0000-0000-0000-000000000018,2026-01-21T11:27:44+00:00,1,NORMAL_TRANSACTION,Normal Transaction,NORMAL,[],0,0,NORMAL_BASELINE
e1000000-0000-0000-0000-000000000821,tx_norm_000893_88b04b,c1000000-0000-0000-0000-000000000070,c1000000-0000-0000-0000-000000000084,P2P,1523.24,5.0,COMPLETED,d1000000-0000-0000-0000-000000000012,b1000000-0000-0000-0000-000000000010,2026-01-21T11:31:24+00:00,1,NORMAL_TRANSACTION,Normal Transaction,NORMAL,[],0,0,NORMAL_BASELINE
e1000000-0000-0000-0000-000000000822,tx_norm_000819_33bcb8,c1000000-0000-0000-0000-000000000048,c1000000-0000-0000-0000-000000000102,P2P,360.8,0.0,COMPLETED,d1000000-0000-0000-0000-000000000014,b1000000-0000-0000-0000-000000000012,2026-01-21T11:33:19+00:00,1,NORMAL_TRANSACTION,Normal Transaction,NORMAL,[],0,0,NORMAL_BASELINE
e1000000-0000-0000-0000-000000000823,tx_norm_000867_d7825e,c1000000-0000-0000-0000-000000000111,c1000000-0000-0000-0000-000000000027,CASH_IN,6199.82,0.0,COMPLETED,d1000000-0000-0000-0000-000000000009,b1000000-0000-0000-0000-000000000005,2026-01-21T11:42:28+00:00,1,NORMAL_TRANSACTION,Normal Transaction,NORMAL,[],0,0,NORMAL_BASELINE
e1000000-0000-0000-0000-000000000824,tx_norm_000861_4ab056,c1000000-0000-0000-0000-000000000022,c1000000-0000-0000-0000-000000000133,PAYMENT,2151.78,0.0,COMPLETED,d1000000-0000-0000-0000-000000000024,b1000000-0000-0000-0000-000000000018,2026-01-21T12:03:40+00:00,1,NORMAL_TRANSACTION,Normal Transaction,NORMAL,[],0,0,NORMAL_BASELINE
e1000000-0000-0000-0000-000000000825,tx_norm_000826_1a3544,c1000000-0000-0000-0000-000000000002,c1000000-0000-0000-0000-000000000081,P2P,2606.39,5.0,COMPLETED,d1000000-0000-0000-0000-000000000022,b1000000-0000-0000-0000-000000000018,2026-01-21T12:09:10+00:00,1,NORMAL_TRANSACTION,Normal Transaction,NORMAL,[],0,0,NORMAL_BASELINE
e1000000-0000-0000-0000-000000000826,tx_norm_000886_b525a4,c1000000-0000-0000-0000-000000000051,c1000000-0000-0000-0000-000000000075,P2P,215.93,0.0,COMPLETED,d1000000-0000-0000-0000-000000000018,b1000000-0000-0000-0000-000000000015,2026-01-21T12:09:44+00:00,1,NORMAL_TRANSACTION,Normal Transaction,NORMAL,[],0,0,NORMAL_BASELINE
e1000000-0000-0000-0000-000000000827,tx_norm_000860_c8f72c,c1000000-0000-0000-0000-000000000125,c1000000-0000-0000-0000-000000000096,CASH_IN,3736.64,0.0,COMPLETED,d1000000-0000-0000-0000-000000000011,b1000000-0000-0000-0000-000000000018,2026-01-21T12:10:02+00:00,1,NORMAL_TRANSACTION,Normal Transaction,NORMAL,[],0,0,NORMAL_BASELINE
e1000000-0000-0000-0000-000000000828,tx_norm_000869_b4a2b6,c1000000-0000-0000-0000-000000000069,c1000000-0000-0000-0000-000000000113,CASH_OUT,3348.51,49.89,COMPLETED,d1000000-0000-0000-0000-000000000009,b1000000-0000-0000-0000-000000000017,2026-01-21T12:30:47+00:00,1,NORMAL_TRANSACTION,Normal Transaction,NORMAL,[],0,0,NORMAL_BASELINE
e1000000-0000-0000-0000-000000000829,tx_norm_000806_9008cd,c1000000-0000-0000-0000-000000000046,c1000000-0000-0000-0000-000000000135,RECHARGE,500.0,0.0,COMPLETED,d1000000-0000-0000-0000-000000000030,b1000000-0000-0000-0000-000000000019,2026-01-21T12:33:36+00:00,1,NORMAL_TRANSACTION,Normal Transaction,NORMAL,[],0,0,NORMAL_BASELINE
e1000000-0000-0000-0000-000000000830,tx_norm_000795_c3f0fa,c1000000-0000-0000-0000-000000000017,c1000000-0000-0000-0000-000000000027,P2P,215.19,0.0,COMPLETED,d1000000-0000-0000-0000-000000000013,b1000000-0000-0000-0000-000000000009,2026-01-21T12:40:11+00:00,1,NORMAL_TRANSACTION,Normal Transaction,NORMAL,[],0,0,NORMAL_BASELINE
e1000000-0000-0000-0000-000000000831,tx_norm_000873_bbfbf7,c1000000-0000-0000-0000-000000000099,c1000000-0000-0000-0000-000000000087,P2P,3421.09,5.0,COMPLETED,d1000000-0000-0000-0000-000000000004,b1000000-0000-0000-0000-000000000010,2026-01-21T12:41:37+00:00,1,NORMAL_TRANSACTION,Normal Transaction,NORMAL,[],0,0,NORMAL_BASELINE
e1000000-0000-0000-0000-000000000832,tx_norm_000880_41e0cf,c1000000-0000-0000-0000-000000000127,c1000000-0000-0000-0000-000000000099,CASH_IN,7931.08,0.0,COMPLETED,d1000000-0000-0000-0000-000000000011,b1000000-0000-0000-0000-000000000013,2026-01-21T12:49:27+00:00,1,NORMAL_TRANSACTION,Normal Transaction,NORMAL,[],0,0,NORMAL_BASELINE
e1000000-0000-0000-0000-000000000833,tx_norm_000900_cb08b6,c1000000-0000-0000-0000-000000000018,c1000000-0000-0000-0000-000000000138,PAYMENT,2701.1,0.0,COMPLETED,d1000000-0000-0000-0000-000000000027,b1000000-0000-0000-0000-000000000002,2026-01-21T13:07:43+00:00,1,NORMAL_TRANSACTION,Normal Transaction,NORMAL,[],0,0,NORMAL_BASELINE
e1000000-0000-0000-0000-000000000834,tx_norm_000825_abcec9,c1000000-0000-0000-0000-000000000069,c1000000-0000-0000-0000-000000000041,P2P,3522.98,5.0,COMPLETED,d1000000-0000-0000-0000-000000000009,b1000000-0000-0000-0000-000000000005,2026-01-21T13:12:12+00:00,1,NORMAL_TRANSACTION,Normal Transaction,NORMAL,[],0,0,NORMAL_BASELINE
e1000000-0000-0000-0000-000000000835,tx_norm_000814_4ca1ca,c1000000-0000-0000-0000-000000000096,c1000000-0000-0000-0000-000000000107,CASH_OUT,6763.29,100.77,COMPLETED,d1000000-0000-0000-0000-000000000023,b1000000-0000-0000-0000-000000000011,2026-01-21T13:29:50+00:00,1,NORMAL_TRANSACTION,Normal Transaction,NORMAL,[],0,0,NORMAL_BASELINE
e1000000-0000-0000-0000-000000000836,tx_norm_000842_e32392,c1000000-0000-0000-0000-000000000108,c1000000-0000-0000-0000-000000000028,CASH_IN,8353.3,0.0,COMPLETED,d1000000-0000-0000-0000-000000000009,b1000000-0000-0000-0000-000000000007,2026-01-21T13:31:41+00:00,1,NORMAL_TRANSACTION,Normal Transaction,NORMAL,[],0,0,NORMAL_BASELINE
e1000000-0000-0000-0000-000000000837,tx_norm_000804_1bfb3b,c1000000-0000-0000-0000-000000000090,c1000000-0000-0000-0000-000000000136,PAYMENT,2016.76,0.0,COMPLETED,d1000000-0000-0000-0000-000000000013,b1000000-0000-0000-0000-000000000011,2026-01-21T13:33:26+00:00,1,NORMAL_TRANSACTION,Normal Transaction,NORMAL,[],0,0,NORMAL_BASELINE
e1000000-0000-0000-0000-000000000838,tx_norm_000889_da74a0,c1000000-0000-0000-0000-000000000081,c1000000-0000-0000-0000-000000000134,PAYMENT,1264.33,0.0,COMPLETED,d1000000-0000-0000-0000-000000000019,b1000000-0000-0000-0000-000000000018,2026-01-21T13:43:19+00:00,1,NORMAL_TRANSACTION,Normal Transaction,NORMAL,[],0,0,NORMAL_BASELINE
e1000000-0000-0000-0000-000000000839,tx_norm_000802_61022b,c1000000-0000-0000-0000-000000000039,c1000000-0000-0000-0000-000000000043,P2P,1784.85,5.0,COMPLETED,d1000000-0000-0000-0000-000000000023,b1000000-0000-0000-0000-000000000007,2026-01-21T13:59:02+00:00,1,NORMAL_TRANSACTION,Normal Transaction,NORMAL,[],0,0,NORMAL_BASELINE
e1000000-0000-0000-0000-000000000840,tx_norm_000793_dcd81a,c1000000-0000-0000-0000-000000000043,c1000000-0000-0000-0000-000000000074,P2P,3946.61,5.0,COMPLETED,d1000000-0000-0000-0000-000000000023,b1000000-0000-0000-0000-000000000002,2026-01-21T14:02:49+00:00,1,NORMAL_TRANSACTION,Normal Transaction,NORMAL,[],0,0,NORMAL_BASELINE
e1000000-0000-0000-0000-000000000841,tx_norm_000849_6274d2,c1000000-0000-0000-0000-000000000121,c1000000-0000-0000-0000-000000000018,CASH_IN,2694.04,0.0,COMPLETED,d1000000-0000-0000-0000-000000000009,b1000000-0000-0000-0000-000000000014,2026-01-21T14:34:13+00:00,1,NORMAL_TRANSACTION,Normal Transaction,NORMAL,[],0,0,NORMAL_BASELINE
e1000000-0000-0000-0000-000000000842,tx_norm_000853_9ac550,c1000000-0000-0000-0000-000000000046,c1000000-0000-0000-0000-000000000136,PAYMENT,716.66,0.0,COMPLETED,d1000000-0000-0000-0000-000000000030,b1000000-0000-0000-0000-000000000019,2026-01-21T14:35:52+00:00,1,NORMAL_TRANSACTION,Normal Transaction,NORMAL,[],0,0,NORMAL_BASELINE
e1000000-0000-0000-0000-000000000843,tx_norm_000844_cb5a4d,c1000000-0000-0000-0000-000000000027,c1000000-0000-0000-0000-000000000138,PAYMENT,1064.19,0.0,COMPLETED,d1000000-0000-0000-0000-000000000015,b1000000-0000-0000-0000-000000000017,2026-01-21T14:39:36+00:00,1,NORMAL_TRANSACTION,Normal Transaction,NORMAL,[],0,0,NORMAL_BASELINE
e1000000-0000-0000-0000-000000000844,tx_norm_000891_5bf889,c1000000-0000-0000-0000-000000000050,c1000000-0000-0000-0000-000000000014,P2P,2911.65,5.0,COMPLETED,d1000000-0000-0000-0000-000000000024,b1000000-0000-0000-0000-000000000011,2026-01-21T14:42:12+00:00,1,NORMAL_TRANSACTION,Normal Transaction,NORMAL,[],0,0,NORMAL_BASELINE
e1000000-0000-0000-0000-000000000845,tx_norm_000871_eaef2e,c1000000-0000-0000-0000-000000000088,c1000000-0000-0000-0000-000000000133,RECHARGE,20.0,0.0,COMPLETED,d1000000-0000-0000-0000-000000000008,b1000000-0000-0000-0000-000000000007,2026-01-21T14:43:20+00:00,1,NORMAL_TRANSACTION,Normal Transaction,NORMAL,[],0,0,NORMAL_BASELINE
e1000000-0000-0000-0000-000000000846,tx_norm_000845_fc8621,c1000000-0000-0000-0000-000000000012,c1000000-0000-0000-0000-000000000076,P2P,234.91,0.0,COMPLETED,d1000000-0000-0000-0000-000000000002,b1000000-0000-0000-0000-000000000008,2026-01-21T14:45:58+00:00,1,NORMAL_TRANSACTION,Normal Transaction,NORMAL,[],0,0,NORMAL_BASELINE
e1000000-0000-0000-0000-000000000847,tx_norm_000846_f7c843,c1000000-0000-0000-0000-000000000008,c1000000-0000-0000-0000-000000000117,CASH_OUT,7258.07,108.15,COMPLETED,d1000000-0000-0000-0000-000000000012,b1000000-0000-0000-0000-000000000009,2026-01-21T14:54:08+00:00,1,NORMAL_TRANSACTION,Normal Transaction,NORMAL,[],0,0,NORMAL_BASELINE
e1000000-0000-0000-0000-000000000848,tx_norm_000865_f7a3f6,c1000000-0000-0000-0000-000000000005,c1000000-0000-0000-0000-000000000138,PAYMENT,3151.42,0.0,COMPLETED,d1000000-0000-0000-0000-000000000015,b1000000-0000-0000-0000-000000000019,2026-01-21T15:11:51+00:00,1,NORMAL_TRANSACTION,Normal Transaction,NORMAL,[],0,0,NORMAL_BASELINE
e1000000-0000-0000-0000-000000000849,tx_norm_000833_645f27,c1000000-0000-0000-0000-000000000079,c1000000-0000-0000-0000-000000000034,P2P,4125.3,5.0,COMPLETED,d1000000-0000-0000-0000-000000000014,b1000000-0000-0000-0000-000000000018,2026-01-21T15:14:14+00:00,1,NORMAL_TRANSACTION,Normal Transaction,NORMAL,[],0,0,NORMAL_BASELINE
e1000000-0000-0000-0000-000000000850,tx_norm_000870_cc1c72,c1000000-0000-0000-0000-000000000056,c1000000-0000-0000-0000-000000000133,PAYMENT,1030.82,0.0,COMPLETED,d1000000-0000-0000-0000-000000000006,b1000000-0000-0000-0000-000000000013,2026-01-21T15:16:09+00:00,1,NORMAL_TRANSACTION,Normal Transaction,NORMAL,[],0,0,NORMAL_BASELINE
e1000000-0000-0000-0000-000000000851,tx_norm_000887_8a45e0,c1000000-0000-0000-0000-000000000100,c1000000-0000-0000-0000-000000000131,CASH_OUT,6390.36,95.22,COMPLETED,d1000000-0000-0000-0000-000000000011,b1000000-0000-0000-0000-000000000015,2026-01-21T15:27:25+00:00,1,NORMAL_TRANSACTION,Normal Transaction,NORMAL,[],0,0,NORMAL_BASELINE
e1000000-0000-0000-0000-000000000852,tx_norm_000820_ec7375,c1000000-0000-0000-0000-000000000122,c1000000-0000-0000-0000-000000000020,CASH_IN,2711.91,0.0,COMPLETED,d1000000-0000-0000-0000-000000000010,b1000000-0000-0000-0000-000000000002,2026-01-21T15:32:01+00:00,1,NORMAL_TRANSACTION,Normal Transaction,NORMAL,[],0,0,NORMAL_BASELINE
e1000000-0000-0000-0000-000000000853,tx_norm_000857_a1731e,c1000000-0000-0000-0000-000000000079,c1000000-0000-0000-0000-000000000134,PAYMENT,897.96,0.0,COMPLETED,d1000000-0000-0000-0000-000000000014,b1000000-0000-0000-0000-000000000018,2026-01-21T15:33:05+00:00,1,NORMAL_TRANSACTION,Normal Transaction,NORMAL,[],0,0,NORMAL_BASELINE
e1000000-0000-0000-0000-000000000854,tx_norm_000899_cfbfd7,c1000000-0000-0000-0000-000000000009,c1000000-0000-0000-0000-000000000136,PAYMENT,1449.94,0.0,COMPLETED,d1000000-0000-0000-0000-000000000024,b1000000-0000-0000-0000-000000000015,2026-01-21T15:38:51+00:00,1,NORMAL_TRANSACTION,Normal Transaction,NORMAL,[],0,0,NORMAL_BASELINE
e1000000-0000-0000-0000-000000000855,tx_norm_000856_fbd1b0,c1000000-0000-0000-0000-000000000094,c1000000-0000-0000-0000-000000000068,P2P,4429.39,5.0,COMPLETED,d1000000-0000-0000-0000-000000000020,b1000000-0000-0000-0000-000000000014,2026-01-21T15:44:05+00:00,1,NORMAL_TRANSACTION,Normal Transaction,NORMAL,[],0,0,NORMAL_BASELINE
e1000000-0000-0000-0000-000000000856,tx_norm_000829_6454a8,c1000000-0000-0000-0000-000000000050,c1000000-0000-0000-0000-000000000007,P2P,570.31,5.0,COMPLETED,d1000000-0000-0000-0000-000000000024,b1000000-0000-0000-0000-000000000011,2026-01-21T15:57:43+00:00,1,NORMAL_TRANSACTION,Normal Transaction,NORMAL,[],0,0,NORMAL_BASELINE
e1000000-0000-0000-0000-000000000857,tx_norm_000909_319791,c1000000-0000-0000-0000-000000000127,c1000000-0000-0000-0000-000000000027,CASH_IN,3487.84,0.0,COMPLETED,d1000000-0000-0000-0000-000000000011,b1000000-0000-0000-0000-000000000013,2026-01-21T16:14:29+00:00,1,NORMAL_TRANSACTION,Normal Transaction,NORMAL,[],0,0,NORMAL_BASELINE
e1000000-0000-0000-0000-000000000858,tx_norm_000908_dcdbf1,c1000000-0000-0000-0000-000000000068,c1000000-0000-0000-0000-000000000013,P2P,2861.36,5.0,COMPLETED,d1000000-0000-0000-0000-000000000019,b1000000-0000-0000-0000-000000000004,2026-01-21T16:15:12+00:00,1,NORMAL_TRANSACTION,Normal Transaction,NORMAL,[],0,0,NORMAL_BASELINE
e1000000-0000-0000-0000-000000000859,tx_norm_000811_b9720e,c1000000-0000-0000-0000-000000000088,c1000000-0000-0000-0000-000000000043,P2P,1667.85,5.0,COMPLETED,d1000000-0000-0000-0000-000000000008,b1000000-0000-0000-0000-000000000007,2026-01-21T16:20:49+00:00,1,NORMAL_TRANSACTION,Normal Transaction,NORMAL,[],0,0,NORMAL_BASELINE
e1000000-0000-0000-0000-000000000860,tx_norm_000827_92f719,c1000000-0000-0000-0000-000000000019,c1000000-0000-0000-0000-000000000092,P2P,3657.21,5.0,COMPLETED,d1000000-0000-0000-0000-000000000013,b1000000-0000-0000-0000-000000000009,2026-01-21T16:22:35+00:00,1,NORMAL_TRANSACTION,Normal Transaction,NORMAL,[],0,0,NORMAL_BASELINE
e1000000-0000-0000-0000-000000000861,tx_norm_000786_65e5f1,c1000000-0000-0000-0000-000000000107,c1000000-0000-0000-0000-000000000025,CASH_IN,3620.61,0.0,COMPLETED,d1000000-0000-0000-0000-000000000011,b1000000-0000-0000-0000-000000000011,2026-01-21T16:24:33+00:00,1,NORMAL_TRANSACTION,Normal Transaction,NORMAL,[],0,0,NORMAL_BASELINE
e1000000-0000-0000-0000-000000000862,tx_norm_000906_98a547,c1000000-0000-0000-0000-000000000023,c1000000-0000-0000-0000-000000000080,P2P,3174.2,5.0,COMPLETED,d1000000-0000-0000-0000-000000000014,b1000000-0000-0000-0000-000000000019,2026-01-21T16:28:26+00:00,1,NORMAL_TRANSACTION,Normal Transaction,NORMAL,[],0,0,NORMAL_BASELINE
e1000000-0000-0000-0000-000000000863,tx_norm_000807_3b93a5,c1000000-0000-0000-0000-000000000104,c1000000-0000-0000-0000-000000000135,PAYMENT,2845.17,0.0,COMPLETED,d1000000-0000-0000-0000-000000000026,b1000000-0000-0000-0000-000000000019,2026-01-21T16:46:40+00:00,1,NORMAL_TRANSACTION,Normal Transaction,NORMAL,[],0,0,NORMAL_BASELINE
e1000000-0000-0000-0000-000000000864,tx_norm_000812_7aa6d6,c1000000-0000-0000-0000-000000000043,c1000000-0000-0000-0000-000000000045,P2P,4165.8,5.0,COMPLETED,d1000000-0000-0000-0000-000000000023,b1000000-0000-0000-0000-000000000002,2026-01-21T17:01:53+00:00,1,NORMAL_TRANSACTION,Normal Transaction,NORMAL,[],0,0,NORMAL_BASELINE
e1000000-0000-0000-0000-000000000865,tx_norm_000832_4f75d4,c1000000-0000-0000-0000-000000000090,c1000000-0000-0000-0000-000000000120,CASH_OUT,1229.47,18.32,COMPLETED,d1000000-0000-0000-0000-000000000013,b1000000-0000-0000-0000-000000000013,2026-01-21T17:08:05+00:00,1,NORMAL_TRANSACTION,Normal Transaction,NORMAL,[],0,0,NORMAL_BASELINE
e1000000-0000-0000-0000-000000000866,tx_norm_000855_1cf857,c1000000-0000-0000-0000-000000000073,c1000000-0000-0000-0000-000000000140,RECHARGE,100.0,0.0,COMPLETED,d1000000-0000-0000-0000-000000000005,b1000000-0000-0000-0000-000000000009,2026-01-21T17:23:02+00:00,1,NORMAL_TRANSACTION,Normal Transaction,NORMAL,[],0,0,NORMAL_BASELINE
e1000000-0000-0000-0000-000000000867,tx_norm_000854_ed3353,c1000000-0000-0000-0000-000000000128,c1000000-0000-0000-0000-000000000065,CASH_IN,3423.25,0.0,COMPLETED,d1000000-0000-0000-0000-000000000009,b1000000-0000-0000-0000-000000000018,2026-01-21T17:31:54+00:00,1,NORMAL_TRANSACTION,Normal Transaction,NORMAL,[],0,0,NORMAL_BASELINE
e1000000-0000-0000-0000-000000000868,tx_norm_000784_739caf,c1000000-0000-0000-0000-000000000091,c1000000-0000-0000-0000-000000000133,PAYMENT,1737.98,0.0,COMPLETED,d1000000-0000-0000-0000-000000000009,b1000000-0000-0000-0000-000000000012,2026-01-21T17:34:33+00:00,1,NORMAL_TRANSACTION,Normal Transaction,NORMAL,[],0,0,NORMAL_BASELINE
e1000000-0000-0000-0000-000000000869,tx_norm_000817_b48c53,c1000000-0000-0000-0000-000000000015,c1000000-0000-0000-0000-000000000102,P2P,3431.62,5.0,COMPLETED,d1000000-0000-0000-0000-000000000022,b1000000-0000-0000-0000-000000000009,2026-01-21T17:38:24+00:00,1,NORMAL_TRANSACTION,Normal Transaction,NORMAL,[],0,0,NORMAL_BASELINE
e1000000-0000-0000-0000-000000000870,tx_norm_000864_c853bc,c1000000-0000-0000-0000-000000000117,c1000000-0000-0000-0000-000000000104,CASH_IN,2578.59,0.0,COMPLETED,d1000000-0000-0000-0000-000000000009,b1000000-0000-0000-0000-000000000009,2026-01-21T17:47:09+00:00,1,NORMAL_TRANSACTION,Normal Transaction,NORMAL,[],0,0,NORMAL_BASELINE
e1000000-0000-0000-0000-000000000871,tx_norm_000839_13f0e3,c1000000-0000-0000-0000-000000000031,c1000000-0000-0000-0000-000000000135,PAYMENT,2170.97,0.0,COMPLETED,d1000000-0000-0000-0000-000000000004,b1000000-0000-0000-0000-000000000010,2026-01-21T17:50:21+00:00,1,NORMAL_TRANSACTION,Normal Transaction,NORMAL,[],0,0,NORMAL_BASELINE
e1000000-0000-0000-0000-000000000872,tx_norm_000866_c536d2,c1000000-0000-0000-0000-000000000064,c1000000-0000-0000-0000-000000000098,P2P,4472.42,5.0,COMPLETED,d1000000-0000-0000-0000-000000000002,b1000000-0000-0000-0000-000000000003,2026-01-21T17:59:52+00:00,1,NORMAL_TRANSACTION,Normal Transaction,NORMAL,[],0,0,NORMAL_BASELINE
e1000000-0000-0000-0000-000000000873,tx_norm_000822_85b864,c1000000-0000-0000-0000-000000000120,c1000000-0000-0000-0000-000000000050,CASH_IN,7423.1,0.0,COMPLETED,d1000000-0000-0000-0000-000000000009,b1000000-0000-0000-0000-000000000013,2026-01-21T18:08:13+00:00,1,NORMAL_TRANSACTION,Normal Transaction,NORMAL,[],0,0,NORMAL_BASELINE
e1000000-0000-0000-0000-000000000874,tx_norm_000872_445fdd,c1000000-0000-0000-0000-000000000084,c1000000-0000-0000-0000-000000000137,PAYMENT,1171.65,0.0,COMPLETED,d1000000-0000-0000-0000-000000000024,b1000000-0000-0000-0000-000000000005,2026-01-21T18:22:54+00:00,1,NORMAL_TRANSACTION,Normal Transaction,NORMAL,[],0,0,NORMAL_BASELINE
e1000000-0000-0000-0000-000000000875,tx_norm_000858_57f2a4,c1000000-0000-0000-0000-000000000115,c1000000-0000-0000-0000-000000000079,CASH_IN,1474.97,0.0,COMPLETED,d1000000-0000-0000-0000-000000000011,b1000000-0000-0000-0000-000000000011,2026-01-21T18:40:34+00:00,1,NORMAL_TRANSACTION,Normal Transaction,NORMAL,[],0,0,NORMAL_BASELINE
e1000000-0000-0000-0000-000000000876,tx_norm_000877_f53213,c1000000-0000-0000-0000-000000000077,c1000000-0000-0000-0000-000000000083,P2P,723.7,5.0,COMPLETED,d1000000-0000-0000-0000-000000000002,b1000000-0000-0000-0000-000000000001,2026-01-21T18:57:53+00:00,1,NORMAL_TRANSACTION,Normal Transaction,NORMAL,[],0,0,NORMAL_BASELINE
e1000000-0000-0000-0000-000000000877,tx_norm_000818_d45753,c1000000-0000-0000-0000-000000000064,c1000000-0000-0000-0000-000000000136,PAYMENT,1283.33,0.0,COMPLETED,d1000000-0000-0000-0000-000000000002,b1000000-0000-0000-0000-000000000003,2026-01-21T19:02:17+00:00,1,NORMAL_TRANSACTION,Normal Transaction,NORMAL,[],0,0,NORMAL_BASELINE
e1000000-0000-0000-0000-000000000878,tx_norm_000884_c6f903,c1000000-0000-0000-0000-000000000010,c1000000-0000-0000-0000-000000000075,P2P,3328.44,5.0,COMPLETED,d1000000-0000-0000-0000-000000000013,b1000000-0000-0000-0000-000000000003,2026-01-21T19:16:06+00:00,1,NORMAL_TRANSACTION,Normal Transaction,NORMAL,[],0,0,NORMAL_BASELINE
e1000000-0000-0000-0000-000000000879,tx_norm_000876_f041e4,c1000000-0000-0000-0000-000000000004,c1000000-0000-0000-0000-000000000081,P2P,595.35,5.0,COMPLETED,d1000000-0000-0000-0000-000000000018,b1000000-0000-0000-0000-000000000007,2026-01-21T19:18:16+00:00,1,NORMAL_TRANSACTION,Normal Transaction,NORMAL,[],0,0,NORMAL_BASELINE
e1000000-0000-0000-0000-000000000880,tx_norm_000792_60f115,c1000000-0000-0000-0000-000000000122,c1000000-0000-0000-0000-000000000079,CASH_IN,9547.79,0.0,COMPLETED,d1000000-0000-0000-0000-000000000010,b1000000-0000-0000-0000-000000000002,2026-01-21T19:24:46+00:00,1,NORMAL_TRANSACTION,Normal Transaction,NORMAL,[],0,0,NORMAL_BASELINE
e1000000-0000-0000-0000-000000000881,tx_norm_000907_6b358d,c1000000-0000-0000-0000-000000000081,c1000000-0000-0000-0000-000000000137,RECHARGE,100.0,0.0,COMPLETED,d1000000-0000-0000-0000-000000000019,b1000000-0000-0000-0000-000000000018,2026-01-21T19:31:39+00:00,1,NORMAL_TRANSACTION,Normal Transaction,NORMAL,[],0,0,NORMAL_BASELINE
e1000000-0000-0000-0000-000000000882,tx_norm_000789_74246b,c1000000-0000-0000-0000-000000000042,c1000000-0000-0000-0000-000000000059,P2P,307.12,0.0,COMPLETED,d1000000-0000-0000-0000-000000000018,b1000000-0000-0000-0000-000000000008,2026-01-21T19:34:08+00:00,1,NORMAL_TRANSACTION,Normal Transaction,NORMAL,[],0,0,NORMAL_BASELINE
e1000000-0000-0000-0000-000000000883,tx_norm_000830_4ffc1c,c1000000-0000-0000-0000-000000000089,c1000000-0000-0000-0000-000000000140,PAYMENT,2029.76,0.0,COMPLETED,d1000000-0000-0000-0000-000000000026,b1000000-0000-0000-0000-000000000008,2026-01-21T19:38:57+00:00,1,NORMAL_TRANSACTION,Normal Transaction,NORMAL,[],0,0,NORMAL_BASELINE
e1000000-0000-0000-0000-000000000884,tx_norm_000805_9bdd3d,c1000000-0000-0000-0000-000000000062,c1000000-0000-0000-0000-000000000137,RECHARGE,200.0,0.0,COMPLETED,d1000000-0000-0000-0000-000000000003,b1000000-0000-0000-0000-000000000006,2026-01-21T19:40:33+00:00,1,NORMAL_TRANSACTION,Normal Transaction,NORMAL,[],0,0,NORMAL_BASELINE
e1000000-0000-0000-0000-000000000885,tx_norm_000815_54eb8e,c1000000-0000-0000-0000-000000000003,c1000000-0000-0000-0000-000000000136,PAYMENT,1911.06,0.0,COMPLETED,d1000000-0000-0000-0000-000000000003,b1000000-0000-0000-0000-000000000007,2026-01-21T19:43:20+00:00,1,NORMAL_TRANSACTION,Normal Transaction,NORMAL,[],0,0,NORMAL_BASELINE
e1000000-0000-0000-0000-000000000886,tx_norm_000791_15d6a6,c1000000-0000-0000-0000-000000000091,c1000000-0000-0000-0000-000000000058,P2P,2926.51,5.0,COMPLETED,d1000000-0000-0000-0000-000000000009,b1000000-0000-0000-0000-000000000012,2026-01-21T19:46:07+00:00,1,NORMAL_TRANSACTION,Normal Transaction,NORMAL,[],0,0,NORMAL_BASELINE
e1000000-0000-0000-0000-000000000887,tx_norm_000905_a3cb9e,c1000000-0000-0000-0000-000000000128,c1000000-0000-0000-0000-000000000017,CASH_IN,2855.44,0.0,COMPLETED,d1000000-0000-0000-0000-000000000009,b1000000-0000-0000-0000-000000000018,2026-01-21T19:51:50+00:00,1,NORMAL_TRANSACTION,Normal Transaction,NORMAL,[],0,0,NORMAL_BASELINE
e1000000-0000-0000-0000-000000000888,tx_norm_000821_192703,c1000000-0000-0000-0000-000000000042,c1000000-0000-0000-0000-000000000019,P2P,3508.77,5.0,COMPLETED,d1000000-0000-0000-0000-000000000018,b1000000-0000-0000-0000-000000000008,2026-01-21T19:55:33+00:00,1,NORMAL_TRANSACTION,Normal Transaction,NORMAL,[],0,0,NORMAL_BASELINE
e1000000-0000-0000-0000-000000000889,tx_norm_000790_a6091a,c1000000-0000-0000-0000-000000000012,c1000000-0000-0000-0000-000000000114,CASH_OUT,2930.56,43.67,COMPLETED,d1000000-0000-0000-0000-000000000002,b1000000-0000-0000-0000-000000000015,2026-01-21T19:57:12+00:00,1,NORMAL_TRANSACTION,Normal Transaction,NORMAL,[],0,0,NORMAL_BASELINE
e1000000-0000-0000-0000-000000000890,tx_norm_000834_10bbc6,c1000000-0000-0000-0000-000000000042,c1000000-0000-0000-0000-000000000060,P2P,2296.28,5.0,COMPLETED,d1000000-0000-0000-0000-000000000018,b1000000-0000-0000-0000-000000000008,2026-01-21T19:58:42+00:00,1,NORMAL_TRANSACTION,Normal Transaction,NORMAL,[],0,0,NORMAL_BASELINE
e1000000-0000-0000-0000-000000000891,tx_norm_000859_f5e8a7,c1000000-0000-0000-0000-000000000061,c1000000-0000-0000-0000-000000000138,PAYMENT,1434.1,0.0,COMPLETED,d1000000-0000-0000-0000-000000000028,b1000000-0000-0000-0000-000000000017,2026-01-21T20:00:30+00:00,1,NORMAL_TRANSACTION,Normal Transaction,NORMAL,[],0,0,NORMAL_BASELINE
e1000000-0000-0000-0000-000000000892,tx_norm_000901_c1eecd,c1000000-0000-0000-0000-000000000009,c1000000-0000-0000-0000-000000000017,P2P,1377.74,5.0,COMPLETED,d1000000-0000-0000-0000-000000000024,b1000000-0000-0000-0000-000000000015,2026-01-21T20:02:37+00:00,1,NORMAL_TRANSACTION,Normal Transaction,NORMAL,[],0,0,NORMAL_BASELINE
e1000000-0000-0000-0000-000000000893,tx_norm_000813_dd7f57,c1000000-0000-0000-0000-000000000020,c1000000-0000-0000-0000-000000000082,P2P,2180.66,5.0,COMPLETED,d1000000-0000-0000-0000-000000000019,b1000000-0000-0000-0000-000000000011,2026-01-21T20:02:41+00:00,1,NORMAL_TRANSACTION,Normal Transaction,NORMAL,[],0,0,NORMAL_BASELINE
e1000000-0000-0000-0000-000000000894,tx_norm_000881_0f6000,c1000000-0000-0000-0000-000000000118,c1000000-0000-0000-0000-000000000050,CASH_IN,3993.89,0.0,COMPLETED,d1000000-0000-0000-0000-000000000010,b1000000-0000-0000-0000-000000000015,2026-01-21T20:04:17+00:00,1,NORMAL_TRANSACTION,Normal Transaction,NORMAL,[],0,0,NORMAL_BASELINE
e1000000-0000-0000-0000-000000000895,tx_norm_000910_ab8e77,c1000000-0000-0000-0000-000000000061,c1000000-0000-0000-0000-000000000121,CASH_OUT,1822.43,27.15,COMPLETED,d1000000-0000-0000-0000-000000000028,b1000000-0000-0000-0000-000000000014,2026-01-21T20:09:43+00:00,1,NORMAL_TRANSACTION,Normal Transaction,NORMAL,[],0,0,NORMAL_BASELINE
e1000000-0000-0000-0000-000000000896,tx_norm_000874_02b53d,c1000000-0000-0000-0000-000000000089,c1000000-0000-0000-0000-000000000024,P2P,1547.06,5.0,COMPLETED,d1000000-0000-0000-0000-000000000026,b1000000-0000-0000-0000-000000000008,2026-01-21T20:12:33+00:00,1,NORMAL_TRANSACTION,Normal Transaction,NORMAL,[],0,0,NORMAL_BASELINE
e1000000-0000-0000-0000-000000000897,tx_norm_000837_3e6289,c1000000-0000-0000-0000-000000000076,c1000000-0000-0000-0000-000000000139,PAYMENT,877.65,0.0,COMPLETED,d1000000-0000-0000-0000-000000000030,b1000000-0000-0000-0000-000000000002,2026-01-21T20:19:34+00:00,1,NORMAL_TRANSACTION,Normal Transaction,NORMAL,[],0,0,NORMAL_BASELINE
e1000000-0000-0000-0000-000000000898,tx_norm_000803_b1d294,c1000000-0000-0000-0000-000000000038,c1000000-0000-0000-0000-000000000140,PAYMENT,560.36,0.0,COMPLETED,d1000000-0000-0000-0000-000000000020,b1000000-0000-0000-0000-000000000014,2026-01-21T20:27:53+00:00,1,NORMAL_TRANSACTION,Normal Transaction,NORMAL,[],0,0,NORMAL_BASELINE
e1000000-0000-0000-0000-000000000899,tx_norm_000809_a3336e,c1000000-0000-0000-0000-000000000043,c1000000-0000-0000-0000-000000000138,PAYMENT,1859.27,0.0,COMPLETED,d1000000-0000-0000-0000-000000000023,b1000000-0000-0000-0000-000000000002,2026-01-21T20:39:26+00:00,1,NORMAL_TRANSACTION,Normal Transaction,NORMAL,[],0,0,NORMAL_BASELINE
e1000000-0000-0000-0000-000000000900,tx_norm_000843_880061,c1000000-0000-0000-0000-000000000019,c1000000-0000-0000-0000-000000000086,P2P,841.63,5.0,COMPLETED,d1000000-0000-0000-0000-000000000013,b1000000-0000-0000-0000-000000000009,2026-01-21T20:40:51+00:00,1,NORMAL_TRANSACTION,Normal Transaction,NORMAL,[],0,0,NORMAL_BASELINE
e1000000-0000-0000-0000-000000000901,tx_norm_000895_945000,c1000000-0000-0000-0000-000000000087,c1000000-0000-0000-0000-000000000141,PAYMENT,604.31,0.0,COMPLETED,d1000000-0000-0000-0000-000000000026,b1000000-0000-0000-0000-000000000004,2026-01-21T20:41:42+00:00,1,NORMAL_TRANSACTION,Normal Transaction,NORMAL,[],0,0,NORMAL_BASELINE
e1000000-0000-0000-0000-000000000902,tx_norm_000787_0df6c5,c1000000-0000-0000-0000-000000000055,c1000000-0000-0000-0000-000000000137,PAYMENT,2020.06,0.0,COMPLETED,d1000000-0000-0000-0000-000000000016,b1000000-0000-0000-0000-000000000016,2026-01-21T20:52:18+00:00,1,NORMAL_TRANSACTION,Normal Transaction,NORMAL,[],0,0,NORMAL_BASELINE
e1000000-0000-0000-0000-000000000903,tx_norm_000875_59fcfa,c1000000-0000-0000-0000-000000000068,c1000000-0000-0000-0000-000000000134,PAYMENT,2240.77,0.0,COMPLETED,d1000000-0000-0000-0000-000000000019,b1000000-0000-0000-0000-000000000004,2026-01-21T21:04:00+00:00,1,NORMAL_TRANSACTION,Normal Transaction,NORMAL,[],0,0,NORMAL_BASELINE
e1000000-0000-0000-0000-000000000904,tx_norm_000831_ec3b92,c1000000-0000-0000-0000-000000000131,c1000000-0000-0000-0000-000000000069,CASH_IN,1706.91,0.0,COMPLETED,d1000000-0000-0000-0000-000000000009,b1000000-0000-0000-0000-000000000015,2026-01-21T21:12:45+00:00,1,NORMAL_TRANSACTION,Normal Transaction,NORMAL,[],0,0,NORMAL_BASELINE
e1000000-0000-0000-0000-000000000905,tx_norm_000882_2dae62,c1000000-0000-0000-0000-000000000063,c1000000-0000-0000-0000-000000000136,PAYMENT,2011.42,0.0,COMPLETED,d1000000-0000-0000-0000-000000000008,b1000000-0000-0000-0000-000000000013,2026-01-21T21:16:11+00:00,1,NORMAL_TRANSACTION,Normal Transaction,NORMAL,[],0,0,NORMAL_BASELINE
e1000000-0000-0000-0000-000000000906,tx_norm_000850_125df2,c1000000-0000-0000-0000-000000000086,c1000000-0000-0000-0000-000000000017,P2P,777.39,5.0,COMPLETED,d1000000-0000-0000-0000-000000000030,b1000000-0000-0000-0000-000000000011,2026-01-21T21:26:09+00:00,1,NORMAL_TRANSACTION,Normal Transaction,NORMAL,[],0,0,NORMAL_BASELINE
e1000000-0000-0000-0000-000000000907,tx_norm_000852_745330,c1000000-0000-0000-0000-000000000125,c1000000-0000-0000-0000-000000000055,CASH_IN,6609.24,0.0,COMPLETED,d1000000-0000-0000-0000-000000000011,b1000000-0000-0000-0000-000000000018,2026-01-21T21:29:57+00:00,1,NORMAL_TRANSACTION,Normal Transaction,NORMAL,[],0,0,NORMAL_BASELINE
e1000000-0000-0000-0000-000000000908,tx_norm_000840_d2701a,c1000000-0000-0000-0000-000000000060,c1000000-0000-0000-0000-000000000138,PAYMENT,1843.02,0.0,COMPLETED,d1000000-0000-0000-0000-000000000011,b1000000-0000-0000-0000-000000000002,2026-01-21T21:31:07+00:00,1,NORMAL_TRANSACTION,Normal Transaction,NORMAL,[],0,0,NORMAL_BASELINE
e1000000-0000-0000-0000-000000000909,tx_norm_000800_fe656d,c1000000-0000-0000-0000-000000000012,c1000000-0000-0000-0000-000000000007,P2P,668.22,5.0,COMPLETED,d1000000-0000-0000-0000-000000000002,b1000000-0000-0000-0000-000000000008,2026-01-21T21:38:19+00:00,1,NORMAL_TRANSACTION,Normal Transaction,NORMAL,[],0,0,NORMAL_BASELINE
e1000000-0000-0000-0000-000000000910,tx_norm_000898_1b3885,c1000000-0000-0000-0000-000000000022,c1000000-0000-0000-0000-000000000134,PAYMENT,2644.29,0.0,COMPLETED,d1000000-0000-0000-0000-000000000024,b1000000-0000-0000-0000-000000000018,2026-01-21T21:50:06+00:00,1,NORMAL_TRANSACTION,Normal Transaction,NORMAL,[],0,0,NORMAL_BASELINE
e1000000-0000-0000-0000-000000000911,tx_norm_000785_fbdc53,c1000000-0000-0000-0000-000000000032,c1000000-0000-0000-0000-000000000122,CASH_OUT,4534.02,67.56,COMPLETED,d1000000-0000-0000-0000-000000000005,b1000000-0000-0000-0000-000000000002,2026-01-21T21:56:02+00:00,1,NORMAL_TRANSACTION,Normal Transaction,NORMAL,[],0,0,NORMAL_BASELINE
e1000000-0000-0000-0000-000000000912,tx_norm_001005_957edc,c1000000-0000-0000-0000-000000000047,c1000000-0000-0000-0000-000000000045,P2P,3681.08,5.0,COMPLETED,d1000000-0000-0000-0000-000000000016,b1000000-0000-0000-0000-000000000014,2026-01-22T08:01:37+00:00,1,NORMAL_TRANSACTION,Normal Transaction,NORMAL,[],0,0,NORMAL_BASELINE
e1000000-0000-0000-0000-000000000913,tx_norm_000912_0770d1,c1000000-0000-0000-0000-000000000069,c1000000-0000-0000-0000-000000000023,P2P,879.6,5.0,COMPLETED,d1000000-0000-0000-0000-000000000009,b1000000-0000-0000-0000-000000000005,2026-01-22T08:06:47+00:00,1,NORMAL_TRANSACTION,Normal Transaction,NORMAL,[],0,0,NORMAL_BASELINE
e1000000-0000-0000-0000-000000000914,tx_norm_000964_94c0b9,c1000000-0000-0000-0000-000000000009,c1000000-0000-0000-0000-000000000078,P2P,3405.93,5.0,COMPLETED,d1000000-0000-0000-0000-000000000024,b1000000-0000-0000-0000-000000000015,2026-01-22T08:07:48+00:00,1,NORMAL_TRANSACTION,Normal Transaction,NORMAL,[],0,0,NORMAL_BASELINE
e1000000-0000-0000-0000-000000000915,tx_norm_000971_ebc095,c1000000-0000-0000-0000-000000000100,c1000000-0000-0000-0000-000000000063,P2P,1971.58,5.0,COMPLETED,d1000000-0000-0000-0000-000000000011,b1000000-0000-0000-0000-000000000013,2026-01-22T08:08:33+00:00,1,NORMAL_TRANSACTION,Normal Transaction,NORMAL,[],0,0,NORMAL_BASELINE
e1000000-0000-0000-0000-000000000916,tx_norm_000918_c2a59d,c1000000-0000-0000-0000-000000000060,c1000000-0000-0000-0000-000000000059,P2P,1998.36,5.0,COMPLETED,d1000000-0000-0000-0000-000000000011,b1000000-0000-0000-0000-000000000002,2026-01-22T08:17:08+00:00,1,NORMAL_TRANSACTION,Normal Transaction,NORMAL,[],0,0,NORMAL_BASELINE
e1000000-0000-0000-0000-000000000917,tx_norm_000968_a0c692,c1000000-0000-0000-0000-000000000010,c1000000-0000-0000-0000-000000000141,PAYMENT,741.14,0.0,COMPLETED,d1000000-0000-0000-0000-000000000013,b1000000-0000-0000-0000-000000000003,2026-01-22T08:18:18+00:00,1,NORMAL_TRANSACTION,Normal Transaction,NORMAL,[],0,0,NORMAL_BASELINE
e1000000-0000-0000-0000-000000000918,tx_norm_000931_b5971e,c1000000-0000-0000-0000-000000000072,c1000000-0000-0000-0000-000000000092,P2P,488.13,0.0,COMPLETED,d1000000-0000-0000-0000-000000000027,b1000000-0000-0000-0000-000000000018,2026-01-22T08:23:23+00:00,1,NORMAL_TRANSACTION,Normal Transaction,NORMAL,[],0,0,NORMAL_BASELINE
e1000000-0000-0000-0000-000000000919,tx_norm_001004_48d0e6,c1000000-0000-0000-0000-000000000049,c1000000-0000-0000-0000-000000000138,PAYMENT,2487.74,0.0,COMPLETED,d1000000-0000-0000-0000-000000000024,b1000000-0000-0000-0000-000000000002,2026-01-22T08:25:16+00:00,1,NORMAL_TRANSACTION,Normal Transaction,NORMAL,[],0,0,NORMAL_BASELINE
e1000000-0000-0000-0000-000000000920,tx_norm_000951_0e16af,c1000000-0000-0000-0000-000000000058,c1000000-0000-0000-0000-000000000117,CASH_OUT,1193.61,17.78,COMPLETED,d1000000-0000-0000-0000-000000000024,b1000000-0000-0000-0000-000000000009,2026-01-22T08:25:39+00:00,1,NORMAL_TRANSACTION,Normal Transaction,NORMAL,[],0,0,NORMAL_BASELINE
e1000000-0000-0000-0000-000000000921,tx_norm_000923_191679,c1000000-0000-0000-0000-000000000104,c1000000-0000-0000-0000-000000000103,P2P,3195.61,5.0,COMPLETED,d1000000-0000-0000-0000-000000000026,b1000000-0000-0000-0000-000000000019,2026-01-22T08:27:33+00:00,1,NORMAL_TRANSACTION,Normal Transaction,NORMAL,[],0,0,NORMAL_BASELINE
e1000000-0000-0000-0000-000000000922,tx_norm_000976_3a00c8,c1000000-0000-0000-0000-000000000017,c1000000-0000-0000-0000-000000000090,P2P,812.15,5.0,COMPLETED,d1000000-0000-0000-0000-000000000013,b1000000-0000-0000-0000-000000000009,2026-01-22T08:47:52+00:00,1,NORMAL_TRANSACTION,Normal Transaction,NORMAL,[],0,0,NORMAL_BASELINE
e1000000-0000-0000-0000-000000000923,tx_norm_001034_abede2,c1000000-0000-0000-0000-000000000107,c1000000-0000-0000-0000-000000000089,CASH_IN,9257.12,0.0,COMPLETED,d1000000-0000-0000-0000-000000000011,b1000000-0000-0000-0000-000000000011,2026-01-22T08:53:47+00:00,1,NORMAL_TRANSACTION,Normal Transaction,NORMAL,[],0,0,NORMAL_BASELINE
e1000000-0000-0000-0000-000000000924,tx_norm_000916_5f9cb7,c1000000-0000-0000-0000-000000000079,c1000000-0000-0000-0000-000000000059,P2P,965.66,5.0,COMPLETED,d1000000-0000-0000-0000-000000000014,b1000000-0000-0000-0000-000000000018,2026-01-22T08:56:27+00:00,1,NORMAL_TRANSACTION,Normal Transaction,NORMAL,[],0,0,NORMAL_BASELINE
e1000000-0000-0000-0000-000000000925,tx_norm_000937_46a42e,c1000000-0000-0000-0000-000000000037,c1000000-0000-0000-0000-000000000108,CASH_OUT,1320.24,19.67,COMPLETED,d1000000-0000-0000-0000-000000000016,b1000000-0000-0000-0000-000000000007,2026-01-22T09:05:25+00:00,1,NORMAL_TRANSACTION,Normal Transaction,NORMAL,[],0,0,NORMAL_BASELINE
e1000000-0000-0000-0000-000000000926,tx_norm_000981_291a49,c1000000-0000-0000-0000-000000000114,c1000000-0000-0000-0000-000000000075,CASH_IN,4130.53,0.0,COMPLETED,d1000000-0000-0000-0000-000000000009,b1000000-0000-0000-0000-000000000015,2026-01-22T09:09:54+00:00,1,NORMAL_TRANSACTION,Normal Transaction,NORMAL,[],0,0,NORMAL_BASELINE
e1000000-0000-0000-0000-000000000927,tx_norm_000972_d4d7b0,c1000000-0000-0000-0000-000000000025,c1000000-0000-0000-0000-000000000141,PAYMENT,2020.96,0.0,COMPLETED,d1000000-0000-0000-0000-000000000028,b1000000-0000-0000-0000-000000000004,2026-01-22T09:13:09+00:00,1,NORMAL_TRANSACTION,Normal Transaction,NORMAL,[],0,0,NORMAL_BASELINE
e1000000-0000-0000-0000-000000000928,tx_norm_000956_49e3eb,c1000000-0000-0000-0000-000000000095,c1000000-0000-0000-0000-000000000119,CASH_OUT,6527.64,97.26,COMPLETED,d1000000-0000-0000-0000-000000000017,b1000000-0000-0000-0000-000000000011,2026-01-22T09:13:46+00:00,1,NORMAL_TRANSACTION,Normal Transaction,NORMAL,[],0,0,NORMAL_BASELINE
e1000000-0000-0000-0000-000000000929,tx_norm_001041_7408f6,c1000000-0000-0000-0000-000000000105,c1000000-0000-0000-0000-000000000141,PAYMENT,2400.25,0.0,COMPLETED,d1000000-0000-0000-0000-000000000015,b1000000-0000-0000-0000-000000000007,2026-01-22T09:22:26+00:00,1,NORMAL_TRANSACTION,Normal Transaction,NORMAL,[],0,0,NORMAL_BASELINE
e1000000-0000-0000-0000-000000000930,tx_norm_000988_d751af,c1000000-0000-0000-0000-000000000095,c1000000-0000-0000-0000-000000000137,PAYMENT,2245.49,0.0,COMPLETED,d1000000-0000-0000-0000-000000000017,b1000000-0000-0000-0000-000000000004,2026-01-22T09:24:18+00:00,1,NORMAL_TRANSACTION,Normal Transaction,NORMAL,[],0,0,NORMAL_BASELINE
e1000000-0000-0000-0000-000000000931,tx_norm_000920_4777be,c1000000-0000-0000-0000-000000000028,c1000000-0000-0000-0000-000000000140,PAYMENT,2702.82,0.0,COMPLETED,d1000000-0000-0000-0000-000000000004,b1000000-0000-0000-0000-000000000018,2026-01-22T09:26:54+00:00,1,NORMAL_TRANSACTION,Normal Transaction,NORMAL,[],0,0,NORMAL_BASELINE
e1000000-0000-0000-0000-000000000932,tx_norm_000963_b0167d,c1000000-0000-0000-0000-000000000054,c1000000-0000-0000-0000-000000000111,CASH_OUT,4189.15,62.42,COMPLETED,d1000000-0000-0000-0000-000000000018,b1000000-0000-0000-0000-000000000005,2026-01-22T09:41:42+00:00,1,NORMAL_TRANSACTION,Normal Transaction,NORMAL,[],0,0,NORMAL_BASELINE
e1000000-0000-0000-0000-000000000933,tx_norm_000974_5cd14b,c1000000-0000-0000-0000-000000000062,c1000000-0000-0000-0000-000000000117,CASH_OUT,2836.8,42.27,COMPLETED,d1000000-0000-0000-0000-000000000003,b1000000-0000-0000-0000-000000000009,2026-01-22T09:52:08+00:00,1,NORMAL_TRANSACTION,Normal Transaction,NORMAL,[],0,0,NORMAL_BASELINE
e1000000-0000-0000-0000-000000000934,tx_norm_001023_fdc562,c1000000-0000-0000-0000-000000000040,c1000000-0000-0000-0000-000000000061,P2P,2287.14,5.0,COMPLETED,d1000000-0000-0000-0000-000000000022,b1000000-0000-0000-0000-000000000012,2026-01-22T10:12:01+00:00,1,NORMAL_TRANSACTION,Normal Transaction,NORMAL,[],0,0,NORMAL_BASELINE
e1000000-0000-0000-0000-000000000935,tx_norm_000977_04d07f,c1000000-0000-0000-0000-000000000055,c1000000-0000-0000-0000-000000000134,RECHARGE,20.0,0.0,COMPLETED,d1000000-0000-0000-0000-000000000016,b1000000-0000-0000-0000-000000000016,2026-01-22T10:13:08+00:00,1,NORMAL_TRANSACTION,Normal Transaction,NORMAL,[],0,0,NORMAL_BASELINE
e1000000-0000-0000-0000-000000000936,tx_norm_000958_f5c8ce,c1000000-0000-0000-0000-000000000068,c1000000-0000-0000-0000-000000000138,PAYMENT,351.65,0.0,COMPLETED,d1000000-0000-0000-0000-000000000019,b1000000-0000-0000-0000-000000000004,2026-01-22T10:13:19+00:00,1,NORMAL_TRANSACTION,Normal Transaction,NORMAL,[],0,0,NORMAL_BASELINE
e1000000-0000-0000-0000-000000000937,tx_norm_000946_25dfac,c1000000-0000-0000-0000-000000000127,c1000000-0000-0000-0000-000000000041,CASH_IN,9802.2,0.0,COMPLETED,d1000000-0000-0000-0000-000000000011,b1000000-0000-0000-0000-000000000013,2026-01-22T10:13:35+00:00,1,NORMAL_TRANSACTION,Normal Transaction,NORMAL,[],0,0,NORMAL_BASELINE
e1000000-0000-0000-0000-000000000938,tx_norm_000945_42aa0b,c1000000-0000-0000-0000-000000000041,c1000000-0000-0000-0000-000000000075,P2P,743.84,5.0,COMPLETED,d1000000-0000-0000-0000-000000000008,b1000000-0000-0000-0000-000000000008,2026-01-22T10:15:07+00:00,1,NORMAL_TRANSACTION,Normal Transaction,NORMAL,[],0,0,NORMAL_BASELINE
e1000000-0000-0000-0000-000000000939,tx_norm_000932_c0953c,c1000000-0000-0000-0000-000000000084,c1000000-0000-0000-0000-000000000140,PAYMENT,2399.01,0.0,COMPLETED,d1000000-0000-0000-0000-000000000024,b1000000-0000-0000-0000-000000000005,2026-01-22T10:21:15+00:00,1,NORMAL_TRANSACTION,Normal Transaction,NORMAL,[],0,0,NORMAL_BASELINE
e1000000-0000-0000-0000-000000000940,tx_norm_000985_6c9148,c1000000-0000-0000-0000-000000000024,c1000000-0000-0000-0000-000000000138,RECHARGE,200.0,0.0,COMPLETED,d1000000-0000-0000-0000-000000000005,b1000000-0000-0000-0000-000000000017,2026-01-22T10:28:43+00:00,1,NORMAL_TRANSACTION,Normal Transaction,NORMAL,[],0,0,NORMAL_BASELINE
e1000000-0000-0000-0000-000000000941,tx_norm_000944_2ce459,c1000000-0000-0000-0000-000000000069,c1000000-0000-0000-0000-000000000037,P2P,983.81,5.0,COMPLETED,d1000000-0000-0000-0000-000000000009,b1000000-0000-0000-0000-000000000005,2026-01-22T10:39:59+00:00,1,NORMAL_TRANSACTION,Normal Transaction,NORMAL,[],0,0,NORMAL_BASELINE
e1000000-0000-0000-0000-000000000942,tx_norm_000927_dc4209,c1000000-0000-0000-0000-000000000060,c1000000-0000-0000-0000-000000000092,P2P,2923.63,5.0,COMPLETED,d1000000-0000-0000-0000-000000000011,b1000000-0000-0000-0000-000000000002,2026-01-22T10:50:55+00:00,1,NORMAL_TRANSACTION,Normal Transaction,NORMAL,[],0,0,NORMAL_BASELINE
e1000000-0000-0000-0000-000000000943,tx_norm_000922_787cb0,c1000000-0000-0000-0000-000000000054,c1000000-0000-0000-0000-000000000107,CASH_OUT,800.44,11.93,COMPLETED,d1000000-0000-0000-0000-000000000018,b1000000-0000-0000-0000-000000000011,2026-01-22T10:58:36+00:00,1,NORMAL_TRANSACTION,Normal Transaction,NORMAL,[],0,0,NORMAL_BASELINE
e1000000-0000-0000-0000-000000000944,tx_norm_000962_d590f4,c1000000-0000-0000-0000-000000000034,c1000000-0000-0000-0000-000000000040,P2P,4310.91,5.0,COMPLETED,d1000000-0000-0000-0000-000000000004,b1000000-0000-0000-0000-000000000012,2026-01-22T11:01:50+00:00,1,NORMAL_TRANSACTION,Normal Transaction,NORMAL,[],0,0,NORMAL_BASELINE
e1000000-0000-0000-0000-000000000945,tx_norm_000999_cf3a2f,c1000000-0000-0000-0000-000000000065,c1000000-0000-0000-0000-000000000137,PAYMENT,1804.44,0.0,COMPLETED,d1000000-0000-0000-0000-000000000009,b1000000-0000-0000-0000-000000000007,2026-01-22T11:18:42+00:00,1,NORMAL_TRANSACTION,Normal Transaction,NORMAL,[],0,0,NORMAL_BASELINE
e1000000-0000-0000-0000-000000000946,tx_norm_001020_4cdedd,c1000000-0000-0000-0000-000000000020,c1000000-0000-0000-0000-000000000097,P2P,3146.82,5.0,COMPLETED,d1000000-0000-0000-0000-000000000019,b1000000-0000-0000-0000-000000000011,2026-01-22T11:23:29+00:00,1,NORMAL_TRANSACTION,Normal Transaction,NORMAL,[],0,0,NORMAL_BASELINE
e1000000-0000-0000-0000-000000000947,tx_norm_000989_e50ea3,c1000000-0000-0000-0000-000000000055,c1000000-0000-0000-0000-000000000025,P2P,3884.13,5.0,COMPLETED,d1000000-0000-0000-0000-000000000016,b1000000-0000-0000-0000-000000000016,2026-01-22T11:35:26+00:00,1,NORMAL_TRANSACTION,Normal Transaction,NORMAL,[],0,0,NORMAL_BASELINE
e1000000-0000-0000-0000-000000000948,tx_norm_001029_bcbb85,c1000000-0000-0000-0000-000000000116,c1000000-0000-0000-0000-000000000043,CASH_IN,8491.01,0.0,COMPLETED,d1000000-0000-0000-0000-000000000011,b1000000-0000-0000-0000-000000000015,2026-01-22T11:38:07+00:00,1,NORMAL_TRANSACTION,Normal Transaction,NORMAL,[],0,0,NORMAL_BASELINE
e1000000-0000-0000-0000-000000000949,tx_norm_000915_95c89b,c1000000-0000-0000-0000-000000000049,c1000000-0000-0000-0000-000000000113,CASH_OUT,1051.47,15.67,COMPLETED,d1000000-0000-0000-0000-000000000024,b1000000-0000-0000-0000-000000000017,2026-01-22T11:47:26+00:00,1,NORMAL_TRANSACTION,Normal Transaction,NORMAL,[],0,0,NORMAL_BASELINE
e1000000-0000-0000-0000-000000000950,tx_norm_000914_3a4fec,c1000000-0000-0000-0000-000000000030,c1000000-0000-0000-0000-000000000130,CASH_OUT,1326.0,19.76,COMPLETED,d1000000-0000-0000-0000-000000000029,b1000000-0000-0000-0000-000000000006,2026-01-22T11:47:43+00:00,1,NORMAL_TRANSACTION,Normal Transaction,NORMAL,[],0,0,NORMAL_BASELINE
e1000000-0000-0000-0000-000000000951,tx_norm_000919_8d8164,c1000000-0000-0000-0000-000000000102,c1000000-0000-0000-0000-000000000135,PAYMENT,1913.27,0.0,COMPLETED,d1000000-0000-0000-0000-000000000029,b1000000-0000-0000-0000-000000000006,2026-01-22T11:56:18+00:00,1,NORMAL_TRANSACTION,Normal Transaction,NORMAL,[],0,0,NORMAL_BASELINE
e1000000-0000-0000-0000-000000000952,tx_norm_001037_e3e735,c1000000-0000-0000-0000-000000000031,c1000000-0000-0000-0000-000000000115,CASH_OUT,2077.9,30.96,COMPLETED,d1000000-0000-0000-0000-000000000004,b1000000-0000-0000-0000-000000000011,2026-01-22T12:05:59+00:00,1,NORMAL_TRANSACTION,Normal Transaction,NORMAL,[],0,0,NORMAL_BASELINE
e1000000-0000-0000-0000-000000000953,tx_norm_000940_8505d9,c1000000-0000-0000-0000-000000000103,c1000000-0000-0000-0000-000000000030,P2P,3790.27,5.0,COMPLETED,d1000000-0000-0000-0000-000000000027,b1000000-0000-0000-0000-000000000001,2026-01-22T12:12:04+00:00,1,NORMAL_TRANSACTION,Normal Transaction,NORMAL,[],0,0,NORMAL_BASELINE
e1000000-0000-0000-0000-000000000954,tx_norm_000925_296be9,c1000000-0000-0000-0000-000000000003,c1000000-0000-0000-0000-000000000140,RECHARGE,100.0,0.0,COMPLETED,d1000000-0000-0000-0000-000000000003,b1000000-0000-0000-0000-000000000007,2026-01-22T12:15:41+00:00,1,NORMAL_TRANSACTION,Normal Transaction,NORMAL,[],0,0,NORMAL_BASELINE
e1000000-0000-0000-0000-000000000955,tx_norm_001013_9fe3f8,c1000000-0000-0000-0000-000000000074,c1000000-0000-0000-0000-000000000052,P2P,3659.79,5.0,COMPLETED,d1000000-0000-0000-0000-000000000005,b1000000-0000-0000-0000-000000000009,2026-01-22T12:16:03+00:00,1,NORMAL_TRANSACTION,Normal Transaction,NORMAL,[],0,0,NORMAL_BASELINE
e1000000-0000-0000-0000-000000000956,tx_norm_001031_5fecaa,c1000000-0000-0000-0000-000000000076,c1000000-0000-0000-0000-000000000008,P2P,2308.54,5.0,COMPLETED,d1000000-0000-0000-0000-000000000030,b1000000-0000-0000-0000-000000000002,2026-01-22T12:28:26+00:00,1,NORMAL_TRANSACTION,Normal Transaction,NORMAL,[],0,0,NORMAL_BASELINE
e1000000-0000-0000-0000-000000000957,tx_norm_001035_af6c6f,c1000000-0000-0000-0000-000000000090,c1000000-0000-0000-0000-000000000047,P2P,4083.58,5.0,COMPLETED,d1000000-0000-0000-0000-000000000013,b1000000-0000-0000-0000-000000000011,2026-01-22T12:35:24+00:00,1,NORMAL_TRANSACTION,Normal Transaction,NORMAL,[],0,0,NORMAL_BASELINE
e1000000-0000-0000-0000-000000000958,tx_norm_000970_d2c4c2,c1000000-0000-0000-0000-000000000109,c1000000-0000-0000-0000-000000000069,CASH_IN,6220.42,0.0,COMPLETED,d1000000-0000-0000-0000-000000000010,b1000000-0000-0000-0000-000000000003,2026-01-22T12:43:44+00:00,1,NORMAL_TRANSACTION,Normal Transaction,NORMAL,[],0,0,NORMAL_BASELINE
e1000000-0000-0000-0000-000000000959,tx_norm_001007_15bebd,c1000000-0000-0000-0000-000000000031,c1000000-0000-0000-0000-000000000084,P2P,1542.03,5.0,COMPLETED,d1000000-0000-0000-0000-000000000004,b1000000-0000-0000-0000-000000000010,2026-01-22T13:03:42+00:00,1,NORMAL_TRANSACTION,Normal Transaction,NORMAL,[],0,0,NORMAL_BASELINE
e1000000-0000-0000-0000-000000000960,tx_norm_000955_721145,c1000000-0000-0000-0000-000000000045,c1000000-0000-0000-0000-000000000046,P2P,1524.77,5.0,COMPLETED,d1000000-0000-0000-0000-000000000022,b1000000-0000-0000-0000-000000000016,2026-01-22T13:24:23+00:00,1,NORMAL_TRANSACTION,Normal Transaction,NORMAL,[],0,0,NORMAL_BASELINE
e1000000-0000-0000-0000-000000000961,tx_norm_001033_e7bd1d,c1000000-0000-0000-0000-000000000040,c1000000-0000-0000-0000-000000000003,P2P,2975.21,5.0,COMPLETED,d1000000-0000-0000-0000-000000000022,b1000000-0000-0000-0000-000000000012,2026-01-22T13:30:45+00:00,1,NORMAL_TRANSACTION,Normal Transaction,NORMAL,[],0,0,NORMAL_BASELINE
e1000000-0000-0000-0000-000000000962,tx_norm_001011_4cad66,c1000000-0000-0000-0000-000000000086,c1000000-0000-0000-0000-000000000116,CASH_OUT,1749.7,26.07,COMPLETED,d1000000-0000-0000-0000-000000000030,b1000000-0000-0000-0000-000000000015,2026-01-22T13:31:32+00:00,1,NORMAL_TRANSACTION,Normal Transaction,NORMAL,[],0,0,NORMAL_BASELINE
e1000000-0000-0000-0000-000000000963,tx_norm_000966_25693e,c1000000-0000-0000-0000-000000000034,c1000000-0000-0000-0000-000000000135,PAYMENT,1924.05,0.0,COMPLETED,d1000000-0000-0000-0000-000000000004,b1000000-0000-0000-0000-000000000012,2026-01-22T13:32:46+00:00,1,NORMAL_TRANSACTION,Normal Transaction,NORMAL,[],0,0,NORMAL_BASELINE
e1000000-0000-0000-0000-000000000964,tx_norm_001032_efdd6a,c1000000-0000-0000-0000-000000000032,c1000000-0000-0000-0000-000000000137,PAYMENT,2832.27,0.0,COMPLETED,d1000000-0000-0000-0000-000000000005,b1000000-0000-0000-0000-000000000012,2026-01-22T13:34:27+00:00,1,NORMAL_TRANSACTION,Normal Transaction,NORMAL,[],0,0,NORMAL_BASELINE
e1000000-0000-0000-0000-000000000965,tx_norm_001026_e2be80,c1000000-0000-0000-0000-000000000053,c1000000-0000-0000-0000-000000000117,CASH_OUT,5537.54,82.51,COMPLETED,d1000000-0000-0000-0000-000000000028,b1000000-0000-0000-0000-000000000009,2026-01-22T13:38:19+00:00,1,NORMAL_TRANSACTION,Normal Transaction,NORMAL,[],0,0,NORMAL_BASELINE
e1000000-0000-0000-0000-000000000966,tx_norm_000950_1deb97,c1000000-0000-0000-0000-000000000107,c1000000-0000-0000-0000-000000000018,CASH_IN,7102.08,0.0,COMPLETED,d1000000-0000-0000-0000-000000000011,b1000000-0000-0000-0000-000000000011,2026-01-22T13:44:07+00:00,1,NORMAL_TRANSACTION,Normal Transaction,NORMAL,[],0,0,NORMAL_BASELINE
e1000000-0000-0000-0000-000000000967,tx_norm_000936_e24c72,c1000000-0000-0000-0000-000000000104,c1000000-0000-0000-0000-000000000108,CASH_OUT,1912.65,28.5,COMPLETED,d1000000-0000-0000-0000-000000000026,b1000000-0000-0000-0000-000000000007,2026-01-22T13:51:43+00:00,1,NORMAL_TRANSACTION,Normal Transaction,NORMAL,[],0,0,NORMAL_BASELINE
e1000000-0000-0000-0000-000000000968,tx_norm_001012_892c6b,c1000000-0000-0000-0000-000000000101,c1000000-0000-0000-0000-000000000134,PAYMENT,2713.16,0.0,COMPLETED,d1000000-0000-0000-0000-000000000007,b1000000-0000-0000-0000-000000000014,2026-01-22T14:12:31+00:00,1,NORMAL_TRANSACTION,Normal Transaction,NORMAL,[],0,0,NORMAL_BASELINE
e1000000-0000-0000-0000-000000000969,tx_norm_001043_3fe604,c1000000-0000-0000-0000-000000000074,c1000000-0000-0000-0000-000000000011,P2P,676.56,5.0,COMPLETED,d1000000-0000-0000-0000-000000000005,b1000000-0000-0000-0000-000000000009,2026-01-22T14:12:40+00:00,1,NORMAL_TRANSACTION,Normal Transaction,NORMAL,[],0,0,NORMAL_BASELINE
e1000000-0000-0000-0000-000000000970,tx_norm_001021_69958f,c1000000-0000-0000-0000-000000000009,c1000000-0000-0000-0000-000000000126,CASH_OUT,2026.69,30.2,COMPLETED,d1000000-0000-0000-0000-000000000024,b1000000-0000-0000-0000-000000000014,2026-01-22T14:20:55+00:00,1,NORMAL_TRANSACTION,Normal Transaction,NORMAL,[],0,0,NORMAL_BASELINE
e1000000-0000-0000-0000-000000000971,tx_norm_000995_402d35,c1000000-0000-0000-0000-000000000099,c1000000-0000-0000-0000-000000000059,P2P,664.56,5.0,COMPLETED,d1000000-0000-0000-0000-000000000004,b1000000-0000-0000-0000-000000000010,2026-01-22T14:31:32+00:00,1,NORMAL_TRANSACTION,Normal Transaction,NORMAL,[],0,0,NORMAL_BASELINE
e1000000-0000-0000-0000-000000000972,tx_norm_001010_b0dc75,c1000000-0000-0000-0000-000000000013,c1000000-0000-0000-0000-000000000105,P2P,2299.94,5.0,COMPLETED,d1000000-0000-0000-0000-000000000028,b1000000-0000-0000-0000-000000000004,2026-01-22T14:36:24+00:00,1,NORMAL_TRANSACTION,Normal Transaction,NORMAL,[],0,0,NORMAL_BASELINE
e1000000-0000-0000-0000-000000000973,tx_norm_000941_aa757e,c1000000-0000-0000-0000-000000000131,c1000000-0000-0000-0000-000000000042,CASH_IN,5375.34,0.0,COMPLETED,d1000000-0000-0000-0000-000000000009,b1000000-0000-0000-0000-000000000015,2026-01-22T14:37:21+00:00,1,NORMAL_TRANSACTION,Normal Transaction,NORMAL,[],0,0,NORMAL_BASELINE
e1000000-0000-0000-0000-000000000974,tx_norm_001024_42264b,c1000000-0000-0000-0000-000000000021,c1000000-0000-0000-0000-000000000036,P2P,786.65,5.0,COMPLETED,d1000000-0000-0000-0000-000000000030,b1000000-0000-0000-0000-000000000015,2026-01-22T14:41:57+00:00,1,NORMAL_TRANSACTION,Normal Transaction,NORMAL,[],0,0,NORMAL_BASELINE
e1000000-0000-0000-0000-000000000975,tx_norm_001016_83ef3c,c1000000-0000-0000-0000-000000000054,c1000000-0000-0000-0000-000000000052,P2P,1280.44,5.0,COMPLETED,d1000000-0000-0000-0000-000000000018,b1000000-0000-0000-0000-000000000001,2026-01-22T14:42:34+00:00,1,NORMAL_TRANSACTION,Normal Transaction,NORMAL,[],0,0,NORMAL_BASELINE
e1000000-0000-0000-0000-000000000976,tx_norm_000939_bcda83,c1000000-0000-0000-0000-000000000061,c1000000-0000-0000-0000-000000000117,CASH_OUT,3650.97,54.4,COMPLETED,d1000000-0000-0000-0000-000000000028,b1000000-0000-0000-0000-000000000009,2026-01-22T14:43:34+00:00,1,NORMAL_TRANSACTION,Normal Transaction,NORMAL,[],0,0,NORMAL_BASELINE
e1000000-0000-0000-0000-000000000977,tx_norm_001027_801049,c1000000-0000-0000-0000-000000000031,c1000000-0000-0000-0000-000000000109,CASH_OUT,4782.3,71.26,COMPLETED,d1000000-0000-0000-0000-000000000004,b1000000-0000-0000-0000-000000000003,2026-01-22T14:53:46+00:00,1,NORMAL_TRANSACTION,Normal Transaction,NORMAL,[],0,0,NORMAL_BASELINE
e1000000-0000-0000-0000-000000000978,tx_norm_000928_4510ea,c1000000-0000-0000-0000-000000000005,c1000000-0000-0000-0000-000000000039,P2P,2031.38,5.0,COMPLETED,d1000000-0000-0000-0000-000000000015,b1000000-0000-0000-0000-000000000019,2026-01-22T14:57:44+00:00,1,NORMAL_TRANSACTION,Normal Transaction,NORMAL,[],0,0,NORMAL_BASELINE
e1000000-0000-0000-0000-000000000979,tx_norm_000961_bd6734,c1000000-0000-0000-0000-000000000075,c1000000-0000-0000-0000-000000000115,CASH_OUT,4205.75,62.67,COMPLETED,d1000000-0000-0000-0000-000000000007,b1000000-0000-0000-0000-000000000011,2026-01-22T15:02:52+00:00,1,NORMAL_TRANSACTION,Normal Transaction,NORMAL,[],0,0,NORMAL_BASELINE
e1000000-0000-0000-0000-000000000980,tx_norm_000979_c12a34,c1000000-0000-0000-0000-000000000009,c1000000-0000-0000-0000-000000000040,P2P,3070.62,5.0,COMPLETED,d1000000-0000-0000-0000-000000000024,b1000000-0000-0000-0000-000000000015,2026-01-22T15:07:58+00:00,1,NORMAL_TRANSACTION,Normal Transaction,NORMAL,[],0,0,NORMAL_BASELINE
e1000000-0000-0000-0000-000000000981,tx_norm_000996_d48f5b,c1000000-0000-0000-0000-000000000004,c1000000-0000-0000-0000-000000000109,CASH_OUT,6033.49,89.9,COMPLETED,d1000000-0000-0000-0000-000000000018,b1000000-0000-0000-0000-000000000003,2026-01-22T15:14:40+00:00,1,NORMAL_TRANSACTION,Normal Transaction,NORMAL,[],0,0,NORMAL_BASELINE
e1000000-0000-0000-0000-000000000982,tx_norm_000924_21f969,c1000000-0000-0000-0000-000000000002,c1000000-0000-0000-0000-000000000139,PAYMENT,3047.3,0.0,COMPLETED,d1000000-0000-0000-0000-000000000022,b1000000-0000-0000-0000-000000000018,2026-01-22T15:15:05+00:00,1,NORMAL_TRANSACTION,Normal Transaction,NORMAL,[],0,0,NORMAL_BASELINE
e1000000-0000-0000-0000-000000000983,tx_norm_001002_91a07e,c1000000-0000-0000-0000-000000000050,c1000000-0000-0000-0000-000000000064,P2P,3485.25,5.0,COMPLETED,d1000000-0000-0000-0000-000000000024,b1000000-0000-0000-0000-000000000011,2026-01-22T15:27:08+00:00,1,NORMAL_TRANSACTION,Normal Transaction,NORMAL,[],0,0,NORMAL_BASELINE
e1000000-0000-0000-0000-000000000984,tx_norm_001015_81300e,c1000000-0000-0000-0000-000000000010,c1000000-0000-0000-0000-000000000085,P2P,3742.08,5.0,COMPLETED,d1000000-0000-0000-0000-000000000013,b1000000-0000-0000-0000-000000000003,2026-01-22T15:27:13+00:00,1,NORMAL_TRANSACTION,Normal Transaction,NORMAL,[],0,0,NORMAL_BASELINE
e1000000-0000-0000-0000-000000000985,tx_norm_001001_4d9454,c1000000-0000-0000-0000-000000000072,c1000000-0000-0000-0000-000000000086,P2P,3899.55,5.0,COMPLETED,d1000000-0000-0000-0000-000000000027,b1000000-0000-0000-0000-000000000018,2026-01-22T15:29:02+00:00,1,NORMAL_TRANSACTION,Normal Transaction,NORMAL,[],0,0,NORMAL_BASELINE
e1000000-0000-0000-0000-000000000986,tx_norm_000947_7fd9c9,c1000000-0000-0000-0000-000000000016,c1000000-0000-0000-0000-000000000133,PAYMENT,1383.92,0.0,COMPLETED,d1000000-0000-0000-0000-000000000006,b1000000-0000-0000-0000-000000000018,2026-01-22T15:34:10+00:00,1,NORMAL_TRANSACTION,Normal Transaction,NORMAL,[],0,0,NORMAL_BASELINE
e1000000-0000-0000-0000-000000000987,tx_norm_001038_08ac78,c1000000-0000-0000-0000-000000000099,c1000000-0000-0000-0000-000000000126,CASH_OUT,3547.17,52.85,COMPLETED,d1000000-0000-0000-0000-000000000004,b1000000-0000-0000-0000-000000000014,2026-01-22T15:40:20+00:00,1,NORMAL_TRANSACTION,Normal Transaction,NORMAL,[],0,0,NORMAL_BASELINE
e1000000-0000-0000-0000-000000000988,tx_norm_000997_4d8131,c1000000-0000-0000-0000-000000000049,c1000000-0000-0000-0000-000000000138,RECHARGE,50.0,0.0,COMPLETED,d1000000-0000-0000-0000-000000000024,b1000000-0000-0000-0000-000000000002,2026-01-22T15:43:01+00:00,1,NORMAL_TRANSACTION,Normal Transaction,NORMAL,[],0,0,NORMAL_BASELINE
e1000000-0000-0000-0000-000000000989,tx_norm_000917_083759,c1000000-0000-0000-0000-000000000035,c1000000-0000-0000-0000-000000000136,PAYMENT,1174.47,0.0,COMPLETED,d1000000-0000-0000-0000-000000000029,b1000000-0000-0000-0000-000000000019,2026-01-22T15:46:12+00:00,1,NORMAL_TRANSACTION,Normal Transaction,NORMAL,[],0,0,NORMAL_BASELINE
e1000000-0000-0000-0000-000000000990,tx_norm_000987_53ff5f,c1000000-0000-0000-0000-000000000123,c1000000-0000-0000-0000-000000000093,CASH_IN,1365.48,0.0,COMPLETED,d1000000-0000-0000-0000-000000000011,b1000000-0000-0000-0000-000000000001,2026-01-22T15:48:23+00:00,1,NORMAL_TRANSACTION,Normal Transaction,NORMAL,[],0,0,NORMAL_BASELINE
e1000000-0000-0000-0000-000000000991,tx_norm_001045_53dc4f,c1000000-0000-0000-0000-000000000023,c1000000-0000-0000-0000-000000000089,P2P,2749.99,5.0,COMPLETED,d1000000-0000-0000-0000-000000000014,b1000000-0000-0000-0000-000000000019,2026-01-22T15:55:47+00:00,1,NORMAL_TRANSACTION,Normal Transaction,NORMAL,[],0,0,NORMAL_BASELINE
e1000000-0000-0000-0000-000000000992,tx_norm_000967_6b6545,c1000000-0000-0000-0000-000000000021,c1000000-0000-0000-0000-000000000007,P2P,1372.48,5.0,COMPLETED,d1000000-0000-0000-0000-000000000030,b1000000-0000-0000-0000-000000000015,2026-01-22T15:56:44+00:00,1,NORMAL_TRANSACTION,Normal Transaction,NORMAL,[],0,0,NORMAL_BASELINE
e1000000-0000-0000-0000-000000000993,tx_norm_000949_ba81d8,c1000000-0000-0000-0000-000000000097,c1000000-0000-0000-0000-000000000135,RECHARGE,500.0,0.0,COMPLETED,d1000000-0000-0000-0000-000000000018,b1000000-0000-0000-0000-000000000007,2026-01-22T15:57:18+00:00,1,NORMAL_TRANSACTION,Normal Transaction,NORMAL,[],0,0,NORMAL_BASELINE
e1000000-0000-0000-0000-000000000994,tx_norm_000948_54cece,c1000000-0000-0000-0000-000000000095,c1000000-0000-0000-0000-000000000070,P2P,4395.08,5.0,COMPLETED,d1000000-0000-0000-0000-000000000017,b1000000-0000-0000-0000-000000000004,2026-01-22T15:59:20+00:00,1,NORMAL_TRANSACTION,Normal Transaction,NORMAL,[],0,0,NORMAL_BASELINE
e1000000-0000-0000-0000-000000000995,tx_norm_001000_5086f3,c1000000-0000-0000-0000-000000000056,c1000000-0000-0000-0000-000000000016,P2P,1849.61,5.0,COMPLETED,d1000000-0000-0000-0000-000000000006,b1000000-0000-0000-0000-000000000013,2026-01-22T16:01:48+00:00,1,NORMAL_TRANSACTION,Normal Transaction,NORMAL,[],0,0,NORMAL_BASELINE
e1000000-0000-0000-0000-000000000996,tx_norm_000913_5372eb,c1000000-0000-0000-0000-000000000093,c1000000-0000-0000-0000-000000000120,CASH_OUT,4945.3,73.68,COMPLETED,d1000000-0000-0000-0000-000000000009,b1000000-0000-0000-0000-000000000013,2026-01-22T16:07:04+00:00,1,NORMAL_TRANSACTION,Normal Transaction,NORMAL,[],0,0,NORMAL_BASELINE
e1000000-0000-0000-0000-000000000997,tx_norm_000983_89811f,c1000000-0000-0000-0000-000000000037,c1000000-0000-0000-0000-000000000022,P2P,4077.14,5.0,COMPLETED,d1000000-0000-0000-0000-000000000016,b1000000-0000-0000-0000-000000000018,2026-01-22T16:13:45+00:00,1,NORMAL_TRANSACTION,Normal Transaction,NORMAL,[],0,0,NORMAL_BASELINE
e1000000-0000-0000-0000-000000000998,tx_norm_000986_850cdd,c1000000-0000-0000-0000-000000000041,c1000000-0000-0000-0000-000000000016,P2P,2203.38,5.0,COMPLETED,d1000000-0000-0000-0000-000000000008,b1000000-0000-0000-0000-000000000008,2026-01-22T16:14:26+00:00,1,NORMAL_TRANSACTION,Normal Transaction,NORMAL,[],0,0,NORMAL_BASELINE
e1000000-0000-0000-0000-000000000999,tx_norm_000929_55f016,c1000000-0000-0000-0000-000000000088,c1000000-0000-0000-0000-000000000011,P2P,2867.96,5.0,COMPLETED,d1000000-0000-0000-0000-000000000008,b1000000-0000-0000-0000-000000000007,2026-01-22T16:36:50+00:00,1,NORMAL_TRANSACTION,Normal Transaction,NORMAL,[],0,0,NORMAL_BASELINE
e1000000-0000-0000-0000-000000001000,tx_norm_000991_972ec2,c1000000-0000-0000-0000-000000000019,c1000000-0000-0000-0000-000000000052,P2P,1922.68,5.0,COMPLETED,d1000000-0000-0000-0000-000000000013,b1000000-0000-0000-0000-000000000009,2026-01-22T16:42:43+00:00,1,NORMAL_TRANSACTION,Normal Transaction,NORMAL,[],0,0,NORMAL_BASELINE
e1000000-0000-0000-0000-000000001001,tx_norm_001028_e272d7,c1000000-0000-0000-0000-000000000100,c1000000-0000-0000-0000-000000000141,PAYMENT,918.01,0.0,COMPLETED,d1000000-0000-0000-0000-000000000011,b1000000-0000-0000-0000-000000000013,2026-01-22T16:42:53+00:00,1,NORMAL_TRANSACTION,Normal Transaction,NORMAL,[],0,0,NORMAL_BASELINE
e1000000-0000-0000-0000-000000001002,tx_norm_000934_7c795d,c1000000-0000-0000-0000-000000000009,c1000000-0000-0000-0000-000000000049,P2P,1684.47,5.0,COMPLETED,d1000000-0000-0000-0000-000000000024,b1000000-0000-0000-0000-000000000015,2026-01-22T16:43:27+00:00,1,NORMAL_TRANSACTION,Normal Transaction,NORMAL,[],0,0,NORMAL_BASELINE
e1000000-0000-0000-0000-000000001003,tx_norm_000935_73b4da,c1000000-0000-0000-0000-000000000069,c1000000-0000-0000-0000-000000000141,PAYMENT,2893.33,0.0,COMPLETED,d1000000-0000-0000-0000-000000000009,b1000000-0000-0000-0000-000000000005,2026-01-22T16:53:07+00:00,1,NORMAL_TRANSACTION,Normal Transaction,NORMAL,[],0,0,NORMAL_BASELINE
e1000000-0000-0000-0000-000000001004,tx_norm_001036_649a0b,c1000000-0000-0000-0000-000000000050,c1000000-0000-0000-0000-000000000106,CASH_OUT,7323.42,109.12,COMPLETED,d1000000-0000-0000-0000-000000000024,b1000000-0000-0000-0000-000000000006,2026-01-22T16:55:15+00:00,1,NORMAL_TRANSACTION,Normal Transaction,NORMAL,[],0,0,NORMAL_BASELINE
e1000000-0000-0000-0000-000000001005,tx_norm_000930_77215d,c1000000-0000-0000-0000-000000000007,c1000000-0000-0000-0000-000000000016,P2P,1846.71,5.0,COMPLETED,d1000000-0000-0000-0000-000000000025,b1000000-0000-0000-0000-000000000011,2026-01-22T16:58:43+00:00,1,NORMAL_TRANSACTION,Normal Transaction,NORMAL,[],0,0,NORMAL_BASELINE
e1000000-0000-0000-0000-000000001006,tx_norm_000998_caf072,c1000000-0000-0000-0000-000000000097,c1000000-0000-0000-0000-000000000067,P2P,3500.56,5.0,COMPLETED,d1000000-0000-0000-0000-000000000018,b1000000-0000-0000-0000-000000000007,2026-01-22T17:06:48+00:00,1,NORMAL_TRANSACTION,Normal Transaction,NORMAL,[],0,0,NORMAL_BASELINE
e1000000-0000-0000-0000-000000001007,tx_norm_000994_aaab58,c1000000-0000-0000-0000-000000000126,c1000000-0000-0000-0000-000000000052,CASH_IN,4204.88,0.0,COMPLETED,d1000000-0000-0000-0000-000000000010,b1000000-0000-0000-0000-000000000014,2026-01-22T17:17:48+00:00,1,NORMAL_TRANSACTION,Normal Transaction,NORMAL,[],0,0,NORMAL_BASELINE
e1000000-0000-0000-0000-000000001008,tx_norm_000965_d17ad9,c1000000-0000-0000-0000-000000000088,c1000000-0000-0000-0000-000000000061,P2P,4389.31,5.0,COMPLETED,d1000000-0000-0000-0000-000000000008,b1000000-0000-0000-0000-000000000007,2026-01-22T17:27:55+00:00,1,NORMAL_TRANSACTION,Normal Transaction,NORMAL,[],0,0,NORMAL_BASELINE
e1000000-0000-0000-0000-000000001009,tx_norm_001018_449773,c1000000-0000-0000-0000-000000000132,c1000000-0000-0000-0000-000000000096,CASH_IN,9442.93,0.0,COMPLETED,d1000000-0000-0000-0000-000000000010,b1000000-0000-0000-0000-000000000009,2026-01-22T17:31:13+00:00,1,NORMAL_TRANSACTION,Normal Transaction,NORMAL,[],0,0,NORMAL_BASELINE
e1000000-0000-0000-0000-000000001010,tx_norm_001009_fc5b14,c1000000-0000-0000-0000-000000000003,c1000000-0000-0000-0000-000000000140,PAYMENT,1943.37,0.0,COMPLETED,d1000000-0000-0000-0000-000000000003,b1000000-0000-0000-0000-000000000007,2026-01-22T17:32:57+00:00,1,NORMAL_TRANSACTION,Normal Transaction,NORMAL,[],0,0,NORMAL_BASELINE
e1000000-0000-0000-0000-000000001011,tx_norm_000954_b74966,c1000000-0000-0000-0000-000000000086,c1000000-0000-0000-0000-000000000117,CASH_OUT,3481.68,51.88,COMPLETED,d1000000-0000-0000-0000-000000000030,b1000000-0000-0000-0000-000000000009,2026-01-22T17:38:32+00:00,1,NORMAL_TRANSACTION,Normal Transaction,NORMAL,[],0,0,NORMAL_BASELINE
e1000000-0000-0000-0000-000000001012,tx_norm_000993_c3cb0c,c1000000-0000-0000-0000-000000000055,c1000000-0000-0000-0000-000000000094,P2P,2346.17,5.0,COMPLETED,d1000000-0000-0000-0000-000000000016,b1000000-0000-0000-0000-000000000016,2026-01-22T17:54:25+00:00,1,NORMAL_TRANSACTION,Normal Transaction,NORMAL,[],0,0,NORMAL_BASELINE
e1000000-0000-0000-0000-000000001013,tx_norm_000952_15661f,c1000000-0000-0000-0000-000000000101,c1000000-0000-0000-0000-000000000137,PAYMENT,746.93,0.0,COMPLETED,d1000000-0000-0000-0000-000000000007,b1000000-0000-0000-0000-000000000014,2026-01-22T18:12:37+00:00,1,NORMAL_TRANSACTION,Normal Transaction,NORMAL,[],0,0,NORMAL_BASELINE
e1000000-0000-0000-0000-000000001014,tx_norm_000990_65787d,c1000000-0000-0000-0000-000000000087,c1000000-0000-0000-0000-000000000063,P2P,3090.01,5.0,COMPLETED,d1000000-0000-0000-0000-000000000026,b1000000-0000-0000-0000-000000000004,2026-01-22T18:23:11+00:00,1,NORMAL_TRANSACTION,Normal Transaction,NORMAL,[],0,0,NORMAL_BASELINE
e1000000-0000-0000-0000-000000001015,tx_norm_001025_0e29ed,c1000000-0000-0000-0000-000000000006,c1000000-0000-0000-0000-000000000140,PAYMENT,2535.81,0.0,COMPLETED,d1000000-0000-0000-0000-000000000006,b1000000-0000-0000-0000-000000000014,2026-01-22T18:35:11+00:00,1,NORMAL_TRANSACTION,Normal Transaction,NORMAL,[],0,0,NORMAL_BASELINE
e1000000-0000-0000-0000-000000001016,tx_norm_001003_2803fe,c1000000-0000-0000-0000-000000000061,c1000000-0000-0000-0000-000000000140,PAYMENT,1864.88,0.0,COMPLETED,d1000000-0000-0000-0000-000000000028,b1000000-0000-0000-0000-000000000017,2026-01-22T18:35:43+00:00,1,NORMAL_TRANSACTION,Normal Transaction,NORMAL,[],0,0,NORMAL_BASELINE
e1000000-0000-0000-0000-000000001017,tx_norm_001017_dcda8c,c1000000-0000-0000-0000-000000000003,c1000000-0000-0000-0000-000000000082,P2P,3224.33,5.0,COMPLETED,d1000000-0000-0000-0000-000000000003,b1000000-0000-0000-0000-000000000007,2026-01-22T18:48:35+00:00,1,NORMAL_TRANSACTION,Normal Transaction,NORMAL,[],0,0,NORMAL_BASELINE
e1000000-0000-0000-0000-000000001018,tx_norm_000984_b2b8d6,c1000000-0000-0000-0000-000000000065,c1000000-0000-0000-0000-000000000092,P2P,2241.28,5.0,COMPLETED,d1000000-0000-0000-0000-000000000009,b1000000-0000-0000-0000-000000000007,2026-01-22T19:06:59+00:00,1,NORMAL_TRANSACTION,Normal Transaction,NORMAL,[],0,0,NORMAL_BASELINE
e1000000-0000-0000-0000-000000001019,tx_norm_000938_05cf07,c1000000-0000-0000-0000-000000000027,c1000000-0000-0000-0000-000000000068,P2P,4294.05,5.0,COMPLETED,d1000000-0000-0000-0000-000000000015,b1000000-0000-0000-0000-000000000017,2026-01-22T19:09:31+00:00,1,NORMAL_TRANSACTION,Normal Transaction,NORMAL,[],0,0,NORMAL_BASELINE
e1000000-0000-0000-0000-000000001020,tx_norm_000921_38efa3,c1000000-0000-0000-0000-000000000032,c1000000-0000-0000-0000-000000000116,CASH_OUT,3756.87,55.98,COMPLETED,d1000000-0000-0000-0000-000000000005,b1000000-0000-0000-0000-000000000015,2026-01-22T19:27:47+00:00,1,NORMAL_TRANSACTION,Normal Transaction,NORMAL,[],0,0,NORMAL_BASELINE
e1000000-0000-0000-0000-000000001021,tx_norm_001040_42ceef,c1000000-0000-0000-0000-000000000013,c1000000-0000-0000-0000-000000000132,CASH_OUT,1702.58,25.37,COMPLETED,d1000000-0000-0000-0000-000000000028,b1000000-0000-0000-0000-000000000009,2026-01-22T19:27:56+00:00,1,NORMAL_TRANSACTION,Normal Transaction,NORMAL,[],0,0,NORMAL_BASELINE
e1000000-0000-0000-0000-000000001022,tx_norm_000960_4a1a42,c1000000-0000-0000-0000-000000000026,c1000000-0000-0000-0000-000000000111,CASH_OUT,6742.13,100.46,COMPLETED,d1000000-0000-0000-0000-000000000014,b1000000-0000-0000-0000-000000000005,2026-01-22T19:36:48+00:00,1,NORMAL_TRANSACTION,Normal Transaction,NORMAL,[],0,0,NORMAL_BASELINE
e1000000-0000-0000-0000-000000001023,tx_norm_001044_51c424,c1000000-0000-0000-0000-000000000017,c1000000-0000-0000-0000-000000000139,PAYMENT,2567.56,0.0,COMPLETED,d1000000-0000-0000-0000-000000000013,b1000000-0000-0000-0000-000000000009,2026-01-22T19:49:53+00:00,1,NORMAL_TRANSACTION,Normal Transaction,NORMAL,[],0,0,NORMAL_BASELINE
e1000000-0000-0000-0000-000000001024,tx_norm_001014_cd1a81,c1000000-0000-0000-0000-000000000044,c1000000-0000-0000-0000-000000000035,P2P,489.26,0.0,COMPLETED,d1000000-0000-0000-0000-000000000028,b1000000-0000-0000-0000-000000000011,2026-01-22T19:54:37+00:00,1,NORMAL_TRANSACTION,Normal Transaction,NORMAL,[],0,0,NORMAL_BASELINE
e1000000-0000-0000-0000-000000001025,tx_norm_000992_56b090,c1000000-0000-0000-0000-000000000009,c1000000-0000-0000-0000-000000000138,RECHARGE,50.0,0.0,COMPLETED,d1000000-0000-0000-0000-000000000024,b1000000-0000-0000-0000-000000000015,2026-01-22T19:59:57+00:00,1,NORMAL_TRANSACTION,Normal Transaction,NORMAL,[],0,0,NORMAL_BASELINE
e1000000-0000-0000-0000-000000001026,tx_norm_001042_22d6f0,c1000000-0000-0000-0000-000000000081,c1000000-0000-0000-0000-000000000140,PAYMENT,2562.61,0.0,COMPLETED,d1000000-0000-0000-0000-000000000019,b1000000-0000-0000-0000-000000000018,2026-01-22T20:03:41+00:00,1,NORMAL_TRANSACTION,Normal Transaction,NORMAL,[],0,0,NORMAL_BASELINE
e1000000-0000-0000-0000-000000001027,tx_norm_000969_d3aa9b,c1000000-0000-0000-0000-000000000123,c1000000-0000-0000-0000-000000000042,CASH_IN,8851.99,0.0,COMPLETED,d1000000-0000-0000-0000-000000000011,b1000000-0000-0000-0000-000000000001,2026-01-22T20:06:38+00:00,1,NORMAL_TRANSACTION,Normal Transaction,NORMAL,[],0,0,NORMAL_BASELINE
e1000000-0000-0000-0000-000000001028,tx_norm_000980_59fe1c,c1000000-0000-0000-0000-000000000076,c1000000-0000-0000-0000-000000000136,PAYMENT,713.58,0.0,COMPLETED,d1000000-0000-0000-0000-000000000030,b1000000-0000-0000-0000-000000000002,2026-01-22T20:07:58+00:00,1,NORMAL_TRANSACTION,Normal Transaction,NORMAL,[],0,0,NORMAL_BASELINE
e1000000-0000-0000-0000-000000001029,tx_norm_000943_48cd42,c1000000-0000-0000-0000-000000000037,c1000000-0000-0000-0000-000000000133,PAYMENT,602.43,0.0,COMPLETED,d1000000-0000-0000-0000-000000000016,b1000000-0000-0000-0000-000000000018,2026-01-22T20:16:14+00:00,1,NORMAL_TRANSACTION,Normal Transaction,NORMAL,[],0,0,NORMAL_BASELINE
e1000000-0000-0000-0000-000000001030,tx_norm_000959_8e49d0,c1000000-0000-0000-0000-000000000082,c1000000-0000-0000-0000-000000000035,P2P,1982.41,5.0,COMPLETED,d1000000-0000-0000-0000-000000000010,b1000000-0000-0000-0000-000000000012,2026-01-22T20:24:05+00:00,1,NORMAL_TRANSACTION,Normal Transaction,NORMAL,[],0,0,NORMAL_BASELINE
e1000000-0000-0000-0000-000000001031,tx_norm_000978_97da64,c1000000-0000-0000-0000-000000000005,c1000000-0000-0000-0000-000000000103,P2P,3037.09,5.0,COMPLETED,d1000000-0000-0000-0000-000000000015,b1000000-0000-0000-0000-000000000019,2026-01-22T20:27:02+00:00,1,NORMAL_TRANSACTION,Normal Transaction,NORMAL,[],0,0,NORMAL_BASELINE
e1000000-0000-0000-0000-000000001032,tx_norm_001019_0f5467,c1000000-0000-0000-0000-000000000119,c1000000-0000-0000-0000-000000000073,CASH_IN,7539.54,0.0,COMPLETED,d1000000-0000-0000-0000-000000000010,b1000000-0000-0000-0000-000000000011,2026-01-22T20:39:54+00:00,1,NORMAL_TRANSACTION,Normal Transaction,NORMAL,[],0,0,NORMAL_BASELINE
e1000000-0000-0000-0000-000000001033,tx_norm_000982_940091,c1000000-0000-0000-0000-000000000073,c1000000-0000-0000-0000-000000000009,P2P,626.15,5.0,COMPLETED,d1000000-0000-0000-0000-000000000005,b1000000-0000-0000-0000-000000000009,2026-01-22T20:46:39+00:00,1,NORMAL_TRANSACTION,Normal Transaction,NORMAL,[],0,0,NORMAL_BASELINE
e1000000-0000-0000-0000-000000001034,tx_norm_000957_991250,c1000000-0000-0000-0000-000000000054,c1000000-0000-0000-0000-000000000135,PAYMENT,2698.31,0.0,COMPLETED,d1000000-0000-0000-0000-000000000018,b1000000-0000-0000-0000-000000000001,2026-01-22T20:46:57+00:00,1,NORMAL_TRANSACTION,Normal Transaction,NORMAL,[],0,0,NORMAL_BASELINE
e1000000-0000-0000-0000-000000001035,tx_norm_001030_2cd6e8,c1000000-0000-0000-0000-000000000055,c1000000-0000-0000-0000-000000000028,P2P,820.4,5.0,COMPLETED,d1000000-0000-0000-0000-000000000016,b1000000-0000-0000-0000-000000000016,2026-01-22T20:47:47+00:00,1,NORMAL_TRANSACTION,Normal Transaction,NORMAL,[],0,0,NORMAL_BASELINE
e1000000-0000-0000-0000-000000001036,tx_norm_001006_5b7c57,c1000000-0000-0000-0000-000000000013,c1000000-0000-0000-0000-000000000056,P2P,1684.12,5.0,COMPLETED,d1000000-0000-0000-0000-000000000028,b1000000-0000-0000-0000-000000000004,2026-01-22T20:57:40+00:00,1,NORMAL_TRANSACTION,Normal Transaction,NORMAL,[],0,0,NORMAL_BASELINE
e1000000-0000-0000-0000-000000001037,tx_norm_001039_ed2eeb,c1000000-0000-0000-0000-000000000121,c1000000-0000-0000-0000-000000000061,CASH_IN,7632.48,0.0,COMPLETED,d1000000-0000-0000-0000-000000000009,b1000000-0000-0000-0000-000000000014,2026-01-22T21:05:52+00:00,1,NORMAL_TRANSACTION,Normal Transaction,NORMAL,[],0,0,NORMAL_BASELINE
e1000000-0000-0000-0000-000000001038,tx_norm_001022_3d0d3f,c1000000-0000-0000-0000-000000000088,c1000000-0000-0000-0000-000000000077,P2P,1215.36,5.0,COMPLETED,d1000000-0000-0000-0000-000000000008,b1000000-0000-0000-0000-000000000007,2026-01-22T21:18:41+00:00,1,NORMAL_TRANSACTION,Normal Transaction,NORMAL,[],0,0,NORMAL_BASELINE
e1000000-0000-0000-0000-000000001039,tx_norm_001008_75fe28,c1000000-0000-0000-0000-000000000003,c1000000-0000-0000-0000-000000000070,P2P,1602.3,5.0,COMPLETED,d1000000-0000-0000-0000-000000000003,b1000000-0000-0000-0000-000000000007,2026-01-22T21:19:07+00:00,1,NORMAL_TRANSACTION,Normal Transaction,NORMAL,[],0,0,NORMAL_BASELINE
e1000000-0000-0000-0000-000000001040,tx_norm_000953_7d8f23,c1000000-0000-0000-0000-000000000108,c1000000-0000-0000-0000-000000000066,CASH_IN,4549.81,0.0,COMPLETED,d1000000-0000-0000-0000-000000000009,b1000000-0000-0000-0000-000000000007,2026-01-22T21:28:43+00:00,1,NORMAL_TRANSACTION,Normal Transaction,NORMAL,[],0,0,NORMAL_BASELINE
e1000000-0000-0000-0000-000000001041,tx_norm_000975_b5bbab,c1000000-0000-0000-0000-000000000067,c1000000-0000-0000-0000-000000000138,RECHARGE,50.0,0.0,COMPLETED,d1000000-0000-0000-0000-000000000030,b1000000-0000-0000-0000-000000000003,2026-01-22T21:28:56+00:00,1,NORMAL_TRANSACTION,Normal Transaction,NORMAL,[],0,0,NORMAL_BASELINE
e1000000-0000-0000-0000-000000001042,tx_norm_000973_ea8104,c1000000-0000-0000-0000-000000000097,c1000000-0000-0000-0000-000000000134,PAYMENT,1422.91,0.0,COMPLETED,d1000000-0000-0000-0000-000000000018,b1000000-0000-0000-0000-000000000007,2026-01-22T21:34:45+00:00,1,NORMAL_TRANSACTION,Normal Transaction,NORMAL,[],0,0,NORMAL_BASELINE
e1000000-0000-0000-0000-000000001043,tx_norm_000942_4e7674,c1000000-0000-0000-0000-000000000073,c1000000-0000-0000-0000-000000000135,PAYMENT,2889.76,0.0,COMPLETED,d1000000-0000-0000-0000-000000000005,b1000000-0000-0000-0000-000000000009,2026-01-22T21:35:28+00:00,1,NORMAL_TRANSACTION,Normal Transaction,NORMAL,[],0,0,NORMAL_BASELINE
e1000000-0000-0000-0000-000000001044,tx_norm_000926_dfcb82,c1000000-0000-0000-0000-000000000059,c1000000-0000-0000-0000-000000000140,PAYMENT,2504.1,0.0,COMPLETED,d1000000-0000-0000-0000-000000000010,b1000000-0000-0000-0000-000000000007,2026-01-22T21:36:47+00:00,1,NORMAL_TRANSACTION,Normal Transaction,NORMAL,[],0,0,NORMAL_BASELINE
e1000000-0000-0000-0000-000000001045,tx_norm_000933_e5def0,c1000000-0000-0000-0000-000000000130,c1000000-0000-0000-0000-000000000029,CASH_IN,3884.17,0.0,COMPLETED,d1000000-0000-0000-0000-000000000010,b1000000-0000-0000-0000-000000000006,2026-01-22T21:44:13+00:00,1,NORMAL_TRANSACTION,Normal Transaction,NORMAL,[],0,0,NORMAL_BASELINE
e1000000-0000-0000-0000-000000001046,tx_norm_001104_d3f471,c1000000-0000-0000-0000-000000000046,c1000000-0000-0000-0000-000000000127,CASH_OUT,1689.54,25.17,COMPLETED,d1000000-0000-0000-0000-000000000030,b1000000-0000-0000-0000-000000000013,2026-01-23T08:01:22+00:00,1,NORMAL_TRANSACTION,Normal Transaction,NORMAL,[],0,0,NORMAL_BASELINE
e1000000-0000-0000-0000-000000001047,tx_norm_001124_c62f34,c1000000-0000-0000-0000-000000000124,c1000000-0000-0000-0000-000000000034,CASH_IN,3172.06,0.0,COMPLETED,d1000000-0000-0000-0000-000000000010,b1000000-0000-0000-0000-000000000010,2026-01-23T08:01:56+00:00,1,NORMAL_TRANSACTION,Normal Transaction,NORMAL,[],0,0,NORMAL_BASELINE
e1000000-0000-0000-0000-000000001048,tx_norm_001139_4f489f,c1000000-0000-0000-0000-000000000006,c1000000-0000-0000-0000-000000000055,P2P,2269.06,5.0,COMPLETED,d1000000-0000-0000-0000-000000000006,b1000000-0000-0000-0000-000000000014,2026-01-23T08:07:35+00:00,1,NORMAL_TRANSACTION,Normal Transaction,NORMAL,[],0,0,NORMAL_BASELINE
e1000000-0000-0000-0000-000000001049,tx_norm_001063_29debc,c1000000-0000-0000-0000-000000000024,c1000000-0000-0000-0000-000000000005,P2P,2222.06,5.0,COMPLETED,d1000000-0000-0000-0000-000000000005,b1000000-0000-0000-0000-000000000017,2026-01-23T08:12:09+00:00,1,NORMAL_TRANSACTION,Normal Transaction,NORMAL,[],0,0,NORMAL_BASELINE
e1000000-0000-0000-0000-000000001050,tx_norm_001153_c09ca1,c1000000-0000-0000-0000-000000000124,c1000000-0000-0000-0000-000000000031,CASH_IN,5436.81,0.0,COMPLETED,d1000000-0000-0000-0000-000000000010,b1000000-0000-0000-0000-000000000010,2026-01-23T08:12:15+00:00,1,NORMAL_TRANSACTION,Normal Transaction,NORMAL,[],0,0,NORMAL_BASELINE
e1000000-0000-0000-0000-000000001051,tx_norm_001097_6ac985,c1000000-0000-0000-0000-000000000009,c1000000-0000-0000-0000-000000000036,P2P,4039.37,5.0,COMPLETED,d1000000-0000-0000-0000-000000000024,b1000000-0000-0000-0000-000000000015,2026-01-23T08:27:36+00:00,1,NORMAL_TRANSACTION,Normal Transaction,NORMAL,[],0,0,NORMAL_BASELINE
e1000000-0000-0000-0000-000000001052,tx_norm_001105_8fde04,c1000000-0000-0000-0000-000000000015,c1000000-0000-0000-0000-000000000081,P2P,1174.77,5.0,COMPLETED,d1000000-0000-0000-0000-000000000022,b1000000-0000-0000-0000-000000000009,2026-01-23T08:51:04+00:00,1,NORMAL_TRANSACTION,Normal Transaction,NORMAL,[],0,0,NORMAL_BASELINE
e1000000-0000-0000-0000-000000001053,tx_norm_001149_196ded,c1000000-0000-0000-0000-000000000033,c1000000-0000-0000-0000-000000000012,P2P,692.97,5.0,COMPLETED,d1000000-0000-0000-0000-000000000030,b1000000-0000-0000-0000-000000000017,2026-01-23T08:55:33+00:00,1,NORMAL_TRANSACTION,Normal Transaction,NORMAL,[],0,0,NORMAL_BASELINE
e1000000-0000-0000-0000-000000001054,tx_norm_001074_a5accd,c1000000-0000-0000-0000-000000000050,c1000000-0000-0000-0000-000000000101,P2P,1930.3,5.0,COMPLETED,d1000000-0000-0000-0000-000000000024,b1000000-0000-0000-0000-000000000011,2026-01-23T09:01:54+00:00,1,NORMAL_TRANSACTION,Normal Transaction,NORMAL,[],0,0,NORMAL_BASELINE
e1000000-0000-0000-0000-000000001055,tx_norm_001122_2041e7,c1000000-0000-0000-0000-000000000093,c1000000-0000-0000-0000-000000000094,P2P,3382.22,5.0,COMPLETED,d1000000-0000-0000-0000-000000000009,b1000000-0000-0000-0000-000000000006,2026-01-23T09:02:34+00:00,1,NORMAL_TRANSACTION,Normal Transaction,NORMAL,[],0,0,NORMAL_BASELINE
e1000000-0000-0000-0000-000000001056,tx_norm_001126_bca2c5,c1000000-0000-0000-0000-000000000109,c1000000-0000-0000-0000-000000000058,CASH_IN,3681.65,0.0,COMPLETED,d1000000-0000-0000-0000-000000000010,b1000000-0000-0000-0000-000000000003,2026-01-23T09:03:48+00:00,1,NORMAL_TRANSACTION,Normal Transaction,NORMAL,[],0,0,NORMAL_BASELINE
e1000000-0000-0000-0000-000000001057,tx_norm_001131_13fc92,c1000000-0000-0000-0000-000000000017,c1000000-0000-0000-0000-000000000140,PAYMENT,805.09,0.0,COMPLETED,d1000000-0000-0000-0000-000000000013,b1000000-0000-0000-0000-000000000009,2026-01-23T09:05:03+00:00,1,NORMAL_TRANSACTION,Normal Transaction,NORMAL,[],0,0,NORMAL_BASELINE
e1000000-0000-0000-0000-000000001058,tx_norm_001056_5ab383,c1000000-0000-0000-0000-000000000043,c1000000-0000-0000-0000-000000000031,P2P,2225.01,5.0,COMPLETED,d1000000-0000-0000-0000-000000000023,b1000000-0000-0000-0000-000000000002,2026-01-23T09:06:35+00:00,1,NORMAL_TRANSACTION,Normal Transaction,NORMAL,[],0,0,NORMAL_BASELINE
e1000000-0000-0000-0000-000000001059,tx_norm_001145_8591a8,c1000000-0000-0000-0000-000000000097,c1000000-0000-0000-0000-000000000133,PAYMENT,3069.74,0.0,COMPLETED,d1000000-0000-0000-0000-000000000018,b1000000-0000-0000-0000-000000000007,2026-01-23T09:12:39+00:00,1,NORMAL_TRANSACTION,Normal Transaction,NORMAL,[],0,0,NORMAL_BASELINE
e1000000-0000-0000-0000-000000001060,tx_norm_001113_3ed5e5,c1000000-0000-0000-0000-000000000119,c1000000-0000-0000-0000-000000000047,CASH_IN,6664.96,0.0,COMPLETED,d1000000-0000-0000-0000-000000000010,b1000000-0000-0000-0000-000000000011,2026-01-23T09:17:23+00:00,1,NORMAL_TRANSACTION,Normal Transaction,NORMAL,[],0,0,NORMAL_BASELINE
e1000000-0000-0000-0000-000000001061,tx_norm_001075_e75b21,c1000000-0000-0000-0000-000000000095,c1000000-0000-0000-0000-000000000131,CASH_OUT,7412.75,110.45,COMPLETED,d1000000-0000-0000-0000-000000000017,b1000000-0000-0000-0000-000000000015,2026-01-23T09:19:31+00:00,1,NORMAL_TRANSACTION,Normal Transaction,NORMAL,[],0,0,NORMAL_BASELINE
e1000000-0000-0000-0000-000000001062,tx_norm_001137_07298d,c1000000-0000-0000-0000-000000000039,c1000000-0000-0000-0000-000000000137,RECHARGE,200.0,0.0,COMPLETED,d1000000-0000-0000-0000-000000000023,b1000000-0000-0000-0000-000000000007,2026-01-23T09:23:19+00:00,1,NORMAL_TRANSACTION,Normal Transaction,NORMAL,[],0,0,NORMAL_BASELINE
e1000000-0000-0000-0000-000000001063,tx_norm_001168_051069,c1000000-0000-0000-0000-000000000057,c1000000-0000-0000-0000-000000000106,CASH_OUT,2161.41,32.21,COMPLETED,d1000000-0000-0000-0000-000000000026,b1000000-0000-0000-0000-000000000006,2026-01-23T09:29:23+00:00,1,NORMAL_TRANSACTION,Normal Transaction,NORMAL,[],0,0,NORMAL_BASELINE
e1000000-0000-0000-0000-000000001064,tx_norm_001098_05539a,c1000000-0000-0000-0000-000000000045,c1000000-0000-0000-0000-000000000120,CASH_OUT,5731.36,85.4,COMPLETED,d1000000-0000-0000-0000-000000000022,b1000000-0000-0000-0000-000000000013,2026-01-23T09:31:39+00:00,1,NORMAL_TRANSACTION,Normal Transaction,NORMAL,[],0,0,NORMAL_BASELINE
e1000000-0000-0000-0000-000000001065,tx_norm_001135_5e8c8b,c1000000-0000-0000-0000-000000000005,c1000000-0000-0000-0000-000000000135,PAYMENT,3029.41,0.0,COMPLETED,d1000000-0000-0000-0000-000000000015,b1000000-0000-0000-0000-000000000019,2026-01-23T09:44:13+00:00,1,NORMAL_TRANSACTION,Normal Transaction,NORMAL,[],0,0,NORMAL_BASELINE
e1000000-0000-0000-0000-000000001066,tx_norm_001142_6538bf,c1000000-0000-0000-0000-000000000119,c1000000-0000-0000-0000-000000000050,CASH_IN,3095.4,0.0,COMPLETED,d1000000-0000-0000-0000-000000000010,b1000000-0000-0000-0000-000000000011,2026-01-23T09:51:39+00:00,1,NORMAL_TRANSACTION,Normal Transaction,NORMAL,[],0,0,NORMAL_BASELINE
e1000000-0000-0000-0000-000000001067,tx_norm_001082_76f3ba,c1000000-0000-0000-0000-000000000066,c1000000-0000-0000-0000-000000000139,PAYMENT,1409.71,0.0,COMPLETED,d1000000-0000-0000-0000-000000000013,b1000000-0000-0000-0000-000000000005,2026-01-23T09:58:02+00:00,1,NORMAL_TRANSACTION,Normal Transaction,NORMAL,[],0,0,NORMAL_BASELINE
e1000000-0000-0000-0000-000000001068,tx_norm_001090_302f42,c1000000-0000-0000-0000-000000000105,c1000000-0000-0000-0000-000000000003,P2P,3192.94,5.0,COMPLETED,d1000000-0000-0000-0000-000000000015,b1000000-0000-0000-0000-000000000007,2026-01-23T10:08:00+00:00,1,NORMAL_TRANSACTION,Normal Transaction,NORMAL,[],0,0,NORMAL_BASELINE
e1000000-0000-0000-0000-000000001069,tx_norm_001072_0e378b,c1000000-0000-0000-0000-000000000083,c1000000-0000-0000-0000-000000000037,P2P,1589.63,5.0,COMPLETED,d1000000-0000-0000-0000-000000000008,b1000000-0000-0000-0000-000000000004,2026-01-23T10:13:55+00:00,1,NORMAL_TRANSACTION,Normal Transaction,NORMAL,[],0,0,NORMAL_BASELINE
e1000000-0000-0000-0000-000000001070,tx_norm_001173_463a5b,c1000000-0000-0000-0000-000000000030,c1000000-0000-0000-0000-000000000141,PAYMENT,2373.14,0.0,COMPLETED,d1000000-0000-0000-0000-000000000029,b1000000-0000-0000-0000-000000000009,2026-01-23T10:16:59+00:00,1,NORMAL_TRANSACTION,Normal Transaction,NORMAL,[],0,0,NORMAL_BASELINE
e1000000-0000-0000-0000-000000001071,tx_norm_001150_f3c111,c1000000-0000-0000-0000-000000000099,c1000000-0000-0000-0000-000000000012,P2P,863.18,5.0,COMPLETED,d1000000-0000-0000-0000-000000000004,b1000000-0000-0000-0000-000000000010,2026-01-23T10:18:09+00:00,1,NORMAL_TRANSACTION,Normal Transaction,NORMAL,[],0,0,NORMAL_BASELINE
e1000000-0000-0000-0000-000000001072,tx_norm_001076_720883,c1000000-0000-0000-0000-000000000048,c1000000-0000-0000-0000-000000000067,P2P,1059.45,5.0,COMPLETED,d1000000-0000-0000-0000-000000000014,b1000000-0000-0000-0000-000000000012,2026-01-23T10:22:42+00:00,1,NORMAL_TRANSACTION,Normal Transaction,NORMAL,[],0,0,NORMAL_BASELINE
e1000000-0000-0000-0000-000000001073,tx_norm_001134_83601f,c1000000-0000-0000-0000-000000000059,c1000000-0000-0000-0000-000000000135,PAYMENT,3102.5,0.0,COMPLETED,d1000000-0000-0000-0000-000000000010,b1000000-0000-0000-0000-000000000007,2026-01-23T10:32:08+00:00,1,NORMAL_TRANSACTION,Normal Transaction,NORMAL,[],0,0,NORMAL_BASELINE
e1000000-0000-0000-0000-000000001074,tx_norm_001059_b5d34f,c1000000-0000-0000-0000-000000000060,c1000000-0000-0000-0000-000000000110,CASH_OUT,1172.36,17.47,COMPLETED,d1000000-0000-0000-0000-000000000011,b1000000-0000-0000-0000-000000000007,2026-01-23T10:32:31+00:00,1,NORMAL_TRANSACTION,Normal Transaction,NORMAL,[],0,0,NORMAL_BASELINE
e1000000-0000-0000-0000-000000001075,tx_norm_001103_359d65,c1000000-0000-0000-0000-000000000054,c1000000-0000-0000-0000-000000000065,P2P,1505.7,5.0,COMPLETED,d1000000-0000-0000-0000-000000000018,b1000000-0000-0000-0000-000000000001,2026-01-23T10:38:31+00:00,1,NORMAL_TRANSACTION,Normal Transaction,NORMAL,[],0,0,NORMAL_BASELINE
e1000000-0000-0000-0000-000000001076,tx_norm_001111_706969,c1000000-0000-0000-0000-000000000018,c1000000-0000-0000-0000-000000000016,P2P,3848.96,5.0,COMPLETED,d1000000-0000-0000-0000-000000000027,b1000000-0000-0000-0000-000000000002,2026-01-23T10:41:23+00:00,1,NORMAL_TRANSACTION,Normal Transaction,NORMAL,[],0,0,NORMAL_BASELINE
e1000000-0000-0000-0000-000000001077,tx_norm_001110_ded89c,c1000000-0000-0000-0000-000000000130,c1000000-0000-0000-0000-000000000065,CASH_IN,5485.52,0.0,COMPLETED,d1000000-0000-0000-0000-000000000010,b1000000-0000-0000-0000-000000000006,2026-01-23T10:46:18+00:00,1,NORMAL_TRANSACTION,Normal Transaction,NORMAL,[],0,0,NORMAL_BASELINE
e1000000-0000-0000-0000-000000001078,tx_norm_001093_73137f,c1000000-0000-0000-0000-000000000063,c1000000-0000-0000-0000-000000000140,PAYMENT,209.86,0.0,COMPLETED,d1000000-0000-0000-0000-000000000008,b1000000-0000-0000-0000-000000000013,2026-01-23T10:47:44+00:00,1,NORMAL_TRANSACTION,Normal Transaction,NORMAL,[],0,0,NORMAL_BASELINE
e1000000-0000-0000-0000-000000001079,tx_norm_001084_b45227,c1000000-0000-0000-0000-000000000006,c1000000-0000-0000-0000-000000000108,CASH_OUT,3621.89,53.97,COMPLETED,d1000000-0000-0000-0000-000000000006,b1000000-0000-0000-0000-000000000007,2026-01-23T10:50:11+00:00,1,NORMAL_TRANSACTION,Normal Transaction,NORMAL,[],0,0,NORMAL_BASELINE
e1000000-0000-0000-0000-000000001080,tx_norm_001138_d1b22e,c1000000-0000-0000-0000-000000000040,c1000000-0000-0000-0000-000000000137,PAYMENT,807.52,0.0,COMPLETED,d1000000-0000-0000-0000-000000000022,b1000000-0000-0000-0000-000000000012,2026-01-23T10:50:37+00:00,1,NORMAL_TRANSACTION,Normal Transaction,NORMAL,[],0,0,NORMAL_BASELINE
e1000000-0000-0000-0000-000000001081,tx_norm_001107_0ce875,c1000000-0000-0000-0000-000000000078,c1000000-0000-0000-0000-000000000127,CASH_OUT,1281.07,19.09,COMPLETED,d1000000-0000-0000-0000-000000000009,b1000000-0000-0000-0000-000000000013,2026-01-23T10:54:44+00:00,1,NORMAL_TRANSACTION,Normal Transaction,NORMAL,[],0,0,NORMAL_BASELINE
e1000000-0000-0000-0000-000000001082,tx_norm_001047_e826fa,c1000000-0000-0000-0000-000000000083,c1000000-0000-0000-0000-000000000125,CASH_OUT,5199.71,77.48,COMPLETED,d1000000-0000-0000-0000-000000000008,b1000000-0000-0000-0000-000000000018,2026-01-23T11:01:01+00:00,1,NORMAL_TRANSACTION,Normal Transaction,NORMAL,[],0,0,NORMAL_BASELINE
e1000000-0000-0000-0000-000000001083,tx_norm_001092_1dd03e,c1000000-0000-0000-0000-000000000110,c1000000-0000-0000-0000-000000000061,CASH_IN,4796.91,0.0,COMPLETED,d1000000-0000-0000-0000-000000000011,b1000000-0000-0000-0000-000000000007,2026-01-23T11:05:19+00:00,1,NORMAL_TRANSACTION,Normal Transaction,NORMAL,[],0,0,NORMAL_BASELINE
e1000000-0000-0000-0000-000000001084,tx_norm_001046_e26433,c1000000-0000-0000-0000-000000000051,c1000000-0000-0000-0000-000000000049,P2P,4262.46,5.0,COMPLETED,d1000000-0000-0000-0000-000000000018,b1000000-0000-0000-0000-000000000015,2026-01-23T11:05:26+00:00,1,NORMAL_TRANSACTION,Normal Transaction,NORMAL,[],0,0,NORMAL_BASELINE
e1000000-0000-0000-0000-000000001085,tx_norm_001094_1a4828,c1000000-0000-0000-0000-000000000051,c1000000-0000-0000-0000-000000000133,PAYMENT,1168.24,0.0,COMPLETED,d1000000-0000-0000-0000-000000000018,b1000000-0000-0000-0000-000000000015,2026-01-23T11:12:18+00:00,1,NORMAL_TRANSACTION,Normal Transaction,NORMAL,[],0,0,NORMAL_BASELINE
e1000000-0000-0000-0000-000000001086,tx_norm_001164_00862f,c1000000-0000-0000-0000-000000000089,c1000000-0000-0000-0000-000000000018,P2P,2979.71,5.0,COMPLETED,d1000000-0000-0000-0000-000000000026,b1000000-0000-0000-0000-000000000008,2026-01-23T11:29:38+00:00,1,NORMAL_TRANSACTION,Normal Transaction,NORMAL,[],0,0,NORMAL_BASELINE
e1000000-0000-0000-0000-000000001087,tx_norm_001091_dbb24c,c1000000-0000-0000-0000-000000000031,c1000000-0000-0000-0000-000000000057,P2P,3820.99,5.0,COMPLETED,d1000000-0000-0000-0000-000000000004,b1000000-0000-0000-0000-000000000010,2026-01-23T11:30:41+00:00,1,NORMAL_TRANSACTION,Normal Transaction,NORMAL,[],0,0,NORMAL_BASELINE
e1000000-0000-0000-0000-000000001088,tx_norm_001170_3586ae,c1000000-0000-0000-0000-000000000064,c1000000-0000-0000-0000-000000000092,P2P,3239.96,5.0,COMPLETED,d1000000-0000-0000-0000-000000000002,b1000000-0000-0000-0000-000000000003,2026-01-23T11:31:23+00:00,1,NORMAL_TRANSACTION,Normal Transaction,NORMAL,[],0,0,NORMAL_BASELINE
e1000000-0000-0000-0000-000000001089,tx_norm_001067_13ab7d,c1000000-0000-0000-0000-000000000074,c1000000-0000-0000-0000-000000000135,PAYMENT,1420.08,0.0,COMPLETED,d1000000-0000-0000-0000-000000000005,b1000000-0000-0000-0000-000000000009,2026-01-23T11:37:00+00:00,1,NORMAL_TRANSACTION,Normal Transaction,NORMAL,[],0,0,NORMAL_BASELINE
e1000000-0000-0000-0000-000000001090,tx_norm_001172_20d4c1,c1000000-0000-0000-0000-000000000088,c1000000-0000-0000-0000-000000000135,PAYMENT,349.35,0.0,COMPLETED,d1000000-0000-0000-0000-000000000008,b1000000-0000-0000-0000-000000000007,2026-01-23T11:42:47+00:00,1,NORMAL_TRANSACTION,Normal Transaction,NORMAL,[],0,0,NORMAL_BASELINE
e1000000-0000-0000-0000-000000001091,tx_norm_001156_722be4,c1000000-0000-0000-0000-000000000110,c1000000-0000-0000-0000-000000000039,CASH_IN,6114.21,0.0,COMPLETED,d1000000-0000-0000-0000-000000000011,b1000000-0000-0000-0000-000000000007,2026-01-23T11:48:35+00:00,1,NORMAL_TRANSACTION,Normal Transaction,NORMAL,[],0,0,NORMAL_BASELINE
e1000000-0000-0000-0000-000000001092,tx_norm_001171_2ba463,c1000000-0000-0000-0000-000000000036,c1000000-0000-0000-0000-000000000074,P2P,2351.4,5.0,COMPLETED,d1000000-0000-0000-0000-000000000027,b1000000-0000-0000-0000-000000000003,2026-01-23T11:52:40+00:00,1,NORMAL_TRANSACTION,Normal Transaction,NORMAL,[],0,0,NORMAL_BASELINE
e1000000-0000-0000-0000-000000001093,tx_norm_001130_d4147d,c1000000-0000-0000-0000-000000000013,c1000000-0000-0000-0000-000000000020,P2P,3260.05,5.0,COMPLETED,d1000000-0000-0000-0000-000000000028,b1000000-0000-0000-0000-000000000004,2026-01-23T11:52:49+00:00,1,NORMAL_TRANSACTION,Normal Transaction,NORMAL,[],0,0,NORMAL_BASELINE
e1000000-0000-0000-0000-000000001094,tx_norm_001051_2154be,c1000000-0000-0000-0000-000000000115,c1000000-0000-0000-0000-000000000096,CASH_IN,5447.51,0.0,COMPLETED,d1000000-0000-0000-0000-000000000011,b1000000-0000-0000-0000-000000000011,2026-01-23T11:55:52+00:00,1,NORMAL_TRANSACTION,Normal Transaction,NORMAL,[],0,0,NORMAL_BASELINE
e1000000-0000-0000-0000-000000001095,tx_norm_001049_b7f515,c1000000-0000-0000-0000-000000000022,c1000000-0000-0000-0000-000000000134,RECHARGE,20.0,0.0,COMPLETED,d1000000-0000-0000-0000-000000000024,b1000000-0000-0000-0000-000000000018,2026-01-23T12:09:05+00:00,1,NORMAL_TRANSACTION,Normal Transaction,NORMAL,[],0,0,NORMAL_BASELINE
e1000000-0000-0000-0000-000000001096,tx_norm_001080_fbf3a1,c1000000-0000-0000-0000-000000000103,c1000000-0000-0000-0000-000000000062,P2P,1491.69,5.0,COMPLETED,d1000000-0000-0000-0000-000000000027,b1000000-0000-0000-0000-000000000001,2026-01-23T12:29:27+00:00,1,NORMAL_TRANSACTION,Normal Transaction,NORMAL,[],0,0,NORMAL_BASELINE
e1000000-0000-0000-0000-000000001097,tx_norm_001159_d6e8aa,c1000000-0000-0000-0000-000000000062,c1000000-0000-0000-0000-000000000035,P2P,2770.83,5.0,COMPLETED,d1000000-0000-0000-0000-000000000003,b1000000-0000-0000-0000-000000000006,2026-01-23T12:41:10+00:00,1,NORMAL_TRANSACTION,Normal Transaction,NORMAL,[],0,0,NORMAL_BASELINE
e1000000-0000-0000-0000-000000001098,tx_norm_001099_9670cd,c1000000-0000-0000-0000-000000000057,c1000000-0000-0000-0000-000000000136,PAYMENT,1698.29,0.0,COMPLETED,d1000000-0000-0000-0000-000000000026,b1000000-0000-0000-0000-000000000015,2026-01-23T12:46:12+00:00,1,NORMAL_TRANSACTION,Normal Transaction,NORMAL,[],0,0,NORMAL_BASELINE
e1000000-0000-0000-0000-000000001099,tx_norm_001147_ce9260,c1000000-0000-0000-0000-000000000091,c1000000-0000-0000-0000-000000000075,P2P,2110.19,5.0,COMPLETED,d1000000-0000-0000-0000-000000000009,b1000000-0000-0000-0000-000000000012,2026-01-23T12:50:13+00:00,1,NORMAL_TRANSACTION,Normal Transaction,NORMAL,[],0,0,NORMAL_BASELINE
e1000000-0000-0000-0000-000000001100,tx_norm_001162_ae9e2b,c1000000-0000-0000-0000-000000000065,c1000000-0000-0000-0000-000000000104,P2P,1568.71,5.0,COMPLETED,d1000000-0000-0000-0000-000000000009,b1000000-0000-0000-0000-000000000007,2026-01-23T12:56:27+00:00,1,NORMAL_TRANSACTION,Normal Transaction,NORMAL,[],0,0,NORMAL_BASELINE
e1000000-0000-0000-0000-000000001101,tx_norm_001071_fff446,c1000000-0000-0000-0000-000000000058,c1000000-0000-0000-0000-000000000138,PAYMENT,3039.63,0.0,COMPLETED,d1000000-0000-0000-0000-000000000024,b1000000-0000-0000-0000-000000000018,2026-01-23T13:02:41+00:00,1,NORMAL_TRANSACTION,Normal Transaction,NORMAL,[],0,0,NORMAL_BASELINE
e1000000-0000-0000-0000-000000001102,tx_norm_001054_df16eb,c1000000-0000-0000-0000-000000000011,c1000000-0000-0000-0000-000000000133,PAYMENT,1580.09,0.0,COMPLETED,d1000000-0000-0000-0000-000000000020,b1000000-0000-0000-0000-000000000012,2026-01-23T13:37:43+00:00,1,NORMAL_TRANSACTION,Normal Transaction,NORMAL,[],0,0,NORMAL_BASELINE
e1000000-0000-0000-0000-000000001103,tx_norm_001085_43dbea,c1000000-0000-0000-0000-000000000086,c1000000-0000-0000-0000-000000000140,PAYMENT,2052.62,0.0,COMPLETED,d1000000-0000-0000-0000-000000000030,b1000000-0000-0000-0000-000000000011,2026-01-23T13:37:46+00:00,1,NORMAL_TRANSACTION,Normal Transaction,NORMAL,[],0,0,NORMAL_BASELINE
e1000000-0000-0000-0000-000000001104,tx_norm_001062_a84ca4,c1000000-0000-0000-0000-000000000110,c1000000-0000-0000-0000-000000000072,CASH_IN,8677.3,0.0,COMPLETED,d1000000-0000-0000-0000-000000000011,b1000000-0000-0000-0000-000000000007,2026-01-23T13:47:31+00:00,1,NORMAL_TRANSACTION,Normal Transaction,NORMAL,[],0,0,NORMAL_BASELINE
e1000000-0000-0000-0000-000000001105,tx_norm_001160_bd3b17,c1000000-0000-0000-0000-000000000066,c1000000-0000-0000-0000-000000000037,P2P,395.58,0.0,COMPLETED,d1000000-0000-0000-0000-000000000013,b1000000-0000-0000-0000-000000000005,2026-01-23T13:53:40+00:00,1,NORMAL_TRANSACTION,Normal Transaction,NORMAL,[],0,0,NORMAL_BASELINE
e1000000-0000-0000-0000-000000001106,tx_norm_001117_93162f,c1000000-0000-0000-0000-000000000127,c1000000-0000-0000-0000-000000000083,CASH_IN,2358.57,0.0,COMPLETED,d1000000-0000-0000-0000-000000000011,b1000000-0000-0000-0000-000000000013,2026-01-23T14:03:25+00:00,1,NORMAL_TRANSACTION,Normal Transaction,NORMAL,[],0,0,NORMAL_BASELINE
e1000000-0000-0000-0000-000000001107,tx_norm_001152_d3e6dc,c1000000-0000-0000-0000-000000000042,c1000000-0000-0000-0000-000000000034,P2P,1814.71,5.0,COMPLETED,d1000000-0000-0000-0000-000000000018,b1000000-0000-0000-0000-000000000008,2026-01-23T14:06:20+00:00,1,NORMAL_TRANSACTION,Normal Transaction,NORMAL,[],0,0,NORMAL_BASELINE
e1000000-0000-0000-0000-000000001108,tx_norm_001154_7bf2aa,c1000000-0000-0000-0000-000000000060,c1000000-0000-0000-0000-000000000072,P2P,1950.43,5.0,COMPLETED,d1000000-0000-0000-0000-000000000011,b1000000-0000-0000-0000-000000000002,2026-01-23T14:07:17+00:00,1,NORMAL_TRANSACTION,Normal Transaction,NORMAL,[],0,0,NORMAL_BASELINE
e1000000-0000-0000-0000-000000001109,tx_norm_001064_b582ef,c1000000-0000-0000-0000-000000000006,c1000000-0000-0000-0000-000000000120,CASH_OUT,3173.9,47.29,COMPLETED,d1000000-0000-0000-0000-000000000006,b1000000-0000-0000-0000-000000000013,2026-01-23T14:07:57+00:00,1,NORMAL_TRANSACTION,Normal Transaction,NORMAL,[],0,0,NORMAL_BASELINE
e1000000-0000-0000-0000-000000001110,tx_norm_001060_f92edf,c1000000-0000-0000-0000-000000000006,c1000000-0000-0000-0000-000000000018,P2P,2346.61,5.0,COMPLETED,d1000000-0000-0000-0000-000000000006,b1000000-0000-0000-0000-000000000014,2026-01-23T14:09:16+00:00,1,NORMAL_TRANSACTION,Normal Transaction,NORMAL,[],0,0,NORMAL_BASELINE
e1000000-0000-0000-0000-000000001111,tx_norm_001058_2deb56,c1000000-0000-0000-0000-000000000110,c1000000-0000-0000-0000-000000000072,CASH_IN,1370.12,0.0,COMPLETED,d1000000-0000-0000-0000-000000000011,b1000000-0000-0000-0000-000000000007,2026-01-23T14:19:25+00:00,1,NORMAL_TRANSACTION,Normal Transaction,NORMAL,[],0,0,NORMAL_BASELINE
e1000000-0000-0000-0000-000000001112,tx_norm_001069_076451,c1000000-0000-0000-0000-000000000014,c1000000-0000-0000-0000-000000000132,CASH_OUT,2926.54,43.61,COMPLETED,d1000000-0000-0000-0000-000000000027,b1000000-0000-0000-0000-000000000009,2026-01-23T14:23:37+00:00,1,NORMAL_TRANSACTION,Normal Transaction,NORMAL,[],0,0,NORMAL_BASELINE
e1000000-0000-0000-0000-000000001113,tx_norm_001087_7a2487,c1000000-0000-0000-0000-000000000015,c1000000-0000-0000-0000-000000000002,P2P,938.46,5.0,COMPLETED,d1000000-0000-0000-0000-000000000022,b1000000-0000-0000-0000-000000000009,2026-01-23T14:34:01+00:00,1,NORMAL_TRANSACTION,Normal Transaction,NORMAL,[],0,0,NORMAL_BASELINE
e1000000-0000-0000-0000-000000001114,tx_norm_001155_960f69,c1000000-0000-0000-0000-000000000003,c1000000-0000-0000-0000-000000000114,CASH_OUT,4655.56,69.37,COMPLETED,d1000000-0000-0000-0000-000000000003,b1000000-0000-0000-0000-000000000015,2026-01-23T14:40:14+00:00,1,NORMAL_TRANSACTION,Normal Transaction,NORMAL,[],0,0,NORMAL_BASELINE
e1000000-0000-0000-0000-000000001115,tx_norm_001078_ad2b2c,c1000000-0000-0000-0000-000000000066,c1000000-0000-0000-0000-000000000044,P2P,4385.07,5.0,COMPLETED,d1000000-0000-0000-0000-000000000013,b1000000-0000-0000-0000-000000000005,2026-01-23T14:40:27+00:00,1,NORMAL_TRANSACTION,Normal Transaction,NORMAL,[],0,0,NORMAL_BASELINE
e1000000-0000-0000-0000-000000001116,tx_norm_001050_b6ac1c,c1000000-0000-0000-0000-000000000087,c1000000-0000-0000-0000-000000000121,CASH_OUT,1388.84,20.69,COMPLETED,d1000000-0000-0000-0000-000000000026,b1000000-0000-0000-0000-000000000014,2026-01-23T14:49:58+00:00,1,NORMAL_TRANSACTION,Normal Transaction,NORMAL,[],0,0,NORMAL_BASELINE
e1000000-0000-0000-0000-000000001117,tx_norm_001053_e846a9,c1000000-0000-0000-0000-000000000034,c1000000-0000-0000-0000-000000000031,P2P,2856.03,5.0,COMPLETED,d1000000-0000-0000-0000-000000000004,b1000000-0000-0000-0000-000000000012,2026-01-23T14:50:09+00:00,1,NORMAL_TRANSACTION,Normal Transaction,NORMAL,[],0,0,NORMAL_BASELINE
e1000000-0000-0000-0000-000000001118,tx_norm_001101_f88fa1,c1000000-0000-0000-0000-000000000117,c1000000-0000-0000-0000-000000000102,CASH_IN,5250.92,0.0,COMPLETED,d1000000-0000-0000-0000-000000000009,b1000000-0000-0000-0000-000000000009,2026-01-23T14:53:43+00:00,1,NORMAL_TRANSACTION,Normal Transaction,NORMAL,[],0,0,NORMAL_BASELINE
e1000000-0000-0000-0000-000000001119,tx_norm_001095_4a7033,c1000000-0000-0000-0000-000000000125,c1000000-0000-0000-0000-000000000094,CASH_IN,5988.74,0.0,COMPLETED,d1000000-0000-0000-0000-000000000011,b1000000-0000-0000-0000-000000000018,2026-01-23T14:54:31+00:00,1,NORMAL_TRANSACTION,Normal Transaction,NORMAL,[],0,0,NORMAL_BASELINE
e1000000-0000-0000-0000-000000001120,tx_norm_001175_52b014,c1000000-0000-0000-0000-000000000084,c1000000-0000-0000-0000-000000000133,PAYMENT,2754.27,0.0,COMPLETED,d1000000-0000-0000-0000-000000000024,b1000000-0000-0000-0000-000000000005,2026-01-23T15:00:27+00:00,1,NORMAL_TRANSACTION,Normal Transaction,NORMAL,[],0,0,NORMAL_BASELINE
e1000000-0000-0000-0000-000000001121,tx_norm_001165_b24d2a,c1000000-0000-0000-0000-000000000023,c1000000-0000-0000-0000-000000000054,P2P,2589.9,5.0,COMPLETED,d1000000-0000-0000-0000-000000000014,b1000000-0000-0000-0000-000000000019,2026-01-23T15:00:57+00:00,1,NORMAL_TRANSACTION,Normal Transaction,NORMAL,[],0,0,NORMAL_BASELINE
e1000000-0000-0000-0000-000000001122,tx_norm_001048_6dcc9c,c1000000-0000-0000-0000-000000000111,c1000000-0000-0000-0000-000000000007,CASH_IN,4609.31,0.0,COMPLETED,d1000000-0000-0000-0000-000000000009,b1000000-0000-0000-0000-000000000005,2026-01-23T15:12:16+00:00,1,NORMAL_TRANSACTION,Normal Transaction,NORMAL,[],0,0,NORMAL_BASELINE
e1000000-0000-0000-0000-000000001123,tx_norm_001106_8e9904,c1000000-0000-0000-0000-000000000130,c1000000-0000-0000-0000-000000000006,CASH_IN,7930.85,0.0,COMPLETED,d1000000-0000-0000-0000-000000000010,b1000000-0000-0000-0000-000000000006,2026-01-23T15:16:21+00:00,1,NORMAL_TRANSACTION,Normal Transaction,NORMAL,[],0,0,NORMAL_BASELINE
e1000000-0000-0000-0000-000000001124,tx_norm_001077_9d2670,c1000000-0000-0000-0000-000000000012,c1000000-0000-0000-0000-000000000139,PAYMENT,2623.53,0.0,COMPLETED,d1000000-0000-0000-0000-000000000002,b1000000-0000-0000-0000-000000000008,2026-01-23T15:17:36+00:00,1,NORMAL_TRANSACTION,Normal Transaction,NORMAL,[],0,0,NORMAL_BASELINE
e1000000-0000-0000-0000-000000001125,tx_norm_001127_f00295,c1000000-0000-0000-0000-000000000075,c1000000-0000-0000-0000-000000000124,CASH_OUT,5859.85,87.31,COMPLETED,d1000000-0000-0000-0000-000000000007,b1000000-0000-0000-0000-000000000010,2026-01-23T15:21:15+00:00,1,NORMAL_TRANSACTION,Normal Transaction,NORMAL,[],0,0,NORMAL_BASELINE
e1000000-0000-0000-0000-000000001126,tx_norm_001096_0f8a57,c1000000-0000-0000-0000-000000000093,c1000000-0000-0000-0000-000000000140,PAYMENT,857.31,0.0,COMPLETED,d1000000-0000-0000-0000-000000000009,b1000000-0000-0000-0000-000000000006,2026-01-23T15:25:31+00:00,1,NORMAL_TRANSACTION,Normal Transaction,NORMAL,[],0,0,NORMAL_BASELINE
e1000000-0000-0000-0000-000000001127,tx_norm_001065_17f4b8,c1000000-0000-0000-0000-000000000093,c1000000-0000-0000-0000-000000000019,P2P,731.71,5.0,COMPLETED,d1000000-0000-0000-0000-000000000009,b1000000-0000-0000-0000-000000000006,2026-01-23T15:29:31+00:00,1,NORMAL_TRANSACTION,Normal Transaction,NORMAL,[],0,0,NORMAL_BASELINE
e1000000-0000-0000-0000-000000001128,tx_norm_001070_981dc5,c1000000-0000-0000-0000-000000000120,c1000000-0000-0000-0000-000000000081,CASH_IN,9596.81,0.0,COMPLETED,d1000000-0000-0000-0000-000000000009,b1000000-0000-0000-0000-000000000013,2026-01-23T15:53:45+00:00,1,NORMAL_TRANSACTION,Normal Transaction,NORMAL,[],0,0,NORMAL_BASELINE
e1000000-0000-0000-0000-000000001129,tx_norm_001115_c528ac,c1000000-0000-0000-0000-000000000117,c1000000-0000-0000-0000-000000000004,CASH_IN,4983.21,0.0,COMPLETED,d1000000-0000-0000-0000-000000000009,b1000000-0000-0000-0000-000000000009,2026-01-23T15:54:33+00:00,1,NORMAL_TRANSACTION,Normal Transaction,NORMAL,[],0,0,NORMAL_BASELINE
e1000000-0000-0000-0000-000000001130,tx_norm_001140_21ffcf,c1000000-0000-0000-0000-000000000121,c1000000-0000-0000-0000-000000000093,CASH_IN,8503.15,0.0,COMPLETED,d1000000-0000-0000-0000-000000000009,b1000000-0000-0000-0000-000000000014,2026-01-23T15:57:21+00:00,1,NORMAL_TRANSACTION,Normal Transaction,NORMAL,[],0,0,NORMAL_BASELINE
e1000000-0000-0000-0000-000000001131,tx_norm_001143_ddaf22,c1000000-0000-0000-0000-000000000095,c1000000-0000-0000-0000-000000000114,CASH_OUT,5344.37,79.63,COMPLETED,d1000000-0000-0000-0000-000000000017,b1000000-0000-0000-0000-000000000015,2026-01-23T16:02:42+00:00,1,NORMAL_TRANSACTION,Normal Transaction,NORMAL,[],0,0,NORMAL_BASELINE
e1000000-0000-0000-0000-000000001132,tx_norm_001123_c1cdc9,c1000000-0000-0000-0000-000000000071,c1000000-0000-0000-0000-000000000040,P2P,2441.74,5.0,COMPLETED,d1000000-0000-0000-0000-000000000023,b1000000-0000-0000-0000-000000000010,2026-01-23T16:18:13+00:00,1,NORMAL_TRANSACTION,Normal Transaction,NORMAL,[],0,0,NORMAL_BASELINE
e1000000-0000-0000-0000-000000001133,tx_norm_001158_f60b98,c1000000-0000-0000-0000-000000000006,c1000000-0000-0000-0000-000000000133,PAYMENT,2628.56,0.0,COMPLETED,d1000000-0000-0000-0000-000000000006,b1000000-0000-0000-0000-000000000014,2026-01-23T16:27:58+00:00,1,NORMAL_TRANSACTION,Normal Transaction,NORMAL,[],0,0,NORMAL_BASELINE
e1000000-0000-0000-0000-000000001134,tx_norm_001073_c5583a,c1000000-0000-0000-0000-000000000033,c1000000-0000-0000-0000-000000000023,P2P,1232.34,5.0,COMPLETED,d1000000-0000-0000-0000-000000000030,b1000000-0000-0000-0000-000000000017,2026-01-23T16:38:24+00:00,1,NORMAL_TRANSACTION,Normal Transaction,NORMAL,[],0,0,NORMAL_BASELINE
e1000000-0000-0000-0000-000000001135,tx_norm_001141_ba554e,c1000000-0000-0000-0000-000000000127,c1000000-0000-0000-0000-000000000058,CASH_IN,2340.84,0.0,COMPLETED,d1000000-0000-0000-0000-000000000011,b1000000-0000-0000-0000-000000000013,2026-01-23T16:40:29+00:00,1,NORMAL_TRANSACTION,Normal Transaction,NORMAL,[],0,0,NORMAL_BASELINE
e1000000-0000-0000-0000-000000001136,tx_norm_001161_b99e6f,c1000000-0000-0000-0000-000000000090,c1000000-0000-0000-0000-000000000016,P2P,3771.14,5.0,COMPLETED,d1000000-0000-0000-0000-000000000013,b1000000-0000-0000-0000-000000000011,2026-01-23T17:04:19+00:00,1,NORMAL_TRANSACTION,Normal Transaction,NORMAL,[],0,0,NORMAL_BASELINE
e1000000-0000-0000-0000-000000001137,tx_norm_001102_2c5cce,c1000000-0000-0000-0000-000000000108,c1000000-0000-0000-0000-000000000086,CASH_IN,5346.01,0.0,COMPLETED,d1000000-0000-0000-0000-000000000009,b1000000-0000-0000-0000-000000000007,2026-01-23T17:13:18+00:00,1,NORMAL_TRANSACTION,Normal Transaction,NORMAL,[],0,0,NORMAL_BASELINE
e1000000-0000-0000-0000-000000001138,tx_norm_001148_2e35c5,c1000000-0000-0000-0000-000000000063,c1000000-0000-0000-0000-000000000133,PAYMENT,1186.87,0.0,COMPLETED,d1000000-0000-0000-0000-000000000008,b1000000-0000-0000-0000-000000000013,2026-01-23T17:20:25+00:00,1,NORMAL_TRANSACTION,Normal Transaction,NORMAL,[],0,0,NORMAL_BASELINE
e1000000-0000-0000-0000-000000001139,tx_norm_001136_85d4bf,c1000000-0000-0000-0000-000000000048,c1000000-0000-0000-0000-000000000075,P2P,1445.24,5.0,COMPLETED,d1000000-0000-0000-0000-000000000014,b1000000-0000-0000-0000-000000000012,2026-01-23T17:54:26+00:00,1,NORMAL_TRANSACTION,Normal Transaction,NORMAL,[],0,0,NORMAL_BASELINE
e1000000-0000-0000-0000-000000001140,tx_norm_001100_b91633,c1000000-0000-0000-0000-000000000120,c1000000-0000-0000-0000-000000000017,CASH_IN,8948.56,0.0,COMPLETED,d1000000-0000-0000-0000-000000000009,b1000000-0000-0000-0000-000000000013,2026-01-23T17:54:53+00:00,1,NORMAL_TRANSACTION,Normal Transaction,NORMAL,[],0,0,NORMAL_BASELINE
e1000000-0000-0000-0000-000000001141,tx_norm_001120_8b5f74,c1000000-0000-0000-0000-000000000120,c1000000-0000-0000-0000-000000000083,CASH_IN,2846.2,0.0,COMPLETED,d1000000-0000-0000-0000-000000000009,b1000000-0000-0000-0000-000000000013,2026-01-23T17:58:09+00:00,1,NORMAL_TRANSACTION,Normal Transaction,NORMAL,[],0,0,NORMAL_BASELINE
e1000000-0000-0000-0000-000000001142,tx_norm_001167_2d5c1a,c1000000-0000-0000-0000-000000000049,c1000000-0000-0000-0000-000000000138,RECHARGE,200.0,0.0,COMPLETED,d1000000-0000-0000-0000-000000000024,b1000000-0000-0000-0000-000000000002,2026-01-23T18:07:22+00:00,1,NORMAL_TRANSACTION,Normal Transaction,NORMAL,[],0,0,NORMAL_BASELINE
e1000000-0000-0000-0000-000000001143,tx_norm_001129_84362f,c1000000-0000-0000-0000-000000000095,c1000000-0000-0000-0000-000000000032,P2P,652.48,5.0,COMPLETED,d1000000-0000-0000-0000-000000000017,b1000000-0000-0000-0000-000000000004,2026-01-23T18:08:45+00:00,1,NORMAL_TRANSACTION,Normal Transaction,NORMAL,[],0,0,NORMAL_BASELINE
e1000000-0000-0000-0000-000000001144,tx_norm_001151_0ef9f9,c1000000-0000-0000-0000-000000000042,c1000000-0000-0000-0000-000000000135,PAYMENT,232.87,0.0,COMPLETED,d1000000-0000-0000-0000-000000000018,b1000000-0000-0000-0000-000000000008,2026-01-23T18:10:03+00:00,1,NORMAL_TRANSACTION,Normal Transaction,NORMAL,[],0,0,NORMAL_BASELINE
e1000000-0000-0000-0000-000000001145,tx_norm_001163_5256e2,c1000000-0000-0000-0000-000000000114,c1000000-0000-0000-0000-000000000032,CASH_IN,6960.49,0.0,COMPLETED,d1000000-0000-0000-0000-000000000009,b1000000-0000-0000-0000-000000000015,2026-01-23T18:16:48+00:00,1,NORMAL_TRANSACTION,Normal Transaction,NORMAL,[],0,0,NORMAL_BASELINE
e1000000-0000-0000-0000-000000001146,tx_norm_001133_d2e555,c1000000-0000-0000-0000-000000000121,c1000000-0000-0000-0000-000000000094,CASH_IN,9759.45,0.0,COMPLETED,d1000000-0000-0000-0000-000000000009,b1000000-0000-0000-0000-000000000014,2026-01-23T18:27:28+00:00,1,NORMAL_TRANSACTION,Normal Transaction,NORMAL,[],0,0,NORMAL_BASELINE
e1000000-0000-0000-0000-000000001147,tx_norm_001132_9594ee,c1000000-0000-0000-0000-000000000067,c1000000-0000-0000-0000-000000000139,PAYMENT,2809.65,0.0,COMPLETED,d1000000-0000-0000-0000-000000000030,b1000000-0000-0000-0000-000000000003,2026-01-23T18:33:25+00:00,1,NORMAL_TRANSACTION,Normal Transaction,NORMAL,[],0,0,NORMAL_BASELINE
e1000000-0000-0000-0000-000000001148,tx_norm_001079_865148,c1000000-0000-0000-0000-000000000064,c1000000-0000-0000-0000-000000000069,P2P,2907.11,5.0,COMPLETED,d1000000-0000-0000-0000-000000000002,b1000000-0000-0000-0000-000000000003,2026-01-23T18:43:45+00:00,1,NORMAL_TRANSACTION,Normal Transaction,NORMAL,[],0,0,NORMAL_BASELINE
e1000000-0000-0000-0000-000000001149,tx_norm_001118_e2c2aa,c1000000-0000-0000-0000-000000000122,c1000000-0000-0000-0000-000000000038,CASH_IN,4773.75,0.0,COMPLETED,d1000000-0000-0000-0000-000000000010,b1000000-0000-0000-0000-000000000002,2026-01-23T18:45:51+00:00,1,NORMAL_TRANSACTION,Normal Transaction,NORMAL,[],0,0,NORMAL_BASELINE
e1000000-0000-0000-0000-000000001150,tx_norm_001057_8129aa,c1000000-0000-0000-0000-000000000131,c1000000-0000-0000-0000-000000000006,CASH_IN,1048.25,0.0,COMPLETED,d1000000-0000-0000-0000-000000000009,b1000000-0000-0000-0000-000000000015,2026-01-23T18:51:38+00:00,1,NORMAL_TRANSACTION,Normal Transaction,NORMAL,[],0,0,NORMAL_BASELINE
e1000000-0000-0000-0000-000000001151,tx_norm_001081_0c37eb,c1000000-0000-0000-0000-000000000067,c1000000-0000-0000-0000-000000000119,CASH_OUT,2716.11,40.47,COMPLETED,d1000000-0000-0000-0000-000000000030,b1000000-0000-0000-0000-000000000011,2026-01-23T18:57:19+00:00,1,NORMAL_TRANSACTION,Normal Transaction,NORMAL,[],0,0,NORMAL_BASELINE
e1000000-0000-0000-0000-000000001152,tx_norm_001169_cef440,c1000000-0000-0000-0000-000000000012,c1000000-0000-0000-0000-000000000080,P2P,2888.52,5.0,COMPLETED,d1000000-0000-0000-0000-000000000002,b1000000-0000-0000-0000-000000000008,2026-01-23T18:58:45+00:00,1,NORMAL_TRANSACTION,Normal Transaction,NORMAL,[],0,0,NORMAL_BASELINE
e1000000-0000-0000-0000-000000001153,tx_norm_001144_1fb026,c1000000-0000-0000-0000-000000000099,c1000000-0000-0000-0000-000000000137,PAYMENT,1861.19,0.0,COMPLETED,d1000000-0000-0000-0000-000000000004,b1000000-0000-0000-0000-000000000010,2026-01-23T19:01:36+00:00,1,NORMAL_TRANSACTION,Normal Transaction,NORMAL,[],0,0,NORMAL_BASELINE
e1000000-0000-0000-0000-000000001154,tx_norm_001061_6f8ef9,c1000000-0000-0000-0000-000000000034,c1000000-0000-0000-0000-000000000137,PAYMENT,1726.77,0.0,COMPLETED,d1000000-0000-0000-0000-000000000004,b1000000-0000-0000-0000-000000000012,2026-01-23T19:23:59+00:00,1,NORMAL_TRANSACTION,Normal Transaction,NORMAL,[],0,0,NORMAL_BASELINE
e1000000-0000-0000-0000-000000001155,tx_norm_001055_98e1d5,c1000000-0000-0000-0000-000000000050,c1000000-0000-0000-0000-000000000092,P2P,2020.15,5.0,COMPLETED,d1000000-0000-0000-0000-000000000024,b1000000-0000-0000-0000-000000000011,2026-01-23T19:25:43+00:00,1,NORMAL_TRANSACTION,Normal Transaction,NORMAL,[],0,0,NORMAL_BASELINE
e1000000-0000-0000-0000-000000001156,tx_norm_001088_4d844c,c1000000-0000-0000-0000-000000000129,c1000000-0000-0000-0000-000000000078,CASH_IN,7533.2,0.0,COMPLETED,d1000000-0000-0000-0000-000000000011,b1000000-0000-0000-0000-000000000001,2026-01-23T19:25:55+00:00,1,NORMAL_TRANSACTION,Normal Transaction,NORMAL,[],0,0,NORMAL_BASELINE
e1000000-0000-0000-0000-000000001157,tx_norm_001125_81eb7a,c1000000-0000-0000-0000-000000000008,c1000000-0000-0000-0000-000000000049,P2P,1316.95,5.0,COMPLETED,d1000000-0000-0000-0000-000000000012,b1000000-0000-0000-0000-000000000012,2026-01-23T19:27:32+00:00,1,NORMAL_TRANSACTION,Normal Transaction,NORMAL,[],0,0,NORMAL_BASELINE
e1000000-0000-0000-0000-000000001158,tx_norm_001116_fb60be,c1000000-0000-0000-0000-000000000011,c1000000-0000-0000-0000-000000000116,CASH_OUT,2861.03,42.63,COMPLETED,d1000000-0000-0000-0000-000000000020,b1000000-0000-0000-0000-000000000015,2026-01-23T19:51:33+00:00,1,NORMAL_TRANSACTION,Normal Transaction,NORMAL,[],0,0,NORMAL_BASELINE
e1000000-0000-0000-0000-000000001159,tx_norm_001166_07ec2d,c1000000-0000-0000-0000-000000000084,c1000000-0000-0000-0000-000000000085,P2P,533.35,5.0,COMPLETED,d1000000-0000-0000-0000-000000000024,b1000000-0000-0000-0000-000000000005,2026-01-23T20:25:34+00:00,1,NORMAL_TRANSACTION,Normal Transaction,NORMAL,[],0,0,NORMAL_BASELINE
e1000000-0000-0000-0000-000000001160,tx_norm_001108_c83b64,c1000000-0000-0000-0000-000000000109,c1000000-0000-0000-0000-000000000101,CASH_IN,6495.15,0.0,COMPLETED,d1000000-0000-0000-0000-000000000010,b1000000-0000-0000-0000-000000000003,2026-01-23T20:29:53+00:00,1,NORMAL_TRANSACTION,Normal Transaction,NORMAL,[],0,0,NORMAL_BASELINE
e1000000-0000-0000-0000-000000001161,tx_norm_001146_2e03a9,c1000000-0000-0000-0000-000000000016,c1000000-0000-0000-0000-000000000127,CASH_OUT,7521.36,112.07,COMPLETED,d1000000-0000-0000-0000-000000000006,b1000000-0000-0000-0000-000000000013,2026-01-23T20:30:32+00:00,1,NORMAL_TRANSACTION,Normal Transaction,NORMAL,[],0,0,NORMAL_BASELINE
e1000000-0000-0000-0000-000000001162,tx_norm_001068_fb38bc,c1000000-0000-0000-0000-000000000043,c1000000-0000-0000-0000-000000000004,P2P,1422.41,5.0,COMPLETED,d1000000-0000-0000-0000-000000000023,b1000000-0000-0000-0000-000000000002,2026-01-23T20:31:43+00:00,1,NORMAL_TRANSACTION,Normal Transaction,NORMAL,[],0,0,NORMAL_BASELINE
e1000000-0000-0000-0000-000000001163,tx_norm_001121_e1878e,c1000000-0000-0000-0000-000000000045,c1000000-0000-0000-0000-000000000139,PAYMENT,2514.97,0.0,COMPLETED,d1000000-0000-0000-0000-000000000022,b1000000-0000-0000-0000-000000000016,2026-01-23T20:39:41+00:00,1,NORMAL_TRANSACTION,Normal Transaction,NORMAL,[],0,0,NORMAL_BASELINE
e1000000-0000-0000-0000-000000001164,tx_norm_001114_69d533,c1000000-0000-0000-0000-000000000030,c1000000-0000-0000-0000-000000000135,PAYMENT,2595.39,0.0,COMPLETED,d1000000-0000-0000-0000-000000000029,b1000000-0000-0000-0000-000000000009,2026-01-23T20:48:33+00:00,1,NORMAL_TRANSACTION,Normal Transaction,NORMAL,[],0,0,NORMAL_BASELINE
e1000000-0000-0000-0000-000000001165,tx_norm_001112_81492b,c1000000-0000-0000-0000-000000000104,c1000000-0000-0000-0000-000000000061,P2P,1667.68,5.0,COMPLETED,d1000000-0000-0000-0000-000000000026,b1000000-0000-0000-0000-000000000019,2026-01-23T20:49:00+00:00,1,NORMAL_TRANSACTION,Normal Transaction,NORMAL,[],0,0,NORMAL_BASELINE
e1000000-0000-0000-0000-000000001166,tx_norm_001052_6b17bd,c1000000-0000-0000-0000-000000000037,c1000000-0000-0000-0000-000000000095,P2P,3111.91,5.0,COMPLETED,d1000000-0000-0000-0000-000000000016,b1000000-0000-0000-0000-000000000018,2026-01-23T21:13:38+00:00,1,NORMAL_TRANSACTION,Normal Transaction,NORMAL,[],0,0,NORMAL_BASELINE
e1000000-0000-0000-0000-000000001167,tx_norm_001083_1d2ae0,c1000000-0000-0000-0000-000000000011,c1000000-0000-0000-0000-000000000100,P2P,2364.81,5.0,COMPLETED,d1000000-0000-0000-0000-000000000020,b1000000-0000-0000-0000-000000000012,2026-01-23T21:16:22+00:00,1,NORMAL_TRANSACTION,Normal Transaction,NORMAL,[],0,0,NORMAL_BASELINE
e1000000-0000-0000-0000-000000001168,tx_norm_001066_9030fb,c1000000-0000-0000-0000-000000000096,c1000000-0000-0000-0000-000000000122,CASH_OUT,6669.29,99.37,COMPLETED,d1000000-0000-0000-0000-000000000023,b1000000-0000-0000-0000-000000000002,2026-01-23T21:18:11+00:00,1,NORMAL_TRANSACTION,Normal Transaction,NORMAL,[],0,0,NORMAL_BASELINE
e1000000-0000-0000-0000-000000001169,tx_norm_001119_e67410,c1000000-0000-0000-0000-000000000117,c1000000-0000-0000-0000-000000000002,CASH_IN,8443.03,0.0,COMPLETED,d1000000-0000-0000-0000-000000000009,b1000000-0000-0000-0000-000000000009,2026-01-23T21:19:46+00:00,1,NORMAL_TRANSACTION,Normal Transaction,NORMAL,[],0,0,NORMAL_BASELINE
e1000000-0000-0000-0000-000000001170,tx_norm_001109_e9365d,c1000000-0000-0000-0000-000000000022,c1000000-0000-0000-0000-000000000134,PAYMENT,2806.15,0.0,COMPLETED,d1000000-0000-0000-0000-000000000024,b1000000-0000-0000-0000-000000000018,2026-01-23T21:35:02+00:00,1,NORMAL_TRANSACTION,Normal Transaction,NORMAL,[],0,0,NORMAL_BASELINE
e1000000-0000-0000-0000-000000001171,tx_norm_001128_b700b3,c1000000-0000-0000-0000-000000000037,c1000000-0000-0000-0000-000000000087,P2P,3574.59,5.0,COMPLETED,d1000000-0000-0000-0000-000000000016,b1000000-0000-0000-0000-000000000018,2026-01-23T21:38:14+00:00,1,NORMAL_TRANSACTION,Normal Transaction,NORMAL,[],0,0,NORMAL_BASELINE
e1000000-0000-0000-0000-000000001172,tx_norm_001089_4d7ae8,c1000000-0000-0000-0000-000000000128,c1000000-0000-0000-0000-000000000087,CASH_IN,4554.98,0.0,COMPLETED,d1000000-0000-0000-0000-000000000009,b1000000-0000-0000-0000-000000000018,2026-01-23T21:39:23+00:00,1,NORMAL_TRANSACTION,Normal Transaction,NORMAL,[],0,0,NORMAL_BASELINE
e1000000-0000-0000-0000-000000001173,tx_norm_001157_2b0e63,c1000000-0000-0000-0000-000000000019,c1000000-0000-0000-0000-000000000049,P2P,2523.89,5.0,COMPLETED,d1000000-0000-0000-0000-000000000013,b1000000-0000-0000-0000-000000000009,2026-01-23T21:40:32+00:00,1,NORMAL_TRANSACTION,Normal Transaction,NORMAL,[],0,0,NORMAL_BASELINE
e1000000-0000-0000-0000-000000001174,tx_norm_001174_40bf6f,c1000000-0000-0000-0000-000000000089,c1000000-0000-0000-0000-000000000141,RECHARGE,500.0,0.0,COMPLETED,d1000000-0000-0000-0000-000000000026,b1000000-0000-0000-0000-000000000008,2026-01-23T21:43:01+00:00,1,NORMAL_TRANSACTION,Normal Transaction,NORMAL,[],0,0,NORMAL_BASELINE
e1000000-0000-0000-0000-000000001175,tx_norm_001086_4262a4,c1000000-0000-0000-0000-000000000011,c1000000-0000-0000-0000-000000000097,P2P,4423.4,5.0,COMPLETED,d1000000-0000-0000-0000-000000000020,b1000000-0000-0000-0000-000000000012,2026-01-23T21:51:11+00:00,1,NORMAL_TRANSACTION,Normal Transaction,NORMAL,[],0,0,NORMAL_BASELINE
e1000000-0000-0000-0000-000000001176,tx_norm_001200_b805ae,c1000000-0000-0000-0000-000000000023,c1000000-0000-0000-0000-000000000030,P2P,4007.14,5.0,COMPLETED,d1000000-0000-0000-0000-000000000014,b1000000-0000-0000-0000-000000000019,2026-01-24T08:01:12+00:00,1,NORMAL_TRANSACTION,Normal Transaction,NORMAL,[],0,0,NORMAL_BASELINE
e1000000-0000-0000-0000-000000001177,tx_norm_001291_fcd496,c1000000-0000-0000-0000-000000000106,c1000000-0000-0000-0000-000000000086,CASH_IN,6242.01,0.0,COMPLETED,d1000000-0000-0000-0000-000000000011,b1000000-0000-0000-0000-000000000006,2026-01-24T08:03:17+00:00,1,NORMAL_TRANSACTION,Normal Transaction,NORMAL,[],0,0,NORMAL_BASELINE
e1000000-0000-0000-0000-000000001178,tx_norm_001324_faf36a,c1000000-0000-0000-0000-000000000023,c1000000-0000-0000-0000-000000000133,RECHARGE,20.0,0.0,COMPLETED,d1000000-0000-0000-0000-000000000014,b1000000-0000-0000-0000-000000000019,2026-01-24T08:06:22+00:00,1,NORMAL_TRANSACTION,Normal Transaction,NORMAL,[],0,0,NORMAL_BASELINE
e1000000-0000-0000-0000-000000001179,tx_norm_001281_960e9c,c1000000-0000-0000-0000-000000000092,c1000000-0000-0000-0000-000000000050,P2P,1909.97,5.0,COMPLETED,d1000000-0000-0000-0000-000000000027,b1000000-0000-0000-0000-000000000018,2026-01-24T08:07:49+00:00,1,NORMAL_TRANSACTION,Normal Transaction,NORMAL,[],0,0,NORMAL_BASELINE
e1000000-0000-0000-0000-000000001180,tx_norm_001229_4a85e4,c1000000-0000-0000-0000-000000000050,c1000000-0000-0000-0000-000000000037,P2P,1085.34,5.0,COMPLETED,d1000000-0000-0000-0000-000000000024,b1000000-0000-0000-0000-000000000011,2026-01-24T08:11:12+00:00,1,NORMAL_TRANSACTION,Normal Transaction,NORMAL,[],0,0,NORMAL_BASELINE
e1000000-0000-0000-0000-000000001181,tx_norm_001193_320633,c1000000-0000-0000-0000-000000000072,c1000000-0000-0000-0000-000000000107,CASH_OUT,3665.46,54.62,COMPLETED,d1000000-0000-0000-0000-000000000027,b1000000-0000-0000-0000-000000000011,2026-01-24T08:15:32+00:00,1,NORMAL_TRANSACTION,Normal Transaction,NORMAL,[],0,0,NORMAL_BASELINE
e1000000-0000-0000-0000-000000001182,tx_norm_001180_5594d9,c1000000-0000-0000-0000-000000000076,c1000000-0000-0000-0000-000000000131,CASH_OUT,5197.23,77.44,COMPLETED,d1000000-0000-0000-0000-000000000030,b1000000-0000-0000-0000-000000000015,2026-01-24T08:30:27+00:00,1,NORMAL_TRANSACTION,Normal Transaction,NORMAL,[],0,0,NORMAL_BASELINE
e1000000-0000-0000-0000-000000001183,tx_norm_001199_e9a748,c1000000-0000-0000-0000-000000000057,c1000000-0000-0000-0000-000000000025,P2P,2914.74,5.0,COMPLETED,d1000000-0000-0000-0000-000000000026,b1000000-0000-0000-0000-000000000015,2026-01-24T08:35:07+00:00,1,NORMAL_TRANSACTION,Normal Transaction,NORMAL,[],0,0,NORMAL_BASELINE
e1000000-0000-0000-0000-000000001184,tx_norm_001318_c1f98e,c1000000-0000-0000-0000-000000000087,c1000000-0000-0000-0000-000000000061,P2P,4458.35,5.0,COMPLETED,d1000000-0000-0000-0000-000000000026,b1000000-0000-0000-0000-000000000004,2026-01-24T08:35:25+00:00,1,NORMAL_TRANSACTION,Normal Transaction,NORMAL,[],0,0,NORMAL_BASELINE
e1000000-0000-0000-0000-000000001185,tx_norm_001296_3fa029,c1000000-0000-0000-0000-000000000036,c1000000-0000-0000-0000-000000000128,CASH_OUT,6135.8,91.42,COMPLETED,d1000000-0000-0000-0000-000000000027,b1000000-0000-0000-0000-000000000018,2026-01-24T08:38:07+00:00,1,NORMAL_TRANSACTION,Normal Transaction,NORMAL,[],0,0,NORMAL_BASELINE
e1000000-0000-0000-0000-000000001186,tx_norm_001202_56a049,c1000000-0000-0000-0000-000000000084,c1000000-0000-0000-0000-000000000102,P2P,4005.55,5.0,COMPLETED,d1000000-0000-0000-0000-000000000024,b1000000-0000-0000-0000-000000000005,2026-01-24T08:53:43+00:00,1,NORMAL_TRANSACTION,Normal Transaction,NORMAL,[],0,0,NORMAL_BASELINE
e1000000-0000-0000-0000-000000001187,tx_norm_001261_345298,c1000000-0000-0000-0000-000000000038,c1000000-0000-0000-0000-000000000026,P2P,852.18,5.0,COMPLETED,d1000000-0000-0000-0000-000000000020,b1000000-0000-0000-0000-000000000014,2026-01-24T09:03:08+00:00,1,NORMAL_TRANSACTION,Normal Transaction,NORMAL,[],0,0,NORMAL_BASELINE
e1000000-0000-0000-0000-000000001188,tx_norm_001183_20a62f,c1000000-0000-0000-0000-000000000041,c1000000-0000-0000-0000-000000000090,P2P,479.62,0.0,COMPLETED,d1000000-0000-0000-0000-000000000008,b1000000-0000-0000-0000-000000000008,2026-01-24T09:03:58+00:00,1,NORMAL_TRANSACTION,Normal Transaction,NORMAL,[],0,0,NORMAL_BASELINE
e1000000-0000-0000-0000-000000001189,tx_norm_001228_9a760e,c1000000-0000-0000-0000-000000000111,c1000000-0000-0000-0000-000000000005,CASH_IN,8438.27,0.0,COMPLETED,d1000000-0000-0000-0000-000000000009,b1000000-0000-0000-0000-000000000005,2026-01-24T09:10:06+00:00,1,NORMAL_TRANSACTION,Normal Transaction,NORMAL,[],0,0,NORMAL_BASELINE
e1000000-0000-0000-0000-000000001190,tx_norm_001266_2c7604,c1000000-0000-0000-0000-000000000019,c1000000-0000-0000-0000-000000000136,PAYMENT,532.96,0.0,COMPLETED,d1000000-0000-0000-0000-000000000013,b1000000-0000-0000-0000-000000000009,2026-01-24T09:12:03+00:00,1,NORMAL_TRANSACTION,Normal Transaction,NORMAL,[],0,0,NORMAL_BASELINE
e1000000-0000-0000-0000-000000001191,tx_norm_001292_f6496c,c1000000-0000-0000-0000-000000000118,c1000000-0000-0000-0000-000000000078,CASH_IN,5680.67,0.0,COMPLETED,d1000000-0000-0000-0000-000000000010,b1000000-0000-0000-0000-000000000015,2026-01-24T09:13:33+00:00,1,NORMAL_TRANSACTION,Normal Transaction,NORMAL,[],0,0,NORMAL_BASELINE
e1000000-0000-0000-0000-000000001192,tx_norm_001290_ac3ceb,c1000000-0000-0000-0000-000000000075,c1000000-0000-0000-0000-000000000031,P2P,2254.96,5.0,COMPLETED,d1000000-0000-0000-0000-000000000007,b1000000-0000-0000-0000-000000000009,2026-01-24T09:17:04+00:00,1,NORMAL_TRANSACTION,Normal Transaction,NORMAL,[],0,0,NORMAL_BASELINE
e1000000-0000-0000-0000-000000001193,tx_norm_001304_386a90,c1000000-0000-0000-0000-000000000042,c1000000-0000-0000-0000-000000000051,P2P,3495.13,5.0,COMPLETED,d1000000-0000-0000-0000-000000000018,b1000000-0000-0000-0000-000000000008,2026-01-24T09:27:45+00:00,1,NORMAL_TRANSACTION,Normal Transaction,NORMAL,[],0,0,NORMAL_BASELINE
e1000000-0000-0000-0000-000000001194,tx_norm_001230_e8e977,c1000000-0000-0000-0000-000000000002,c1000000-0000-0000-0000-000000000023,P2P,1605.12,5.0,COMPLETED,d1000000-0000-0000-0000-000000000022,b1000000-0000-0000-0000-000000000018,2026-01-24T09:29:03+00:00,1,NORMAL_TRANSACTION,Normal Transaction,NORMAL,[],0,0,NORMAL_BASELINE
e1000000-0000-0000-0000-000000001195,tx_norm_001227_7397d1,c1000000-0000-0000-0000-000000000014,c1000000-0000-0000-0000-000000000044,P2P,2648.91,5.0,COMPLETED,d1000000-0000-0000-0000-000000000027,b1000000-0000-0000-0000-000000000012,2026-01-24T09:34:24+00:00,1,NORMAL_TRANSACTION,Normal Transaction,NORMAL,[],0,0,NORMAL_BASELINE
e1000000-0000-0000-0000-000000001196,tx_norm_001284_bfacc6,c1000000-0000-0000-0000-000000000117,c1000000-0000-0000-0000-000000000105,CASH_IN,2284.42,0.0,COMPLETED,d1000000-0000-0000-0000-000000000009,b1000000-0000-0000-0000-000000000009,2026-01-24T09:40:36+00:00,1,NORMAL_TRANSACTION,Normal Transaction,NORMAL,[],0,0,NORMAL_BASELINE
e1000000-0000-0000-0000-000000001197,tx_norm_001323_adf01f,c1000000-0000-0000-0000-000000000019,c1000000-0000-0000-0000-000000000139,RECHARGE,200.0,0.0,COMPLETED,d1000000-0000-0000-0000-000000000013,b1000000-0000-0000-0000-000000000009,2026-01-24T09:43:50+00:00,1,NORMAL_TRANSACTION,Normal Transaction,NORMAL,[],0,0,NORMAL_BASELINE
e1000000-0000-0000-0000-000000001198,tx_norm_001256_18412e,c1000000-0000-0000-0000-000000000124,c1000000-0000-0000-0000-000000000022,CASH_IN,3267.46,0.0,COMPLETED,d1000000-0000-0000-0000-000000000010,b1000000-0000-0000-0000-000000000010,2026-01-24T09:45:34+00:00,1,NORMAL_TRANSACTION,Normal Transaction,NORMAL,[],0,0,NORMAL_BASELINE
e1000000-0000-0000-0000-000000001199,tx_norm_001182_94350c,c1000000-0000-0000-0000-000000000098,c1000000-0000-0000-0000-000000000134,PAYMENT,2057.31,0.0,COMPLETED,d1000000-0000-0000-0000-000000000022,b1000000-0000-0000-0000-000000000011,2026-01-24T09:49:38+00:00,1,NORMAL_TRANSACTION,Normal Transaction,NORMAL,[],0,0,NORMAL_BASELINE
e1000000-0000-0000-0000-000000001200,tx_norm_001306_99c620,c1000000-0000-0000-0000-000000000029,c1000000-0000-0000-0000-000000000075,P2P,3495.25,5.0,COMPLETED,d1000000-0000-0000-0000-000000000014,b1000000-0000-0000-0000-000000000006,2026-01-24T09:50:44+00:00,1,NORMAL_TRANSACTION,Normal Transaction,NORMAL,[],0,0,NORMAL_BASELINE
e1000000-0000-0000-0000-000000001201,tx_norm_001179_a01350,c1000000-0000-0000-0000-000000000043,c1000000-0000-0000-0000-000000000040,P2P,470.23,0.0,COMPLETED,d1000000-0000-0000-0000-000000000023,b1000000-0000-0000-0000-000000000002,2026-01-24T09:58:15+00:00,1,NORMAL_TRANSACTION,Normal Transaction,NORMAL,[],0,0,NORMAL_BASELINE
e1000000-0000-0000-0000-000000001202,tx_norm_001246_5bab96,c1000000-0000-0000-0000-000000000127,c1000000-0000-0000-0000-000000000035,CASH_IN,2381.47,0.0,COMPLETED,d1000000-0000-0000-0000-000000000011,b1000000-0000-0000-0000-000000000013,2026-01-24T10:04:42+00:00,1,NORMAL_TRANSACTION,Normal Transaction,NORMAL,[],0,0,NORMAL_BASELINE
e1000000-0000-0000-0000-000000001203,tx_norm_001196_00f24a,c1000000-0000-0000-0000-000000000006,c1000000-0000-0000-0000-000000000121,CASH_OUT,2145.54,31.97,COMPLETED,d1000000-0000-0000-0000-000000000006,b1000000-0000-0000-0000-000000000014,2026-01-24T10:06:29+00:00,1,NORMAL_TRANSACTION,Normal Transaction,NORMAL,[],0,0,NORMAL_BASELINE
e1000000-0000-0000-0000-000000001204,tx_norm_001190_6f93be,c1000000-0000-0000-0000-000000000107,c1000000-0000-0000-0000-000000000017,CASH_IN,3805.0,0.0,COMPLETED,d1000000-0000-0000-0000-000000000011,b1000000-0000-0000-0000-000000000011,2026-01-24T10:15:08+00:00,1,NORMAL_TRANSACTION,Normal Transaction,NORMAL,[],0,0,NORMAL_BASELINE
e1000000-0000-0000-0000-000000001205,tx_norm_001226_3446c0,c1000000-0000-0000-0000-000000000078,c1000000-0000-0000-0000-000000000139,PAYMENT,3139.52,0.0,COMPLETED,d1000000-0000-0000-0000-000000000009,b1000000-0000-0000-0000-000000000006,2026-01-24T10:21:36+00:00,1,NORMAL_TRANSACTION,Normal Transaction,NORMAL,[],0,0,NORMAL_BASELINE
e1000000-0000-0000-0000-000000001206,tx_norm_001234_54323b,c1000000-0000-0000-0000-000000000078,c1000000-0000-0000-0000-000000000131,CASH_OUT,2351.3,35.03,COMPLETED,d1000000-0000-0000-0000-000000000009,b1000000-0000-0000-0000-000000000015,2026-01-24T10:28:04+00:00,1,NORMAL_TRANSACTION,Normal Transaction,NORMAL,[],0,0,NORMAL_BASELINE
e1000000-0000-0000-0000-000000001207,tx_norm_001316_bc5882,c1000000-0000-0000-0000-000000000094,c1000000-0000-0000-0000-000000000105,P2P,1167.81,5.0,COMPLETED,d1000000-0000-0000-0000-000000000020,b1000000-0000-0000-0000-000000000014,2026-01-24T10:52:45+00:00,1,NORMAL_TRANSACTION,Normal Transaction,NORMAL,[],0,0,NORMAL_BASELINE
e1000000-0000-0000-0000-000000001208,tx_norm_001245_bdcf6f,c1000000-0000-0000-0000-000000000023,c1000000-0000-0000-0000-000000000137,PAYMENT,528.66,0.0,COMPLETED,d1000000-0000-0000-0000-000000000014,b1000000-0000-0000-0000-000000000019,2026-01-24T10:53:01+00:00,1,NORMAL_TRANSACTION,Normal Transaction,NORMAL,[],0,0,NORMAL_BASELINE
e1000000-0000-0000-0000-000000001209,tx_norm_001232_28a5e3,c1000000-0000-0000-0000-000000000105,c1000000-0000-0000-0000-000000000091,P2P,3058.61,5.0,COMPLETED,d1000000-0000-0000-0000-000000000015,b1000000-0000-0000-0000-000000000007,2026-01-24T10:55:13+00:00,1,NORMAL_TRANSACTION,Normal Transaction,NORMAL,[],0,0,NORMAL_BASELINE
e1000000-0000-0000-0000-000000001210,tx_norm_001274_7dcfe9,c1000000-0000-0000-0000-000000000065,c1000000-0000-0000-0000-000000000095,P2P,3318.99,5.0,COMPLETED,d1000000-0000-0000-0000-000000000009,b1000000-0000-0000-0000-000000000007,2026-01-24T10:58:12+00:00,1,NORMAL_TRANSACTION,Normal Transaction,NORMAL,[],0,0,NORMAL_BASELINE
e1000000-0000-0000-0000-000000001211,tx_norm_001288_e6fb61,c1000000-0000-0000-0000-000000000098,c1000000-0000-0000-0000-000000000025,P2P,1315.21,5.0,COMPLETED,d1000000-0000-0000-0000-000000000022,b1000000-0000-0000-0000-000000000011,2026-01-24T11:03:47+00:00,1,NORMAL_TRANSACTION,Normal Transaction,NORMAL,[],0,0,NORMAL_BASELINE
e1000000-0000-0000-0000-000000001212,tx_norm_001250_ae11d3,c1000000-0000-0000-0000-000000000002,c1000000-0000-0000-0000-000000000138,PAYMENT,2652.61,0.0,COMPLETED,d1000000-0000-0000-0000-000000000022,b1000000-0000-0000-0000-000000000018,2026-01-24T11:05:01+00:00,1,NORMAL_TRANSACTION,Normal Transaction,NORMAL,[],0,0,NORMAL_BASELINE
e1000000-0000-0000-0000-000000001213,tx_norm_001181_85096c,c1000000-0000-0000-0000-000000000044,c1000000-0000-0000-0000-000000000007,P2P,3733.03,5.0,COMPLETED,d1000000-0000-0000-0000-000000000028,b1000000-0000-0000-0000-000000000011,2026-01-24T11:06:30+00:00,1,NORMAL_TRANSACTION,Normal Transaction,NORMAL,[],0,0,NORMAL_BASELINE
e1000000-0000-0000-0000-000000001214,tx_norm_001178_39c2c1,c1000000-0000-0000-0000-000000000104,c1000000-0000-0000-0000-000000000106,CASH_OUT,7926.98,118.11,COMPLETED,d1000000-0000-0000-0000-000000000026,b1000000-0000-0000-0000-000000000006,2026-01-24T11:21:05+00:00,1,NORMAL_TRANSACTION,Normal Transaction,NORMAL,[],0,0,NORMAL_BASELINE
e1000000-0000-0000-0000-000000001215,tx_norm_001279_073bca,c1000000-0000-0000-0000-000000000047,c1000000-0000-0000-0000-000000000126,CASH_OUT,5799.19,86.41,COMPLETED,d1000000-0000-0000-0000-000000000016,b1000000-0000-0000-0000-000000000014,2026-01-24T11:30:02+00:00,1,NORMAL_TRANSACTION,Normal Transaction,NORMAL,[],0,0,NORMAL_BASELINE
e1000000-0000-0000-0000-000000001216,tx_norm_001287_366b35,c1000000-0000-0000-0000-000000000015,c1000000-0000-0000-0000-000000000140,PAYMENT,1879.63,0.0,COMPLETED,d1000000-0000-0000-0000-000000000022,b1000000-0000-0000-0000-000000000009,2026-01-24T11:31:11+00:00,1,NORMAL_TRANSACTION,Normal Transaction,NORMAL,[],0,0,NORMAL_BASELINE
e1000000-0000-0000-0000-000000001217,tx_norm_001213_77b16b,c1000000-0000-0000-0000-000000000080,c1000000-0000-0000-0000-000000000138,PAYMENT,1449.61,0.0,COMPLETED,d1000000-0000-0000-0000-000000000029,b1000000-0000-0000-0000-000000000005,2026-01-24T11:37:02+00:00,1,NORMAL_TRANSACTION,Normal Transaction,NORMAL,[],0,0,NORMAL_BASELINE
e1000000-0000-0000-0000-000000001218,tx_norm_001247_0c39bd,c1000000-0000-0000-0000-000000000069,c1000000-0000-0000-0000-000000000112,CASH_OUT,3815.44,56.85,COMPLETED,d1000000-0000-0000-0000-000000000009,b1000000-0000-0000-0000-000000000014,2026-01-24T11:45:02+00:00,1,NORMAL_TRANSACTION,Normal Transaction,NORMAL,[],0,0,NORMAL_BASELINE
e1000000-0000-0000-0000-000000001219,tx_norm_001218_022f46,c1000000-0000-0000-0000-000000000097,c1000000-0000-0000-0000-000000000141,RECHARGE,100.0,0.0,COMPLETED,d1000000-0000-0000-0000-000000000018,b1000000-0000-0000-0000-000000000007,2026-01-24T11:45:38+00:00,1,NORMAL_TRANSACTION,Normal Transaction,NORMAL,[],0,0,NORMAL_BASELINE
e1000000-0000-0000-0000-000000001220,tx_norm_001322_db2c13,c1000000-0000-0000-0000-000000000084,c1000000-0000-0000-0000-000000000002,P2P,1757.57,5.0,COMPLETED,d1000000-0000-0000-0000-000000000024,b1000000-0000-0000-0000-000000000005,2026-01-24T11:51:47+00:00,1,NORMAL_TRANSACTION,Normal Transaction,NORMAL,[],0,0,NORMAL_BASELINE
e1000000-0000-0000-0000-000000001221,tx_norm_001251_2ac39b,c1000000-0000-0000-0000-000000000132,c1000000-0000-0000-0000-000000000086,CASH_IN,2510.95,0.0,COMPLETED,d1000000-0000-0000-0000-000000000010,b1000000-0000-0000-0000-000000000009,2026-01-24T11:56:06+00:00,1,NORMAL_TRANSACTION,Normal Transaction,NORMAL,[],0,0,NORMAL_BASELINE
e1000000-0000-0000-0000-000000001222,tx_norm_001262_514a36,c1000000-0000-0000-0000-000000000057,c1000000-0000-0000-0000-000000000138,PAYMENT,559.51,0.0,COMPLETED,d1000000-0000-0000-0000-000000000026,b1000000-0000-0000-0000-000000000015,2026-01-24T11:59:46+00:00,1,NORMAL_TRANSACTION,Normal Transaction,NORMAL,[],0,0,NORMAL_BASELINE
e1000000-0000-0000-0000-000000001223,tx_norm_001268_4d9802,c1000000-0000-0000-0000-000000000055,c1000000-0000-0000-0000-000000000023,P2P,2805.16,5.0,COMPLETED,d1000000-0000-0000-0000-000000000016,b1000000-0000-0000-0000-000000000016,2026-01-24T12:10:46+00:00,1,NORMAL_TRANSACTION,Normal Transaction,NORMAL,[],0,0,NORMAL_BASELINE
e1000000-0000-0000-0000-000000001224,tx_norm_001273_782152,c1000000-0000-0000-0000-000000000010,c1000000-0000-0000-0000-000000000138,PAYMENT,566.8,0.0,COMPLETED,d1000000-0000-0000-0000-000000000013,b1000000-0000-0000-0000-000000000003,2026-01-24T12:24:35+00:00,1,NORMAL_TRANSACTION,Normal Transaction,NORMAL,[],0,0,NORMAL_BASELINE
e1000000-0000-0000-0000-000000001225,tx_norm_001203_86e4ab,c1000000-0000-0000-0000-000000000048,c1000000-0000-0000-0000-000000000086,P2P,936.85,5.0,COMPLETED,d1000000-0000-0000-0000-000000000014,b1000000-0000-0000-0000-000000000012,2026-01-24T12:29:15+00:00,1,NORMAL_TRANSACTION,Normal Transaction,NORMAL,[],0,0,NORMAL_BASELINE
e1000000-0000-0000-0000-000000001226,tx_norm_001280_940e35,c1000000-0000-0000-0000-000000000019,c1000000-0000-0000-0000-000000000114,CASH_OUT,2355.61,35.1,COMPLETED,d1000000-0000-0000-0000-000000000013,b1000000-0000-0000-0000-000000000015,2026-01-24T12:38:29+00:00,1,NORMAL_TRANSACTION,Normal Transaction,NORMAL,[],0,0,NORMAL_BASELINE
e1000000-0000-0000-0000-000000001227,tx_norm_001215_834645,c1000000-0000-0000-0000-000000000011,c1000000-0000-0000-0000-000000000039,P2P,3823.19,5.0,COMPLETED,d1000000-0000-0000-0000-000000000020,b1000000-0000-0000-0000-000000000012,2026-01-24T12:41:04+00:00,1,NORMAL_TRANSACTION,Normal Transaction,NORMAL,[],0,0,NORMAL_BASELINE
e1000000-0000-0000-0000-000000001228,tx_norm_001219_c1ff94,c1000000-0000-0000-0000-000000000118,c1000000-0000-0000-0000-000000000052,CASH_IN,8396.75,0.0,COMPLETED,d1000000-0000-0000-0000-000000000010,b1000000-0000-0000-0000-000000000015,2026-01-24T12:52:22+00:00,1,NORMAL_TRANSACTION,Normal Transaction,NORMAL,[],0,0,NORMAL_BASELINE
e1000000-0000-0000-0000-000000001229,tx_norm_001302_f47e3c,c1000000-0000-0000-0000-000000000060,c1000000-0000-0000-0000-000000000135,RECHARGE,200.0,0.0,COMPLETED,d1000000-0000-0000-0000-000000000011,b1000000-0000-0000-0000-000000000002,2026-01-24T12:53:43+00:00,1,NORMAL_TRANSACTION,Normal Transaction,NORMAL,[],0,0,NORMAL_BASELINE
e1000000-0000-0000-0000-000000001230,tx_norm_001264_b23f47,c1000000-0000-0000-0000-000000000086,c1000000-0000-0000-0000-000000000136,PAYMENT,2594.43,0.0,COMPLETED,d1000000-0000-0000-0000-000000000030,b1000000-0000-0000-0000-000000000011,2026-01-24T13:15:13+00:00,1,NORMAL_TRANSACTION,Normal Transaction,NORMAL,[],0,0,NORMAL_BASELINE
e1000000-0000-0000-0000-000000001231,tx_norm_001209_7bb95b,c1000000-0000-0000-0000-000000000042,c1000000-0000-0000-0000-000000000138,PAYMENT,1752.7,0.0,COMPLETED,d1000000-0000-0000-0000-000000000018,b1000000-0000-0000-0000-000000000008,2026-01-24T13:31:33+00:00,1,NORMAL_TRANSACTION,Normal Transaction,NORMAL,[],0,0,NORMAL_BASELINE
e1000000-0000-0000-0000-000000001232,tx_norm_001257_2ce27e,c1000000-0000-0000-0000-000000000099,c1000000-0000-0000-0000-000000000089,P2P,771.61,5.0,COMPLETED,d1000000-0000-0000-0000-000000000004,b1000000-0000-0000-0000-000000000010,2026-01-24T13:40:44+00:00,1,NORMAL_TRANSACTION,Normal Transaction,NORMAL,[],0,0,NORMAL_BASELINE
e1000000-0000-0000-0000-000000001233,tx_norm_001236_cf5b29,c1000000-0000-0000-0000-000000000115,c1000000-0000-0000-0000-000000000051,CASH_IN,6517.25,0.0,COMPLETED,d1000000-0000-0000-0000-000000000011,b1000000-0000-0000-0000-000000000011,2026-01-24T13:44:53+00:00,1,NORMAL_TRANSACTION,Normal Transaction,NORMAL,[],0,0,NORMAL_BASELINE
e1000000-0000-0000-0000-000000001234,tx_norm_001309_209e6e,c1000000-0000-0000-0000-000000000096,c1000000-0000-0000-0000-000000000109,CASH_OUT,4796.29,71.46,COMPLETED,d1000000-0000-0000-0000-000000000023,b1000000-0000-0000-0000-000000000003,2026-01-24T13:47:37+00:00,1,NORMAL_TRANSACTION,Normal Transaction,NORMAL,[],0,0,NORMAL_BASELINE
e1000000-0000-0000-0000-000000001235,tx_norm_001294_0ea761,c1000000-0000-0000-0000-000000000086,c1000000-0000-0000-0000-000000000118,CASH_OUT,3338.27,49.74,COMPLETED,d1000000-0000-0000-0000-000000000030,b1000000-0000-0000-0000-000000000015,2026-01-24T13:52:15+00:00,1,NORMAL_TRANSACTION,Normal Transaction,NORMAL,[],0,0,NORMAL_BASELINE
e1000000-0000-0000-0000-000000001236,tx_norm_001201_430493,c1000000-0000-0000-0000-000000000026,c1000000-0000-0000-0000-000000000003,P2P,957.13,5.0,COMPLETED,d1000000-0000-0000-0000-000000000014,b1000000-0000-0000-0000-000000000003,2026-01-24T13:54:35+00:00,1,NORMAL_TRANSACTION,Normal Transaction,NORMAL,[],0,0,NORMAL_BASELINE
e1000000-0000-0000-0000-000000001237,tx_norm_001319_b37bdb,c1000000-0000-0000-0000-000000000115,c1000000-0000-0000-0000-000000000090,CASH_IN,9307.57,0.0,COMPLETED,d1000000-0000-0000-0000-000000000011,b1000000-0000-0000-0000-000000000011,2026-01-24T14:04:33+00:00,1,NORMAL_TRANSACTION,Normal Transaction,NORMAL,[],0,0,NORMAL_BASELINE
e1000000-0000-0000-0000-000000001238,tx_norm_001320_0ddb06,c1000000-0000-0000-0000-000000000102,c1000000-0000-0000-0000-000000000075,P2P,3923.18,5.0,COMPLETED,d1000000-0000-0000-0000-000000000029,b1000000-0000-0000-0000-000000000006,2026-01-24T14:06:08+00:00,1,NORMAL_TRANSACTION,Normal Transaction,NORMAL,[],0,0,NORMAL_BASELINE
e1000000-0000-0000-0000-000000001239,tx_norm_001231_639509,c1000000-0000-0000-0000-000000000054,c1000000-0000-0000-0000-000000000063,P2P,3395.51,5.0,COMPLETED,d1000000-0000-0000-0000-000000000018,b1000000-0000-0000-0000-000000000001,2026-01-24T14:10:07+00:00,1,NORMAL_TRANSACTION,Normal Transaction,NORMAL,[],0,0,NORMAL_BASELINE
e1000000-0000-0000-0000-000000001240,tx_norm_001237_e92c5b,c1000000-0000-0000-0000-000000000094,c1000000-0000-0000-0000-000000000119,CASH_OUT,3933.71,58.61,COMPLETED,d1000000-0000-0000-0000-000000000020,b1000000-0000-0000-0000-000000000011,2026-01-24T14:15:11+00:00,1,NORMAL_TRANSACTION,Normal Transaction,NORMAL,[],0,0,NORMAL_BASELINE
e1000000-0000-0000-0000-000000001241,tx_norm_001311_a9eb0b,c1000000-0000-0000-0000-000000000087,c1000000-0000-0000-0000-000000000103,P2P,743.12,5.0,COMPLETED,d1000000-0000-0000-0000-000000000026,b1000000-0000-0000-0000-000000000004,2026-01-24T14:20:49+00:00,1,NORMAL_TRANSACTION,Normal Transaction,NORMAL,[],0,0,NORMAL_BASELINE
e1000000-0000-0000-0000-000000001242,tx_norm_001242_4027b2,c1000000-0000-0000-0000-000000000025,c1000000-0000-0000-0000-000000000052,P2P,362.43,0.0,COMPLETED,d1000000-0000-0000-0000-000000000028,b1000000-0000-0000-0000-000000000004,2026-01-24T14:21:47+00:00,1,NORMAL_TRANSACTION,Normal Transaction,NORMAL,[],0,0,NORMAL_BASELINE
e1000000-0000-0000-0000-000000001243,tx_norm_001214_71127f,c1000000-0000-0000-0000-000000000035,c1000000-0000-0000-0000-000000000139,PAYMENT,225.39,0.0,COMPLETED,d1000000-0000-0000-0000-000000000029,b1000000-0000-0000-0000-000000000019,2026-01-24T14:23:51+00:00,1,NORMAL_TRANSACTION,Normal Transaction,NORMAL,[],0,0,NORMAL_BASELINE
e1000000-0000-0000-0000-000000001244,tx_norm_001270_6ef54c,c1000000-0000-0000-0000-000000000055,c1000000-0000-0000-0000-000000000141,PAYMENT,2008.65,0.0,COMPLETED,d1000000-0000-0000-0000-000000000016,b1000000-0000-0000-0000-000000000016,2026-01-24T14:24:10+00:00,1,NORMAL_TRANSACTION,Normal Transaction,NORMAL,[],0,0,NORMAL_BASELINE
e1000000-0000-0000-0000-000000001245,tx_norm_001275_969b6b,c1000000-0000-0000-0000-000000000063,c1000000-0000-0000-0000-000000000040,P2P,2956.51,5.0,COMPLETED,d1000000-0000-0000-0000-000000000008,b1000000-0000-0000-0000-000000000013,2026-01-24T14:25:47+00:00,1,NORMAL_TRANSACTION,Normal Transaction,NORMAL,[],0,0,NORMAL_BASELINE
e1000000-0000-0000-0000-000000001246,tx_norm_001241_12bcf0,c1000000-0000-0000-0000-000000000065,c1000000-0000-0000-0000-000000000006,P2P,2187.32,5.0,COMPLETED,d1000000-0000-0000-0000-000000000009,b1000000-0000-0000-0000-000000000007,2026-01-24T14:28:10+00:00,1,NORMAL_TRANSACTION,Normal Transaction,NORMAL,[],0,0,NORMAL_BASELINE
e1000000-0000-0000-0000-000000001247,tx_norm_001252_9fea97,c1000000-0000-0000-0000-000000000042,c1000000-0000-0000-0000-000000000123,CASH_OUT,5200.9,77.49,COMPLETED,d1000000-0000-0000-0000-000000000018,b1000000-0000-0000-0000-000000000001,2026-01-24T14:32:06+00:00,1,NORMAL_TRANSACTION,Normal Transaction,NORMAL,[],0,0,NORMAL_BASELINE
e1000000-0000-0000-0000-000000001248,tx_norm_001310_d8dcc3,c1000000-0000-0000-0000-000000000008,c1000000-0000-0000-0000-000000000077,P2P,2503.09,5.0,COMPLETED,d1000000-0000-0000-0000-000000000012,b1000000-0000-0000-0000-000000000012,2026-01-24T14:36:47+00:00,1,NORMAL_TRANSACTION,Normal Transaction,NORMAL,[],0,0,NORMAL_BASELINE
e1000000-0000-0000-0000-000000001249,tx_norm_001254_a8702d,c1000000-0000-0000-0000-000000000028,c1000000-0000-0000-0000-000000000060,P2P,1146.41,5.0,COMPLETED,d1000000-0000-0000-0000-000000000004,b1000000-0000-0000-0000-000000000018,2026-01-24T14:41:20+00:00,1,NORMAL_TRANSACTION,Normal Transaction,NORMAL,[],0,0,NORMAL_BASELINE
e1000000-0000-0000-0000-000000001250,tx_norm_001205_0bd372,c1000000-0000-0000-0000-000000000055,c1000000-0000-0000-0000-000000000083,P2P,1251.56,5.0,COMPLETED,d1000000-0000-0000-0000-000000000016,b1000000-0000-0000-0000-000000000016,2026-01-24T14:44:23+00:00,1,NORMAL_TRANSACTION,Normal Transaction,NORMAL,[],0,0,NORMAL_BASELINE
e1000000-0000-0000-0000-000000001251,tx_norm_001276_299094,c1000000-0000-0000-0000-000000000016,c1000000-0000-0000-0000-000000000139,RECHARGE,500.0,0.0,COMPLETED,d1000000-0000-0000-0000-000000000006,b1000000-0000-0000-0000-000000000018,2026-01-24T14:56:02+00:00,1,NORMAL_TRANSACTION,Normal Transaction,NORMAL,[],0,0,NORMAL_BASELINE
e1000000-0000-0000-0000-000000001252,tx_norm_001204_311206,c1000000-0000-0000-0000-000000000019,c1000000-0000-0000-0000-000000000017,P2P,3618.06,5.0,COMPLETED,d1000000-0000-0000-0000-000000000013,b1000000-0000-0000-0000-000000000009,2026-01-24T14:56:45+00:00,1,NORMAL_TRANSACTION,Normal Transaction,NORMAL,[],0,0,NORMAL_BASELINE
e1000000-0000-0000-0000-000000001253,tx_norm_001221_761e62,c1000000-0000-0000-0000-000000000071,c1000000-0000-0000-0000-000000000140,PAYMENT,2353.66,0.0,COMPLETED,d1000000-0000-0000-0000-000000000023,b1000000-0000-0000-0000-000000000010,2026-01-24T15:14:33+00:00,1,NORMAL_TRANSACTION,Normal Transaction,NORMAL,[],0,0,NORMAL_BASELINE
e1000000-0000-0000-0000-000000001254,tx_norm_001210_e51728,c1000000-0000-0000-0000-000000000102,c1000000-0000-0000-0000-000000000133,PAYMENT,781.96,0.0,COMPLETED,d1000000-0000-0000-0000-000000000029,b1000000-0000-0000-0000-000000000006,2026-01-24T15:17:37+00:00,1,NORMAL_TRANSACTION,Normal Transaction,NORMAL,[],0,0,NORMAL_BASELINE
e1000000-0000-0000-0000-000000001255,tx_norm_001240_812005,c1000000-0000-0000-0000-000000000048,c1000000-0000-0000-0000-000000000134,PAYMENT,2453.96,0.0,COMPLETED,d1000000-0000-0000-0000-000000000014,b1000000-0000-0000-0000-000000000012,2026-01-24T15:26:48+00:00,1,NORMAL_TRANSACTION,Normal Transaction,NORMAL,[],0,0,NORMAL_BASELINE
e1000000-0000-0000-0000-000000001256,tx_norm_001223_20db42,c1000000-0000-0000-0000-000000000048,c1000000-0000-0000-0000-000000000135,PAYMENT,1911.4,0.0,COMPLETED,d1000000-0000-0000-0000-000000000014,b1000000-0000-0000-0000-000000000012,2026-01-24T15:28:54+00:00,1,NORMAL_TRANSACTION,Normal Transaction,NORMAL,[],0,0,NORMAL_BASELINE
e1000000-0000-0000-0000-000000001257,tx_norm_001235_e188d3,c1000000-0000-0000-0000-000000000095,c1000000-0000-0000-0000-000000000134,PAYMENT,1028.13,0.0,COMPLETED,d1000000-0000-0000-0000-000000000017,b1000000-0000-0000-0000-000000000004,2026-01-24T15:29:29+00:00,1,NORMAL_TRANSACTION,Normal Transaction,NORMAL,[],0,0,NORMAL_BASELINE
e1000000-0000-0000-0000-000000001258,tx_norm_001293_e3e103,c1000000-0000-0000-0000-000000000055,c1000000-0000-0000-0000-000000000044,P2P,1794.38,5.0,COMPLETED,d1000000-0000-0000-0000-000000000016,b1000000-0000-0000-0000-000000000016,2026-01-24T15:30:48+00:00,1,NORMAL_TRANSACTION,Normal Transaction,NORMAL,[],0,0,NORMAL_BASELINE
e1000000-0000-0000-0000-000000001259,tx_norm_001297_301c81,c1000000-0000-0000-0000-000000000121,c1000000-0000-0000-0000-000000000066,CASH_IN,4718.14,0.0,COMPLETED,d1000000-0000-0000-0000-000000000009,b1000000-0000-0000-0000-000000000014,2026-01-24T15:39:43+00:00,1,NORMAL_TRANSACTION,Normal Transaction,NORMAL,[],0,0,NORMAL_BASELINE
e1000000-0000-0000-0000-000000001260,tx_norm_001315_0f0e57,c1000000-0000-0000-0000-000000000038,c1000000-0000-0000-0000-000000000092,P2P,4355.93,5.0,COMPLETED,d1000000-0000-0000-0000-000000000020,b1000000-0000-0000-0000-000000000014,2026-01-24T15:40:53+00:00,1,NORMAL_TRANSACTION,Normal Transaction,NORMAL,[],0,0,NORMAL_BASELINE
e1000000-0000-0000-0000-000000001261,tx_norm_001289_15f0e5,c1000000-0000-0000-0000-000000000082,c1000000-0000-0000-0000-000000000135,PAYMENT,393.42,0.0,COMPLETED,d1000000-0000-0000-0000-000000000010,b1000000-0000-0000-0000-000000000012,2026-01-24T15:40:58+00:00,1,NORMAL_TRANSACTION,Normal Transaction,NORMAL,[],0,0,NORMAL_BASELINE
e1000000-0000-0000-0000-000000001262,tx_norm_001321_25131c,c1000000-0000-0000-0000-000000000057,c1000000-0000-0000-0000-000000000140,PAYMENT,1037.8,0.0,COMPLETED,d1000000-0000-0000-0000-000000000026,b1000000-0000-0000-0000-000000000015,2026-01-24T15:41:10+00:00,1,NORMAL_TRANSACTION,Normal Transaction,NORMAL,[],0,0,NORMAL_BASELINE
e1000000-0000-0000-0000-000000001263,tx_norm_001220_3a17d7,c1000000-0000-0000-0000-000000000020,c1000000-0000-0000-0000-000000000139,RECHARGE,50.0,0.0,COMPLETED,d1000000-0000-0000-0000-000000000019,b1000000-0000-0000-0000-000000000011,2026-01-24T15:41:32+00:00,1,NORMAL_TRANSACTION,Normal Transaction,NORMAL,[],0,0,NORMAL_BASELINE
e1000000-0000-0000-0000-000000001264,tx_norm_001303_a8e50e,c1000000-0000-0000-0000-000000000028,c1000000-0000-0000-0000-000000000022,P2P,3438.99,5.0,COMPLETED,d1000000-0000-0000-0000-000000000004,b1000000-0000-0000-0000-000000000018,2026-01-24T15:42:34+00:00,1,NORMAL_TRANSACTION,Normal Transaction,NORMAL,[],0,0,NORMAL_BASELINE
e1000000-0000-0000-0000-000000001265,tx_norm_001211_924554,c1000000-0000-0000-0000-000000000040,c1000000-0000-0000-0000-000000000056,P2P,4021.45,5.0,COMPLETED,d1000000-0000-0000-0000-000000000022,b1000000-0000-0000-0000-000000000012,2026-01-24T15:55:15+00:00,1,NORMAL_TRANSACTION,Normal Transaction,NORMAL,[],0,0,NORMAL_BASELINE
e1000000-0000-0000-0000-000000001266,tx_norm_001185_693e5f,c1000000-0000-0000-0000-000000000052,c1000000-0000-0000-0000-000000000109,CASH_OUT,5129.76,76.43,COMPLETED,d1000000-0000-0000-0000-000000000015,b1000000-0000-0000-0000-000000000003,2026-01-24T16:03:18+00:00,1,NORMAL_TRANSACTION,Normal Transaction,NORMAL,[],0,0,NORMAL_BASELINE
e1000000-0000-0000-0000-000000001267,tx_norm_001217_d0c8da,c1000000-0000-0000-0000-000000000043,c1000000-0000-0000-0000-000000000033,P2P,1501.68,5.0,COMPLETED,d1000000-0000-0000-0000-000000000023,b1000000-0000-0000-0000-000000000002,2026-01-24T16:12:21+00:00,1,NORMAL_TRANSACTION,Normal Transaction,NORMAL,[],0,0,NORMAL_BASELINE
e1000000-0000-0000-0000-000000001268,tx_norm_001253_2c7276,c1000000-0000-0000-0000-000000000028,c1000000-0000-0000-0000-000000000014,P2P,1733.28,5.0,COMPLETED,d1000000-0000-0000-0000-000000000004,b1000000-0000-0000-0000-000000000018,2026-01-24T16:25:27+00:00,1,NORMAL_TRANSACTION,Normal Transaction,NORMAL,[],0,0,NORMAL_BASELINE
e1000000-0000-0000-0000-000000001269,tx_norm_001286_2fb7e9,c1000000-0000-0000-0000-000000000056,c1000000-0000-0000-0000-000000000022,P2P,958.53,5.0,COMPLETED,d1000000-0000-0000-0000-000000000006,b1000000-0000-0000-0000-000000000013,2026-01-24T16:26:41+00:00,1,NORMAL_TRANSACTION,Normal Transaction,NORMAL,[],0,0,NORMAL_BASELINE
e1000000-0000-0000-0000-000000001270,tx_norm_001283_c0a15d,c1000000-0000-0000-0000-000000000076,c1000000-0000-0000-0000-000000000115,CASH_OUT,6004.5,89.47,COMPLETED,d1000000-0000-0000-0000-000000000030,b1000000-0000-0000-0000-000000000011,2026-01-24T16:34:42+00:00,1,NORMAL_TRANSACTION,Normal Transaction,NORMAL,[],0,0,NORMAL_BASELINE
e1000000-0000-0000-0000-000000001271,tx_norm_001259_3b8c0f,c1000000-0000-0000-0000-000000000076,c1000000-0000-0000-0000-000000000092,P2P,4450.04,5.0,COMPLETED,d1000000-0000-0000-0000-000000000030,b1000000-0000-0000-0000-000000000002,2026-01-24T16:40:47+00:00,1,NORMAL_TRANSACTION,Normal Transaction,NORMAL,[],0,0,NORMAL_BASELINE
e1000000-0000-0000-0000-000000001272,tx_norm_001244_4775d7,c1000000-0000-0000-0000-000000000120,c1000000-0000-0000-0000-000000000018,CASH_IN,5237.09,0.0,COMPLETED,d1000000-0000-0000-0000-000000000009,b1000000-0000-0000-0000-000000000013,2026-01-24T16:42:15+00:00,1,NORMAL_TRANSACTION,Normal Transaction,NORMAL,[],0,0,NORMAL_BASELINE
e1000000-0000-0000-0000-000000001273,tx_norm_001263_bb9d92,c1000000-0000-0000-0000-000000000037,c1000000-0000-0000-0000-000000000133,PAYMENT,848.48,0.0,COMPLETED,d1000000-0000-0000-0000-000000000016,b1000000-0000-0000-0000-000000000018,2026-01-24T16:50:26+00:00,1,NORMAL_TRANSACTION,Normal Transaction,NORMAL,[],0,0,NORMAL_BASELINE
e1000000-0000-0000-0000-000000001274,tx_norm_001267_b998e2,c1000000-0000-0000-0000-000000000031,c1000000-0000-0000-0000-000000000122,CASH_OUT,1086.23,16.18,COMPLETED,d1000000-0000-0000-0000-000000000004,b1000000-0000-0000-0000-000000000002,2026-01-24T16:53:50+00:00,1,NORMAL_TRANSACTION,Normal Transaction,NORMAL,[],0,0,NORMAL_BASELINE
e1000000-0000-0000-0000-000000001275,tx_norm_001282_b11c37,c1000000-0000-0000-0000-000000000022,c1000000-0000-0000-0000-000000000132,CASH_OUT,3701.54,55.15,COMPLETED,d1000000-0000-0000-0000-000000000024,b1000000-0000-0000-0000-000000000009,2026-01-24T16:58:12+00:00,1,NORMAL_TRANSACTION,Normal Transaction,NORMAL,[],0,0,NORMAL_BASELINE
e1000000-0000-0000-0000-000000001276,tx_norm_001249_5fe8b7,c1000000-0000-0000-0000-000000000130,c1000000-0000-0000-0000-000000000026,CASH_IN,9359.38,0.0,COMPLETED,d1000000-0000-0000-0000-000000000010,b1000000-0000-0000-0000-000000000006,2026-01-24T17:00:03+00:00,1,NORMAL_TRANSACTION,Normal Transaction,NORMAL,[],0,0,NORMAL_BASELINE
e1000000-0000-0000-0000-000000001277,tx_norm_001189_9ef015,c1000000-0000-0000-0000-000000000046,c1000000-0000-0000-0000-000000000139,PAYMENT,1618.27,0.0,COMPLETED,d1000000-0000-0000-0000-000000000030,b1000000-0000-0000-0000-000000000019,2026-01-24T17:08:40+00:00,1,NORMAL_TRANSACTION,Normal Transaction,NORMAL,[],0,0,NORMAL_BASELINE
e1000000-0000-0000-0000-000000001278,tx_norm_001188_ca1731,c1000000-0000-0000-0000-000000000077,c1000000-0000-0000-0000-000000000093,P2P,490.44,0.0,COMPLETED,d1000000-0000-0000-0000-000000000002,b1000000-0000-0000-0000-000000000001,2026-01-24T17:12:06+00:00,1,NORMAL_TRANSACTION,Normal Transaction,NORMAL,[],0,0,NORMAL_BASELINE
e1000000-0000-0000-0000-000000001279,tx_norm_001206_0da261,c1000000-0000-0000-0000-000000000102,c1000000-0000-0000-0000-000000000135,PAYMENT,1149.43,0.0,COMPLETED,d1000000-0000-0000-0000-000000000029,b1000000-0000-0000-0000-000000000006,2026-01-24T17:12:54+00:00,1,NORMAL_TRANSACTION,Normal Transaction,NORMAL,[],0,0,NORMAL_BASELINE
e1000000-0000-0000-0000-000000001280,tx_norm_001312_d0ef12,c1000000-0000-0000-0000-000000000069,c1000000-0000-0000-0000-000000000059,P2P,1558.48,5.0,COMPLETED,d1000000-0000-0000-0000-000000000009,b1000000-0000-0000-0000-000000000005,2026-01-24T17:14:06+00:00,1,NORMAL_TRANSACTION,Normal Transaction,NORMAL,[],0,0,NORMAL_BASELINE
e1000000-0000-0000-0000-000000001281,tx_norm_001233_33a2ca,c1000000-0000-0000-0000-000000000092,c1000000-0000-0000-0000-000000000088,P2P,2173.51,5.0,COMPLETED,d1000000-0000-0000-0000-000000000027,b1000000-0000-0000-0000-000000000018,2026-01-24T17:19:37+00:00,1,NORMAL_TRANSACTION,Normal Transaction,NORMAL,[],0,0,NORMAL_BASELINE
e1000000-0000-0000-0000-000000001282,tx_norm_001314_d900da,c1000000-0000-0000-0000-000000000089,c1000000-0000-0000-0000-000000000134,PAYMENT,984.03,0.0,COMPLETED,d1000000-0000-0000-0000-000000000026,b1000000-0000-0000-0000-000000000008,2026-01-24T17:20:19+00:00,1,NORMAL_TRANSACTION,Normal Transaction,NORMAL,[],0,0,NORMAL_BASELINE
e1000000-0000-0000-0000-000000001283,tx_norm_001192_ada517,c1000000-0000-0000-0000-000000000002,c1000000-0000-0000-0000-000000000068,P2P,2721.69,5.0,COMPLETED,d1000000-0000-0000-0000-000000000022,b1000000-0000-0000-0000-000000000018,2026-01-24T17:21:18+00:00,1,NORMAL_TRANSACTION,Normal Transaction,NORMAL,[],0,0,NORMAL_BASELINE
e1000000-0000-0000-0000-000000001284,tx_norm_001269_f8f960,c1000000-0000-0000-0000-000000000101,c1000000-0000-0000-0000-000000000062,P2P,544.07,5.0,COMPLETED,d1000000-0000-0000-0000-000000000007,b1000000-0000-0000-0000-000000000014,2026-01-24T17:28:40+00:00,1,NORMAL_TRANSACTION,Normal Transaction,NORMAL,[],0,0,NORMAL_BASELINE
e1000000-0000-0000-0000-000000001285,tx_norm_001272_4e4c01,c1000000-0000-0000-0000-000000000023,c1000000-0000-0000-0000-000000000137,PAYMENT,1310.37,0.0,COMPLETED,d1000000-0000-0000-0000-000000000014,b1000000-0000-0000-0000-000000000019,2026-01-24T17:34:09+00:00,1,NORMAL_TRANSACTION,Normal Transaction,NORMAL,[],0,0,NORMAL_BASELINE
e1000000-0000-0000-0000-000000001286,tx_norm_001187_846810,c1000000-0000-0000-0000-000000000087,c1000000-0000-0000-0000-000000000102,P2P,311.68,0.0,COMPLETED,d1000000-0000-0000-0000-000000000026,b1000000-0000-0000-0000-000000000004,2026-01-24T17:39:06+00:00,1,NORMAL_TRANSACTION,Normal Transaction,NORMAL,[],0,0,NORMAL_BASELINE
e1000000-0000-0000-0000-000000001287,tx_norm_001195_6b2f9d,c1000000-0000-0000-0000-000000000073,c1000000-0000-0000-0000-000000000116,CASH_OUT,5120.77,76.3,COMPLETED,d1000000-0000-0000-0000-000000000005,b1000000-0000-0000-0000-000000000015,2026-01-24T17:44:21+00:00,1,NORMAL_TRANSACTION,Normal Transaction,NORMAL,[],0,0,NORMAL_BASELINE
e1000000-0000-0000-0000-000000001288,tx_norm_001260_3e5903,c1000000-0000-0000-0000-000000000031,c1000000-0000-0000-0000-000000000096,P2P,2042.54,5.0,COMPLETED,d1000000-0000-0000-0000-000000000004,b1000000-0000-0000-0000-000000000010,2026-01-24T17:48:57+00:00,1,NORMAL_TRANSACTION,Normal Transaction,NORMAL,[],0,0,NORMAL_BASELINE
e1000000-0000-0000-0000-000000001289,tx_norm_001265_108abb,c1000000-0000-0000-0000-000000000024,c1000000-0000-0000-0000-000000000140,PAYMENT,2070.84,0.0,COMPLETED,d1000000-0000-0000-0000-000000000005,b1000000-0000-0000-0000-000000000017,2026-01-24T17:55:24+00:00,1,NORMAL_TRANSACTION,Normal Transaction,NORMAL,[],0,0,NORMAL_BASELINE
e1000000-0000-0000-0000-000000001290,tx_norm_001216_5c387c,c1000000-0000-0000-0000-000000000030,c1000000-0000-0000-0000-000000000013,P2P,709.93,5.0,COMPLETED,d1000000-0000-0000-0000-000000000029,b1000000-0000-0000-0000-000000000009,2026-01-24T18:05:50+00:00,1,NORMAL_TRANSACTION,Normal Transaction,NORMAL,[],0,0,NORMAL_BASELINE
e1000000-0000-0000-0000-000000001291,tx_norm_001307_a76747,c1000000-0000-0000-0000-000000000096,c1000000-0000-0000-0000-000000000129,CASH_OUT,5937.71,88.47,COMPLETED,d1000000-0000-0000-0000-000000000023,b1000000-0000-0000-0000-000000000001,2026-01-24T18:21:24+00:00,1,NORMAL_TRANSACTION,Normal Transaction,NORMAL,[],0,0,NORMAL_BASELINE
e1000000-0000-0000-0000-000000001292,tx_norm_001325_1e69d7,c1000000-0000-0000-0000-000000000020,c1000000-0000-0000-0000-000000000139,PAYMENT,897.25,0.0,COMPLETED,d1000000-0000-0000-0000-000000000019,b1000000-0000-0000-0000-000000000011,2026-01-24T18:21:37+00:00,1,NORMAL_TRANSACTION,Normal Transaction,NORMAL,[],0,0,NORMAL_BASELINE
e1000000-0000-0000-0000-000000001293,tx_norm_001299_f067db,c1000000-0000-0000-0000-000000000052,c1000000-0000-0000-0000-000000000134,PAYMENT,1212.42,0.0,COMPLETED,d1000000-0000-0000-0000-000000000015,b1000000-0000-0000-0000-000000000008,2026-01-24T18:28:14+00:00,1,NORMAL_TRANSACTION,Normal Transaction,NORMAL,[],0,0,NORMAL_BASELINE
e1000000-0000-0000-0000-000000001294,tx_norm_001305_a23036,c1000000-0000-0000-0000-000000000127,c1000000-0000-0000-0000-000000000018,CASH_IN,9304.63,0.0,COMPLETED,d1000000-0000-0000-0000-000000000011,b1000000-0000-0000-0000-000000000013,2026-01-24T18:30:57+00:00,1,NORMAL_TRANSACTION,Normal Transaction,NORMAL,[],0,0,NORMAL_BASELINE
e1000000-0000-0000-0000-000000001295,tx_norm_001239_e6f8da,c1000000-0000-0000-0000-000000000108,c1000000-0000-0000-0000-000000000090,CASH_IN,7538.84,0.0,COMPLETED,d1000000-0000-0000-0000-000000000009,b1000000-0000-0000-0000-000000000007,2026-01-24T18:34:18+00:00,1,NORMAL_TRANSACTION,Normal Transaction,NORMAL,[],0,0,NORMAL_BASELINE
e1000000-0000-0000-0000-000000001296,tx_norm_001255_994f7c,c1000000-0000-0000-0000-000000000028,c1000000-0000-0000-0000-000000000054,P2P,1496.6,5.0,COMPLETED,d1000000-0000-0000-0000-000000000004,b1000000-0000-0000-0000-000000000018,2026-01-24T18:39:23+00:00,1,NORMAL_TRANSACTION,Normal Transaction,NORMAL,[],0,0,NORMAL_BASELINE
e1000000-0000-0000-0000-000000001297,tx_norm_001248_71a91c,c1000000-0000-0000-0000-000000000109,c1000000-0000-0000-0000-000000000050,CASH_IN,7213.12,0.0,COMPLETED,d1000000-0000-0000-0000-000000000010,b1000000-0000-0000-0000-000000000003,2026-01-24T18:42:45+00:00,1,NORMAL_TRANSACTION,Normal Transaction,NORMAL,[],0,0,NORMAL_BASELINE
e1000000-0000-0000-0000-000000001298,tx_norm_001278_bc547d,c1000000-0000-0000-0000-000000000126,c1000000-0000-0000-0000-000000000050,CASH_IN,9338.67,0.0,COMPLETED,d1000000-0000-0000-0000-000000000010,b1000000-0000-0000-0000-000000000014,2026-01-24T18:44:23+00:00,1,NORMAL_TRANSACTION,Normal Transaction,NORMAL,[],0,0,NORMAL_BASELINE
e1000000-0000-0000-0000-000000001299,tx_norm_001191_7832b5,c1000000-0000-0000-0000-000000000070,c1000000-0000-0000-0000-000000000101,P2P,826.19,5.0,COMPLETED,d1000000-0000-0000-0000-000000000012,b1000000-0000-0000-0000-000000000010,2026-01-24T18:48:22+00:00,1,NORMAL_TRANSACTION,Normal Transaction,NORMAL,[],0,0,NORMAL_BASELINE
e1000000-0000-0000-0000-000000001300,tx_norm_001298_bc5e3e,c1000000-0000-0000-0000-000000000047,c1000000-0000-0000-0000-000000000006,P2P,4369.27,5.0,COMPLETED,d1000000-0000-0000-0000-000000000016,b1000000-0000-0000-0000-000000000014,2026-01-24T18:52:20+00:00,1,NORMAL_TRANSACTION,Normal Transaction,NORMAL,[],0,0,NORMAL_BASELINE
e1000000-0000-0000-0000-000000001301,tx_norm_001300_31f090,c1000000-0000-0000-0000-000000000094,c1000000-0000-0000-0000-000000000118,CASH_OUT,2703.97,40.29,COMPLETED,d1000000-0000-0000-0000-000000000020,b1000000-0000-0000-0000-000000000015,2026-01-24T18:54:44+00:00,1,NORMAL_TRANSACTION,Normal Transaction,NORMAL,[],0,0,NORMAL_BASELINE
e1000000-0000-0000-0000-000000001302,tx_norm_001194_b1dd34,c1000000-0000-0000-0000-000000000116,c1000000-0000-0000-0000-000000000025,CASH_IN,7010.74,0.0,COMPLETED,d1000000-0000-0000-0000-000000000011,b1000000-0000-0000-0000-000000000015,2026-01-24T18:58:12+00:00,1,NORMAL_TRANSACTION,Normal Transaction,NORMAL,[],0,0,NORMAL_BASELINE
e1000000-0000-0000-0000-000000001303,tx_norm_001224_6cfbf1,c1000000-0000-0000-0000-000000000046,c1000000-0000-0000-0000-000000000116,CASH_OUT,2191.18,32.65,COMPLETED,d1000000-0000-0000-0000-000000000030,b1000000-0000-0000-0000-000000000015,2026-01-24T19:00:31+00:00,1,NORMAL_TRANSACTION,Normal Transaction,NORMAL,[],0,0,NORMAL_BASELINE
e1000000-0000-0000-0000-000000001304,tx_norm_001177_01521e,c1000000-0000-0000-0000-000000000054,c1000000-0000-0000-0000-000000000070,P2P,2130.1,5.0,COMPLETED,d1000000-0000-0000-0000-000000000018,b1000000-0000-0000-0000-000000000001,2026-01-24T19:14:03+00:00,1,NORMAL_TRANSACTION,Normal Transaction,NORMAL,[],0,0,NORMAL_BASELINE
e1000000-0000-0000-0000-000000001305,tx_norm_001197_f3dcd2,c1000000-0000-0000-0000-000000000031,c1000000-0000-0000-0000-000000000140,PAYMENT,2390.49,0.0,COMPLETED,d1000000-0000-0000-0000-000000000004,b1000000-0000-0000-0000-000000000010,2026-01-24T19:14:29+00:00,1,NORMAL_TRANSACTION,Normal Transaction,NORMAL,[],0,0,NORMAL_BASELINE
e1000000-0000-0000-0000-000000001306,tx_norm_001285_11e121,c1000000-0000-0000-0000-000000000022,c1000000-0000-0000-0000-000000000064,P2P,206.79,0.0,COMPLETED,d1000000-0000-0000-0000-000000000024,b1000000-0000-0000-0000-000000000018,2026-01-24T19:25:44+00:00,1,NORMAL_TRANSACTION,Normal Transaction,NORMAL,[],0,0,NORMAL_BASELINE
e1000000-0000-0000-0000-000000001307,tx_norm_001238_286e3f,c1000000-0000-0000-0000-000000000006,c1000000-0000-0000-0000-000000000032,P2P,4007.83,5.0,COMPLETED,d1000000-0000-0000-0000-000000000006,b1000000-0000-0000-0000-000000000014,2026-01-24T19:36:06+00:00,1,NORMAL_TRANSACTION,Normal Transaction,NORMAL,[],0,0,NORMAL_BASELINE
e1000000-0000-0000-0000-000000001308,tx_norm_001243_1177fd,c1000000-0000-0000-0000-000000000096,c1000000-0000-0000-0000-000000000060,P2P,2284.46,5.0,COMPLETED,d1000000-0000-0000-0000-000000000023,b1000000-0000-0000-0000-000000000014,2026-01-24T19:58:08+00:00,1,NORMAL_TRANSACTION,Normal Transaction,NORMAL,[],0,0,NORMAL_BASELINE
e1000000-0000-0000-0000-000000001309,tx_norm_001222_6aed97,c1000000-0000-0000-0000-000000000055,c1000000-0000-0000-0000-000000000130,CASH_OUT,7564.47,112.71,COMPLETED,d1000000-0000-0000-0000-000000000016,b1000000-0000-0000-0000-000000000006,2026-01-24T20:05:20+00:00,1,NORMAL_TRANSACTION,Normal Transaction,NORMAL,[],0,0,NORMAL_BASELINE
e1000000-0000-0000-0000-000000001310,tx_norm_001277_b58971,c1000000-0000-0000-0000-000000000130,c1000000-0000-0000-0000-000000000093,CASH_IN,4137.21,0.0,COMPLETED,d1000000-0000-0000-0000-000000000010,b1000000-0000-0000-0000-000000000006,2026-01-24T20:27:16+00:00,1,NORMAL_TRANSACTION,Normal Transaction,NORMAL,[],0,0,NORMAL_BASELINE
e1000000-0000-0000-0000-000000001311,tx_norm_001184_ad74dd,c1000000-0000-0000-0000-000000000081,c1000000-0000-0000-0000-000000000056,P2P,482.9,0.0,COMPLETED,d1000000-0000-0000-0000-000000000019,b1000000-0000-0000-0000-000000000018,2026-01-24T20:28:03+00:00,1,NORMAL_TRANSACTION,Normal Transaction,NORMAL,[],0,0,NORMAL_BASELINE
e1000000-0000-0000-0000-000000001312,tx_norm_001208_a52368,c1000000-0000-0000-0000-000000000066,c1000000-0000-0000-0000-000000000050,P2P,3430.62,5.0,COMPLETED,d1000000-0000-0000-0000-000000000013,b1000000-0000-0000-0000-000000000005,2026-01-24T20:42:39+00:00,1,NORMAL_TRANSACTION,Normal Transaction,NORMAL,[],0,0,NORMAL_BASELINE
e1000000-0000-0000-0000-000000001313,tx_norm_001198_12e00b,c1000000-0000-0000-0000-000000000024,c1000000-0000-0000-0000-000000000001,P2P,1760.11,5.0,COMPLETED,d1000000-0000-0000-0000-000000000005,b1000000-0000-0000-0000-000000000017,2026-01-24T20:47:24+00:00,1,NORMAL_TRANSACTION,Normal Transaction,NORMAL,[],0,0,NORMAL_BASELINE
e1000000-0000-0000-0000-000000001314,tx_norm_001225_083ed9,c1000000-0000-0000-0000-000000000042,c1000000-0000-0000-0000-000000000133,PAYMENT,1881.11,0.0,COMPLETED,d1000000-0000-0000-0000-000000000018,b1000000-0000-0000-0000-000000000008,2026-01-24T20:49:44+00:00,1,NORMAL_TRANSACTION,Normal Transaction,NORMAL,[],0,0,NORMAL_BASELINE
e1000000-0000-0000-0000-000000001315,tx_norm_001207_14d722,c1000000-0000-0000-0000-000000000075,c1000000-0000-0000-0000-000000000140,PAYMENT,788.17,0.0,COMPLETED,d1000000-0000-0000-0000-000000000007,b1000000-0000-0000-0000-000000000009,2026-01-24T21:08:54+00:00,1,NORMAL_TRANSACTION,Normal Transaction,NORMAL,[],0,0,NORMAL_BASELINE
e1000000-0000-0000-0000-000000001316,tx_norm_001313_bf3f51,c1000000-0000-0000-0000-000000000110,c1000000-0000-0000-0000-000000000077,CASH_IN,3550.54,0.0,COMPLETED,d1000000-0000-0000-0000-000000000011,b1000000-0000-0000-0000-000000000007,2026-01-24T21:14:31+00:00,1,NORMAL_TRANSACTION,Normal Transaction,NORMAL,[],0,0,NORMAL_BASELINE
e1000000-0000-0000-0000-000000001317,tx_norm_001295_d5de29,c1000000-0000-0000-0000-000000000059,c1000000-0000-0000-0000-000000000091,P2P,1927.78,5.0,COMPLETED,d1000000-0000-0000-0000-000000000010,b1000000-0000-0000-0000-000000000007,2026-01-24T21:21:51+00:00,1,NORMAL_TRANSACTION,Normal Transaction,NORMAL,[],0,0,NORMAL_BASELINE
e1000000-0000-0000-0000-000000001318,tx_norm_001212_84d16f,c1000000-0000-0000-0000-000000000018,c1000000-0000-0000-0000-000000000134,PAYMENT,1049.9,0.0,COMPLETED,d1000000-0000-0000-0000-000000000027,b1000000-0000-0000-0000-000000000002,2026-01-24T21:23:16+00:00,1,NORMAL_TRANSACTION,Normal Transaction,NORMAL,[],0,0,NORMAL_BASELINE
e1000000-0000-0000-0000-000000001319,tx_norm_001176_846af2,c1000000-0000-0000-0000-000000000067,c1000000-0000-0000-0000-000000000060,P2P,2330.97,5.0,COMPLETED,d1000000-0000-0000-0000-000000000030,b1000000-0000-0000-0000-000000000003,2026-01-24T21:26:17+00:00,1,NORMAL_TRANSACTION,Normal Transaction,NORMAL,[],0,0,NORMAL_BASELINE
e1000000-0000-0000-0000-000000001320,tx_norm_001308_1c8390,c1000000-0000-0000-0000-000000000034,c1000000-0000-0000-0000-000000000015,P2P,1451.2,5.0,COMPLETED,d1000000-0000-0000-0000-000000000004,b1000000-0000-0000-0000-000000000012,2026-01-24T21:27:51+00:00,1,NORMAL_TRANSACTION,Normal Transaction,NORMAL,[],0,0,NORMAL_BASELINE
e1000000-0000-0000-0000-000000001321,tx_norm_001301_7f7804,c1000000-0000-0000-0000-000000000092,c1000000-0000-0000-0000-000000000141,PAYMENT,246.82,0.0,COMPLETED,d1000000-0000-0000-0000-000000000027,b1000000-0000-0000-0000-000000000018,2026-01-24T21:33:56+00:00,1,NORMAL_TRANSACTION,Normal Transaction,NORMAL,[],0,0,NORMAL_BASELINE
e1000000-0000-0000-0000-000000001322,tx_norm_001186_cb8fe9,c1000000-0000-0000-0000-000000000106,c1000000-0000-0000-0000-000000000059,CASH_IN,4455.28,0.0,COMPLETED,d1000000-0000-0000-0000-000000000011,b1000000-0000-0000-0000-000000000006,2026-01-24T21:38:50+00:00,1,NORMAL_TRANSACTION,Normal Transaction,NORMAL,[],0,0,NORMAL_BASELINE
e1000000-0000-0000-0000-000000001323,tx_norm_001258_72ebde,c1000000-0000-0000-0000-000000000003,c1000000-0000-0000-0000-000000000079,P2P,4122.04,5.0,COMPLETED,d1000000-0000-0000-0000-000000000003,b1000000-0000-0000-0000-000000000007,2026-01-24T21:42:30+00:00,1,NORMAL_TRANSACTION,Normal Transaction,NORMAL,[],0,0,NORMAL_BASELINE
e1000000-0000-0000-0000-000000001324,tx_norm_001317_d0a4a3,c1000000-0000-0000-0000-000000000094,c1000000-0000-0000-0000-000000000118,CASH_OUT,2743.26,40.87,COMPLETED,d1000000-0000-0000-0000-000000000020,b1000000-0000-0000-0000-000000000015,2026-01-24T21:49:11+00:00,1,NORMAL_TRANSACTION,Normal Transaction,NORMAL,[],0,0,NORMAL_BASELINE
e1000000-0000-0000-0000-000000001325,tx_norm_001271_c24489,c1000000-0000-0000-0000-000000000049,c1000000-0000-0000-0000-000000000056,P2P,3872.38,5.0,COMPLETED,d1000000-0000-0000-0000-000000000024,b1000000-0000-0000-0000-000000000002,2026-01-24T21:50:30+00:00,1,NORMAL_TRANSACTION,Normal Transaction,NORMAL,[],0,0,NORMAL_BASELINE
e1000000-0000-0000-0000-000000001326,tx_norm_001328_827ee0,c1000000-0000-0000-0000-000000000063,c1000000-0000-0000-0000-000000000084,P2P,3075.81,5.0,COMPLETED,d1000000-0000-0000-0000-000000000008,b1000000-0000-0000-0000-000000000013,2026-01-25T08:07:07+00:00,1,NORMAL_TRANSACTION,Normal Transaction,NORMAL,[],0,0,NORMAL_BASELINE
e1000000-0000-0000-0000-000000001327,tx_norm_001335_d9f8a2,c1000000-0000-0000-0000-000000000021,c1000000-0000-0000-0000-000000000012,P2P,2618.73,5.0,COMPLETED,d1000000-0000-0000-0000-000000000030,b1000000-0000-0000-0000-000000000015,2026-01-25T08:08:36+00:00,1,NORMAL_TRANSACTION,Normal Transaction,NORMAL,[],0,0,NORMAL_BASELINE
e1000000-0000-0000-0000-000000001328,tx_norm_001396_ca67d5,c1000000-0000-0000-0000-000000000090,c1000000-0000-0000-0000-000000000002,P2P,3980.37,5.0,COMPLETED,d1000000-0000-0000-0000-000000000013,b1000000-0000-0000-0000-000000000011,2026-01-25T08:10:36+00:00,1,NORMAL_TRANSACTION,Normal Transaction,NORMAL,[],0,0,NORMAL_BASELINE
e1000000-0000-0000-0000-000000001329,tx_norm_001382_47d283,c1000000-0000-0000-0000-000000000039,c1000000-0000-0000-0000-000000000134,PAYMENT,971.2,0.0,COMPLETED,d1000000-0000-0000-0000-000000000023,b1000000-0000-0000-0000-000000000007,2026-01-25T08:32:27+00:00,1,NORMAL_TRANSACTION,Normal Transaction,NORMAL,[],0,0,NORMAL_BASELINE
e1000000-0000-0000-0000-000000001330,tx_norm_001414_0b660b,c1000000-0000-0000-0000-000000000070,c1000000-0000-0000-0000-000000000016,P2P,291.19,0.0,COMPLETED,d1000000-0000-0000-0000-000000000012,b1000000-0000-0000-0000-000000000010,2026-01-25T08:34:44+00:00,1,NORMAL_TRANSACTION,Normal Transaction,NORMAL,[],0,0,NORMAL_BASELINE
e1000000-0000-0000-0000-000000001331,tx_norm_001329_cb5a1c,c1000000-0000-0000-0000-000000000062,c1000000-0000-0000-0000-000000000137,RECHARGE,20.0,0.0,COMPLETED,d1000000-0000-0000-0000-000000000003,b1000000-0000-0000-0000-000000000006,2026-01-25T08:37:36+00:00,1,NORMAL_TRANSACTION,Normal Transaction,NORMAL,[],0,0,NORMAL_BASELINE
e1000000-0000-0000-0000-000000001332,tx_norm_001419_adef57,c1000000-0000-0000-0000-000000000068,c1000000-0000-0000-0000-000000000043,P2P,2778.33,5.0,COMPLETED,d1000000-0000-0000-0000-000000000019,b1000000-0000-0000-0000-000000000004,2026-01-25T08:38:09+00:00,1,NORMAL_TRANSACTION,Normal Transaction,NORMAL,[],0,0,NORMAL_BASELINE
e1000000-0000-0000-0000-000000001333,tx_norm_001375_7aeded,c1000000-0000-0000-0000-000000000077,c1000000-0000-0000-0000-000000000096,P2P,234.52,0.0,COMPLETED,d1000000-0000-0000-0000-000000000002,b1000000-0000-0000-0000-000000000001,2026-01-25T08:43:53+00:00,1,NORMAL_TRANSACTION,Normal Transaction,NORMAL,[],0,0,NORMAL_BASELINE
e1000000-0000-0000-0000-000000001334,tx_norm_001466_362465,c1000000-0000-0000-0000-000000000056,c1000000-0000-0000-0000-000000000062,P2P,1117.71,5.0,COMPLETED,d1000000-0000-0000-0000-000000000006,b1000000-0000-0000-0000-000000000013,2026-01-25T08:59:51+00:00,1,NORMAL_TRANSACTION,Normal Transaction,NORMAL,[],0,0,NORMAL_BASELINE
e1000000-0000-0000-0000-000000001335,tx_norm_001366_19f145,c1000000-0000-0000-0000-000000000024,c1000000-0000-0000-0000-000000000118,CASH_OUT,3158.99,47.07,COMPLETED,d1000000-0000-0000-0000-000000000005,b1000000-0000-0000-0000-000000000015,2026-01-25T09:00:22+00:00,1,NORMAL_TRANSACTION,Normal Transaction,NORMAL,[],0,0,NORMAL_BASELINE
e1000000-0000-0000-0000-000000001336,tx_norm_001388_b46499,c1000000-0000-0000-0000-000000000084,c1000000-0000-0000-0000-000000000136,RECHARGE,50.0,0.0,COMPLETED,d1000000-0000-0000-0000-000000000024,b1000000-0000-0000-0000-000000000005,2026-01-25T09:02:37+00:00,1,NORMAL_TRANSACTION,Normal Transaction,NORMAL,[],0,0,NORMAL_BASELINE
e1000000-0000-0000-0000-000000001337,tx_norm_001389_33b636,c1000000-0000-0000-0000-000000000039,c1000000-0000-0000-0000-000000000140,PAYMENT,3168.42,0.0,COMPLETED,d1000000-0000-0000-0000-000000000023,b1000000-0000-0000-0000-000000000007,2026-01-25T09:04:34+00:00,1,NORMAL_TRANSACTION,Normal Transaction,NORMAL,[],0,0,NORMAL_BASELINE
e1000000-0000-0000-0000-000000001338,tx_norm_001336_f1fa7e,c1000000-0000-0000-0000-000000000070,c1000000-0000-0000-0000-000000000022,P2P,2019.12,5.0,COMPLETED,d1000000-0000-0000-0000-000000000012,b1000000-0000-0000-0000-000000000010,2026-01-25T09:07:32+00:00,1,NORMAL_TRANSACTION,Normal Transaction,NORMAL,[],0,0,NORMAL_BASELINE
e1000000-0000-0000-0000-000000001339,tx_norm_001356_7e2b73,c1000000-0000-0000-0000-000000000096,c1000000-0000-0000-0000-000000000037,P2P,2582.89,5.0,COMPLETED,d1000000-0000-0000-0000-000000000023,b1000000-0000-0000-0000-000000000014,2026-01-25T09:10:36+00:00,1,NORMAL_TRANSACTION,Normal Transaction,NORMAL,[],0,0,NORMAL_BASELINE
e1000000-0000-0000-0000-000000001340,tx_norm_001418_ecb948,c1000000-0000-0000-0000-000000000043,c1000000-0000-0000-0000-000000000016,P2P,1750.12,5.0,COMPLETED,d1000000-0000-0000-0000-000000000023,b1000000-0000-0000-0000-000000000002,2026-01-25T09:18:22+00:00,1,NORMAL_TRANSACTION,Normal Transaction,NORMAL,[],0,0,NORMAL_BASELINE
e1000000-0000-0000-0000-000000001341,tx_norm_001331_d0181c,c1000000-0000-0000-0000-000000000131,c1000000-0000-0000-0000-000000000069,CASH_IN,2664.01,0.0,COMPLETED,d1000000-0000-0000-0000-000000000009,b1000000-0000-0000-0000-000000000015,2026-01-25T09:20:04+00:00,1,NORMAL_TRANSACTION,Normal Transaction,NORMAL,[],0,0,NORMAL_BASELINE
e1000000-0000-0000-0000-000000001342,tx_norm_001362_db992f,c1000000-0000-0000-0000-000000000132,c1000000-0000-0000-0000-000000000070,CASH_IN,8656.99,0.0,COMPLETED,d1000000-0000-0000-0000-000000000010,b1000000-0000-0000-0000-000000000009,2026-01-25T09:21:58+00:00,1,NORMAL_TRANSACTION,Normal Transaction,NORMAL,[],0,0,NORMAL_BASELINE
e1000000-0000-0000-0000-000000001343,tx_norm_001433_242ac3,c1000000-0000-0000-0000-000000000021,c1000000-0000-0000-0000-000000000133,PAYMENT,598.0,0.0,COMPLETED,d1000000-0000-0000-0000-000000000030,b1000000-0000-0000-0000-000000000015,2026-01-25T09:30:53+00:00,1,NORMAL_TRANSACTION,Normal Transaction,NORMAL,[],0,0,NORMAL_BASELINE
e1000000-0000-0000-0000-000000001344,tx_norm_001448_7a1998,c1000000-0000-0000-0000-000000000106,c1000000-0000-0000-0000-000000000076,CASH_IN,8164.62,0.0,COMPLETED,d1000000-0000-0000-0000-000000000011,b1000000-0000-0000-0000-000000000006,2026-01-25T09:32:51+00:00,1,NORMAL_TRANSACTION,Normal Transaction,NORMAL,[],0,0,NORMAL_BASELINE
e1000000-0000-0000-0000-000000001345,tx_norm_001341_155023,c1000000-0000-0000-0000-000000000084,c1000000-0000-0000-0000-000000000021,P2P,1920.26,5.0,COMPLETED,d1000000-0000-0000-0000-000000000024,b1000000-0000-0000-0000-000000000005,2026-01-25T09:35:16+00:00,1,NORMAL_TRANSACTION,Normal Transaction,NORMAL,[],0,0,NORMAL_BASELINE
e1000000-0000-0000-0000-000000001346,tx_norm_001457_9ea393,c1000000-0000-0000-0000-000000000037,c1000000-0000-0000-0000-000000000053,P2P,1958.84,5.0,COMPLETED,d1000000-0000-0000-0000-000000000016,b1000000-0000-0000-0000-000000000018,2026-01-25T09:36:31+00:00,1,NORMAL_TRANSACTION,Normal Transaction,NORMAL,[],0,0,NORMAL_BASELINE
e1000000-0000-0000-0000-000000001347,tx_norm_001345_556164,c1000000-0000-0000-0000-000000000043,c1000000-0000-0000-0000-000000000134,PAYMENT,1256.6,0.0,COMPLETED,d1000000-0000-0000-0000-000000000023,b1000000-0000-0000-0000-000000000002,2026-01-25T09:43:35+00:00,1,NORMAL_TRANSACTION,Normal Transaction,NORMAL,[],0,0,NORMAL_BASELINE
e1000000-0000-0000-0000-000000001348,tx_norm_001374_037e7f,c1000000-0000-0000-0000-000000000110,c1000000-0000-0000-0000-000000000020,CASH_IN,4097.08,0.0,COMPLETED,d1000000-0000-0000-0000-000000000011,b1000000-0000-0000-0000-000000000007,2026-01-25T10:07:06+00:00,1,NORMAL_TRANSACTION,Normal Transaction,NORMAL,[],0,0,NORMAL_BASELINE
e1000000-0000-0000-0000-000000001349,tx_norm_001411_cadac1,c1000000-0000-0000-0000-000000000019,c1000000-0000-0000-0000-000000000082,P2P,2778.44,5.0,COMPLETED,d1000000-0000-0000-0000-000000000013,b1000000-0000-0000-0000-000000000009,2026-01-25T10:15:49+00:00,1,NORMAL_TRANSACTION,Normal Transaction,NORMAL,[],0,0,NORMAL_BASELINE
e1000000-0000-0000-0000-000000001350,tx_norm_001439_0e55ce,c1000000-0000-0000-0000-000000000017,c1000000-0000-0000-0000-000000000136,PAYMENT,1371.23,0.0,COMPLETED,d1000000-0000-0000-0000-000000000013,b1000000-0000-0000-0000-000000000009,2026-01-25T10:17:05+00:00,1,NORMAL_TRANSACTION,Normal Transaction,NORMAL,[],0,0,NORMAL_BASELINE
e1000000-0000-0000-0000-000000001351,tx_norm_001330_9248c8,c1000000-0000-0000-0000-000000000090,c1000000-0000-0000-0000-000000000139,RECHARGE,100.0,0.0,COMPLETED,d1000000-0000-0000-0000-000000000013,b1000000-0000-0000-0000-000000000011,2026-01-25T10:24:30+00:00,1,NORMAL_TRANSACTION,Normal Transaction,NORMAL,[],0,0,NORMAL_BASELINE
e1000000-0000-0000-0000-000000001352,tx_norm_001352_5ec232,c1000000-0000-0000-0000-000000000107,c1000000-0000-0000-0000-000000000093,CASH_IN,6752.74,0.0,COMPLETED,d1000000-0000-0000-0000-000000000011,b1000000-0000-0000-0000-000000000011,2026-01-25T10:24:36+00:00,1,NORMAL_TRANSACTION,Normal Transaction,NORMAL,[],0,0,NORMAL_BASELINE
e1000000-0000-0000-0000-000000001353,tx_norm_001371_f2c8c2,c1000000-0000-0000-0000-000000000107,c1000000-0000-0000-0000-000000000021,CASH_IN,6995.84,0.0,COMPLETED,d1000000-0000-0000-0000-000000000011,b1000000-0000-0000-0000-000000000011,2026-01-25T10:25:26+00:00,1,NORMAL_TRANSACTION,Normal Transaction,NORMAL,[],0,0,NORMAL_BASELINE
e1000000-0000-0000-0000-000000001354,tx_norm_001473_854c0d,c1000000-0000-0000-0000-000000000102,c1000000-0000-0000-0000-000000000087,P2P,1947.46,5.0,COMPLETED,d1000000-0000-0000-0000-000000000029,b1000000-0000-0000-0000-000000000006,2026-01-25T10:31:55+00:00,1,NORMAL_TRANSACTION,Normal Transaction,NORMAL,[],0,0,NORMAL_BASELINE
e1000000-0000-0000-0000-000000001355,tx_norm_001369_296df9,c1000000-0000-0000-0000-000000000057,c1000000-0000-0000-0000-000000000086,P2P,3809.24,5.0,COMPLETED,d1000000-0000-0000-0000-000000000026,b1000000-0000-0000-0000-000000000015,2026-01-25T10:34:51+00:00,1,NORMAL_TRANSACTION,Normal Transaction,NORMAL,[],0,0,NORMAL_BASELINE
e1000000-0000-0000-0000-000000001356,tx_norm_001338_82b60c,c1000000-0000-0000-0000-000000000122,c1000000-0000-0000-0000-000000000046,CASH_IN,6455.55,0.0,COMPLETED,d1000000-0000-0000-0000-000000000010,b1000000-0000-0000-0000-000000000002,2026-01-25T10:36:31+00:00,1,NORMAL_TRANSACTION,Normal Transaction,NORMAL,[],0,0,NORMAL_BASELINE
e1000000-0000-0000-0000-000000001357,tx_norm_001340_9f4fe3,c1000000-0000-0000-0000-000000000046,c1000000-0000-0000-0000-000000000036,P2P,752.52,5.0,COMPLETED,d1000000-0000-0000-0000-000000000030,b1000000-0000-0000-0000-000000000019,2026-01-25T10:38:35+00:00,1,NORMAL_TRANSACTION,Normal Transaction,NORMAL,[],0,0,NORMAL_BASELINE
e1000000-0000-0000-0000-000000001358,tx_norm_001456_7129e2,c1000000-0000-0000-0000-000000000061,c1000000-0000-0000-0000-000000000137,PAYMENT,2477.6,0.0,COMPLETED,d1000000-0000-0000-0000-000000000028,b1000000-0000-0000-0000-000000000017,2026-01-25T10:45:49+00:00,1,NORMAL_TRANSACTION,Normal Transaction,NORMAL,[],0,0,NORMAL_BASELINE
e1000000-0000-0000-0000-000000001359,tx_norm_001368_5d4f97,c1000000-0000-0000-0000-000000000061,c1000000-0000-0000-0000-000000000051,P2P,1809.53,5.0,COMPLETED,d1000000-0000-0000-0000-000000000028,b1000000-0000-0000-0000-000000000017,2026-01-25T10:49:42+00:00,1,NORMAL_TRANSACTION,Normal Transaction,NORMAL,[],0,0,NORMAL_BASELINE
e1000000-0000-0000-0000-000000001360,tx_norm_001408_6d2839,c1000000-0000-0000-0000-000000000112,c1000000-0000-0000-0000-000000000009,CASH_IN,2291.7,0.0,COMPLETED,d1000000-0000-0000-0000-000000000009,b1000000-0000-0000-0000-000000000014,2026-01-25T10:52:25+00:00,1,NORMAL_TRANSACTION,Normal Transaction,NORMAL,[],0,0,NORMAL_BASELINE
e1000000-0000-0000-0000-000000001361,tx_norm_001469_4c01f7,c1000000-0000-0000-0000-000000000055,c1000000-0000-0000-0000-000000000044,P2P,4342.47,5.0,COMPLETED,d1000000-0000-0000-0000-000000000016,b1000000-0000-0000-0000-000000000016,2026-01-25T10:53:03+00:00,1,NORMAL_TRANSACTION,Normal Transaction,NORMAL,[],0,0,NORMAL_BASELINE
e1000000-0000-0000-0000-000000001362,tx_norm_001334_5075b5,c1000000-0000-0000-0000-000000000106,c1000000-0000-0000-0000-000000000072,CASH_IN,5025.1,0.0,COMPLETED,d1000000-0000-0000-0000-000000000011,b1000000-0000-0000-0000-000000000006,2026-01-25T10:55:38+00:00,1,NORMAL_TRANSACTION,Normal Transaction,NORMAL,[],0,0,NORMAL_BASELINE
e1000000-0000-0000-0000-000000001363,tx_norm_001346_f8018a,c1000000-0000-0000-0000-000000000002,c1000000-0000-0000-0000-000000000014,P2P,1821.77,5.0,COMPLETED,d1000000-0000-0000-0000-000000000022,b1000000-0000-0000-0000-000000000018,2026-01-25T10:55:51+00:00,1,NORMAL_TRANSACTION,Normal Transaction,NORMAL,[],0,0,NORMAL_BASELINE
e1000000-0000-0000-0000-000000001364,tx_norm_001420_e01a5b,c1000000-0000-0000-0000-000000000125,c1000000-0000-0000-0000-000000000105,CASH_IN,3583.05,0.0,COMPLETED,d1000000-0000-0000-0000-000000000011,b1000000-0000-0000-0000-000000000018,2026-01-25T10:57:42+00:00,1,NORMAL_TRANSACTION,Normal Transaction,NORMAL,[],0,0,NORMAL_BASELINE
e1000000-0000-0000-0000-000000001365,tx_norm_001455_16d7ba,c1000000-0000-0000-0000-000000000036,c1000000-0000-0000-0000-000000000075,P2P,1762.31,5.0,COMPLETED,d1000000-0000-0000-0000-000000000027,b1000000-0000-0000-0000-000000000003,2026-01-25T10:59:18+00:00,1,NORMAL_TRANSACTION,Normal Transaction,NORMAL,[],0,0,NORMAL_BASELINE
e1000000-0000-0000-0000-000000001366,tx_norm_001434_2eb35f,c1000000-0000-0000-0000-000000000105,c1000000-0000-0000-0000-000000000139,PAYMENT,606.64,0.0,COMPLETED,d1000000-0000-0000-0000-000000000015,b1000000-0000-0000-0000-000000000007,2026-01-25T11:04:00+00:00,1,NORMAL_TRANSACTION,Normal Transaction,NORMAL,[],0,0,NORMAL_BASELINE
e1000000-0000-0000-0000-000000001367,tx_norm_001476_04251c,c1000000-0000-0000-0000-000000000002,c1000000-0000-0000-0000-000000000138,PAYMENT,2632.03,0.0,COMPLETED,d1000000-0000-0000-0000-000000000022,b1000000-0000-0000-0000-000000000018,2026-01-25T11:12:43+00:00,1,NORMAL_TRANSACTION,Normal Transaction,NORMAL,[],0,0,NORMAL_BASELINE
e1000000-0000-0000-0000-000000001368,tx_norm_001453_03d339,c1000000-0000-0000-0000-000000000020,c1000000-0000-0000-0000-000000000140,PAYMENT,447.09,0.0,COMPLETED,d1000000-0000-0000-0000-000000000019,b1000000-0000-0000-0000-000000000011,2026-01-25T11:13:39+00:00,1,NORMAL_TRANSACTION,Normal Transaction,NORMAL,[],0,0,NORMAL_BASELINE
e1000000-0000-0000-0000-000000001369,tx_norm_001442_55e178,c1000000-0000-0000-0000-000000000047,c1000000-0000-0000-0000-000000000079,P2P,3548.83,5.0,COMPLETED,d1000000-0000-0000-0000-000000000016,b1000000-0000-0000-0000-000000000014,2026-01-25T11:17:06+00:00,1,NORMAL_TRANSACTION,Normal Transaction,NORMAL,[],0,0,NORMAL_BASELINE
e1000000-0000-0000-0000-000000001370,tx_norm_001377_d21375,c1000000-0000-0000-0000-000000000034,c1000000-0000-0000-0000-000000000091,P2P,1263.62,5.0,COMPLETED,d1000000-0000-0000-0000-000000000004,b1000000-0000-0000-0000-000000000012,2026-01-25T11:17:49+00:00,1,NORMAL_TRANSACTION,Normal Transaction,NORMAL,[],0,0,NORMAL_BASELINE
e1000000-0000-0000-0000-000000001371,tx_norm_001443_c1ab63,c1000000-0000-0000-0000-000000000009,c1000000-0000-0000-0000-000000000136,PAYMENT,1971.19,0.0,COMPLETED,d1000000-0000-0000-0000-000000000024,b1000000-0000-0000-0000-000000000015,2026-01-25T11:18:10+00:00,1,NORMAL_TRANSACTION,Normal Transaction,NORMAL,[],0,0,NORMAL_BASELINE
e1000000-0000-0000-0000-000000001372,tx_norm_001384_40944f,c1000000-0000-0000-0000-000000000078,c1000000-0000-0000-0000-000000000013,P2P,2052.9,5.0,COMPLETED,d1000000-0000-0000-0000-000000000009,b1000000-0000-0000-0000-000000000006,2026-01-25T11:18:30+00:00,1,NORMAL_TRANSACTION,Normal Transaction,NORMAL,[],0,0,NORMAL_BASELINE
e1000000-0000-0000-0000-000000001373,tx_norm_001337_88baef,c1000000-0000-0000-0000-000000000067,c1000000-0000-0000-0000-000000000131,CASH_OUT,2700.48,40.24,COMPLETED,d1000000-0000-0000-0000-000000000030,b1000000-0000-0000-0000-000000000015,2026-01-25T11:19:02+00:00,1,NORMAL_TRANSACTION,Normal Transaction,NORMAL,[],0,0,NORMAL_BASELINE
e1000000-0000-0000-0000-000000001374,tx_norm_001470_6fd113,c1000000-0000-0000-0000-000000000069,c1000000-0000-0000-0000-000000000135,PAYMENT,3095.05,0.0,COMPLETED,d1000000-0000-0000-0000-000000000009,b1000000-0000-0000-0000-000000000005,2026-01-25T11:22:26+00:00,1,NORMAL_TRANSACTION,Normal Transaction,NORMAL,[],0,0,NORMAL_BASELINE
e1000000-0000-0000-0000-000000001375,tx_norm_001416_e1057e,c1000000-0000-0000-0000-000000000084,c1000000-0000-0000-0000-000000000037,P2P,1171.3,5.0,COMPLETED,d1000000-0000-0000-0000-000000000024,b1000000-0000-0000-0000-000000000005,2026-01-25T11:27:24+00:00,1,NORMAL_TRANSACTION,Normal Transaction,NORMAL,[],0,0,NORMAL_BASELINE
e1000000-0000-0000-0000-000000001376,tx_norm_001378_9c7114,c1000000-0000-0000-0000-000000000109,c1000000-0000-0000-0000-000000000090,CASH_IN,7574.11,0.0,COMPLETED,d1000000-0000-0000-0000-000000000010,b1000000-0000-0000-0000-000000000003,2026-01-25T11:30:45+00:00,1,NORMAL_TRANSACTION,Normal Transaction,NORMAL,[],0,0,NORMAL_BASELINE
e1000000-0000-0000-0000-000000001377,tx_norm_001444_fa0698,c1000000-0000-0000-0000-000000000005,c1000000-0000-0000-0000-000000000136,PAYMENT,970.96,0.0,COMPLETED,d1000000-0000-0000-0000-000000000015,b1000000-0000-0000-0000-000000000019,2026-01-25T11:35:12+00:00,1,NORMAL_TRANSACTION,Normal Transaction,NORMAL,[],0,0,NORMAL_BASELINE
e1000000-0000-0000-0000-000000001378,tx_norm_001407_4f66a9,c1000000-0000-0000-0000-000000000024,c1000000-0000-0000-0000-000000000126,CASH_OUT,2615.33,38.97,COMPLETED,d1000000-0000-0000-0000-000000000005,b1000000-0000-0000-0000-000000000014,2026-01-25T11:36:31+00:00,1,NORMAL_TRANSACTION,Normal Transaction,NORMAL,[],0,0,NORMAL_BASELINE
e1000000-0000-0000-0000-000000001379,tx_norm_001387_21677d,c1000000-0000-0000-0000-000000000050,c1000000-0000-0000-0000-000000000012,P2P,4014.93,5.0,COMPLETED,d1000000-0000-0000-0000-000000000024,b1000000-0000-0000-0000-000000000011,2026-01-25T11:41:17+00:00,1,NORMAL_TRANSACTION,Normal Transaction,NORMAL,[],0,0,NORMAL_BASELINE
e1000000-0000-0000-0000-000000001380,tx_norm_001475_3754c5,c1000000-0000-0000-0000-000000000070,c1000000-0000-0000-0000-000000000135,PAYMENT,1982.88,0.0,COMPLETED,d1000000-0000-0000-0000-000000000012,b1000000-0000-0000-0000-000000000010,2026-01-25T11:47:12+00:00,1,NORMAL_TRANSACTION,Normal Transaction,NORMAL,[],0,0,NORMAL_BASELINE
e1000000-0000-0000-0000-000000001381,tx_norm_001379_66ba7e,c1000000-0000-0000-0000-000000000020,c1000000-0000-0000-0000-000000000136,PAYMENT,517.41,0.0,COMPLETED,d1000000-0000-0000-0000-000000000019,b1000000-0000-0000-0000-000000000011,2026-01-25T11:54:37+00:00,1,NORMAL_TRANSACTION,Normal Transaction,NORMAL,[],0,0,NORMAL_BASELINE
e1000000-0000-0000-0000-000000001382,tx_norm_001364_0911e2,c1000000-0000-0000-0000-000000000083,c1000000-0000-0000-0000-000000000122,CASH_OUT,6692.96,99.73,COMPLETED,d1000000-0000-0000-0000-000000000008,b1000000-0000-0000-0000-000000000002,2026-01-25T11:59:19+00:00,1,NORMAL_TRANSACTION,Normal Transaction,NORMAL,[],0,0,NORMAL_BASELINE
e1000000-0000-0000-0000-000000001383,tx_norm_001446_c078bc,c1000000-0000-0000-0000-000000000118,c1000000-0000-0000-0000-000000000065,CASH_IN,2753.95,0.0,COMPLETED,d1000000-0000-0000-0000-000000000010,b1000000-0000-0000-0000-000000000015,2026-01-25T12:00:22+00:00,1,NORMAL_TRANSACTION,Normal Transaction,NORMAL,[],0,0,NORMAL_BASELINE
e1000000-0000-0000-0000-000000001384,tx_norm_001380_dd460c,c1000000-0000-0000-0000-000000000003,c1000000-0000-0000-0000-000000000080,P2P,1058.47,5.0,COMPLETED,d1000000-0000-0000-0000-000000000003,b1000000-0000-0000-0000-000000000007,2026-01-25T12:12:59+00:00,1,NORMAL_TRANSACTION,Normal Transaction,NORMAL,[],0,0,NORMAL_BASELINE
e1000000-0000-0000-0000-000000001385,tx_norm_001363_919fa0,c1000000-0000-0000-0000-000000000028,c1000000-0000-0000-0000-000000000001,P2P,3373.51,5.0,COMPLETED,d1000000-0000-0000-0000-000000000004,b1000000-0000-0000-0000-000000000018,2026-01-25T12:19:30+00:00,1,NORMAL_TRANSACTION,Normal Transaction,NORMAL,[],0,0,NORMAL_BASELINE
e1000000-0000-0000-0000-000000001386,tx_norm_001452_c63055,c1000000-0000-0000-0000-000000000056,c1000000-0000-0000-0000-000000000107,CASH_OUT,7180.1,106.98,COMPLETED,d1000000-0000-0000-0000-000000000006,b1000000-0000-0000-0000-000000000011,2026-01-25T12:23:39+00:00,1,NORMAL_TRANSACTION,Normal Transaction,NORMAL,[],0,0,NORMAL_BASELINE
e1000000-0000-0000-0000-000000001387,tx_norm_001355_bade33,c1000000-0000-0000-0000-000000000012,c1000000-0000-0000-0000-000000000083,P2P,541.74,5.0,COMPLETED,d1000000-0000-0000-0000-000000000002,b1000000-0000-0000-0000-000000000008,2026-01-25T12:26:49+00:00,1,NORMAL_TRANSACTION,Normal Transaction,NORMAL,[],0,0,NORMAL_BASELINE
e1000000-0000-0000-0000-000000001388,tx_norm_001376_82e09d,c1000000-0000-0000-0000-000000000113,c1000000-0000-0000-0000-000000000080,CASH_IN,2372.46,0.0,COMPLETED,d1000000-0000-0000-0000-000000000011,b1000000-0000-0000-0000-000000000017,2026-01-25T12:31:05+00:00,1,NORMAL_TRANSACTION,Normal Transaction,NORMAL,[],0,0,NORMAL_BASELINE
e1000000-0000-0000-0000-000000001389,tx_norm_001349_63ba6c,c1000000-0000-0000-0000-000000000022,c1000000-0000-0000-0000-000000000116,CASH_OUT,7598.83,113.22,COMPLETED,d1000000-0000-0000-0000-000000000024,b1000000-0000-0000-0000-000000000015,2026-01-25T12:38:06+00:00,1,NORMAL_TRANSACTION,Normal Transaction,NORMAL,[],0,0,NORMAL_BASELINE
e1000000-0000-0000-0000-000000001390,tx_norm_001401_0ea8d0,c1000000-0000-0000-0000-000000000079,c1000000-0000-0000-0000-000000000137,PAYMENT,1140.14,0.0,COMPLETED,d1000000-0000-0000-0000-000000000014,b1000000-0000-0000-0000-000000000018,2026-01-25T12:46:08+00:00,1,NORMAL_TRANSACTION,Normal Transaction,NORMAL,[],0,0,NORMAL_BASELINE
e1000000-0000-0000-0000-000000001391,tx_norm_001421_cc7686,c1000000-0000-0000-0000-000000000114,c1000000-0000-0000-0000-000000000104,CASH_IN,9162.86,0.0,COMPLETED,d1000000-0000-0000-0000-000000000009,b1000000-0000-0000-0000-000000000015,2026-01-25T12:58:31+00:00,1,NORMAL_TRANSACTION,Normal Transaction,NORMAL,[],0,0,NORMAL_BASELINE
e1000000-0000-0000-0000-000000001392,tx_norm_001399_3fbefe,c1000000-0000-0000-0000-000000000102,c1000000-0000-0000-0000-000000000007,P2P,2962.38,5.0,COMPLETED,d1000000-0000-0000-0000-000000000029,b1000000-0000-0000-0000-000000000006,2026-01-25T12:59:08+00:00,1,NORMAL_TRANSACTION,Normal Transaction,NORMAL,[],0,0,NORMAL_BASELINE
e1000000-0000-0000-0000-000000001393,tx_norm_001406_d0cb07,c1000000-0000-0000-0000-000000000064,c1000000-0000-0000-0000-000000000135,PAYMENT,1551.14,0.0,COMPLETED,d1000000-0000-0000-0000-000000000002,b1000000-0000-0000-0000-000000000003,2026-01-25T13:09:57+00:00,1,NORMAL_TRANSACTION,Normal Transaction,NORMAL,[],0,0,NORMAL_BASELINE
e1000000-0000-0000-0000-000000001394,tx_norm_001405_3b5235,c1000000-0000-0000-0000-000000000104,c1000000-0000-0000-0000-000000000139,PAYMENT,624.71,0.0,COMPLETED,d1000000-0000-0000-0000-000000000026,b1000000-0000-0000-0000-000000000019,2026-01-25T13:17:13+00:00,1,NORMAL_TRANSACTION,Normal Transaction,NORMAL,[],0,0,NORMAL_BASELINE
e1000000-0000-0000-0000-000000001395,tx_norm_001385_c53d1a,c1000000-0000-0000-0000-000000000086,c1000000-0000-0000-0000-000000000002,P2P,3136.73,5.0,COMPLETED,d1000000-0000-0000-0000-000000000030,b1000000-0000-0000-0000-000000000011,2026-01-25T13:21:19+00:00,1,NORMAL_TRANSACTION,Normal Transaction,NORMAL,[],0,0,NORMAL_BASELINE
e1000000-0000-0000-0000-000000001396,tx_norm_001386_9ace86,c1000000-0000-0000-0000-000000000096,c1000000-0000-0000-0000-000000000130,CASH_OUT,4916.83,73.26,COMPLETED,d1000000-0000-0000-0000-000000000023,b1000000-0000-0000-0000-000000000006,2026-01-25T13:23:47+00:00,1,NORMAL_TRANSACTION,Normal Transaction,NORMAL,[],0,0,NORMAL_BASELINE
e1000000-0000-0000-0000-000000001397,tx_norm_001462_2e2665,c1000000-0000-0000-0000-000000000105,c1000000-0000-0000-0000-000000000140,PAYMENT,482.81,0.0,COMPLETED,d1000000-0000-0000-0000-000000000015,b1000000-0000-0000-0000-000000000007,2026-01-25T13:29:29+00:00,1,NORMAL_TRANSACTION,Normal Transaction,NORMAL,[],0,0,NORMAL_BASELINE
e1000000-0000-0000-0000-000000001398,tx_norm_001370_48ef30,c1000000-0000-0000-0000-000000000091,c1000000-0000-0000-0000-000000000026,P2P,675.86,5.0,COMPLETED,d1000000-0000-0000-0000-000000000009,b1000000-0000-0000-0000-000000000012,2026-01-25T13:47:27+00:00,1,NORMAL_TRANSACTION,Normal Transaction,NORMAL,[],0,0,NORMAL_BASELINE
e1000000-0000-0000-0000-000000001399,tx_norm_001373_bdecb6,c1000000-0000-0000-0000-000000000118,c1000000-0000-0000-0000-000000000065,CASH_IN,7533.95,0.0,COMPLETED,d1000000-0000-0000-0000-000000000010,b1000000-0000-0000-0000-000000000015,2026-01-25T13:48:48+00:00,1,NORMAL_TRANSACTION,Normal Transaction,NORMAL,[],0,0,NORMAL_BASELINE
e1000000-0000-0000-0000-000000001400,tx_norm_001344_1fe72d,c1000000-0000-0000-0000-000000000078,c1000000-0000-0000-0000-000000000032,P2P,533.36,5.0,COMPLETED,d1000000-0000-0000-0000-000000000009,b1000000-0000-0000-0000-000000000006,2026-01-25T13:50:27+00:00,1,NORMAL_TRANSACTION,Normal Transaction,NORMAL,[],0,0,NORMAL_BASELINE
e1000000-0000-0000-0000-000000001401,tx_norm_001350_e1cc23,c1000000-0000-0000-0000-000000000131,c1000000-0000-0000-0000-000000000069,CASH_IN,5965.05,0.0,COMPLETED,d1000000-0000-0000-0000-000000000009,b1000000-0000-0000-0000-000000000015,2026-01-25T13:51:47+00:00,1,NORMAL_TRANSACTION,Normal Transaction,NORMAL,[],0,0,NORMAL_BASELINE
e1000000-0000-0000-0000-000000001402,tx_norm_001361_2ba4d6,c1000000-0000-0000-0000-000000000007,c1000000-0000-0000-0000-000000000139,PAYMENT,1661.3,0.0,COMPLETED,d1000000-0000-0000-0000-000000000025,b1000000-0000-0000-0000-000000000011,2026-01-25T13:53:08+00:00,1,NORMAL_TRANSACTION,Normal Transaction,NORMAL,[],0,0,NORMAL_BASELINE
e1000000-0000-0000-0000-000000001403,tx_norm_001391_115558,c1000000-0000-0000-0000-000000000092,c1000000-0000-0000-0000-000000000134,PAYMENT,2928.09,0.0,COMPLETED,d1000000-0000-0000-0000-000000000027,b1000000-0000-0000-0000-000000000018,2026-01-25T13:57:23+00:00,1,NORMAL_TRANSACTION,Normal Transaction,NORMAL,[],0,0,NORMAL_BASELINE
e1000000-0000-0000-0000-000000001404,tx_norm_001468_ab6dd0,c1000000-0000-0000-0000-000000000058,c1000000-0000-0000-0000-000000000119,CASH_OUT,4435.83,66.09,COMPLETED,d1000000-0000-0000-0000-000000000024,b1000000-0000-0000-0000-000000000011,2026-01-25T14:05:19+00:00,1,NORMAL_TRANSACTION,Normal Transaction,NORMAL,[],0,0,NORMAL_BASELINE
e1000000-0000-0000-0000-000000001405,tx_norm_001347_4e7a08,c1000000-0000-0000-0000-000000000023,c1000000-0000-0000-0000-000000000122,CASH_OUT,5962.46,88.84,COMPLETED,d1000000-0000-0000-0000-000000000014,b1000000-0000-0000-0000-000000000002,2026-01-25T14:06:50+00:00,1,NORMAL_TRANSACTION,Normal Transaction,NORMAL,[],0,0,NORMAL_BASELINE
e1000000-0000-0000-0000-000000001406,tx_norm_001461_7657e3,c1000000-0000-0000-0000-000000000010,c1000000-0000-0000-0000-000000000030,P2P,1869.36,5.0,COMPLETED,d1000000-0000-0000-0000-000000000013,b1000000-0000-0000-0000-000000000003,2026-01-25T14:10:36+00:00,1,NORMAL_TRANSACTION,Normal Transaction,NORMAL,[],0,0,NORMAL_BASELINE
e1000000-0000-0000-0000-000000001407,tx_norm_001440_d109ff,c1000000-0000-0000-0000-000000000123,c1000000-0000-0000-0000-000000000078,CASH_IN,8575.42,0.0,COMPLETED,d1000000-0000-0000-0000-000000000011,b1000000-0000-0000-0000-000000000001,2026-01-25T14:11:52+00:00,1,NORMAL_TRANSACTION,Normal Transaction,NORMAL,[],0,0,NORMAL_BASELINE
e1000000-0000-0000-0000-000000001408,tx_norm_001431_f64909,c1000000-0000-0000-0000-000000000008,c1000000-0000-0000-0000-000000000129,CASH_OUT,1533.51,22.85,COMPLETED,d1000000-0000-0000-0000-000000000012,b1000000-0000-0000-0000-000000000001,2026-01-25T14:15:13+00:00,1,NORMAL_TRANSACTION,Normal Transaction,NORMAL,[],0,0,NORMAL_BASELINE
e1000000-0000-0000-0000-000000001409,tx_norm_001381_6d134e,c1000000-0000-0000-0000-000000000082,c1000000-0000-0000-0000-000000000030,P2P,1153.63,5.0,COMPLETED,d1000000-0000-0000-0000-000000000010,b1000000-0000-0000-0000-000000000012,2026-01-25T14:26:33+00:00,1,NORMAL_TRANSACTION,Normal Transaction,NORMAL,[],0,0,NORMAL_BASELINE
e1000000-0000-0000-0000-000000001410,tx_norm_001423_93ed82,c1000000-0000-0000-0000-000000000121,c1000000-0000-0000-0000-000000000105,CASH_IN,1605.82,0.0,COMPLETED,d1000000-0000-0000-0000-000000000009,b1000000-0000-0000-0000-000000000014,2026-01-25T14:28:46+00:00,1,NORMAL_TRANSACTION,Normal Transaction,NORMAL,[],0,0,NORMAL_BASELINE
e1000000-0000-0000-0000-000000001411,tx_norm_001326_c69e17,c1000000-0000-0000-0000-000000000111,c1000000-0000-0000-0000-000000000084,CASH_IN,7706.8,0.0,COMPLETED,d1000000-0000-0000-0000-000000000009,b1000000-0000-0000-0000-000000000005,2026-01-25T14:31:19+00:00,1,NORMAL_TRANSACTION,Normal Transaction,NORMAL,[],0,0,NORMAL_BASELINE
e1000000-0000-0000-0000-000000001412,tx_norm_001392_996222,c1000000-0000-0000-0000-000000000102,c1000000-0000-0000-0000-000000000133,RECHARGE,50.0,0.0,COMPLETED,d1000000-0000-0000-0000-000000000029,b1000000-0000-0000-0000-000000000006,2026-01-25T14:33:59+00:00,1,NORMAL_TRANSACTION,Normal Transaction,NORMAL,[],0,0,NORMAL_BASELINE
e1000000-0000-0000-0000-000000001413,tx_norm_001332_84d6b4,c1000000-0000-0000-0000-000000000104,c1000000-0000-0000-0000-000000000141,PAYMENT,1640.12,0.0,COMPLETED,d1000000-0000-0000-0000-000000000026,b1000000-0000-0000-0000-000000000019,2026-01-25T14:35:52+00:00,1,NORMAL_TRANSACTION,Normal Transaction,NORMAL,[],0,0,NORMAL_BASELINE
e1000000-0000-0000-0000-000000001414,tx_norm_001357_af6425,c1000000-0000-0000-0000-000000000018,c1000000-0000-0000-0000-000000000121,CASH_OUT,4233.54,63.08,COMPLETED,d1000000-0000-0000-0000-000000000027,b1000000-0000-0000-0000-000000000014,2026-01-25T14:43:32+00:00,1,NORMAL_TRANSACTION,Normal Transaction,NORMAL,[],0,0,NORMAL_BASELINE
e1000000-0000-0000-0000-000000001415,tx_norm_001432_1b2375,c1000000-0000-0000-0000-000000000119,c1000000-0000-0000-0000-000000000048,CASH_IN,1486.75,0.0,COMPLETED,d1000000-0000-0000-0000-000000000010,b1000000-0000-0000-0000-000000000011,2026-01-25T14:46:01+00:00,1,NORMAL_TRANSACTION,Normal Transaction,NORMAL,[],0,0,NORMAL_BASELINE
e1000000-0000-0000-0000-000000001416,tx_norm_001463_ff1693,c1000000-0000-0000-0000-000000000043,c1000000-0000-0000-0000-000000000009,P2P,1564.32,5.0,COMPLETED,d1000000-0000-0000-0000-000000000023,b1000000-0000-0000-0000-000000000002,2026-01-25T14:49:27+00:00,1,NORMAL_TRANSACTION,Normal Transaction,NORMAL,[],0,0,NORMAL_BASELINE
e1000000-0000-0000-0000-000000001417,tx_norm_001465_c63255,c1000000-0000-0000-0000-000000000073,c1000000-0000-0000-0000-000000000005,P2P,4447.59,5.0,COMPLETED,d1000000-0000-0000-0000-000000000005,b1000000-0000-0000-0000-000000000009,2026-01-25T15:09:40+00:00,1,NORMAL_TRANSACTION,Normal Transaction,NORMAL,[],0,0,NORMAL_BASELINE
e1000000-0000-0000-0000-000000001418,tx_norm_001360_2cc09f,c1000000-0000-0000-0000-000000000098,c1000000-0000-0000-0000-000000000122,CASH_OUT,7278.49,108.45,COMPLETED,d1000000-0000-0000-0000-000000000022,b1000000-0000-0000-0000-000000000002,2026-01-25T15:10:43+00:00,1,NORMAL_TRANSACTION,Normal Transaction,NORMAL,[],0,0,NORMAL_BASELINE
e1000000-0000-0000-0000-000000001419,tx_norm_001367_7cc70b,c1000000-0000-0000-0000-000000000020,c1000000-0000-0000-0000-000000000139,PAYMENT,527.72,0.0,COMPLETED,d1000000-0000-0000-0000-000000000019,b1000000-0000-0000-0000-000000000011,2026-01-25T15:12:05+00:00,1,NORMAL_TRANSACTION,Normal Transaction,NORMAL,[],0,0,NORMAL_BASELINE
e1000000-0000-0000-0000-000000001420,tx_norm_001464_8b8a71,c1000000-0000-0000-0000-000000000109,c1000000-0000-0000-0000-000000000036,CASH_IN,5091.21,0.0,COMPLETED,d1000000-0000-0000-0000-000000000010,b1000000-0000-0000-0000-000000000003,2026-01-25T15:13:44+00:00,1,NORMAL_TRANSACTION,Normal Transaction,NORMAL,[],0,0,NORMAL_BASELINE
e1000000-0000-0000-0000-000000001421,tx_norm_001459_a4d474,c1000000-0000-0000-0000-000000000088,c1000000-0000-0000-0000-000000000107,CASH_OUT,5154.6,76.8,COMPLETED,d1000000-0000-0000-0000-000000000008,b1000000-0000-0000-0000-000000000011,2026-01-25T15:16:56+00:00,1,NORMAL_TRANSACTION,Normal Transaction,NORMAL,[],0,0,NORMAL_BASELINE
e1000000-0000-0000-0000-000000001422,tx_norm_001441_5f1930,c1000000-0000-0000-0000-000000000049,c1000000-0000-0000-0000-000000000135,PAYMENT,316.75,0.0,COMPLETED,d1000000-0000-0000-0000-000000000024,b1000000-0000-0000-0000-000000000002,2026-01-25T15:20:41+00:00,1,NORMAL_TRANSACTION,Normal Transaction,NORMAL,[],0,0,NORMAL_BASELINE
e1000000-0000-0000-0000-000000001423,tx_norm_001458_69c718,c1000000-0000-0000-0000-000000000041,c1000000-0000-0000-0000-000000000117,CASH_OUT,1126.18,16.78,COMPLETED,d1000000-0000-0000-0000-000000000008,b1000000-0000-0000-0000-000000000009,2026-01-25T15:23:32+00:00,1,NORMAL_TRANSACTION,Normal Transaction,NORMAL,[],0,0,NORMAL_BASELINE
e1000000-0000-0000-0000-000000001424,tx_norm_001425_555df8,c1000000-0000-0000-0000-000000000119,c1000000-0000-0000-0000-000000000078,CASH_IN,8141.51,0.0,COMPLETED,d1000000-0000-0000-0000-000000000010,b1000000-0000-0000-0000-000000000011,2026-01-25T15:27:30+00:00,1,NORMAL_TRANSACTION,Normal Transaction,NORMAL,[],0,0,NORMAL_BASELINE
e1000000-0000-0000-0000-000000001425,tx_norm_001397_4bde7d,c1000000-0000-0000-0000-000000000114,c1000000-0000-0000-0000-000000000039,CASH_IN,8672.28,0.0,COMPLETED,d1000000-0000-0000-0000-000000000009,b1000000-0000-0000-0000-000000000015,2026-01-25T15:32:45+00:00,1,NORMAL_TRANSACTION,Normal Transaction,NORMAL,[],0,0,NORMAL_BASELINE
e1000000-0000-0000-0000-000000001426,tx_norm_001351_a8560b,c1000000-0000-0000-0000-000000000088,c1000000-0000-0000-0000-000000000066,P2P,3266.86,5.0,COMPLETED,d1000000-0000-0000-0000-000000000008,b1000000-0000-0000-0000-000000000007,2026-01-25T15:37:08+00:00,1,NORMAL_TRANSACTION,Normal Transaction,NORMAL,[],0,0,NORMAL_BASELINE
e1000000-0000-0000-0000-000000001427,tx_norm_001474_18f239,c1000000-0000-0000-0000-000000000058,c1000000-0000-0000-0000-000000000083,P2P,4368.67,5.0,COMPLETED,d1000000-0000-0000-0000-000000000024,b1000000-0000-0000-0000-000000000018,2026-01-25T15:53:54+00:00,1,NORMAL_TRANSACTION,Normal Transaction,NORMAL,[],0,0,NORMAL_BASELINE
e1000000-0000-0000-0000-000000001428,tx_norm_001409_ba0d3f,c1000000-0000-0000-0000-000000000013,c1000000-0000-0000-0000-000000000141,RECHARGE,50.0,0.0,COMPLETED,d1000000-0000-0000-0000-000000000028,b1000000-0000-0000-0000-000000000004,2026-01-25T15:58:41+00:00,1,NORMAL_TRANSACTION,Normal Transaction,NORMAL,[],0,0,NORMAL_BASELINE
e1000000-0000-0000-0000-000000001429,tx_norm_001400_f24918,c1000000-0000-0000-0000-000000000081,c1000000-0000-0000-0000-000000000138,PAYMENT,1139.91,0.0,COMPLETED,d1000000-0000-0000-0000-000000000019,b1000000-0000-0000-0000-000000000018,2026-01-25T16:07:00+00:00,1,NORMAL_TRANSACTION,Normal Transaction,NORMAL,[],0,0,NORMAL_BASELINE
e1000000-0000-0000-0000-000000001430,tx_norm_001398_a3bdd4,c1000000-0000-0000-0000-000000000069,c1000000-0000-0000-0000-000000000031,P2P,1454.93,5.0,COMPLETED,d1000000-0000-0000-0000-000000000009,b1000000-0000-0000-0000-000000000005,2026-01-25T16:07:10+00:00,1,NORMAL_TRANSACTION,Normal Transaction,NORMAL,[],0,0,NORMAL_BASELINE
e1000000-0000-0000-0000-000000001431,tx_norm_001415_396c8f,c1000000-0000-0000-0000-000000000054,c1000000-0000-0000-0000-000000000135,PAYMENT,153.69,0.0,COMPLETED,d1000000-0000-0000-0000-000000000018,b1000000-0000-0000-0000-000000000001,2026-01-25T16:18:06+00:00,1,NORMAL_TRANSACTION,Normal Transaction,NORMAL,[],0,0,NORMAL_BASELINE
e1000000-0000-0000-0000-000000001432,tx_norm_001354_a2b8fd,c1000000-0000-0000-0000-000000000067,c1000000-0000-0000-0000-000000000136,RECHARGE,100.0,0.0,COMPLETED,d1000000-0000-0000-0000-000000000030,b1000000-0000-0000-0000-000000000003,2026-01-25T16:18:17+00:00,1,NORMAL_TRANSACTION,Normal Transaction,NORMAL,[],0,0,NORMAL_BASELINE
e1000000-0000-0000-0000-000000001433,tx_norm_001451_21962a,c1000000-0000-0000-0000-000000000067,c1000000-0000-0000-0000-000000000138,PAYMENT,1514.81,0.0,COMPLETED,d1000000-0000-0000-0000-000000000030,b1000000-0000-0000-0000-000000000003,2026-01-25T16:33:46+00:00,1,NORMAL_TRANSACTION,Normal Transaction,NORMAL,[],0,0,NORMAL_BASELINE
e1000000-0000-0000-0000-000000001434,tx_norm_001427_86e5ed,c1000000-0000-0000-0000-000000000011,c1000000-0000-0000-0000-000000000076,P2P,3274.16,5.0,COMPLETED,d1000000-0000-0000-0000-000000000020,b1000000-0000-0000-0000-000000000012,2026-01-25T16:34:52+00:00,1,NORMAL_TRANSACTION,Normal Transaction,NORMAL,[],0,0,NORMAL_BASELINE
e1000000-0000-0000-0000-000000001435,tx_norm_001333_f736df,c1000000-0000-0000-0000-000000000109,c1000000-0000-0000-0000-000000000097,CASH_IN,7776.89,0.0,COMPLETED,d1000000-0000-0000-0000-000000000010,b1000000-0000-0000-0000-000000000003,2026-01-25T16:45:52+00:00,1,NORMAL_TRANSACTION,Normal Transaction,NORMAL,[],0,0,NORMAL_BASELINE
e1000000-0000-0000-0000-000000001436,tx_norm_001438_3a314e,c1000000-0000-0000-0000-000000000074,c1000000-0000-0000-0000-000000000065,P2P,1515.95,5.0,COMPLETED,d1000000-0000-0000-0000-000000000005,b1000000-0000-0000-0000-000000000009,2026-01-25T16:45:53+00:00,1,NORMAL_TRANSACTION,Normal Transaction,NORMAL,[],0,0,NORMAL_BASELINE
e1000000-0000-0000-0000-000000001437,tx_norm_001445_508855,c1000000-0000-0000-0000-000000000062,c1000000-0000-0000-0000-000000000133,RECHARGE,20.0,0.0,COMPLETED,d1000000-0000-0000-0000-000000000003,b1000000-0000-0000-0000-000000000006,2026-01-25T17:02:36+00:00,1,NORMAL_TRANSACTION,Normal Transaction,NORMAL,[],0,0,NORMAL_BASELINE
e1000000-0000-0000-0000-000000001438,tx_norm_001410_a4fcc7,c1000000-0000-0000-0000-000000000015,c1000000-0000-0000-0000-000000000002,P2P,3482.82,5.0,COMPLETED,d1000000-0000-0000-0000-000000000022,b1000000-0000-0000-0000-000000000009,2026-01-25T17:06:24+00:00,1,NORMAL_TRANSACTION,Normal Transaction,NORMAL,[],0,0,NORMAL_BASELINE
e1000000-0000-0000-0000-000000001439,tx_norm_001437_ae0e28,c1000000-0000-0000-0000-000000000002,c1000000-0000-0000-0000-000000000139,PAYMENT,2689.67,0.0,COMPLETED,d1000000-0000-0000-0000-000000000022,b1000000-0000-0000-0000-000000000018,2026-01-25T17:48:11+00:00,1,NORMAL_TRANSACTION,Normal Transaction,NORMAL,[],0,0,NORMAL_BASELINE
e1000000-0000-0000-0000-000000001440,tx_norm_001365_4c60b5,c1000000-0000-0000-0000-000000000001,c1000000-0000-0000-0000-000000000080,P2P,2179.52,5.0,COMPLETED,d1000000-0000-0000-0000-000000000009,b1000000-0000-0000-0000-000000000008,2026-01-25T17:54:31+00:00,1,NORMAL_TRANSACTION,Normal Transaction,NORMAL,[],0,0,NORMAL_BASELINE
e1000000-0000-0000-0000-000000001441,tx_norm_001404_713307,c1000000-0000-0000-0000-000000000078,c1000000-0000-0000-0000-000000000141,PAYMENT,778.78,0.0,COMPLETED,d1000000-0000-0000-0000-000000000009,b1000000-0000-0000-0000-000000000006,2026-01-25T18:16:55+00:00,1,NORMAL_TRANSACTION,Normal Transaction,NORMAL,[],0,0,NORMAL_BASELINE
e1000000-0000-0000-0000-000000001442,tx_norm_001372_b6ddbd,c1000000-0000-0000-0000-000000000071,c1000000-0000-0000-0000-000000000140,PAYMENT,2589.45,0.0,COMPLETED,d1000000-0000-0000-0000-000000000023,b1000000-0000-0000-0000-000000000010,2026-01-25T18:17:07+00:00,1,NORMAL_TRANSACTION,Normal Transaction,NORMAL,[],0,0,NORMAL_BASELINE
e1000000-0000-0000-0000-000000001443,tx_norm_001342_44f760,c1000000-0000-0000-0000-000000000027,c1000000-0000-0000-0000-000000000010,P2P,2907.14,5.0,COMPLETED,d1000000-0000-0000-0000-000000000015,b1000000-0000-0000-0000-000000000017,2026-01-25T18:27:44+00:00,1,NORMAL_TRANSACTION,Normal Transaction,NORMAL,[],0,0,NORMAL_BASELINE
e1000000-0000-0000-0000-000000001444,tx_norm_001353_cc6875,c1000000-0000-0000-0000-000000000111,c1000000-0000-0000-0000-000000000057,CASH_IN,9876.22,0.0,COMPLETED,d1000000-0000-0000-0000-000000000009,b1000000-0000-0000-0000-000000000005,2026-01-25T18:38:26+00:00,1,NORMAL_TRANSACTION,Normal Transaction,NORMAL,[],0,0,NORMAL_BASELINE
e1000000-0000-0000-0000-000000001445,tx_norm_001403_b02854,c1000000-0000-0000-0000-000000000075,c1000000-0000-0000-0000-000000000109,CASH_OUT,5919.52,88.2,COMPLETED,d1000000-0000-0000-0000-000000000007,b1000000-0000-0000-0000-000000000003,2026-01-25T18:55:49+00:00,1,NORMAL_TRANSACTION,Normal Transaction,NORMAL,[],0,0,NORMAL_BASELINE
e1000000-0000-0000-0000-000000001446,tx_norm_001417_1c31d9,c1000000-0000-0000-0000-000000000015,c1000000-0000-0000-0000-000000000121,CASH_OUT,1771.69,26.4,COMPLETED,d1000000-0000-0000-0000-000000000022,b1000000-0000-0000-0000-000000000014,2026-01-25T18:56:45+00:00,1,NORMAL_TRANSACTION,Normal Transaction,NORMAL,[],0,0,NORMAL_BASELINE
e1000000-0000-0000-0000-000000001447,tx_norm_001339_4cb9be,c1000000-0000-0000-0000-000000000031,c1000000-0000-0000-0000-000000000107,CASH_OUT,1910.55,28.47,COMPLETED,d1000000-0000-0000-0000-000000000004,b1000000-0000-0000-0000-000000000011,2026-01-25T19:06:42+00:00,1,NORMAL_TRANSACTION,Normal Transaction,NORMAL,[],0,0,NORMAL_BASELINE
e1000000-0000-0000-0000-000000001448,tx_norm_001358_6ccb6a,c1000000-0000-0000-0000-000000000025,c1000000-0000-0000-0000-000000000097,P2P,231.35,0.0,COMPLETED,d1000000-0000-0000-0000-000000000028,b1000000-0000-0000-0000-000000000004,2026-01-25T19:07:25+00:00,1,NORMAL_TRANSACTION,Normal Transaction,NORMAL,[],0,0,NORMAL_BASELINE
e1000000-0000-0000-0000-000000001449,tx_norm_001393_b19d18,c1000000-0000-0000-0000-000000000073,c1000000-0000-0000-0000-000000000008,P2P,3615.88,5.0,COMPLETED,d1000000-0000-0000-0000-000000000005,b1000000-0000-0000-0000-000000000009,2026-01-25T19:08:18+00:00,1,NORMAL_TRANSACTION,Normal Transaction,NORMAL,[],0,0,NORMAL_BASELINE
e1000000-0000-0000-0000-000000001450,tx_norm_001435_565bb7,c1000000-0000-0000-0000-000000000039,c1000000-0000-0000-0000-000000000140,PAYMENT,1405.14,0.0,COMPLETED,d1000000-0000-0000-0000-000000000023,b1000000-0000-0000-0000-000000000007,2026-01-25T19:08:47+00:00,1,NORMAL_TRANSACTION,Normal Transaction,NORMAL,[],0,0,NORMAL_BASELINE
e1000000-0000-0000-0000-000000001451,tx_norm_001390_e43f05,c1000000-0000-0000-0000-000000000054,c1000000-0000-0000-0000-000000000072,P2P,3259.89,5.0,COMPLETED,d1000000-0000-0000-0000-000000000018,b1000000-0000-0000-0000-000000000001,2026-01-25T19:09:02+00:00,1,NORMAL_TRANSACTION,Normal Transaction,NORMAL,[],0,0,NORMAL_BASELINE
e1000000-0000-0000-0000-000000001452,tx_norm_001450_b7f330,c1000000-0000-0000-0000-000000000088,c1000000-0000-0000-0000-000000000084,P2P,805.71,5.0,COMPLETED,d1000000-0000-0000-0000-000000000008,b1000000-0000-0000-0000-000000000007,2026-01-25T19:14:56+00:00,1,NORMAL_TRANSACTION,Normal Transaction,NORMAL,[],0,0,NORMAL_BASELINE
e1000000-0000-0000-0000-000000001453,tx_norm_001424_5a4491,c1000000-0000-0000-0000-000000000017,c1000000-0000-0000-0000-000000000025,P2P,3500.4,5.0,COMPLETED,d1000000-0000-0000-0000-000000000013,b1000000-0000-0000-0000-000000000009,2026-01-25T19:17:09+00:00,1,NORMAL_TRANSACTION,Normal Transaction,NORMAL,[],0,0,NORMAL_BASELINE
e1000000-0000-0000-0000-000000001454,tx_norm_001447_bdcfc1,c1000000-0000-0000-0000-000000000109,c1000000-0000-0000-0000-000000000043,CASH_IN,4665.58,0.0,COMPLETED,d1000000-0000-0000-0000-000000000010,b1000000-0000-0000-0000-000000000003,2026-01-25T19:22:08+00:00,1,NORMAL_TRANSACTION,Normal Transaction,NORMAL,[],0,0,NORMAL_BASELINE
e1000000-0000-0000-0000-000000001455,tx_norm_001359_0ad7d7,c1000000-0000-0000-0000-000000000085,c1000000-0000-0000-0000-000000000141,RECHARGE,500.0,0.0,COMPLETED,d1000000-0000-0000-0000-000000000026,b1000000-0000-0000-0000-000000000006,2026-01-25T19:22:15+00:00,1,NORMAL_TRANSACTION,Normal Transaction,NORMAL,[],0,0,NORMAL_BASELINE
e1000000-0000-0000-0000-000000001456,tx_norm_001343_6b7092,c1000000-0000-0000-0000-000000000132,c1000000-0000-0000-0000-000000000066,CASH_IN,6444.5,0.0,COMPLETED,d1000000-0000-0000-0000-000000000010,b1000000-0000-0000-0000-000000000009,2026-01-25T19:23:36+00:00,1,NORMAL_TRANSACTION,Normal Transaction,NORMAL,[],0,0,NORMAL_BASELINE
e1000000-0000-0000-0000-000000001457,tx_norm_001383_0d586e,c1000000-0000-0000-0000-000000000007,c1000000-0000-0000-0000-000000000025,P2P,375.82,0.0,COMPLETED,d1000000-0000-0000-0000-000000000025,b1000000-0000-0000-0000-000000000011,2026-01-25T19:26:15+00:00,1,NORMAL_TRANSACTION,Normal Transaction,NORMAL,[],0,0,NORMAL_BASELINE
e1000000-0000-0000-0000-000000001458,tx_norm_001471_32d4d3,c1000000-0000-0000-0000-000000000072,c1000000-0000-0000-0000-000000000131,CASH_OUT,7203.34,107.33,COMPLETED,d1000000-0000-0000-0000-000000000027,b1000000-0000-0000-0000-000000000015,2026-01-25T19:36:24+00:00,1,NORMAL_TRANSACTION,Normal Transaction,NORMAL,[],0,0,NORMAL_BASELINE
e1000000-0000-0000-0000-000000001459,tx_norm_001472_e58118,c1000000-0000-0000-0000-000000000042,c1000000-0000-0000-0000-000000000138,PAYMENT,193.27,0.0,COMPLETED,d1000000-0000-0000-0000-000000000018,b1000000-0000-0000-0000-000000000008,2026-01-25T19:42:37+00:00,1,NORMAL_TRANSACTION,Normal Transaction,NORMAL,[],0,0,NORMAL_BASELINE
e1000000-0000-0000-0000-000000001460,tx_norm_001460_1af4cf,c1000000-0000-0000-0000-000000000123,c1000000-0000-0000-0000-000000000002,CASH_IN,2391.06,0.0,COMPLETED,d1000000-0000-0000-0000-000000000011,b1000000-0000-0000-0000-000000000001,2026-01-25T19:50:15+00:00,1,NORMAL_TRANSACTION,Normal Transaction,NORMAL,[],0,0,NORMAL_BASELINE
e1000000-0000-0000-0000-000000001461,tx_norm_001394_2a5f66,c1000000-0000-0000-0000-000000000069,c1000000-0000-0000-0000-000000000141,PAYMENT,3113.19,0.0,COMPLETED,d1000000-0000-0000-0000-000000000009,b1000000-0000-0000-0000-000000000005,2026-01-25T19:52:25+00:00,1,NORMAL_TRANSACTION,Normal Transaction,NORMAL,[],0,0,NORMAL_BASELINE
e1000000-0000-0000-0000-000000001462,tx_norm_001422_51fc4c,c1000000-0000-0000-0000-000000000020,c1000000-0000-0000-0000-000000000130,CASH_OUT,5418.91,80.74,COMPLETED,d1000000-0000-0000-0000-000000000019,b1000000-0000-0000-0000-000000000006,2026-01-25T20:00:55+00:00,1,NORMAL_TRANSACTION,Normal Transaction,NORMAL,[],0,0,NORMAL_BASELINE
e1000000-0000-0000-0000-000000001463,tx_norm_001412_23a495,c1000000-0000-0000-0000-000000000116,c1000000-0000-0000-0000-000000000091,CASH_IN,1764.69,0.0,COMPLETED,d1000000-0000-0000-0000-000000000011,b1000000-0000-0000-0000-000000000015,2026-01-25T20:06:34+00:00,1,NORMAL_TRANSACTION,Normal Transaction,NORMAL,[],0,0,NORMAL_BASELINE
e1000000-0000-0000-0000-000000001464,tx_norm_001327_71f345,c1000000-0000-0000-0000-000000000049,c1000000-0000-0000-0000-000000000114,CASH_OUT,5242.5,78.11,COMPLETED,d1000000-0000-0000-0000-000000000024,b1000000-0000-0000-0000-000000000015,2026-01-25T20:29:55+00:00,1,NORMAL_TRANSACTION,Normal Transaction,NORMAL,[],0,0,NORMAL_BASELINE
e1000000-0000-0000-0000-000000001465,tx_norm_001395_34f902,c1000000-0000-0000-0000-000000000050,c1000000-0000-0000-0000-000000000139,PAYMENT,2002.02,0.0,COMPLETED,d1000000-0000-0000-0000-000000000024,b1000000-0000-0000-0000-000000000011,2026-01-25T20:32:24+00:00,1,NORMAL_TRANSACTION,Normal Transaction,NORMAL,[],0,0,NORMAL_BASELINE
e1000000-0000-0000-0000-000000001466,tx_norm_001413_278e2f,c1000000-0000-0000-0000-000000000021,c1000000-0000-0000-0000-000000000137,PAYMENT,1161.86,0.0,COMPLETED,d1000000-0000-0000-0000-000000000030,b1000000-0000-0000-0000-000000000015,2026-01-25T20:36:57+00:00,1,NORMAL_TRANSACTION,Normal Transaction,NORMAL,[],0,0,NORMAL_BASELINE
e1000000-0000-0000-0000-000000001467,tx_norm_001436_a477e2,c1000000-0000-0000-0000-000000000015,c1000000-0000-0000-0000-000000000021,P2P,458.0,0.0,COMPLETED,d1000000-0000-0000-0000-000000000022,b1000000-0000-0000-0000-000000000009,2026-01-25T20:41:44+00:00,1,NORMAL_TRANSACTION,Normal Transaction,NORMAL,[],0,0,NORMAL_BASELINE
e1000000-0000-0000-0000-000000001468,tx_norm_001426_88a531,c1000000-0000-0000-0000-000000000054,c1000000-0000-0000-0000-000000000072,P2P,2337.54,5.0,COMPLETED,d1000000-0000-0000-0000-000000000018,b1000000-0000-0000-0000-000000000001,2026-01-25T20:41:58+00:00,1,NORMAL_TRANSACTION,Normal Transaction,NORMAL,[],0,0,NORMAL_BASELINE
e1000000-0000-0000-0000-000000001469,tx_norm_001467_11baf6,c1000000-0000-0000-0000-000000000082,c1000000-0000-0000-0000-000000000023,P2P,559.44,5.0,COMPLETED,d1000000-0000-0000-0000-000000000010,b1000000-0000-0000-0000-000000000012,2026-01-25T20:43:27+00:00,1,NORMAL_TRANSACTION,Normal Transaction,NORMAL,[],0,0,NORMAL_BASELINE
e1000000-0000-0000-0000-000000001470,tx_norm_001428_00bbd5,c1000000-0000-0000-0000-000000000128,c1000000-0000-0000-0000-000000000012,CASH_IN,3116.74,0.0,COMPLETED,d1000000-0000-0000-0000-000000000009,b1000000-0000-0000-0000-000000000018,2026-01-25T20:44:51+00:00,1,NORMAL_TRANSACTION,Normal Transaction,NORMAL,[],0,0,NORMAL_BASELINE
e1000000-0000-0000-0000-000000001471,tx_norm_001454_746e49,c1000000-0000-0000-0000-000000000103,c1000000-0000-0000-0000-000000000134,PAYMENT,1671.68,0.0,COMPLETED,d1000000-0000-0000-0000-000000000027,b1000000-0000-0000-0000-000000000001,2026-01-25T20:55:19+00:00,1,NORMAL_TRANSACTION,Normal Transaction,NORMAL,[],0,0,NORMAL_BASELINE
e1000000-0000-0000-0000-000000001472,tx_norm_001429_596ed7,c1000000-0000-0000-0000-000000000018,c1000000-0000-0000-0000-000000000134,PAYMENT,331.71,0.0,COMPLETED,d1000000-0000-0000-0000-000000000027,b1000000-0000-0000-0000-000000000002,2026-01-25T21:01:23+00:00,1,NORMAL_TRANSACTION,Normal Transaction,NORMAL,[],0,0,NORMAL_BASELINE
e1000000-0000-0000-0000-000000001473,tx_norm_001402_0400e2,c1000000-0000-0000-0000-000000000114,c1000000-0000-0000-0000-000000000023,CASH_IN,3303.88,0.0,COMPLETED,d1000000-0000-0000-0000-000000000009,b1000000-0000-0000-0000-000000000015,2026-01-25T21:22:14+00:00,1,NORMAL_TRANSACTION,Normal Transaction,NORMAL,[],0,0,NORMAL_BASELINE
e1000000-0000-0000-0000-000000001474,tx_norm_001348_4830ef,c1000000-0000-0000-0000-000000000045,c1000000-0000-0000-0000-000000000091,P2P,2660.28,5.0,COMPLETED,d1000000-0000-0000-0000-000000000022,b1000000-0000-0000-0000-000000000016,2026-01-25T21:51:31+00:00,1,NORMAL_TRANSACTION,Normal Transaction,NORMAL,[],0,0,NORMAL_BASELINE
e1000000-0000-0000-0000-000000001475,tx_norm_001449_e29cb8,c1000000-0000-0000-0000-000000000020,c1000000-0000-0000-0000-000000000089,P2P,2191.36,5.0,COMPLETED,d1000000-0000-0000-0000-000000000019,b1000000-0000-0000-0000-000000000011,2026-01-25T21:54:02+00:00,1,NORMAL_TRANSACTION,Normal Transaction,NORMAL,[],0,0,NORMAL_BASELINE
e1000000-0000-0000-0000-000000001476,tx_norm_001430_d5d318,c1000000-0000-0000-0000-000000000110,c1000000-0000-0000-0000-000000000038,CASH_IN,5143.5,0.0,COMPLETED,d1000000-0000-0000-0000-000000000011,b1000000-0000-0000-0000-000000000007,2026-01-25T21:54:55+00:00,1,NORMAL_TRANSACTION,Normal Transaction,NORMAL,[],0,0,NORMAL_BASELINE
e1000000-0000-0000-0000-000000001477,tx_norm_001548_027deb,c1000000-0000-0000-0000-000000000022,c1000000-0000-0000-0000-000000000127,CASH_OUT,6201.96,92.41,COMPLETED,d1000000-0000-0000-0000-000000000024,b1000000-0000-0000-0000-000000000013,2026-01-26T08:11:16+00:00,1,NORMAL_TRANSACTION,Normal Transaction,NORMAL,[],0,0,NORMAL_BASELINE
e1000000-0000-0000-0000-000000001478,tx_norm_001562_014d98,c1000000-0000-0000-0000-000000000016,c1000000-0000-0000-0000-000000000107,CASH_OUT,4162.75,62.02,COMPLETED,d1000000-0000-0000-0000-000000000006,b1000000-0000-0000-0000-000000000011,2026-01-26T08:13:18+00:00,1,NORMAL_TRANSACTION,Normal Transaction,NORMAL,[],0,0,NORMAL_BASELINE
e1000000-0000-0000-0000-000000001479,tx_norm_001575_18ef25,c1000000-0000-0000-0000-000000000014,c1000000-0000-0000-0000-000000000138,RECHARGE,500.0,0.0,COMPLETED,d1000000-0000-0000-0000-000000000027,b1000000-0000-0000-0000-000000000012,2026-01-26T08:17:53+00:00,1,NORMAL_TRANSACTION,Normal Transaction,NORMAL,[],0,0,NORMAL_BASELINE
e1000000-0000-0000-0000-000000001480,tx_norm_001520_6a429b,c1000000-0000-0000-0000-000000000061,c1000000-0000-0000-0000-000000000013,P2P,3768.36,5.0,COMPLETED,d1000000-0000-0000-0000-000000000028,b1000000-0000-0000-0000-000000000017,2026-01-26T08:21:41+00:00,1,NORMAL_TRANSACTION,Normal Transaction,NORMAL,[],0,0,NORMAL_BASELINE
e1000000-0000-0000-0000-000000001481,tx_norm_001522_f7974e,c1000000-0000-0000-0000-000000000120,c1000000-0000-0000-0000-000000000064,CASH_IN,8638.05,0.0,COMPLETED,d1000000-0000-0000-0000-000000000009,b1000000-0000-0000-0000-000000000013,2026-01-26T08:25:19+00:00,1,NORMAL_TRANSACTION,Normal Transaction,NORMAL,[],0,0,NORMAL_BASELINE
e1000000-0000-0000-0000-000000001482,tx_norm_001503_378a8b,c1000000-0000-0000-0000-000000000112,c1000000-0000-0000-0000-000000000047,CASH_IN,2033.1,0.0,COMPLETED,d1000000-0000-0000-0000-000000000009,b1000000-0000-0000-0000-000000000014,2026-01-26T08:33:32+00:00,1,NORMAL_TRANSACTION,Normal Transaction,NORMAL,[],0,0,NORMAL_BASELINE
e1000000-0000-0000-0000-000000001483,tx_norm_001596_5fd392,c1000000-0000-0000-0000-000000000096,c1000000-0000-0000-0000-000000000010,P2P,2098.57,5.0,COMPLETED,d1000000-0000-0000-0000-000000000023,b1000000-0000-0000-0000-000000000014,2026-01-26T08:39:16+00:00,1,NORMAL_TRANSACTION,Normal Transaction,NORMAL,[],0,0,NORMAL_BASELINE
e1000000-0000-0000-0000-000000001484,tx_norm_001519_eb044e,c1000000-0000-0000-0000-000000000052,c1000000-0000-0000-0000-000000000005,P2P,4052.07,5.0,COMPLETED,d1000000-0000-0000-0000-000000000015,b1000000-0000-0000-0000-000000000008,2026-01-26T08:58:29+00:00,1,NORMAL_TRANSACTION,Normal Transaction,NORMAL,[],0,0,NORMAL_BASELINE
e1000000-0000-0000-0000-000000001485,tx_norm_001581_d77b03,c1000000-0000-0000-0000-000000000062,c1000000-0000-0000-0000-000000000024,P2P,3727.17,5.0,COMPLETED,d1000000-0000-0000-0000-000000000003,b1000000-0000-0000-0000-000000000006,2026-01-26T08:59:07+00:00,1,NORMAL_TRANSACTION,Normal Transaction,NORMAL,[],0,0,NORMAL_BASELINE
e1000000-0000-0000-0000-000000001486,tx_norm_001526_cfff0d,c1000000-0000-0000-0000-000000000043,c1000000-0000-0000-0000-000000000090,P2P,2834.83,5.0,COMPLETED,d1000000-0000-0000-0000-000000000023,b1000000-0000-0000-0000-000000000002,2026-01-26T09:03:19+00:00,1,NORMAL_TRANSACTION,Normal Transaction,NORMAL,[],0,0,NORMAL_BASELINE
e1000000-0000-0000-0000-000000001487,tx_norm_001493_b523b1,c1000000-0000-0000-0000-000000000081,c1000000-0000-0000-0000-000000000135,PAYMENT,234.85,0.0,COMPLETED,d1000000-0000-0000-0000-000000000019,b1000000-0000-0000-0000-000000000018,2026-01-26T09:05:01+00:00,1,NORMAL_TRANSACTION,Normal Transaction,NORMAL,[],0,0,NORMAL_BASELINE
e1000000-0000-0000-0000-000000001488,tx_norm_001604_0d2dba,c1000000-0000-0000-0000-000000000013,c1000000-0000-0000-0000-000000000134,PAYMENT,1671.07,0.0,COMPLETED,d1000000-0000-0000-0000-000000000028,b1000000-0000-0000-0000-000000000004,2026-01-26T09:08:50+00:00,1,NORMAL_TRANSACTION,Normal Transaction,NORMAL,[],0,0,NORMAL_BASELINE
e1000000-0000-0000-0000-000000001489,tx_norm_001551_fd6314,c1000000-0000-0000-0000-000000000120,c1000000-0000-0000-0000-000000000063,CASH_IN,7613.34,0.0,COMPLETED,d1000000-0000-0000-0000-000000000009,b1000000-0000-0000-0000-000000000013,2026-01-26T09:19:51+00:00,1,NORMAL_TRANSACTION,Normal Transaction,NORMAL,[],0,0,NORMAL_BASELINE
e1000000-0000-0000-0000-000000001490,tx_norm_001505_7eecdc,c1000000-0000-0000-0000-000000000038,c1000000-0000-0000-0000-000000000140,PAYMENT,2422.84,0.0,COMPLETED,d1000000-0000-0000-0000-000000000020,b1000000-0000-0000-0000-000000000014,2026-01-26T09:22:45+00:00,1,NORMAL_TRANSACTION,Normal Transaction,NORMAL,[],0,0,NORMAL_BASELINE
e1000000-0000-0000-0000-000000001491,tx_norm_001494_a26c2d,c1000000-0000-0000-0000-000000000094,c1000000-0000-0000-0000-000000000017,P2P,4428.68,5.0,COMPLETED,d1000000-0000-0000-0000-000000000020,b1000000-0000-0000-0000-000000000014,2026-01-26T09:36:24+00:00,1,NORMAL_TRANSACTION,Normal Transaction,NORMAL,[],0,0,NORMAL_BASELINE
e1000000-0000-0000-0000-000000001492,tx_norm_001481_69499f,c1000000-0000-0000-0000-000000000084,c1000000-0000-0000-0000-000000000003,P2P,2849.92,5.0,COMPLETED,d1000000-0000-0000-0000-000000000024,b1000000-0000-0000-0000-000000000005,2026-01-26T09:51:53+00:00,1,NORMAL_TRANSACTION,Normal Transaction,NORMAL,[],0,0,NORMAL_BASELINE
e1000000-0000-0000-0000-000000001493,tx_norm_001595_ec20d2,c1000000-0000-0000-0000-000000000050,c1000000-0000-0000-0000-000000000098,P2P,4385.27,5.0,COMPLETED,d1000000-0000-0000-0000-000000000024,b1000000-0000-0000-0000-000000000011,2026-01-26T09:57:56+00:00,1,NORMAL_TRANSACTION,Normal Transaction,NORMAL,[],0,0,NORMAL_BASELINE
e1000000-0000-0000-0000-000000001494,tx_norm_001586_4d81c8,c1000000-0000-0000-0000-000000000073,c1000000-0000-0000-0000-000000000139,PAYMENT,183.61,0.0,COMPLETED,d1000000-0000-0000-0000-000000000005,b1000000-0000-0000-0000-000000000009,2026-01-26T10:01:18+00:00,1,NORMAL_TRANSACTION,Normal Transaction,NORMAL,[],0,0,NORMAL_BASELINE
e1000000-0000-0000-0000-000000001495,tx_norm_001498_7db499,c1000000-0000-0000-0000-000000000047,c1000000-0000-0000-0000-000000000136,PAYMENT,1341.94,0.0,COMPLETED,d1000000-0000-0000-0000-000000000016,b1000000-0000-0000-0000-000000000014,2026-01-26T10:05:04+00:00,1,NORMAL_TRANSACTION,Normal Transaction,NORMAL,[],0,0,NORMAL_BASELINE
e1000000-0000-0000-0000-000000001496,tx_norm_001583_b31add,c1000000-0000-0000-0000-000000000113,c1000000-0000-0000-0000-000000000022,CASH_IN,5603.63,0.0,COMPLETED,d1000000-0000-0000-0000-000000000011,b1000000-0000-0000-0000-000000000017,2026-01-26T10:09:52+00:00,1,NORMAL_TRANSACTION,Normal Transaction,NORMAL,[],0,0,NORMAL_BASELINE
e1000000-0000-0000-0000-000000001497,tx_norm_001547_6d8c55,c1000000-0000-0000-0000-000000000019,c1000000-0000-0000-0000-000000000106,CASH_OUT,5495.24,81.88,COMPLETED,d1000000-0000-0000-0000-000000000013,b1000000-0000-0000-0000-000000000006,2026-01-26T10:11:21+00:00,1,NORMAL_TRANSACTION,Normal Transaction,NORMAL,[],0,0,NORMAL_BASELINE
e1000000-0000-0000-0000-000000001498,tx_norm_001578_b819b1,c1000000-0000-0000-0000-000000000110,c1000000-0000-0000-0000-000000000039,CASH_IN,6654.16,0.0,COMPLETED,d1000000-0000-0000-0000-000000000011,b1000000-0000-0000-0000-000000000007,2026-01-26T10:14:57+00:00,1,NORMAL_TRANSACTION,Normal Transaction,NORMAL,[],0,0,NORMAL_BASELINE
e1000000-0000-0000-0000-000000001499,tx_norm_001495_3ec8fe,c1000000-0000-0000-0000-000000000039,c1000000-0000-0000-0000-000000000112,CASH_OUT,4515.63,67.28,COMPLETED,d1000000-0000-0000-0000-000000000023,b1000000-0000-0000-0000-000000000014,2026-01-26T10:15:41+00:00,1,NORMAL_TRANSACTION,Normal Transaction,NORMAL,[],0,0,NORMAL_BASELINE
e1000000-0000-0000-0000-000000001500,tx_norm_001557_f1fcfc,c1000000-0000-0000-0000-000000000116,c1000000-0000-0000-0000-000000000051,CASH_IN,6302.33,0.0,COMPLETED,d1000000-0000-0000-0000-000000000011,b1000000-0000-0000-0000-000000000015,2026-01-26T10:16:58+00:00,1,NORMAL_TRANSACTION,Normal Transaction,NORMAL,[],0,0,NORMAL_BASELINE
e1000000-0000-0000-0000-000000001501,tx_norm_001491_a1a61f,c1000000-0000-0000-0000-000000000103,c1000000-0000-0000-0000-000000000017,P2P,2368.31,5.0,COMPLETED,d1000000-0000-0000-0000-000000000027,b1000000-0000-0000-0000-000000000001,2026-01-26T10:27:14+00:00,1,NORMAL_TRANSACTION,Normal Transaction,NORMAL,[],0,0,NORMAL_BASELINE
e1000000-0000-0000-0000-000000001502,tx_norm_001479_6f9594,c1000000-0000-0000-0000-000000000071,c1000000-0000-0000-0000-000000000078,P2P,899.43,5.0,COMPLETED,d1000000-0000-0000-0000-000000000023,b1000000-0000-0000-0000-000000000010,2026-01-26T10:29:27+00:00,1,NORMAL_TRANSACTION,Normal Transaction,NORMAL,[],0,0,NORMAL_BASELINE
e1000000-0000-0000-0000-000000001503,tx_norm_001518_a4c755,c1000000-0000-0000-0000-000000000031,c1000000-0000-0000-0000-000000000133,PAYMENT,1019.36,0.0,COMPLETED,d1000000-0000-0000-0000-000000000004,b1000000-0000-0000-0000-000000000010,2026-01-26T10:38:20+00:00,1,NORMAL_TRANSACTION,Normal Transaction,NORMAL,[],0,0,NORMAL_BASELINE
e1000000-0000-0000-0000-000000001504,tx_norm_001512_37164f,c1000000-0000-0000-0000-000000000024,c1000000-0000-0000-0000-000000000138,PAYMENT,898.22,0.0,COMPLETED,d1000000-0000-0000-0000-000000000005,b1000000-0000-0000-0000-000000000017,2026-01-26T10:51:20+00:00,1,NORMAL_TRANSACTION,Normal Transaction,NORMAL,[],0,0,NORMAL_BASELINE
e1000000-0000-0000-0000-000000001505,tx_norm_001532_1ac2c9,c1000000-0000-0000-0000-000000000105,c1000000-0000-0000-0000-000000000050,P2P,1008.04,5.0,COMPLETED,d1000000-0000-0000-0000-000000000015,b1000000-0000-0000-0000-000000000007,2026-01-26T11:00:42+00:00,1,NORMAL_TRANSACTION,Normal Transaction,NORMAL,[],0,0,NORMAL_BASELINE
e1000000-0000-0000-0000-000000001506,tx_norm_001537_87e81b,c1000000-0000-0000-0000-000000000035,c1000000-0000-0000-0000-000000000133,PAYMENT,1602.53,0.0,COMPLETED,d1000000-0000-0000-0000-000000000029,b1000000-0000-0000-0000-000000000019,2026-01-26T11:01:57+00:00,1,NORMAL_TRANSACTION,Normal Transaction,NORMAL,[],0,0,NORMAL_BASELINE
e1000000-0000-0000-0000-000000001507,tx_norm_001600_917bc8,c1000000-0000-0000-0000-000000000001,c1000000-0000-0000-0000-000000000048,P2P,3529.86,5.0,COMPLETED,d1000000-0000-0000-0000-000000000009,b1000000-0000-0000-0000-000000000008,2026-01-26T11:02:51+00:00,1,NORMAL_TRANSACTION,Normal Transaction,NORMAL,[],0,0,NORMAL_BASELINE
e1000000-0000-0000-0000-000000001508,tx_norm_001517_1fc489,c1000000-0000-0000-0000-000000000006,c1000000-0000-0000-0000-000000000137,PAYMENT,1434.77,0.0,COMPLETED,d1000000-0000-0000-0000-000000000006,b1000000-0000-0000-0000-000000000014,2026-01-26T11:03:51+00:00,1,NORMAL_TRANSACTION,Normal Transaction,NORMAL,[],0,0,NORMAL_BASELINE
e1000000-0000-0000-0000-000000001509,tx_norm_001530_d5e616,c1000000-0000-0000-0000-000000000128,c1000000-0000-0000-0000-000000000011,CASH_IN,4177.09,0.0,COMPLETED,d1000000-0000-0000-0000-000000000009,b1000000-0000-0000-0000-000000000018,2026-01-26T11:05:16+00:00,1,NORMAL_TRANSACTION,Normal Transaction,NORMAL,[],0,0,NORMAL_BASELINE
e1000000-0000-0000-0000-000000001510,tx_norm_001594_3b45d9,c1000000-0000-0000-0000-000000000087,c1000000-0000-0000-0000-000000000061,P2P,1591.74,5.0,COMPLETED,d1000000-0000-0000-0000-000000000026,b1000000-0000-0000-0000-000000000004,2026-01-26T11:06:42+00:00,1,NORMAL_TRANSACTION,Normal Transaction,NORMAL,[],0,0,NORMAL_BASELINE
e1000000-0000-0000-0000-000000001511,tx_norm_001542_8839c8,c1000000-0000-0000-0000-000000000074,c1000000-0000-0000-0000-000000000114,CASH_OUT,2290.75,34.13,COMPLETED,d1000000-0000-0000-0000-000000000005,b1000000-0000-0000-0000-000000000015,2026-01-26T11:07:03+00:00,1,NORMAL_TRANSACTION,Normal Transaction,NORMAL,[],0,0,NORMAL_BASELINE
e1000000-0000-0000-0000-000000001512,tx_norm_001589_a7ea52,c1000000-0000-0000-0000-000000000118,c1000000-0000-0000-0000-000000000066,CASH_IN,1564.89,0.0,COMPLETED,d1000000-0000-0000-0000-000000000010,b1000000-0000-0000-0000-000000000015,2026-01-26T11:22:57+00:00,1,NORMAL_TRANSACTION,Normal Transaction,NORMAL,[],0,0,NORMAL_BASELINE
e1000000-0000-0000-0000-000000001513,tx_norm_001514_489af1,c1000000-0000-0000-0000-000000000113,c1000000-0000-0000-0000-000000000072,CASH_IN,1596.12,0.0,COMPLETED,d1000000-0000-0000-0000-000000000011,b1000000-0000-0000-0000-000000000017,2026-01-26T11:29:36+00:00,1,NORMAL_TRANSACTION,Normal Transaction,NORMAL,[],0,0,NORMAL_BASELINE
e1000000-0000-0000-0000-000000001514,tx_norm_001584_7e32e5,c1000000-0000-0000-0000-000000000086,c1000000-0000-0000-0000-000000000013,P2P,4324.09,5.0,COMPLETED,d1000000-0000-0000-0000-000000000030,b1000000-0000-0000-0000-000000000011,2026-01-26T11:30:30+00:00,1,NORMAL_TRANSACTION,Normal Transaction,NORMAL,[],0,0,NORMAL_BASELINE
e1000000-0000-0000-0000-000000001515,tx_norm_001515_e223e3,c1000000-0000-0000-0000-000000000036,c1000000-0000-0000-0000-000000000093,P2P,2813.99,5.0,COMPLETED,d1000000-0000-0000-0000-000000000027,b1000000-0000-0000-0000-000000000003,2026-01-26T11:33:13+00:00,1,NORMAL_TRANSACTION,Normal Transaction,NORMAL,[],0,0,NORMAL_BASELINE
e1000000-0000-0000-0000-000000001516,tx_norm_001599_0634ca,c1000000-0000-0000-0000-000000000068,c1000000-0000-0000-0000-000000000136,PAYMENT,412.36,0.0,COMPLETED,d1000000-0000-0000-0000-000000000019,b1000000-0000-0000-0000-000000000004,2026-01-26T11:47:10+00:00,1,NORMAL_TRANSACTION,Normal Transaction,NORMAL,[],0,0,NORMAL_BASELINE
e1000000-0000-0000-0000-000000001517,tx_norm_001533_4fd3ca,c1000000-0000-0000-0000-000000000122,c1000000-0000-0000-0000-000000000041,CASH_IN,7844.39,0.0,COMPLETED,d1000000-0000-0000-0000-000000000010,b1000000-0000-0000-0000-000000000002,2026-01-26T11:52:37+00:00,1,NORMAL_TRANSACTION,Normal Transaction,NORMAL,[],0,0,NORMAL_BASELINE
e1000000-0000-0000-0000-000000001518,tx_norm_001556_730350,c1000000-0000-0000-0000-000000000036,c1000000-0000-0000-0000-000000000141,PAYMENT,2892.63,0.0,COMPLETED,d1000000-0000-0000-0000-000000000027,b1000000-0000-0000-0000-000000000003,2026-01-26T11:58:24+00:00,1,NORMAL_TRANSACTION,Normal Transaction,NORMAL,[],0,0,NORMAL_BASELINE
e1000000-0000-0000-0000-000000001519,tx_norm_001568_9110f6,c1000000-0000-0000-0000-000000000039,c1000000-0000-0000-0000-000000000137,PAYMENT,411.07,0.0,COMPLETED,d1000000-0000-0000-0000-000000000023,b1000000-0000-0000-0000-000000000007,2026-01-26T12:08:26+00:00,1,NORMAL_TRANSACTION,Normal Transaction,NORMAL,[],0,0,NORMAL_BASELINE
e1000000-0000-0000-0000-000000001520,tx_norm_001558_1f7a63,c1000000-0000-0000-0000-000000000090,c1000000-0000-0000-0000-000000000138,PAYMENT,2694.22,0.0,COMPLETED,d1000000-0000-0000-0000-000000000013,b1000000-0000-0000-0000-000000000011,2026-01-26T12:12:02+00:00,1,NORMAL_TRANSACTION,Normal Transaction,NORMAL,[],0,0,NORMAL_BASELINE
e1000000-0000-0000-0000-000000001521,tx_norm_001543_19ef13,c1000000-0000-0000-0000-000000000092,c1000000-0000-0000-0000-000000000139,PAYMENT,1345.32,0.0,COMPLETED,d1000000-0000-0000-0000-000000000027,b1000000-0000-0000-0000-000000000018,2026-01-26T12:14:56+00:00,1,NORMAL_TRANSACTION,Normal Transaction,NORMAL,[],0,0,NORMAL_BASELINE
e1000000-0000-0000-0000-000000001522,tx_norm_001521_7e6ae5,c1000000-0000-0000-0000-000000000011,c1000000-0000-0000-0000-000000000073,P2P,3530.84,5.0,COMPLETED,d1000000-0000-0000-0000-000000000020,b1000000-0000-0000-0000-000000000012,2026-01-26T12:20:48+00:00,1,NORMAL_TRANSACTION,Normal Transaction,NORMAL,[],0,0,NORMAL_BASELINE
e1000000-0000-0000-0000-000000001523,tx_norm_001477_74bc40,c1000000-0000-0000-0000-000000000090,c1000000-0000-0000-0000-000000000121,CASH_OUT,5366.84,79.97,COMPLETED,d1000000-0000-0000-0000-000000000013,b1000000-0000-0000-0000-000000000014,2026-01-26T12:32:52+00:00,1,NORMAL_TRANSACTION,Normal Transaction,NORMAL,[],0,0,NORMAL_BASELINE
e1000000-0000-0000-0000-000000001524,tx_norm_001552_4d171e,c1000000-0000-0000-0000-000000000059,c1000000-0000-0000-0000-000000000002,P2P,3759.32,5.0,COMPLETED,d1000000-0000-0000-0000-000000000010,b1000000-0000-0000-0000-000000000007,2026-01-26T12:42:31+00:00,1,NORMAL_TRANSACTION,Normal Transaction,NORMAL,[],0,0,NORMAL_BASELINE
e1000000-0000-0000-0000-000000001525,tx_norm_001527_51bfc9,c1000000-0000-0000-0000-000000000075,c1000000-0000-0000-0000-000000000120,CASH_OUT,1399.26,20.85,COMPLETED,d1000000-0000-0000-0000-000000000007,b1000000-0000-0000-0000-000000000013,2026-01-26T12:44:10+00:00,1,NORMAL_TRANSACTION,Normal Transaction,NORMAL,[],0,0,NORMAL_BASELINE
e1000000-0000-0000-0000-000000001526,tx_norm_001582_257066,c1000000-0000-0000-0000-000000000127,c1000000-0000-0000-0000-000000000079,CASH_IN,2108.77,0.0,COMPLETED,d1000000-0000-0000-0000-000000000011,b1000000-0000-0000-0000-000000000013,2026-01-26T12:52:39+00:00,1,NORMAL_TRANSACTION,Normal Transaction,NORMAL,[],0,0,NORMAL_BASELINE
e1000000-0000-0000-0000-000000001527,tx_norm_001480_9ed0fe,c1000000-0000-0000-0000-000000000119,c1000000-0000-0000-0000-000000000082,CASH_IN,3549.24,0.0,COMPLETED,d1000000-0000-0000-0000-000000000010,b1000000-0000-0000-0000-000000000011,2026-01-26T12:54:42+00:00,1,NORMAL_TRANSACTION,Normal Transaction,NORMAL,[],0,0,NORMAL_BASELINE
e1000000-0000-0000-0000-000000001528,tx_norm_001504_7b487d,c1000000-0000-0000-0000-000000000089,c1000000-0000-0000-0000-000000000017,P2P,1350.64,5.0,COMPLETED,d1000000-0000-0000-0000-000000000026,b1000000-0000-0000-0000-000000000008,2026-01-26T13:08:14+00:00,1,NORMAL_TRANSACTION,Normal Transaction,NORMAL,[],0,0,NORMAL_BASELINE
e1000000-0000-0000-0000-000000001529,tx_norm_001513_b78060,c1000000-0000-0000-0000-000000000002,c1000000-0000-0000-0000-000000000042,P2P,3159.66,5.0,COMPLETED,d1000000-0000-0000-0000-000000000022,b1000000-0000-0000-0000-000000000018,2026-01-26T13:09:49+00:00,1,NORMAL_TRANSACTION,Normal Transaction,NORMAL,[],0,0,NORMAL_BASELINE
e1000000-0000-0000-0000-000000001530,tx_norm_001538_268f09,c1000000-0000-0000-0000-000000000011,c1000000-0000-0000-0000-000000000117,CASH_OUT,3736.05,55.67,COMPLETED,d1000000-0000-0000-0000-000000000020,b1000000-0000-0000-0000-000000000009,2026-01-26T13:16:07+00:00,1,NORMAL_TRANSACTION,Normal Transaction,NORMAL,[],0,0,NORMAL_BASELINE
e1000000-0000-0000-0000-000000001531,tx_norm_001549_d1a529,c1000000-0000-0000-0000-000000000032,c1000000-0000-0000-0000-000000000062,P2P,670.36,5.0,COMPLETED,d1000000-0000-0000-0000-000000000005,b1000000-0000-0000-0000-000000000012,2026-01-26T13:30:37+00:00,1,NORMAL_TRANSACTION,Normal Transaction,NORMAL,[],0,0,NORMAL_BASELINE
e1000000-0000-0000-0000-000000001532,tx_norm_001590_c33a40,c1000000-0000-0000-0000-000000000059,c1000000-0000-0000-0000-000000000135,PAYMENT,998.94,0.0,COMPLETED,d1000000-0000-0000-0000-000000000010,b1000000-0000-0000-0000-000000000007,2026-01-26T13:41:46+00:00,1,NORMAL_TRANSACTION,Normal Transaction,NORMAL,[],0,0,NORMAL_BASELINE
e1000000-0000-0000-0000-000000001533,tx_norm_001563_488417,c1000000-0000-0000-0000-000000000033,c1000000-0000-0000-0000-000000000018,P2P,1705.94,5.0,COMPLETED,d1000000-0000-0000-0000-000000000030,b1000000-0000-0000-0000-000000000017,2026-01-26T13:42:53+00:00,1,NORMAL_TRANSACTION,Normal Transaction,NORMAL,[],0,0,NORMAL_BASELINE
e1000000-0000-0000-0000-000000001534,tx_norm_001524_b95f22,c1000000-0000-0000-0000-000000000113,c1000000-0000-0000-0000-000000000022,CASH_IN,1792.15,0.0,COMPLETED,d1000000-0000-0000-0000-000000000011,b1000000-0000-0000-0000-000000000017,2026-01-26T13:55:44+00:00,1,NORMAL_TRANSACTION,Normal Transaction,NORMAL,[],0,0,NORMAL_BASELINE
e1000000-0000-0000-0000-000000001535,tx_norm_001499_6010ab,c1000000-0000-0000-0000-000000000010,c1000000-0000-0000-0000-000000000136,RECHARGE,200.0,0.0,COMPLETED,d1000000-0000-0000-0000-000000000013,b1000000-0000-0000-0000-000000000003,2026-01-26T14:04:31+00:00,1,NORMAL_TRANSACTION,Normal Transaction,NORMAL,[],0,0,NORMAL_BASELINE
e1000000-0000-0000-0000-000000001536,tx_norm_001591_9b1872,c1000000-0000-0000-0000-000000000062,c1000000-0000-0000-0000-000000000118,CASH_OUT,7719.16,115.02,COMPLETED,d1000000-0000-0000-0000-000000000003,b1000000-0000-0000-0000-000000000015,2026-01-26T14:04:58+00:00,1,NORMAL_TRANSACTION,Normal Transaction,NORMAL,[],0,0,NORMAL_BASELINE
e1000000-0000-0000-0000-000000001537,tx_norm_001507_34b164,c1000000-0000-0000-0000-000000000124,c1000000-0000-0000-0000-000000000040,CASH_IN,2490.88,0.0,COMPLETED,d1000000-0000-0000-0000-000000000010,b1000000-0000-0000-0000-000000000010,2026-01-26T14:06:37+00:00,1,NORMAL_TRANSACTION,Normal Transaction,NORMAL,[],0,0,NORMAL_BASELINE
e1000000-0000-0000-0000-000000001538,tx_norm_001484_e9fdd3,c1000000-0000-0000-0000-000000000016,c1000000-0000-0000-0000-000000000117,CASH_OUT,7757.12,115.58,COMPLETED,d1000000-0000-0000-0000-000000000006,b1000000-0000-0000-0000-000000000009,2026-01-26T14:07:12+00:00,1,NORMAL_TRANSACTION,Normal Transaction,NORMAL,[],0,0,NORMAL_BASELINE
e1000000-0000-0000-0000-000000001539,tx_norm_001490_5170a2,c1000000-0000-0000-0000-000000000094,c1000000-0000-0000-0000-000000000023,P2P,1933.41,5.0,COMPLETED,d1000000-0000-0000-0000-000000000020,b1000000-0000-0000-0000-000000000014,2026-01-26T14:08:40+00:00,1,NORMAL_TRANSACTION,Normal Transaction,NORMAL,[],0,0,NORMAL_BASELINE
e1000000-0000-0000-0000-000000001540,tx_norm_001489_cd2412,c1000000-0000-0000-0000-000000000025,c1000000-0000-0000-0000-000000000139,RECHARGE,20.0,0.0,COMPLETED,d1000000-0000-0000-0000-000000000028,b1000000-0000-0000-0000-000000000004,2026-01-26T14:15:35+00:00,1,NORMAL_TRANSACTION,Normal Transaction,NORMAL,[],0,0,NORMAL_BASELINE
e1000000-0000-0000-0000-000000001541,tx_norm_001478_55f8bb,c1000000-0000-0000-0000-000000000055,c1000000-0000-0000-0000-000000000122,CASH_OUT,7805.53,116.3,COMPLETED,d1000000-0000-0000-0000-000000000016,b1000000-0000-0000-0000-000000000002,2026-01-26T14:22:22+00:00,1,NORMAL_TRANSACTION,Normal Transaction,NORMAL,[],0,0,NORMAL_BASELINE
e1000000-0000-0000-0000-000000001542,tx_norm_001571_6bc152,c1000000-0000-0000-0000-000000000072,c1000000-0000-0000-0000-000000000004,P2P,4317.21,5.0,COMPLETED,d1000000-0000-0000-0000-000000000027,b1000000-0000-0000-0000-000000000018,2026-01-26T14:26:29+00:00,1,NORMAL_TRANSACTION,Normal Transaction,NORMAL,[],0,0,NORMAL_BASELINE
e1000000-0000-0000-0000-000000001543,tx_norm_001565_5ac92d,c1000000-0000-0000-0000-000000000029,c1000000-0000-0000-0000-000000000005,P2P,2234.66,5.0,COMPLETED,d1000000-0000-0000-0000-000000000014,b1000000-0000-0000-0000-000000000006,2026-01-26T14:37:58+00:00,1,NORMAL_TRANSACTION,Normal Transaction,NORMAL,[],0,0,NORMAL_BASELINE
e1000000-0000-0000-0000-000000001544,tx_norm_001574_0de9a2,c1000000-0000-0000-0000-000000000098,c1000000-0000-0000-0000-000000000141,PAYMENT,1553.67,0.0,COMPLETED,d1000000-0000-0000-0000-000000000022,b1000000-0000-0000-0000-000000000011,2026-01-26T14:42:00+00:00,1,NORMAL_TRANSACTION,Normal Transaction,NORMAL,[],0,0,NORMAL_BASELINE
e1000000-0000-0000-0000-000000001545,tx_norm_001508_9f7717,c1000000-0000-0000-0000-000000000096,c1000000-0000-0000-0000-000000000137,PAYMENT,2638.47,0.0,COMPLETED,d1000000-0000-0000-0000-000000000023,b1000000-0000-0000-0000-000000000014,2026-01-26T14:56:28+00:00,1,NORMAL_TRANSACTION,Normal Transaction,NORMAL,[],0,0,NORMAL_BASELINE
e1000000-0000-0000-0000-000000001546,tx_norm_001485_5fe8a7,c1000000-0000-0000-0000-000000000101,c1000000-0000-0000-0000-000000000139,PAYMENT,173.2,0.0,COMPLETED,d1000000-0000-0000-0000-000000000007,b1000000-0000-0000-0000-000000000014,2026-01-26T14:58:52+00:00,1,NORMAL_TRANSACTION,Normal Transaction,NORMAL,[],0,0,NORMAL_BASELINE
e1000000-0000-0000-0000-000000001547,tx_norm_001555_be8eb6,c1000000-0000-0000-0000-000000000090,c1000000-0000-0000-0000-000000000139,PAYMENT,1246.23,0.0,COMPLETED,d1000000-0000-0000-0000-000000000013,b1000000-0000-0000-0000-000000000011,2026-01-26T15:01:15+00:00,1,NORMAL_TRANSACTION,Normal Transaction,NORMAL,[],0,0,NORMAL_BASELINE
e1000000-0000-0000-0000-000000001548,tx_norm_001510_4b2115,c1000000-0000-0000-0000-000000000066,c1000000-0000-0000-0000-000000000033,P2P,2723.54,5.0,COMPLETED,d1000000-0000-0000-0000-000000000013,b1000000-0000-0000-0000-000000000005,2026-01-26T15:10:56+00:00,1,NORMAL_TRANSACTION,Normal Transaction,NORMAL,[],0,0,NORMAL_BASELINE
e1000000-0000-0000-0000-000000001549,tx_norm_001546_ae7303,c1000000-0000-0000-0000-000000000089,c1000000-0000-0000-0000-000000000113,CASH_OUT,1776.74,26.47,COMPLETED,d1000000-0000-0000-0000-000000000026,b1000000-0000-0000-0000-000000000017,2026-01-26T15:47:19+00:00,1,NORMAL_TRANSACTION,Normal Transaction,NORMAL,[],0,0,NORMAL_BASELINE
e1000000-0000-0000-0000-000000001550,tx_norm_001482_80dc4c,c1000000-0000-0000-0000-000000000070,c1000000-0000-0000-0000-000000000134,PAYMENT,2082.25,0.0,COMPLETED,d1000000-0000-0000-0000-000000000012,b1000000-0000-0000-0000-000000000010,2026-01-26T15:47:48+00:00,1,NORMAL_TRANSACTION,Normal Transaction,NORMAL,[],0,0,NORMAL_BASELINE
e1000000-0000-0000-0000-000000001551,tx_norm_001588_db184d,c1000000-0000-0000-0000-000000000002,c1000000-0000-0000-0000-000000000135,PAYMENT,1241.13,0.0,COMPLETED,d1000000-0000-0000-0000-000000000022,b1000000-0000-0000-0000-000000000018,2026-01-26T15:56:46+00:00,1,NORMAL_TRANSACTION,Normal Transaction,NORMAL,[],0,0,NORMAL_BASELINE
e1000000-0000-0000-0000-000000001552,tx_norm_001560_4a2f23,c1000000-0000-0000-0000-000000000088,c1000000-0000-0000-0000-000000000020,P2P,2449.7,5.0,COMPLETED,d1000000-0000-0000-0000-000000000008,b1000000-0000-0000-0000-000000000007,2026-01-26T15:59:43+00:00,1,NORMAL_TRANSACTION,Normal Transaction,NORMAL,[],0,0,NORMAL_BASELINE
e1000000-0000-0000-0000-000000001553,tx_norm_001502_0790ee,c1000000-0000-0000-0000-000000000033,c1000000-0000-0000-0000-000000000134,PAYMENT,738.18,0.0,COMPLETED,d1000000-0000-0000-0000-000000000030,b1000000-0000-0000-0000-000000000017,2026-01-26T16:00:10+00:00,1,NORMAL_TRANSACTION,Normal Transaction,NORMAL,[],0,0,NORMAL_BASELINE
e1000000-0000-0000-0000-000000001554,tx_norm_001580_719dea,c1000000-0000-0000-0000-000000000061,c1000000-0000-0000-0000-000000000004,P2P,3780.72,5.0,COMPLETED,d1000000-0000-0000-0000-000000000028,b1000000-0000-0000-0000-000000000017,2026-01-26T16:06:15+00:00,1,NORMAL_TRANSACTION,Normal Transaction,NORMAL,[],0,0,NORMAL_BASELINE
e1000000-0000-0000-0000-000000001555,tx_norm_001569_86cd62,c1000000-0000-0000-0000-000000000132,c1000000-0000-0000-0000-000000000056,CASH_IN,1864.38,0.0,COMPLETED,d1000000-0000-0000-0000-000000000010,b1000000-0000-0000-0000-000000000009,2026-01-26T16:11:24+00:00,1,NORMAL_TRANSACTION,Normal Transaction,NORMAL,[],0,0,NORMAL_BASELINE
e1000000-0000-0000-0000-000000001556,tx_norm_001529_bb19f0,c1000000-0000-0000-0000-000000000063,c1000000-0000-0000-0000-000000000137,PAYMENT,1131.83,0.0,COMPLETED,d1000000-0000-0000-0000-000000000008,b1000000-0000-0000-0000-000000000013,2026-01-26T16:15:36+00:00,1,NORMAL_TRANSACTION,Normal Transaction,NORMAL,[],0,0,NORMAL_BASELINE
e1000000-0000-0000-0000-000000001557,tx_norm_001486_cb8e2d,c1000000-0000-0000-0000-000000000034,c1000000-0000-0000-0000-000000000115,CASH_OUT,6788.63,101.15,COMPLETED,d1000000-0000-0000-0000-000000000004,b1000000-0000-0000-0000-000000000011,2026-01-26T16:18:17+00:00,1,NORMAL_TRANSACTION,Normal Transaction,NORMAL,[],0,0,NORMAL_BASELINE
e1000000-0000-0000-0000-000000001558,tx_norm_001605_5b9fac,c1000000-0000-0000-0000-000000000038,c1000000-0000-0000-0000-000000000033,P2P,1878.83,5.0,COMPLETED,d1000000-0000-0000-0000-000000000020,b1000000-0000-0000-0000-000000000014,2026-01-26T16:21:01+00:00,1,NORMAL_TRANSACTION,Normal Transaction,NORMAL,[],0,0,NORMAL_BASELINE
e1000000-0000-0000-0000-000000001559,tx_norm_001506_e32711,c1000000-0000-0000-0000-000000000023,c1000000-0000-0000-0000-000000000027,P2P,3154.35,5.0,COMPLETED,d1000000-0000-0000-0000-000000000014,b1000000-0000-0000-0000-000000000019,2026-01-26T16:25:59+00:00,1,NORMAL_TRANSACTION,Normal Transaction,NORMAL,[],0,0,NORMAL_BASELINE
e1000000-0000-0000-0000-000000001560,tx_norm_001539_0c9412,c1000000-0000-0000-0000-000000000057,c1000000-0000-0000-0000-000000000035,P2P,1790.06,5.0,COMPLETED,d1000000-0000-0000-0000-000000000026,b1000000-0000-0000-0000-000000000015,2026-01-26T16:27:32+00:00,1,NORMAL_TRANSACTION,Normal Transaction,NORMAL,[],0,0,NORMAL_BASELINE
e1000000-0000-0000-0000-000000001561,tx_norm_001561_03fddd,c1000000-0000-0000-0000-000000000037,c1000000-0000-0000-0000-000000000009,P2P,3639.08,5.0,COMPLETED,d1000000-0000-0000-0000-000000000016,b1000000-0000-0000-0000-000000000018,2026-01-26T16:42:10+00:00,1,NORMAL_TRANSACTION,Normal Transaction,NORMAL,[],0,0,NORMAL_BASELINE
e1000000-0000-0000-0000-000000001562,tx_norm_001553_af8f8c,c1000000-0000-0000-0000-000000000077,c1000000-0000-0000-0000-000000000121,CASH_OUT,1345.71,20.05,COMPLETED,d1000000-0000-0000-0000-000000000002,b1000000-0000-0000-0000-000000000014,2026-01-26T16:49:42+00:00,1,NORMAL_TRANSACTION,Normal Transaction,NORMAL,[],0,0,NORMAL_BASELINE
e1000000-0000-0000-0000-000000001563,tx_norm_001567_23a10f,c1000000-0000-0000-0000-000000000087,c1000000-0000-0000-0000-000000000138,PAYMENT,2603.36,0.0,COMPLETED,d1000000-0000-0000-0000-000000000026,b1000000-0000-0000-0000-000000000004,2026-01-26T17:19:11+00:00,1,NORMAL_TRANSACTION,Normal Transaction,NORMAL,[],0,0,NORMAL_BASELINE
e1000000-0000-0000-0000-000000001564,tx_norm_001509_d1c060,c1000000-0000-0000-0000-000000000046,c1000000-0000-0000-0000-000000000049,P2P,4060.95,5.0,COMPLETED,d1000000-0000-0000-0000-000000000030,b1000000-0000-0000-0000-000000000019,2026-01-26T17:24:27+00:00,1,NORMAL_TRANSACTION,Normal Transaction,NORMAL,[],0,0,NORMAL_BASELINE
e1000000-0000-0000-0000-000000001565,tx_norm_001576_aca654,c1000000-0000-0000-0000-000000000008,c1000000-0000-0000-0000-000000000017,P2P,3384.03,5.0,COMPLETED,d1000000-0000-0000-0000-000000000012,b1000000-0000-0000-0000-000000000012,2026-01-26T17:30:44+00:00,1,NORMAL_TRANSACTION,Normal Transaction,NORMAL,[],0,0,NORMAL_BASELINE
e1000000-0000-0000-0000-000000001566,tx_norm_001541_f57f2b,c1000000-0000-0000-0000-000000000088,c1000000-0000-0000-0000-000000000133,PAYMENT,2121.35,0.0,COMPLETED,d1000000-0000-0000-0000-000000000008,b1000000-0000-0000-0000-000000000007,2026-01-26T17:31:33+00:00,1,NORMAL_TRANSACTION,Normal Transaction,NORMAL,[],0,0,NORMAL_BASELINE
e1000000-0000-0000-0000-000000001567,tx_norm_001573_648552,c1000000-0000-0000-0000-000000000038,c1000000-0000-0000-0000-000000000133,PAYMENT,2453.77,0.0,COMPLETED,d1000000-0000-0000-0000-000000000020,b1000000-0000-0000-0000-000000000014,2026-01-26T17:34:57+00:00,1,NORMAL_TRANSACTION,Normal Transaction,NORMAL,[],0,0,NORMAL_BASELINE
e1000000-0000-0000-0000-000000001568,tx_norm_001593_da1eb7,c1000000-0000-0000-0000-000000000052,c1000000-0000-0000-0000-000000000134,PAYMENT,287.03,0.0,COMPLETED,d1000000-0000-0000-0000-000000000015,b1000000-0000-0000-0000-000000000008,2026-01-26T17:37:22+00:00,1,NORMAL_TRANSACTION,Normal Transaction,NORMAL,[],0,0,NORMAL_BASELINE
e1000000-0000-0000-0000-000000001569,tx_norm_001550_258675,c1000000-0000-0000-0000-000000000068,c1000000-0000-0000-0000-000000000122,CASH_OUT,1754.79,26.15,COMPLETED,d1000000-0000-0000-0000-000000000019,b1000000-0000-0000-0000-000000000002,2026-01-26T17:43:18+00:00,1,NORMAL_TRANSACTION,Normal Transaction,NORMAL,[],0,0,NORMAL_BASELINE
e1000000-0000-0000-0000-000000001570,tx_norm_001592_b2a0f8,c1000000-0000-0000-0000-000000000085,c1000000-0000-0000-0000-000000000141,PAYMENT,940.64,0.0,COMPLETED,d1000000-0000-0000-0000-000000000026,b1000000-0000-0000-0000-000000000006,2026-01-26T17:45:59+00:00,1,NORMAL_TRANSACTION,Normal Transaction,NORMAL,[],0,0,NORMAL_BASELINE
e1000000-0000-0000-0000-000000001571,tx_norm_001516_51f37a,c1000000-0000-0000-0000-000000000097,c1000000-0000-0000-0000-000000000139,PAYMENT,1119.24,0.0,COMPLETED,d1000000-0000-0000-0000-000000000018,b1000000-0000-0000-0000-000000000007,2026-01-26T17:57:41+00:00,1,NORMAL_TRANSACTION,Normal Transaction,NORMAL,[],0,0,NORMAL_BASELINE
e1000000-0000-0000-0000-000000001572,tx_norm_001534_62b517,c1000000-0000-0000-0000-000000000017,c1000000-0000-0000-0000-000000000136,PAYMENT,2945.93,0.0,COMPLETED,d1000000-0000-0000-0000-000000000013,b1000000-0000-0000-0000-000000000009,2026-01-26T18:09:54+00:00,1,NORMAL_TRANSACTION,Normal Transaction,NORMAL,[],0,0,NORMAL_BASELINE
e1000000-0000-0000-0000-000000001573,tx_norm_001487_27439b,c1000000-0000-0000-0000-000000000054,c1000000-0000-0000-0000-000000000107,CASH_OUT,616.48,9.19,COMPLETED,d1000000-0000-0000-0000-000000000018,b1000000-0000-0000-0000-000000000011,2026-01-26T18:15:00+00:00,1,NORMAL_TRANSACTION,Normal Transaction,NORMAL,[],0,0,NORMAL_BASELINE
e1000000-0000-0000-0000-000000001574,tx_norm_001585_d0411d,c1000000-0000-0000-0000-000000000103,c1000000-0000-0000-0000-000000000014,P2P,2195.04,5.0,COMPLETED,d1000000-0000-0000-0000-000000000027,b1000000-0000-0000-0000-000000000001,2026-01-26T18:17:25+00:00,1,NORMAL_TRANSACTION,Normal Transaction,NORMAL,[],0,0,NORMAL_BASELINE
e1000000-0000-0000-0000-000000001575,tx_norm_001545_80d458,c1000000-0000-0000-0000-000000000094,c1000000-0000-0000-0000-000000000133,PAYMENT,437.44,0.0,COMPLETED,d1000000-0000-0000-0000-000000000020,b1000000-0000-0000-0000-000000000014,2026-01-26T18:18:45+00:00,1,NORMAL_TRANSACTION,Normal Transaction,NORMAL,[],0,0,NORMAL_BASELINE
e1000000-0000-0000-0000-000000001576,tx_norm_001536_1b6fb7,c1000000-0000-0000-0000-000000000014,c1000000-0000-0000-0000-000000000135,PAYMENT,1555.91,0.0,COMPLETED,d1000000-0000-0000-0000-000000000027,b1000000-0000-0000-0000-000000000012,2026-01-26T18:19:55+00:00,1,NORMAL_TRANSACTION,Normal Transaction,NORMAL,[],0,0,NORMAL_BASELINE
e1000000-0000-0000-0000-000000001577,tx_norm_001598_493d26,c1000000-0000-0000-0000-000000000033,c1000000-0000-0000-0000-000000000064,P2P,2081.31,5.0,COMPLETED,d1000000-0000-0000-0000-000000000030,b1000000-0000-0000-0000-000000000017,2026-01-26T18:36:35+00:00,1,NORMAL_TRANSACTION,Normal Transaction,NORMAL,[],0,0,NORMAL_BASELINE
e1000000-0000-0000-0000-000000001578,tx_norm_001501_9d2f6e,c1000000-0000-0000-0000-000000000044,c1000000-0000-0000-0000-000000000046,P2P,2280.82,5.0,COMPLETED,d1000000-0000-0000-0000-000000000028,b1000000-0000-0000-0000-000000000011,2026-01-26T18:38:54+00:00,1,NORMAL_TRANSACTION,Normal Transaction,NORMAL,[],0,0,NORMAL_BASELINE
e1000000-0000-0000-0000-000000001579,tx_norm_001531_7e9e7b,c1000000-0000-0000-0000-000000000089,c1000000-0000-0000-0000-000000000108,CASH_OUT,1063.58,15.85,COMPLETED,d1000000-0000-0000-0000-000000000026,b1000000-0000-0000-0000-000000000007,2026-01-26T18:41:47+00:00,1,NORMAL_TRANSACTION,Normal Transaction,NORMAL,[],0,0,NORMAL_BASELINE
e1000000-0000-0000-0000-000000001580,tx_norm_001587_5acf61,c1000000-0000-0000-0000-000000000120,c1000000-0000-0000-0000-000000000006,CASH_IN,9172.98,0.0,COMPLETED,d1000000-0000-0000-0000-000000000009,b1000000-0000-0000-0000-000000000013,2026-01-26T18:41:57+00:00,1,NORMAL_TRANSACTION,Normal Transaction,NORMAL,[],0,0,NORMAL_BASELINE
e1000000-0000-0000-0000-000000001581,tx_norm_001564_fef43c,c1000000-0000-0000-0000-000000000012,c1000000-0000-0000-0000-000000000093,P2P,1363.88,5.0,COMPLETED,d1000000-0000-0000-0000-000000000002,b1000000-0000-0000-0000-000000000008,2026-01-26T18:49:35+00:00,1,NORMAL_TRANSACTION,Normal Transaction,NORMAL,[],0,0,NORMAL_BASELINE
e1000000-0000-0000-0000-000000001582,tx_norm_001597_60ac4a,c1000000-0000-0000-0000-000000000042,c1000000-0000-0000-0000-000000000109,CASH_OUT,5740.44,85.53,COMPLETED,d1000000-0000-0000-0000-000000000018,b1000000-0000-0000-0000-000000000003,2026-01-26T18:53:01+00:00,1,NORMAL_TRANSACTION,Normal Transaction,NORMAL,[],0,0,NORMAL_BASELINE
e1000000-0000-0000-0000-000000001583,tx_norm_001500_2dbdc7,c1000000-0000-0000-0000-000000000024,c1000000-0000-0000-0000-000000000115,CASH_OUT,576.05,8.58,COMPLETED,d1000000-0000-0000-0000-000000000005,b1000000-0000-0000-0000-000000000011,2026-01-26T18:58:28+00:00,1,NORMAL_TRANSACTION,Normal Transaction,NORMAL,[],0,0,NORMAL_BASELINE
e1000000-0000-0000-0000-000000001584,tx_norm_001570_6d7bba,c1000000-0000-0000-0000-000000000092,c1000000-0000-0000-0000-000000000117,CASH_OUT,4012.84,59.79,COMPLETED,d1000000-0000-0000-0000-000000000027,b1000000-0000-0000-0000-000000000009,2026-01-26T19:20:32+00:00,1,NORMAL_TRANSACTION,Normal Transaction,NORMAL,[],0,0,NORMAL_BASELINE
e1000000-0000-0000-0000-000000001585,tx_norm_001554_244211,c1000000-0000-0000-0000-000000000053,c1000000-0000-0000-0000-000000000029,P2P,3035.28,5.0,COMPLETED,d1000000-0000-0000-0000-000000000028,b1000000-0000-0000-0000-000000000018,2026-01-26T19:40:01+00:00,1,NORMAL_TRANSACTION,Normal Transaction,NORMAL,[],0,0,NORMAL_BASELINE
e1000000-0000-0000-0000-000000001586,tx_norm_001577_f79f8f,c1000000-0000-0000-0000-000000000122,c1000000-0000-0000-0000-000000000019,CASH_IN,6058.44,0.0,COMPLETED,d1000000-0000-0000-0000-000000000010,b1000000-0000-0000-0000-000000000002,2026-01-26T19:45:03+00:00,1,NORMAL_TRANSACTION,Normal Transaction,NORMAL,[],0,0,NORMAL_BASELINE
e1000000-0000-0000-0000-000000001587,tx_norm_001544_341d85,c1000000-0000-0000-0000-000000000121,c1000000-0000-0000-0000-000000000027,CASH_IN,2539.26,0.0,COMPLETED,d1000000-0000-0000-0000-000000000009,b1000000-0000-0000-0000-000000000014,2026-01-26T19:52:56+00:00,1,NORMAL_TRANSACTION,Normal Transaction,NORMAL,[],0,0,NORMAL_BASELINE
e1000000-0000-0000-0000-000000001588,tx_norm_001540_46a311,c1000000-0000-0000-0000-000000000025,c1000000-0000-0000-0000-000000000053,P2P,959.57,5.0,COMPLETED,d1000000-0000-0000-0000-000000000028,b1000000-0000-0000-0000-000000000004,2026-01-26T19:59:27+00:00,1,NORMAL_TRANSACTION,Normal Transaction,NORMAL,[],0,0,NORMAL_BASELINE
e1000000-0000-0000-0000-000000001589,tx_norm_001483_74629f,c1000000-0000-0000-0000-000000000054,c1000000-0000-0000-0000-000000000028,P2P,1158.38,5.0,COMPLETED,d1000000-0000-0000-0000-000000000018,b1000000-0000-0000-0000-000000000001,2026-01-26T20:02:42+00:00,1,NORMAL_TRANSACTION,Normal Transaction,NORMAL,[],0,0,NORMAL_BASELINE
e1000000-0000-0000-0000-000000001590,tx_norm_001572_5f8436,c1000000-0000-0000-0000-000000000101,c1000000-0000-0000-0000-000000000113,CASH_OUT,4852.42,72.3,COMPLETED,d1000000-0000-0000-0000-000000000007,b1000000-0000-0000-0000-000000000017,2026-01-26T20:08:39+00:00,1,NORMAL_TRANSACTION,Normal Transaction,NORMAL,[],0,0,NORMAL_BASELINE
e1000000-0000-0000-0000-000000001591,tx_norm_001496_a36d4d,c1000000-0000-0000-0000-000000000011,c1000000-0000-0000-0000-000000000020,P2P,2897.98,5.0,COMPLETED,d1000000-0000-0000-0000-000000000020,b1000000-0000-0000-0000-000000000012,2026-01-26T20:16:42+00:00,1,NORMAL_TRANSACTION,Normal Transaction,NORMAL,[],0,0,NORMAL_BASELINE
e1000000-0000-0000-0000-000000001592,tx_norm_001492_52891c,c1000000-0000-0000-0000-000000000114,c1000000-0000-0000-0000-000000000071,CASH_IN,2431.48,0.0,COMPLETED,d1000000-0000-0000-0000-000000000009,b1000000-0000-0000-0000-000000000015,2026-01-26T20:25:53+00:00,1,NORMAL_TRANSACTION,Normal Transaction,NORMAL,[],0,0,NORMAL_BASELINE
e1000000-0000-0000-0000-000000001593,tx_norm_001559_1c3573,c1000000-0000-0000-0000-000000000102,c1000000-0000-0000-0000-000000000138,RECHARGE,100.0,0.0,COMPLETED,d1000000-0000-0000-0000-000000000029,b1000000-0000-0000-0000-000000000006,2026-01-26T20:29:36+00:00,1,NORMAL_TRANSACTION,Normal Transaction,NORMAL,[],0,0,NORMAL_BASELINE
e1000000-0000-0000-0000-000000001594,tx_norm_001579_9a9206,c1000000-0000-0000-0000-000000000109,c1000000-0000-0000-0000-000000000009,CASH_IN,1000.32,0.0,COMPLETED,d1000000-0000-0000-0000-000000000010,b1000000-0000-0000-0000-000000000003,2026-01-26T20:31:39+00:00,1,NORMAL_TRANSACTION,Normal Transaction,NORMAL,[],0,0,NORMAL_BASELINE
e1000000-0000-0000-0000-000000001595,tx_norm_001528_1f53db,c1000000-0000-0000-0000-000000000053,c1000000-0000-0000-0000-000000000126,CASH_OUT,3850.85,57.38,COMPLETED,d1000000-0000-0000-0000-000000000028,b1000000-0000-0000-0000-000000000014,2026-01-26T20:37:56+00:00,1,NORMAL_TRANSACTION,Normal Transaction,NORMAL,[],0,0,NORMAL_BASELINE
e1000000-0000-0000-0000-000000001596,tx_norm_001566_eb91d7,c1000000-0000-0000-0000-000000000052,c1000000-0000-0000-0000-000000000013,P2P,4040.04,5.0,COMPLETED,d1000000-0000-0000-0000-000000000015,b1000000-0000-0000-0000-000000000008,2026-01-26T20:43:40+00:00,1,NORMAL_TRANSACTION,Normal Transaction,NORMAL,[],0,0,NORMAL_BASELINE
e1000000-0000-0000-0000-000000001597,tx_norm_001601_7f055b,c1000000-0000-0000-0000-000000000094,c1000000-0000-0000-0000-000000000095,P2P,2961.6,5.0,COMPLETED,d1000000-0000-0000-0000-000000000020,b1000000-0000-0000-0000-000000000014,2026-01-26T21:04:21+00:00,1,NORMAL_TRANSACTION,Normal Transaction,NORMAL,[],0,0,NORMAL_BASELINE
e1000000-0000-0000-0000-000000001598,tx_norm_001497_484f7f,c1000000-0000-0000-0000-000000000077,c1000000-0000-0000-0000-000000000134,PAYMENT,476.58,0.0,COMPLETED,d1000000-0000-0000-0000-000000000002,b1000000-0000-0000-0000-000000000001,2026-01-26T21:06:07+00:00,1,NORMAL_TRANSACTION,Normal Transaction,NORMAL,[],0,0,NORMAL_BASELINE
e1000000-0000-0000-0000-000000001599,tx_norm_001603_122461,c1000000-0000-0000-0000-000000000055,c1000000-0000-0000-0000-000000000082,P2P,1817.31,5.0,COMPLETED,d1000000-0000-0000-0000-000000000016,b1000000-0000-0000-0000-000000000016,2026-01-26T21:08:51+00:00,1,NORMAL_TRANSACTION,Normal Transaction,NORMAL,[],0,0,NORMAL_BASELINE
e1000000-0000-0000-0000-000000001600,tx_norm_001602_e65664,c1000000-0000-0000-0000-000000000065,c1000000-0000-0000-0000-000000000117,CASH_OUT,3173.64,47.29,COMPLETED,d1000000-0000-0000-0000-000000000009,b1000000-0000-0000-0000-000000000009,2026-01-26T21:13:36+00:00,1,NORMAL_TRANSACTION,Normal Transaction,NORMAL,[],0,0,NORMAL_BASELINE
e1000000-0000-0000-0000-000000001601,tx_norm_001523_238419,c1000000-0000-0000-0000-000000000029,c1000000-0000-0000-0000-000000000007,P2P,3749.46,5.0,COMPLETED,d1000000-0000-0000-0000-000000000014,b1000000-0000-0000-0000-000000000006,2026-01-26T21:23:39+00:00,1,NORMAL_TRANSACTION,Normal Transaction,NORMAL,[],0,0,NORMAL_BASELINE
e1000000-0000-0000-0000-000000001602,tx_norm_001535_6c4fe3,c1000000-0000-0000-0000-000000000052,c1000000-0000-0000-0000-000000000025,P2P,495.15,0.0,COMPLETED,d1000000-0000-0000-0000-000000000015,b1000000-0000-0000-0000-000000000008,2026-01-26T21:39:32+00:00,1,NORMAL_TRANSACTION,Normal Transaction,NORMAL,[],0,0,NORMAL_BASELINE
e1000000-0000-0000-0000-000000001603,tx_norm_001488_f58b8c,c1000000-0000-0000-0000-000000000077,c1000000-0000-0000-0000-000000000116,CASH_OUT,3013.17,44.9,COMPLETED,d1000000-0000-0000-0000-000000000002,b1000000-0000-0000-0000-000000000015,2026-01-26T21:52:33+00:00,1,NORMAL_TRANSACTION,Normal Transaction,NORMAL,[],0,0,NORMAL_BASELINE
e1000000-0000-0000-0000-000000001604,tx_norm_001606_3dcc49,c1000000-0000-0000-0000-000000000010,c1000000-0000-0000-0000-000000000141,RECHARGE,500.0,0.0,COMPLETED,d1000000-0000-0000-0000-000000000013,b1000000-0000-0000-0000-000000000003,2026-01-26T21:55:10+00:00,1,NORMAL_TRANSACTION,Normal Transaction,NORMAL,[],0,0,NORMAL_BASELINE
e1000000-0000-0000-0000-000000001605,tx_norm_001511_07aa25,c1000000-0000-0000-0000-000000000068,c1000000-0000-0000-0000-000000000138,RECHARGE,200.0,0.0,COMPLETED,d1000000-0000-0000-0000-000000000019,b1000000-0000-0000-0000-000000000004,2026-01-26T21:56:41+00:00,1,NORMAL_TRANSACTION,Normal Transaction,NORMAL,[],0,0,NORMAL_BASELINE
e1000000-0000-0000-0000-000000001606,tx_norm_001525_e22137,c1000000-0000-0000-0000-000000000089,c1000000-0000-0000-0000-000000000133,RECHARGE,100.0,0.0,COMPLETED,d1000000-0000-0000-0000-000000000026,b1000000-0000-0000-0000-000000000008,2026-01-26T21:57:34+00:00,1,NORMAL_TRANSACTION,Normal Transaction,NORMAL,[],0,0,NORMAL_BASELINE
e1000000-0000-0000-0000-000000001607,tx_norm_001695_ca957c,c1000000-0000-0000-0000-000000000068,c1000000-0000-0000-0000-000000000014,P2P,2356.45,5.0,COMPLETED,d1000000-0000-0000-0000-000000000019,b1000000-0000-0000-0000-000000000004,2026-01-27T08:02:54+00:00,1,NORMAL_TRANSACTION,Normal Transaction,NORMAL,[],0,0,NORMAL_BASELINE
e1000000-0000-0000-0000-000000001608,tx_norm_001696_3f4fa0,c1000000-0000-0000-0000-000000000030,c1000000-0000-0000-0000-000000000082,P2P,3521.37,5.0,COMPLETED,d1000000-0000-0000-0000-000000000029,b1000000-0000-0000-0000-000000000009,2026-01-27T08:10:18+00:00,1,NORMAL_TRANSACTION,Normal Transaction,NORMAL,[],0,0,NORMAL_BASELINE
e1000000-0000-0000-0000-000000001609,tx_norm_001647_362387,c1000000-0000-0000-0000-000000000076,c1000000-0000-0000-0000-000000000004,P2P,656.8,5.0,COMPLETED,d1000000-0000-0000-0000-000000000030,b1000000-0000-0000-0000-000000000002,2026-01-27T08:18:59+00:00,1,NORMAL_TRANSACTION,Normal Transaction,NORMAL,[],0,0,NORMAL_BASELINE
e1000000-0000-0000-0000-000000001610,tx_norm_001620_65d771,c1000000-0000-0000-0000-000000000032,c1000000-0000-0000-0000-000000000137,PAYMENT,545.63,0.0,COMPLETED,d1000000-0000-0000-0000-000000000005,b1000000-0000-0000-0000-000000000012,2026-01-27T08:20:22+00:00,1,NORMAL_TRANSACTION,Normal Transaction,NORMAL,[],0,0,NORMAL_BASELINE
e1000000-0000-0000-0000-000000001611,tx_norm_001642_042052,c1000000-0000-0000-0000-000000000092,c1000000-0000-0000-0000-000000000034,P2P,4393.71,5.0,COMPLETED,d1000000-0000-0000-0000-000000000027,b1000000-0000-0000-0000-000000000018,2026-01-27T08:35:45+00:00,1,NORMAL_TRANSACTION,Normal Transaction,NORMAL,[],0,0,NORMAL_BASELINE
e1000000-0000-0000-0000-000000001612,tx_norm_001688_cf1ca0,c1000000-0000-0000-0000-000000000087,c1000000-0000-0000-0000-000000000041,P2P,1968.29,5.0,COMPLETED,d1000000-0000-0000-0000-000000000026,b1000000-0000-0000-0000-000000000004,2026-01-27T08:35:49+00:00,1,NORMAL_TRANSACTION,Normal Transaction,NORMAL,[],0,0,NORMAL_BASELINE
e1000000-0000-0000-0000-000000001613,tx_norm_001699_cae925,c1000000-0000-0000-0000-000000000020,c1000000-0000-0000-0000-000000000134,PAYMENT,2394.41,0.0,COMPLETED,d1000000-0000-0000-0000-000000000019,b1000000-0000-0000-0000-000000000011,2026-01-27T08:47:53+00:00,1,NORMAL_TRANSACTION,Normal Transaction,NORMAL,[],0,0,NORMAL_BASELINE
e1000000-0000-0000-0000-000000001614,tx_norm_001614_9baefd,c1000000-0000-0000-0000-000000000101,c1000000-0000-0000-0000-000000000105,P2P,1043.55,5.0,COMPLETED,d1000000-0000-0000-0000-000000000007,b1000000-0000-0000-0000-000000000014,2026-01-27T08:59:03+00:00,1,NORMAL_TRANSACTION,Normal Transaction,NORMAL,[],0,0,NORMAL_BASELINE
e1000000-0000-0000-0000-000000001615,tx_norm_001718_756663,c1000000-0000-0000-0000-000000000112,c1000000-0000-0000-0000-000000000089,CASH_IN,1844.63,0.0,COMPLETED,d1000000-0000-0000-0000-000000000009,b1000000-0000-0000-0000-000000000014,2026-01-27T09:00:19+00:00,1,NORMAL_TRANSACTION,Normal Transaction,NORMAL,[],0,0,NORMAL_BASELINE
e1000000-0000-0000-0000-000000001616,tx_norm_001613_4dacd3,c1000000-0000-0000-0000-000000000084,c1000000-0000-0000-0000-000000000138,PAYMENT,1466.12,0.0,COMPLETED,d1000000-0000-0000-0000-000000000024,b1000000-0000-0000-0000-000000000005,2026-01-27T09:02:31+00:00,1,NORMAL_TRANSACTION,Normal Transaction,NORMAL,[],0,0,NORMAL_BASELINE
e1000000-0000-0000-0000-000000001617,tx_norm_001719_8f24da,c1000000-0000-0000-0000-000000000021,c1000000-0000-0000-0000-000000000134,PAYMENT,1218.88,0.0,COMPLETED,d1000000-0000-0000-0000-000000000030,b1000000-0000-0000-0000-000000000015,2026-01-27T09:03:39+00:00,1,NORMAL_TRANSACTION,Normal Transaction,NORMAL,[],0,0,NORMAL_BASELINE
e1000000-0000-0000-0000-000000001618,tx_norm_001664_741a5b,c1000000-0000-0000-0000-000000000076,c1000000-0000-0000-0000-000000000048,P2P,3097.8,5.0,COMPLETED,d1000000-0000-0000-0000-000000000030,b1000000-0000-0000-0000-000000000002,2026-01-27T09:09:57+00:00,1,NORMAL_TRANSACTION,Normal Transaction,NORMAL,[],0,0,NORMAL_BASELINE
e1000000-0000-0000-0000-000000001619,tx_norm_001669_eaedee,c1000000-0000-0000-0000-000000000029,c1000000-0000-0000-0000-000000000135,PAYMENT,1029.86,0.0,COMPLETED,d1000000-0000-0000-0000-000000000014,b1000000-0000-0000-0000-000000000006,2026-01-27T09:18:17+00:00,1,NORMAL_TRANSACTION,Normal Transaction,NORMAL,[],0,0,NORMAL_BASELINE
e1000000-0000-0000-0000-000000001620,tx_norm_001744_768785,c1000000-0000-0000-0000-000000000090,c1000000-0000-0000-0000-000000000134,PAYMENT,1876.88,0.0,COMPLETED,d1000000-0000-0000-0000-000000000013,b1000000-0000-0000-0000-000000000011,2026-01-27T09:21:29+00:00,1,NORMAL_TRANSACTION,Normal Transaction,NORMAL,[],0,0,NORMAL_BASELINE
e1000000-0000-0000-0000-000000001621,tx_norm_001657_c5cc0f,c1000000-0000-0000-0000-000000000019,c1000000-0000-0000-0000-000000000140,PAYMENT,2079.52,0.0,COMPLETED,d1000000-0000-0000-0000-000000000013,b1000000-0000-0000-0000-000000000009,2026-01-27T09:26:26+00:00,1,NORMAL_TRANSACTION,Normal Transaction,NORMAL,[],0,0,NORMAL_BASELINE
e1000000-0000-0000-0000-000000001622,tx_norm_001714_9d7739,c1000000-0000-0000-0000-000000000127,c1000000-0000-0000-0000-000000000035,CASH_IN,5702.32,0.0,COMPLETED,d1000000-0000-0000-0000-000000000011,b1000000-0000-0000-0000-000000000013,2026-01-27T09:27:18+00:00,1,NORMAL_TRANSACTION,Normal Transaction,NORMAL,[],0,0,NORMAL_BASELINE
e1000000-0000-0000-0000-000000001623,tx_norm_001711_851ab9,c1000000-0000-0000-0000-000000000017,c1000000-0000-0000-0000-000000000098,P2P,258.59,0.0,COMPLETED,d1000000-0000-0000-0000-000000000013,b1000000-0000-0000-0000-000000000009,2026-01-27T09:27:44+00:00,1,NORMAL_TRANSACTION,Normal Transaction,NORMAL,[],0,0,NORMAL_BASELINE
e1000000-0000-0000-0000-000000001624,tx_norm_001706_242e3d,c1000000-0000-0000-0000-000000000063,c1000000-0000-0000-0000-000000000077,P2P,1274.87,5.0,COMPLETED,d1000000-0000-0000-0000-000000000008,b1000000-0000-0000-0000-000000000013,2026-01-27T09:35:10+00:00,1,NORMAL_TRANSACTION,Normal Transaction,NORMAL,[],0,0,NORMAL_BASELINE
e1000000-0000-0000-0000-000000001625,tx_norm_001645_c9c525,c1000000-0000-0000-0000-000000000019,c1000000-0000-0000-0000-000000000106,CASH_OUT,2949.05,43.94,COMPLETED,d1000000-0000-0000-0000-000000000013,b1000000-0000-0000-0000-000000000006,2026-01-27T09:41:27+00:00,1,NORMAL_TRANSACTION,Normal Transaction,NORMAL,[],0,0,NORMAL_BASELINE
e1000000-0000-0000-0000-000000001626,tx_norm_001662_bd9e59,c1000000-0000-0000-0000-000000000058,c1000000-0000-0000-0000-000000000053,P2P,2912.58,5.0,COMPLETED,d1000000-0000-0000-0000-000000000024,b1000000-0000-0000-0000-000000000018,2026-01-27T09:47:58+00:00,1,NORMAL_TRANSACTION,Normal Transaction,NORMAL,[],0,0,NORMAL_BASELINE
e1000000-0000-0000-0000-000000001627,tx_norm_001692_103f3a,c1000000-0000-0000-0000-000000000046,c1000000-0000-0000-0000-000000000100,P2P,3493.86,5.0,COMPLETED,d1000000-0000-0000-0000-000000000030,b1000000-0000-0000-0000-000000000019,2026-01-27T09:49:45+00:00,1,NORMAL_TRANSACTION,Normal Transaction,NORMAL,[],0,0,NORMAL_BASELINE
e1000000-0000-0000-0000-000000001628,tx_norm_001745_a06a7d,c1000000-0000-0000-0000-000000000012,c1000000-0000-0000-0000-000000000025,P2P,1565.26,5.0,COMPLETED,d1000000-0000-0000-0000-000000000002,b1000000-0000-0000-0000-000000000008,2026-01-27T09:58:05+00:00,1,NORMAL_TRANSACTION,Normal Transaction,NORMAL,[],0,0,NORMAL_BASELINE
e1000000-0000-0000-0000-000000001629,tx_norm_001650_89f9c4,c1000000-0000-0000-0000-000000000074,c1000000-0000-0000-0000-000000000141,PAYMENT,2388.55,0.0,COMPLETED,d1000000-0000-0000-0000-000000000005,b1000000-0000-0000-0000-000000000009,2026-01-27T09:59:14+00:00,1,NORMAL_TRANSACTION,Normal Transaction,NORMAL,[],0,0,NORMAL_BASELINE
e1000000-0000-0000-0000-000000001630,tx_norm_001731_ba7e6b,c1000000-0000-0000-0000-000000000060,c1000000-0000-0000-0000-000000000100,P2P,3081.17,5.0,COMPLETED,d1000000-0000-0000-0000-000000000011,b1000000-0000-0000-0000-000000000002,2026-01-27T10:01:55+00:00,1,NORMAL_TRANSACTION,Normal Transaction,NORMAL,[],0,0,NORMAL_BASELINE
e1000000-0000-0000-0000-000000001631,tx_norm_001712_7ec469,c1000000-0000-0000-0000-000000000015,c1000000-0000-0000-0000-000000000107,CASH_OUT,7141.27,106.4,COMPLETED,d1000000-0000-0000-0000-000000000022,b1000000-0000-0000-0000-000000000011,2026-01-27T10:12:28+00:00,1,NORMAL_TRANSACTION,Normal Transaction,NORMAL,[],0,0,NORMAL_BASELINE
e1000000-0000-0000-0000-000000001632,tx_norm_001748_45d62e,c1000000-0000-0000-0000-000000000053,c1000000-0000-0000-0000-000000000136,PAYMENT,2697.59,0.0,COMPLETED,d1000000-0000-0000-0000-000000000028,b1000000-0000-0000-0000-000000000018,2026-01-27T10:17:08+00:00,1,NORMAL_TRANSACTION,Normal Transaction,NORMAL,[],0,0,NORMAL_BASELINE
e1000000-0000-0000-0000-000000001633,tx_norm_001749_94256e,c1000000-0000-0000-0000-000000000114,c1000000-0000-0000-0000-000000000012,CASH_IN,5408.97,0.0,COMPLETED,d1000000-0000-0000-0000-000000000009,b1000000-0000-0000-0000-000000000015,2026-01-27T10:18:16+00:00,1,NORMAL_TRANSACTION,Normal Transaction,NORMAL,[],0,0,NORMAL_BASELINE
e1000000-0000-0000-0000-000000001634,tx_norm_001660_66fe47,c1000000-0000-0000-0000-000000000050,c1000000-0000-0000-0000-000000000139,PAYMENT,1230.82,0.0,COMPLETED,d1000000-0000-0000-0000-000000000024,b1000000-0000-0000-0000-000000000011,2026-01-27T10:32:55+00:00,1,NORMAL_TRANSACTION,Normal Transaction,NORMAL,[],0,0,NORMAL_BASELINE
e1000000-0000-0000-0000-000000001635,tx_norm_001717_267d46,c1000000-0000-0000-0000-000000000002,c1000000-0000-0000-0000-000000000116,CASH_OUT,3622.27,53.97,COMPLETED,d1000000-0000-0000-0000-000000000022,b1000000-0000-0000-0000-000000000015,2026-01-27T10:33:45+00:00,1,NORMAL_TRANSACTION,Normal Transaction,NORMAL,[],0,0,NORMAL_BASELINE
e1000000-0000-0000-0000-000000001636,tx_norm_001658_8df8df,c1000000-0000-0000-0000-000000000016,c1000000-0000-0000-0000-000000000055,P2P,1332.52,5.0,COMPLETED,d1000000-0000-0000-0000-000000000006,b1000000-0000-0000-0000-000000000018,2026-01-27T10:56:29+00:00,1,NORMAL_TRANSACTION,Normal Transaction,NORMAL,[],0,0,NORMAL_BASELINE
e1000000-0000-0000-0000-000000001637,tx_norm_001634_3ffb95,c1000000-0000-0000-0000-000000000088,c1000000-0000-0000-0000-000000000036,P2P,567.81,5.0,COMPLETED,d1000000-0000-0000-0000-000000000008,b1000000-0000-0000-0000-000000000007,2026-01-27T10:58:00+00:00,1,NORMAL_TRANSACTION,Normal Transaction,NORMAL,[],0,0,NORMAL_BASELINE
e1000000-0000-0000-0000-000000001638,tx_norm_001725_dfe6b5,c1000000-0000-0000-0000-000000000019,c1000000-0000-0000-0000-000000000110,CASH_OUT,1736.14,25.87,COMPLETED,d1000000-0000-0000-0000-000000000013,b1000000-0000-0000-0000-000000000007,2026-01-27T11:05:59+00:00,1,NORMAL_TRANSACTION,Normal Transaction,NORMAL,[],0,0,NORMAL_BASELINE
e1000000-0000-0000-0000-000000001639,tx_norm_001641_9473b7,c1000000-0000-0000-0000-000000000088,c1000000-0000-0000-0000-000000000065,P2P,3900.45,5.0,COMPLETED,d1000000-0000-0000-0000-000000000008,b1000000-0000-0000-0000-000000000007,2026-01-27T11:07:41+00:00,1,NORMAL_TRANSACTION,Normal Transaction,NORMAL,[],0,0,NORMAL_BASELINE
e1000000-0000-0000-0000-000000001640,tx_norm_001618_0bb838,c1000000-0000-0000-0000-000000000131,c1000000-0000-0000-0000-000000000102,CASH_IN,5825.96,0.0,COMPLETED,d1000000-0000-0000-0000-000000000009,b1000000-0000-0000-0000-000000000015,2026-01-27T11:26:47+00:00,1,NORMAL_TRANSACTION,Normal Transaction,NORMAL,[],0,0,NORMAL_BASELINE
e1000000-0000-0000-0000-000000001641,tx_norm_001733_e939f7,c1000000-0000-0000-0000-000000000001,c1000000-0000-0000-0000-000000000137,PAYMENT,1151.78,0.0,COMPLETED,d1000000-0000-0000-0000-000000000009,b1000000-0000-0000-0000-000000000008,2026-01-27T11:28:23+00:00,1,NORMAL_TRANSACTION,Normal Transaction,NORMAL,[],0,0,NORMAL_BASELINE
e1000000-0000-0000-0000-000000001642,tx_norm_001653_bb98ab,c1000000-0000-0000-0000-000000000109,c1000000-0000-0000-0000-000000000089,CASH_IN,3169.42,0.0,COMPLETED,d1000000-0000-0000-0000-000000000010,b1000000-0000-0000-0000-000000000003,2026-01-27T11:29:20+00:00,1,NORMAL_TRANSACTION,Normal Transaction,NORMAL,[],0,0,NORMAL_BASELINE
e1000000-0000-0000-0000-000000001643,tx_norm_001732_eee5b3,c1000000-0000-0000-0000-000000000025,c1000000-0000-0000-0000-000000000118,CASH_OUT,3306.54,49.27,COMPLETED,d1000000-0000-0000-0000-000000000028,b1000000-0000-0000-0000-000000000015,2026-01-27T11:39:35+00:00,1,NORMAL_TRANSACTION,Normal Transaction,NORMAL,[],0,0,NORMAL_BASELINE
e1000000-0000-0000-0000-000000001644,tx_norm_001682_d73794,c1000000-0000-0000-0000-000000000085,c1000000-0000-0000-0000-000000000135,PAYMENT,2827.56,0.0,COMPLETED,d1000000-0000-0000-0000-000000000026,b1000000-0000-0000-0000-000000000006,2026-01-27T11:40:22+00:00,1,NORMAL_TRANSACTION,Normal Transaction,NORMAL,[],0,0,NORMAL_BASELINE
e1000000-0000-0000-0000-000000001645,tx_norm_001626_d61968,c1000000-0000-0000-0000-000000000059,c1000000-0000-0000-0000-000000000134,PAYMENT,214.93,0.0,COMPLETED,d1000000-0000-0000-0000-000000000010,b1000000-0000-0000-0000-000000000007,2026-01-27T11:44:28+00:00,1,NORMAL_TRANSACTION,Normal Transaction,NORMAL,[],0,0,NORMAL_BASELINE
e1000000-0000-0000-0000-000000001646,tx_norm_001681_a18af1,c1000000-0000-0000-0000-000000000089,c1000000-0000-0000-0000-000000000034,P2P,2837.53,5.0,COMPLETED,d1000000-0000-0000-0000-000000000026,b1000000-0000-0000-0000-000000000008,2026-01-27T11:45:11+00:00,1,NORMAL_TRANSACTION,Normal Transaction,NORMAL,[],0,0,NORMAL_BASELINE
e1000000-0000-0000-0000-000000001647,tx_norm_001661_1b96ee,c1000000-0000-0000-0000-000000000044,c1000000-0000-0000-0000-000000000077,P2P,2817.66,5.0,COMPLETED,d1000000-0000-0000-0000-000000000028,b1000000-0000-0000-0000-000000000011,2026-01-27T11:45:18+00:00,1,NORMAL_TRANSACTION,Normal Transaction,NORMAL,[],0,0,NORMAL_BASELINE
e1000000-0000-0000-0000-000000001648,tx_norm_001700_be54ec,c1000000-0000-0000-0000-000000000101,c1000000-0000-0000-0000-000000000116,CASH_OUT,3688.65,54.96,COMPLETED,d1000000-0000-0000-0000-000000000007,b1000000-0000-0000-0000-000000000015,2026-01-27T11:53:38+00:00,1,NORMAL_TRANSACTION,Normal Transaction,NORMAL,[],0,0,NORMAL_BASELINE
e1000000-0000-0000-0000-000000001649,tx_norm_001684_f8281e,c1000000-0000-0000-0000-000000000097,c1000000-0000-0000-0000-000000000099,P2P,1435.27,5.0,COMPLETED,d1000000-0000-0000-0000-000000000018,b1000000-0000-0000-0000-000000000007,2026-01-27T12:06:14+00:00,1,NORMAL_TRANSACTION,Normal Transaction,NORMAL,[],0,0,NORMAL_BASELINE
e1000000-0000-0000-0000-000000001650,tx_norm_001609_d11756,c1000000-0000-0000-0000-000000000008,c1000000-0000-0000-0000-000000000110,CASH_OUT,2031.75,30.27,COMPLETED,d1000000-0000-0000-0000-000000000012,b1000000-0000-0000-0000-000000000007,2026-01-27T12:12:21+00:00,1,NORMAL_TRANSACTION,Normal Transaction,NORMAL,[],0,0,NORMAL_BASELINE
e1000000-0000-0000-0000-000000001651,tx_norm_001701_606798,c1000000-0000-0000-0000-000000000034,c1000000-0000-0000-0000-000000000085,P2P,2677.67,5.0,COMPLETED,d1000000-0000-0000-0000-000000000004,b1000000-0000-0000-0000-000000000012,2026-01-27T12:17:29+00:00,1,NORMAL_TRANSACTION,Normal Transaction,NORMAL,[],0,0,NORMAL_BASELINE
e1000000-0000-0000-0000-000000001652,tx_norm_001627_9c186d,c1000000-0000-0000-0000-000000000011,c1000000-0000-0000-0000-000000000008,P2P,1400.1,5.0,COMPLETED,d1000000-0000-0000-0000-000000000020,b1000000-0000-0000-0000-000000000012,2026-01-27T12:17:37+00:00,1,NORMAL_TRANSACTION,Normal Transaction,NORMAL,[],0,0,NORMAL_BASELINE
e1000000-0000-0000-0000-000000001653,tx_norm_001667_f1eef8,c1000000-0000-0000-0000-000000000023,c1000000-0000-0000-0000-000000000019,P2P,380.32,0.0,COMPLETED,d1000000-0000-0000-0000-000000000014,b1000000-0000-0000-0000-000000000019,2026-01-27T12:20:24+00:00,1,NORMAL_TRANSACTION,Normal Transaction,NORMAL,[],0,0,NORMAL_BASELINE
e1000000-0000-0000-0000-000000001654,tx_norm_001635_a8c34b,c1000000-0000-0000-0000-000000000079,c1000000-0000-0000-0000-000000000036,P2P,1755.29,5.0,COMPLETED,d1000000-0000-0000-0000-000000000014,b1000000-0000-0000-0000-000000000018,2026-01-27T12:21:36+00:00,1,NORMAL_TRANSACTION,Normal Transaction,NORMAL,[],0,0,NORMAL_BASELINE
e1000000-0000-0000-0000-000000001655,tx_norm_001690_a012c6,c1000000-0000-0000-0000-000000000022,c1000000-0000-0000-0000-000000000070,P2P,1086.66,5.0,COMPLETED,d1000000-0000-0000-0000-000000000024,b1000000-0000-0000-0000-000000000018,2026-01-27T12:28:26+00:00,1,NORMAL_TRANSACTION,Normal Transaction,NORMAL,[],0,0,NORMAL_BASELINE
e1000000-0000-0000-0000-000000001656,tx_norm_001679_32d5ad,c1000000-0000-0000-0000-000000000024,c1000000-0000-0000-0000-000000000140,PAYMENT,1011.93,0.0,COMPLETED,d1000000-0000-0000-0000-000000000005,b1000000-0000-0000-0000-000000000017,2026-01-27T12:30:09+00:00,1,NORMAL_TRANSACTION,Normal Transaction,NORMAL,[],0,0,NORMAL_BASELINE
e1000000-0000-0000-0000-000000001657,tx_norm_001666_d814ab,c1000000-0000-0000-0000-000000000067,c1000000-0000-0000-0000-000000000069,P2P,2693.26,5.0,COMPLETED,d1000000-0000-0000-0000-000000000030,b1000000-0000-0000-0000-000000000003,2026-01-27T12:31:21+00:00,1,NORMAL_TRANSACTION,Normal Transaction,NORMAL,[],0,0,NORMAL_BASELINE
e1000000-0000-0000-0000-000000001658,tx_norm_001734_a444c0,c1000000-0000-0000-0000-000000000035,c1000000-0000-0000-0000-000000000005,P2P,2983.04,5.0,COMPLETED,d1000000-0000-0000-0000-000000000029,b1000000-0000-0000-0000-000000000019,2026-01-27T12:32:58+00:00,1,NORMAL_TRANSACTION,Normal Transaction,NORMAL,[],0,0,NORMAL_BASELINE
e1000000-0000-0000-0000-000000001659,tx_norm_001723_6208c8,c1000000-0000-0000-0000-000000000067,c1000000-0000-0000-0000-000000000077,P2P,2972.77,5.0,COMPLETED,d1000000-0000-0000-0000-000000000030,b1000000-0000-0000-0000-000000000003,2026-01-27T12:36:06+00:00,1,NORMAL_TRANSACTION,Normal Transaction,NORMAL,[],0,0,NORMAL_BASELINE
e1000000-0000-0000-0000-000000001660,tx_norm_001683_8b1d22,c1000000-0000-0000-0000-000000000081,c1000000-0000-0000-0000-000000000139,PAYMENT,1973.42,0.0,COMPLETED,d1000000-0000-0000-0000-000000000019,b1000000-0000-0000-0000-000000000018,2026-01-27T12:42:31+00:00,1,NORMAL_TRANSACTION,Normal Transaction,NORMAL,[],0,0,NORMAL_BASELINE
e1000000-0000-0000-0000-000000001661,tx_norm_001697_d17bd6,c1000000-0000-0000-0000-000000000049,c1000000-0000-0000-0000-000000000126,CASH_OUT,3505.63,52.23,COMPLETED,d1000000-0000-0000-0000-000000000024,b1000000-0000-0000-0000-000000000014,2026-01-27T12:47:07+00:00,1,NORMAL_TRANSACTION,Normal Transaction,NORMAL,[],0,0,NORMAL_BASELINE
e1000000-0000-0000-0000-000000001662,tx_norm_001625_245792,c1000000-0000-0000-0000-000000000048,c1000000-0000-0000-0000-000000000094,P2P,3710.43,5.0,COMPLETED,d1000000-0000-0000-0000-000000000014,b1000000-0000-0000-0000-000000000012,2026-01-27T12:47:35+00:00,1,NORMAL_TRANSACTION,Normal Transaction,NORMAL,[],0,0,NORMAL_BASELINE
e1000000-0000-0000-0000-000000001663,tx_norm_001663_96ed48,c1000000-0000-0000-0000-000000000129,c1000000-0000-0000-0000-000000000024,CASH_IN,7513.37,0.0,COMPLETED,d1000000-0000-0000-0000-000000000011,b1000000-0000-0000-0000-000000000001,2026-01-27T12:48:30+00:00,1,NORMAL_TRANSACTION,Normal Transaction,NORMAL,[],0,0,NORMAL_BASELINE
e1000000-0000-0000-0000-000000001664,tx_norm_001694_bbbbcc,c1000000-0000-0000-0000-000000000043,c1000000-0000-0000-0000-000000000119,CASH_OUT,2117.11,31.54,COMPLETED,d1000000-0000-0000-0000-000000000023,b1000000-0000-0000-0000-000000000011,2026-01-27T12:51:10+00:00,1,NORMAL_TRANSACTION,Normal Transaction,NORMAL,[],0,0,NORMAL_BASELINE
e1000000-0000-0000-0000-000000001665,tx_norm_001747_611a7d,c1000000-0000-0000-0000-000000000025,c1000000-0000-0000-0000-000000000135,PAYMENT,1096.99,0.0,COMPLETED,d1000000-0000-0000-0000-000000000028,b1000000-0000-0000-0000-000000000004,2026-01-27T12:53:43+00:00,1,NORMAL_TRANSACTION,Normal Transaction,NORMAL,[],0,0,NORMAL_BASELINE
e1000000-0000-0000-0000-000000001666,tx_norm_001640_9e31ec,c1000000-0000-0000-0000-000000000081,c1000000-0000-0000-0000-000000000023,P2P,831.68,5.0,COMPLETED,d1000000-0000-0000-0000-000000000019,b1000000-0000-0000-0000-000000000018,2026-01-27T12:55:31+00:00,1,NORMAL_TRANSACTION,Normal Transaction,NORMAL,[],0,0,NORMAL_BASELINE
e1000000-0000-0000-0000-000000001667,tx_norm_001639_c4170e,c1000000-0000-0000-0000-000000000009,c1000000-0000-0000-0000-000000000140,PAYMENT,698.4,0.0,COMPLETED,d1000000-0000-0000-0000-000000000024,b1000000-0000-0000-0000-000000000015,2026-01-27T12:57:39+00:00,1,NORMAL_TRANSACTION,Normal Transaction,NORMAL,[],0,0,NORMAL_BASELINE
e1000000-0000-0000-0000-000000001668,tx_norm_001726_6ce763,c1000000-0000-0000-0000-000000000018,c1000000-0000-0000-0000-000000000141,RECHARGE,200.0,0.0,COMPLETED,d1000000-0000-0000-0000-000000000027,b1000000-0000-0000-0000-000000000002,2026-01-27T13:04:57+00:00,1,NORMAL_TRANSACTION,Normal Transaction,NORMAL,[],0,0,NORMAL_BASELINE
e1000000-0000-0000-0000-000000001669,tx_norm_001654_9aef9a,c1000000-0000-0000-0000-000000000010,c1000000-0000-0000-0000-000000000138,PAYMENT,2142.66,0.0,COMPLETED,d1000000-0000-0000-0000-000000000013,b1000000-0000-0000-0000-000000000003,2026-01-27T13:05:22+00:00,1,NORMAL_TRANSACTION,Normal Transaction,NORMAL,[],0,0,NORMAL_BASELINE
e1000000-0000-0000-0000-000000001670,tx_norm_001739_ac0798,c1000000-0000-0000-0000-000000000025,c1000000-0000-0000-0000-000000000133,PAYMENT,1164.63,0.0,COMPLETED,d1000000-0000-0000-0000-000000000028,b1000000-0000-0000-0000-000000000004,2026-01-27T13:06:54+00:00,1,NORMAL_TRANSACTION,Normal Transaction,NORMAL,[],0,0,NORMAL_BASELINE
e1000000-0000-0000-0000-000000001671,tx_norm_001617_96afa2,c1000000-0000-0000-0000-000000000008,c1000000-0000-0000-0000-000000000136,PAYMENT,857.7,0.0,COMPLETED,d1000000-0000-0000-0000-000000000012,b1000000-0000-0000-0000-000000000012,2026-01-27T13:12:21+00:00,1,NORMAL_TRANSACTION,Normal Transaction,NORMAL,[],0,0,NORMAL_BASELINE
e1000000-0000-0000-0000-000000001672,tx_norm_001685_a91dec,c1000000-0000-0000-0000-000000000023,c1000000-0000-0000-0000-000000000140,PAYMENT,3066.76,0.0,COMPLETED,d1000000-0000-0000-0000-000000000014,b1000000-0000-0000-0000-000000000019,2026-01-27T13:15:42+00:00,1,NORMAL_TRANSACTION,Normal Transaction,NORMAL,[],0,0,NORMAL_BASELINE
e1000000-0000-0000-0000-000000001673,tx_norm_001652_cc8ba7,c1000000-0000-0000-0000-000000000038,c1000000-0000-0000-0000-000000000113,CASH_OUT,2965.13,44.18,COMPLETED,d1000000-0000-0000-0000-000000000020,b1000000-0000-0000-0000-000000000017,2026-01-27T13:17:12+00:00,1,NORMAL_TRANSACTION,Normal Transaction,NORMAL,[],0,0,NORMAL_BASELINE
e1000000-0000-0000-0000-000000001674,tx_norm_001676_509762,c1000000-0000-0000-0000-000000000066,c1000000-0000-0000-0000-000000000134,PAYMENT,2305.77,0.0,COMPLETED,d1000000-0000-0000-0000-000000000013,b1000000-0000-0000-0000-000000000005,2026-01-27T13:17:29+00:00,1,NORMAL_TRANSACTION,Normal Transaction,NORMAL,[],0,0,NORMAL_BASELINE
e1000000-0000-0000-0000-000000001675,tx_norm_001727_c61f98,c1000000-0000-0000-0000-000000000113,c1000000-0000-0000-0000-000000000072,CASH_IN,4539.22,0.0,COMPLETED,d1000000-0000-0000-0000-000000000011,b1000000-0000-0000-0000-000000000017,2026-01-27T13:19:32+00:00,1,NORMAL_TRANSACTION,Normal Transaction,NORMAL,[],0,0,NORMAL_BASELINE
e1000000-0000-0000-0000-000000001676,tx_norm_001646_290a42,c1000000-0000-0000-0000-000000000121,c1000000-0000-0000-0000-000000000038,CASH_IN,6597.25,0.0,COMPLETED,d1000000-0000-0000-0000-000000000009,b1000000-0000-0000-0000-000000000014,2026-01-27T13:26:57+00:00,1,NORMAL_TRANSACTION,Normal Transaction,NORMAL,[],0,0,NORMAL_BASELINE
e1000000-0000-0000-0000-000000001677,tx_norm_001665_18ce58,c1000000-0000-0000-0000-000000000076,c1000000-0000-0000-0000-000000000137,PAYMENT,3031.54,0.0,COMPLETED,d1000000-0000-0000-0000-000000000030,b1000000-0000-0000-0000-000000000002,2026-01-27T13:28:11+00:00,1,NORMAL_TRANSACTION,Normal Transaction,NORMAL,[],0,0,NORMAL_BASELINE
e1000000-0000-0000-0000-000000001678,tx_norm_001638_f05771,c1000000-0000-0000-0000-000000000028,c1000000-0000-0000-0000-000000000119,CASH_OUT,939.39,14.0,COMPLETED,d1000000-0000-0000-0000-000000000004,b1000000-0000-0000-0000-000000000011,2026-01-27T13:30:40+00:00,1,NORMAL_TRANSACTION,Normal Transaction,NORMAL,[],0,0,NORMAL_BASELINE
e1000000-0000-0000-0000-000000001679,tx_norm_001720_de3b5a,c1000000-0000-0000-0000-000000000036,c1000000-0000-0000-0000-000000000115,CASH_OUT,6655.66,99.17,COMPLETED,d1000000-0000-0000-0000-000000000027,b1000000-0000-0000-0000-000000000011,2026-01-27T13:40:00+00:00,1,NORMAL_TRANSACTION,Normal Transaction,NORMAL,[],0,0,NORMAL_BASELINE
e1000000-0000-0000-0000-000000001680,tx_norm_001686_dd2fb5,c1000000-0000-0000-0000-000000000130,c1000000-0000-0000-0000-000000000062,CASH_IN,8561.09,0.0,COMPLETED,d1000000-0000-0000-0000-000000000010,b1000000-0000-0000-0000-000000000006,2026-01-27T13:44:25+00:00,1,NORMAL_TRANSACTION,Normal Transaction,NORMAL,[],0,0,NORMAL_BASELINE
e1000000-0000-0000-0000-000000001681,tx_norm_001631_8da4af,c1000000-0000-0000-0000-000000000055,c1000000-0000-0000-0000-000000000133,PAYMENT,2612.56,0.0,COMPLETED,d1000000-0000-0000-0000-000000000016,b1000000-0000-0000-0000-000000000016,2026-01-27T13:46:53+00:00,1,NORMAL_TRANSACTION,Normal Transaction,NORMAL,[],0,0,NORMAL_BASELINE
e1000000-0000-0000-0000-000000001682,tx_norm_001750_d5b07c,c1000000-0000-0000-0000-000000000081,c1000000-0000-0000-0000-000000000135,PAYMENT,262.03,0.0,COMPLETED,d1000000-0000-0000-0000-000000000019,b1000000-0000-0000-0000-000000000018,2026-01-27T13:49:41+00:00,1,NORMAL_TRANSACTION,Normal Transaction,NORMAL,[],0,0,NORMAL_BASELINE
e1000000-0000-0000-0000-000000001683,tx_norm_001675_281f45,c1000000-0000-0000-0000-000000000113,c1000000-0000-0000-0000-000000000094,CASH_IN,1669.15,0.0,COMPLETED,d1000000-0000-0000-0000-000000000011,b1000000-0000-0000-0000-000000000017,2026-01-27T13:51:05+00:00,1,NORMAL_TRANSACTION,Normal Transaction,NORMAL,[],0,0,NORMAL_BASELINE
e1000000-0000-0000-0000-000000001684,tx_norm_001735_927a72,c1000000-0000-0000-0000-000000000114,c1000000-0000-0000-0000-000000000081,CASH_IN,1515.04,0.0,COMPLETED,d1000000-0000-0000-0000-000000000009,b1000000-0000-0000-0000-000000000015,2026-01-27T14:02:44+00:00,1,NORMAL_TRANSACTION,Normal Transaction,NORMAL,[],0,0,NORMAL_BASELINE
e1000000-0000-0000-0000-000000001685,tx_norm_001702_48cff1,c1000000-0000-0000-0000-000000000072,c1000000-0000-0000-0000-000000000137,RECHARGE,200.0,0.0,COMPLETED,d1000000-0000-0000-0000-000000000027,b1000000-0000-0000-0000-000000000018,2026-01-27T14:05:14+00:00,1,NORMAL_TRANSACTION,Normal Transaction,NORMAL,[],0,0,NORMAL_BASELINE
e1000000-0000-0000-0000-000000001686,tx_norm_001677_8ee43f,c1000000-0000-0000-0000-000000000122,c1000000-0000-0000-0000-000000000041,CASH_IN,2713.59,0.0,COMPLETED,d1000000-0000-0000-0000-000000000010,b1000000-0000-0000-0000-000000000002,2026-01-27T14:06:59+00:00,1,NORMAL_TRANSACTION,Normal Transaction,NORMAL,[],0,0,NORMAL_BASELINE
e1000000-0000-0000-0000-000000001687,tx_norm_001751_cf97b0,c1000000-0000-0000-0000-000000000090,c1000000-0000-0000-0000-000000000139,PAYMENT,1208.11,0.0,COMPLETED,d1000000-0000-0000-0000-000000000013,b1000000-0000-0000-0000-000000000011,2026-01-27T14:09:34+00:00,1,NORMAL_TRANSACTION,Normal Transaction,NORMAL,[],0,0,NORMAL_BASELINE
e1000000-0000-0000-0000-000000001688,tx_norm_001743_8f80d1,c1000000-0000-0000-0000-000000000132,c1000000-0000-0000-0000-000000000001,CASH_IN,3800.48,0.0,COMPLETED,d1000000-0000-0000-0000-000000000010,b1000000-0000-0000-0000-000000000009,2026-01-27T14:11:40+00:00,1,NORMAL_TRANSACTION,Normal Transaction,NORMAL,[],0,0,NORMAL_BASELINE
e1000000-0000-0000-0000-000000001689,tx_norm_001708_90b84f,c1000000-0000-0000-0000-000000000020,c1000000-0000-0000-0000-000000000005,P2P,1582.2,5.0,COMPLETED,d1000000-0000-0000-0000-000000000019,b1000000-0000-0000-0000-000000000011,2026-01-27T14:19:47+00:00,1,NORMAL_TRANSACTION,Normal Transaction,NORMAL,[],0,0,NORMAL_BASELINE
e1000000-0000-0000-0000-000000001690,tx_norm_001689_56ffdb,c1000000-0000-0000-0000-000000000035,c1000000-0000-0000-0000-000000000121,CASH_OUT,5961.4,88.82,COMPLETED,d1000000-0000-0000-0000-000000000029,b1000000-0000-0000-0000-000000000014,2026-01-27T14:25:16+00:00,1,NORMAL_TRANSACTION,Normal Transaction,NORMAL,[],0,0,NORMAL_BASELINE
e1000000-0000-0000-0000-000000001691,tx_norm_001668_48e80f,c1000000-0000-0000-0000-000000000079,c1000000-0000-0000-0000-000000000138,PAYMENT,453.37,0.0,COMPLETED,d1000000-0000-0000-0000-000000000014,b1000000-0000-0000-0000-000000000018,2026-01-27T14:33:17+00:00,1,NORMAL_TRANSACTION,Normal Transaction,NORMAL,[],0,0,NORMAL_BASELINE
e1000000-0000-0000-0000-000000001692,tx_norm_001616_9d9b72,c1000000-0000-0000-0000-000000000015,c1000000-0000-0000-0000-000000000140,PAYMENT,509.88,0.0,COMPLETED,d1000000-0000-0000-0000-000000000022,b1000000-0000-0000-0000-000000000009,2026-01-27T14:44:27+00:00,1,NORMAL_TRANSACTION,Normal Transaction,NORMAL,[],0,0,NORMAL_BASELINE
e1000000-0000-0000-0000-000000001693,tx_norm_001673_b75c38,c1000000-0000-0000-0000-000000000059,c1000000-0000-0000-0000-000000000137,PAYMENT,2949.89,0.0,COMPLETED,d1000000-0000-0000-0000-000000000010,b1000000-0000-0000-0000-000000000007,2026-01-27T14:46:28+00:00,1,NORMAL_TRANSACTION,Normal Transaction,NORMAL,[],0,0,NORMAL_BASELINE
e1000000-0000-0000-0000-000000001694,tx_norm_001649_ff712f,c1000000-0000-0000-0000-000000000093,c1000000-0000-0000-0000-000000000020,P2P,1838.69,5.0,COMPLETED,d1000000-0000-0000-0000-000000000009,b1000000-0000-0000-0000-000000000006,2026-01-27T14:53:37+00:00,1,NORMAL_TRANSACTION,Normal Transaction,NORMAL,[],0,0,NORMAL_BASELINE
e1000000-0000-0000-0000-000000001695,tx_norm_001741_8063fc,c1000000-0000-0000-0000-000000000108,c1000000-0000-0000-0000-000000000025,CASH_IN,8425.43,0.0,COMPLETED,d1000000-0000-0000-0000-000000000009,b1000000-0000-0000-0000-000000000007,2026-01-27T14:53:42+00:00,1,NORMAL_TRANSACTION,Normal Transaction,NORMAL,[],0,0,NORMAL_BASELINE
e1000000-0000-0000-0000-000000001696,tx_norm_001709_7d1d34,c1000000-0000-0000-0000-000000000027,c1000000-0000-0000-0000-000000000098,P2P,2618.36,5.0,COMPLETED,d1000000-0000-0000-0000-000000000015,b1000000-0000-0000-0000-000000000017,2026-01-27T14:55:00+00:00,1,NORMAL_TRANSACTION,Normal Transaction,NORMAL,[],0,0,NORMAL_BASELINE
e1000000-0000-0000-0000-000000001697,tx_norm_001628_611b92,c1000000-0000-0000-0000-000000000057,c1000000-0000-0000-0000-000000000006,P2P,1165.13,5.0,COMPLETED,d1000000-0000-0000-0000-000000000026,b1000000-0000-0000-0000-000000000015,2026-01-27T15:01:55+00:00,1,NORMAL_TRANSACTION,Normal Transaction,NORMAL,[],0,0,NORMAL_BASELINE
e1000000-0000-0000-0000-000000001698,tx_norm_001710_8e07d8,c1000000-0000-0000-0000-000000000060,c1000000-0000-0000-0000-000000000092,P2P,2276.88,5.0,COMPLETED,d1000000-0000-0000-0000-000000000011,b1000000-0000-0000-0000-000000000002,2026-01-27T15:20:41+00:00,1,NORMAL_TRANSACTION,Normal Transaction,NORMAL,[],0,0,NORMAL_BASELINE
e1000000-0000-0000-0000-000000001699,tx_norm_001730_6f7740,c1000000-0000-0000-0000-000000000127,c1000000-0000-0000-0000-000000000016,CASH_IN,6021.15,0.0,COMPLETED,d1000000-0000-0000-0000-000000000011,b1000000-0000-0000-0000-000000000013,2026-01-27T15:31:44+00:00,1,NORMAL_TRANSACTION,Normal Transaction,NORMAL,[],0,0,NORMAL_BASELINE
e1000000-0000-0000-0000-000000001700,tx_norm_001705_f9cf2b,c1000000-0000-0000-0000-000000000043,c1000000-0000-0000-0000-000000000135,PAYMENT,2619.53,0.0,COMPLETED,d1000000-0000-0000-0000-000000000023,b1000000-0000-0000-0000-000000000002,2026-01-27T15:36:06+00:00,1,NORMAL_TRANSACTION,Normal Transaction,NORMAL,[],0,0,NORMAL_BASELINE
e1000000-0000-0000-0000-000000001701,tx_norm_001655_e8c5a3,c1000000-0000-0000-0000-000000000017,c1000000-0000-0000-0000-000000000070,P2P,1253.26,5.0,COMPLETED,d1000000-0000-0000-0000-000000000013,b1000000-0000-0000-0000-000000000009,2026-01-27T15:50:26+00:00,1,NORMAL_TRANSACTION,Normal Transaction,NORMAL,[],0,0,NORMAL_BASELINE
e1000000-0000-0000-0000-000000001702,tx_norm_001674_bb4c59,c1000000-0000-0000-0000-000000000012,c1000000-0000-0000-0000-000000000135,PAYMENT,3178.89,0.0,COMPLETED,d1000000-0000-0000-0000-000000000002,b1000000-0000-0000-0000-000000000008,2026-01-27T15:56:27+00:00,1,NORMAL_TRANSACTION,Normal Transaction,NORMAL,[],0,0,NORMAL_BASELINE
e1000000-0000-0000-0000-000000001703,tx_norm_001608_568a22,c1000000-0000-0000-0000-000000000084,c1000000-0000-0000-0000-000000000133,RECHARGE,20.0,0.0,COMPLETED,d1000000-0000-0000-0000-000000000024,b1000000-0000-0000-0000-000000000005,2026-01-27T15:59:58+00:00,1,NORMAL_TRANSACTION,Normal Transaction,NORMAL,[],0,0,NORMAL_BASELINE
e1000000-0000-0000-0000-000000001704,tx_norm_001644_ae5714,c1000000-0000-0000-0000-000000000074,c1000000-0000-0000-0000-000000000048,P2P,3765.29,5.0,COMPLETED,d1000000-0000-0000-0000-000000000005,b1000000-0000-0000-0000-000000000009,2026-01-27T16:04:15+00:00,1,NORMAL_TRANSACTION,Normal Transaction,NORMAL,[],0,0,NORMAL_BASELINE
e1000000-0000-0000-0000-000000001705,tx_norm_001693_b7c315,c1000000-0000-0000-0000-000000000021,c1000000-0000-0000-0000-000000000141,PAYMENT,1356.36,0.0,COMPLETED,d1000000-0000-0000-0000-000000000030,b1000000-0000-0000-0000-000000000015,2026-01-27T16:13:23+00:00,1,NORMAL_TRANSACTION,Normal Transaction,NORMAL,[],0,0,NORMAL_BASELINE
e1000000-0000-0000-0000-000000001706,tx_norm_001703_5f6bbc,c1000000-0000-0000-0000-000000000064,c1000000-0000-0000-0000-000000000095,P2P,1892.67,5.0,COMPLETED,d1000000-0000-0000-0000-000000000002,b1000000-0000-0000-0000-000000000003,2026-01-27T16:15:24+00:00,1,NORMAL_TRANSACTION,Normal Transaction,NORMAL,[],0,0,NORMAL_BASELINE
e1000000-0000-0000-0000-000000001707,tx_norm_001716_b85a74,c1000000-0000-0000-0000-000000000027,c1000000-0000-0000-0000-000000000138,PAYMENT,2977.59,0.0,COMPLETED,d1000000-0000-0000-0000-000000000015,b1000000-0000-0000-0000-000000000017,2026-01-27T16:38:16+00:00,1,NORMAL_TRANSACTION,Normal Transaction,NORMAL,[],0,0,NORMAL_BASELINE
e1000000-0000-0000-0000-000000001708,tx_norm_001643_719db5,c1000000-0000-0000-0000-000000000045,c1000000-0000-0000-0000-000000000134,PAYMENT,386.31,0.0,COMPLETED,d1000000-0000-0000-0000-000000000022,b1000000-0000-0000-0000-000000000016,2026-01-27T16:45:02+00:00,1,NORMAL_TRANSACTION,Normal Transaction,NORMAL,[],0,0,NORMAL_BASELINE
e1000000-0000-0000-0000-000000001709,tx_norm_001648_f09fe5,c1000000-0000-0000-0000-000000000131,c1000000-0000-0000-0000-000000000075,CASH_IN,7415.56,0.0,COMPLETED,d1000000-0000-0000-0000-000000000009,b1000000-0000-0000-0000-000000000015,2026-01-27T16:45:49+00:00,1,NORMAL_TRANSACTION,Normal Transaction,NORMAL,[],0,0,NORMAL_BASELINE
e1000000-0000-0000-0000-000000001710,tx_norm_001680_8ec7dc,c1000000-0000-0000-0000-000000000106,c1000000-0000-0000-0000-000000000056,CASH_IN,1605.35,0.0,COMPLETED,d1000000-0000-0000-0000-000000000011,b1000000-0000-0000-0000-000000000006,2026-01-27T16:54:46+00:00,1,NORMAL_TRANSACTION,Normal Transaction,NORMAL,[],0,0,NORMAL_BASELINE
e1000000-0000-0000-0000-000000001711,tx_norm_001623_58bd19,c1000000-0000-0000-0000-000000000070,c1000000-0000-0000-0000-000000000065,P2P,648.83,5.0,COMPLETED,d1000000-0000-0000-0000-000000000012,b1000000-0000-0000-0000-000000000010,2026-01-27T16:57:17+00:00,1,NORMAL_TRANSACTION,Normal Transaction,NORMAL,[],0,0,NORMAL_BASELINE
e1000000-0000-0000-0000-000000001712,tx_norm_001687_e3caa0,c1000000-0000-0000-0000-000000000038,c1000000-0000-0000-0000-000000000035,P2P,2382.2,5.0,COMPLETED,d1000000-0000-0000-0000-000000000020,b1000000-0000-0000-0000-000000000014,2026-01-27T17:26:43+00:00,1,NORMAL_TRANSACTION,Normal Transaction,NORMAL,[],0,0,NORMAL_BASELINE
e1000000-0000-0000-0000-000000001713,tx_norm_001607_1c6244,c1000000-0000-0000-0000-000000000008,c1000000-0000-0000-0000-000000000071,P2P,3199.33,5.0,COMPLETED,d1000000-0000-0000-0000-000000000012,b1000000-0000-0000-0000-000000000012,2026-01-27T17:32:19+00:00,1,NORMAL_TRANSACTION,Normal Transaction,NORMAL,[],0,0,NORMAL_BASELINE
e1000000-0000-0000-0000-000000001714,tx_norm_001691_0567f8,c1000000-0000-0000-0000-000000000070,c1000000-0000-0000-0000-000000000003,P2P,4286.2,5.0,COMPLETED,d1000000-0000-0000-0000-000000000012,b1000000-0000-0000-0000-000000000010,2026-01-27T17:39:21+00:00,1,NORMAL_TRANSACTION,Normal Transaction,NORMAL,[],0,0,NORMAL_BASELINE
e1000000-0000-0000-0000-000000001715,tx_norm_001715_9d2f17,c1000000-0000-0000-0000-000000000067,c1000000-0000-0000-0000-000000000089,P2P,1079.19,5.0,COMPLETED,d1000000-0000-0000-0000-000000000030,b1000000-0000-0000-0000-000000000003,2026-01-27T17:41:10+00:00,1,NORMAL_TRANSACTION,Normal Transaction,NORMAL,[],0,0,NORMAL_BASELINE
e1000000-0000-0000-0000-000000001716,tx_norm_001611_f32d28,c1000000-0000-0000-0000-000000000107,c1000000-0000-0000-0000-000000000045,CASH_IN,9829.5,0.0,COMPLETED,d1000000-0000-0000-0000-000000000011,b1000000-0000-0000-0000-000000000011,2026-01-27T17:44:53+00:00,1,NORMAL_TRANSACTION,Normal Transaction,NORMAL,[],0,0,NORMAL_BASELINE
e1000000-0000-0000-0000-000000001717,tx_norm_001721_8fa50e,c1000000-0000-0000-0000-000000000099,c1000000-0000-0000-0000-000000000052,P2P,4217.52,5.0,COMPLETED,d1000000-0000-0000-0000-000000000004,b1000000-0000-0000-0000-000000000010,2026-01-27T17:46:19+00:00,1,NORMAL_TRANSACTION,Normal Transaction,NORMAL,[],0,0,NORMAL_BASELINE
e1000000-0000-0000-0000-000000001718,tx_norm_001612_454009,c1000000-0000-0000-0000-000000000071,c1000000-0000-0000-0000-000000000121,CASH_OUT,7599.51,113.23,COMPLETED,d1000000-0000-0000-0000-000000000023,b1000000-0000-0000-0000-000000000014,2026-01-27T17:47:39+00:00,1,NORMAL_TRANSACTION,Normal Transaction,NORMAL,[],0,0,NORMAL_BASELINE
e1000000-0000-0000-0000-000000001719,tx_norm_001670_34f3ab,c1000000-0000-0000-0000-000000000086,c1000000-0000-0000-0000-000000000114,CASH_OUT,1557.52,23.21,COMPLETED,d1000000-0000-0000-0000-000000000030,b1000000-0000-0000-0000-000000000015,2026-01-27T17:48:06+00:00,1,NORMAL_TRANSACTION,Normal Transaction,NORMAL,[],0,0,NORMAL_BASELINE
e1000000-0000-0000-0000-000000001720,tx_norm_001630_376f6f,c1000000-0000-0000-0000-000000000034,c1000000-0000-0000-0000-000000000105,P2P,3439.27,5.0,COMPLETED,d1000000-0000-0000-0000-000000000004,b1000000-0000-0000-0000-000000000012,2026-01-27T17:48:57+00:00,1,NORMAL_TRANSACTION,Normal Transaction,NORMAL,[],0,0,NORMAL_BASELINE
e1000000-0000-0000-0000-000000001721,tx_norm_001724_00af08,c1000000-0000-0000-0000-000000000036,c1000000-0000-0000-0000-000000000140,PAYMENT,788.39,0.0,COMPLETED,d1000000-0000-0000-0000-000000000027,b1000000-0000-0000-0000-000000000003,2026-01-27T17:49:54+00:00,1,NORMAL_TRANSACTION,Normal Transaction,NORMAL,[],0,0,NORMAL_BASELINE
e1000000-0000-0000-0000-000000001722,tx_norm_001707_7e50a0,c1000000-0000-0000-0000-000000000073,c1000000-0000-0000-0000-000000000136,PAYMENT,329.75,0.0,COMPLETED,d1000000-0000-0000-0000-000000000005,b1000000-0000-0000-0000-000000000009,2026-01-27T17:53:30+00:00,1,NORMAL_TRANSACTION,Normal Transaction,NORMAL,[],0,0,NORMAL_BASELINE
e1000000-0000-0000-0000-000000001723,tx_norm_001621_b48b9a,c1000000-0000-0000-0000-000000000033,c1000000-0000-0000-0000-000000000071,P2P,1085.2,5.0,COMPLETED,d1000000-0000-0000-0000-000000000030,b1000000-0000-0000-0000-000000000017,2026-01-27T18:07:42+00:00,1,NORMAL_TRANSACTION,Normal Transaction,NORMAL,[],0,0,NORMAL_BASELINE
e1000000-0000-0000-0000-000000001724,tx_norm_001629_5909b7,c1000000-0000-0000-0000-000000000040,c1000000-0000-0000-0000-000000000005,P2P,2528.66,5.0,COMPLETED,d1000000-0000-0000-0000-000000000022,b1000000-0000-0000-0000-000000000012,2026-01-27T18:27:34+00:00,1,NORMAL_TRANSACTION,Normal Transaction,NORMAL,[],0,0,NORMAL_BASELINE
e1000000-0000-0000-0000-000000001725,tx_norm_001656_50581a,c1000000-0000-0000-0000-000000000034,c1000000-0000-0000-0000-000000000103,P2P,1433.61,5.0,COMPLETED,d1000000-0000-0000-0000-000000000004,b1000000-0000-0000-0000-000000000012,2026-01-27T18:37:42+00:00,1,NORMAL_TRANSACTION,Normal Transaction,NORMAL,[],0,0,NORMAL_BASELINE
e1000000-0000-0000-0000-000000001726,tx_norm_001678_385fa7,c1000000-0000-0000-0000-000000000076,c1000000-0000-0000-0000-000000000049,P2P,3950.09,5.0,COMPLETED,d1000000-0000-0000-0000-000000000030,b1000000-0000-0000-0000-000000000002,2026-01-27T18:40:00+00:00,1,NORMAL_TRANSACTION,Normal Transaction,NORMAL,[],0,0,NORMAL_BASELINE
e1000000-0000-0000-0000-000000001727,tx_norm_001722_47ad21,c1000000-0000-0000-0000-000000000020,c1000000-0000-0000-0000-000000000014,P2P,3341.83,5.0,COMPLETED,d1000000-0000-0000-0000-000000000019,b1000000-0000-0000-0000-000000000011,2026-01-27T18:42:12+00:00,1,NORMAL_TRANSACTION,Normal Transaction,NORMAL,[],0,0,NORMAL_BASELINE
e1000000-0000-0000-0000-000000001728,tx_norm_001615_609200,c1000000-0000-0000-0000-000000000062,c1000000-0000-0000-0000-000000000007,P2P,1864.64,5.0,COMPLETED,d1000000-0000-0000-0000-000000000003,b1000000-0000-0000-0000-000000000006,2026-01-27T18:43:47+00:00,1,NORMAL_TRANSACTION,Normal Transaction,NORMAL,[],0,0,NORMAL_BASELINE
e1000000-0000-0000-0000-000000001729,tx_norm_001713_025ec4,c1000000-0000-0000-0000-000000000096,c1000000-0000-0000-0000-000000000141,PAYMENT,1425.35,0.0,COMPLETED,d1000000-0000-0000-0000-000000000023,b1000000-0000-0000-0000-000000000014,2026-01-27T18:51:33+00:00,1,NORMAL_TRANSACTION,Normal Transaction,NORMAL,[],0,0,NORMAL_BASELINE
e1000000-0000-0000-0000-000000001730,tx_norm_001659_fd6c47,c1000000-0000-0000-0000-000000000056,c1000000-0000-0000-0000-000000000106,CASH_OUT,5675.35,84.56,COMPLETED,d1000000-0000-0000-0000-000000000006,b1000000-0000-0000-0000-000000000006,2026-01-27T19:06:08+00:00,1,NORMAL_TRANSACTION,Normal Transaction,NORMAL,[],0,0,NORMAL_BASELINE
e1000000-0000-0000-0000-000000001731,tx_norm_001704_72742e,c1000000-0000-0000-0000-000000000004,c1000000-0000-0000-0000-000000000052,P2P,3516.18,5.0,COMPLETED,d1000000-0000-0000-0000-000000000018,b1000000-0000-0000-0000-000000000007,2026-01-27T19:06:28+00:00,1,NORMAL_TRANSACTION,Normal Transaction,NORMAL,[],0,0,NORMAL_BASELINE
e1000000-0000-0000-0000-000000001732,tx_norm_001740_03a0b9,c1000000-0000-0000-0000-000000000093,c1000000-0000-0000-0000-000000000138,RECHARGE,500.0,0.0,COMPLETED,d1000000-0000-0000-0000-000000000009,b1000000-0000-0000-0000-000000000006,2026-01-27T19:10:57+00:00,1,NORMAL_TRANSACTION,Normal Transaction,NORMAL,[],0,0,NORMAL_BASELINE
e1000000-0000-0000-0000-000000001733,tx_norm_001742_b04fbc,c1000000-0000-0000-0000-000000000006,c1000000-0000-0000-0000-000000000037,P2P,2816.67,5.0,COMPLETED,d1000000-0000-0000-0000-000000000006,b1000000-0000-0000-0000-000000000014,2026-01-27T19:17:05+00:00,1,NORMAL_TRANSACTION,Normal Transaction,NORMAL,[],0,0,NORMAL_BASELINE
e1000000-0000-0000-0000-000000001734,tx_norm_001728_e21f01,c1000000-0000-0000-0000-000000000067,c1000000-0000-0000-0000-000000000041,P2P,2481.95,5.0,COMPLETED,d1000000-0000-0000-0000-000000000030,b1000000-0000-0000-0000-000000000003,2026-01-27T19:30:22+00:00,1,NORMAL_TRANSACTION,Normal Transaction,NORMAL,[],0,0,NORMAL_BASELINE
e1000000-0000-0000-0000-000000001735,tx_norm_001624_855fec,c1000000-0000-0000-0000-000000000027,c1000000-0000-0000-0000-000000000018,P2P,3818.13,5.0,COMPLETED,d1000000-0000-0000-0000-000000000015,b1000000-0000-0000-0000-000000000017,2026-01-27T19:39:31+00:00,1,NORMAL_TRANSACTION,Normal Transaction,NORMAL,[],0,0,NORMAL_BASELINE
e1000000-0000-0000-0000-000000001736,tx_norm_001632_b81ed0,c1000000-0000-0000-0000-000000000069,c1000000-0000-0000-0000-000000000060,P2P,2022.49,5.0,COMPLETED,d1000000-0000-0000-0000-000000000009,b1000000-0000-0000-0000-000000000005,2026-01-27T19:59:43+00:00,1,NORMAL_TRANSACTION,Normal Transaction,NORMAL,[],0,0,NORMAL_BASELINE
e1000000-0000-0000-0000-000000001737,tx_norm_001737_bc775a,c1000000-0000-0000-0000-000000000079,c1000000-0000-0000-0000-000000000093,P2P,858.72,5.0,COMPLETED,d1000000-0000-0000-0000-000000000014,b1000000-0000-0000-0000-000000000018,2026-01-27T20:06:02+00:00,1,NORMAL_TRANSACTION,Normal Transaction,NORMAL,[],0,0,NORMAL_BASELINE
e1000000-0000-0000-0000-000000001738,tx_norm_001746_e09012,c1000000-0000-0000-0000-000000000082,c1000000-0000-0000-0000-000000000048,P2P,2179.5,5.0,COMPLETED,d1000000-0000-0000-0000-000000000010,b1000000-0000-0000-0000-000000000012,2026-01-27T20:10:50+00:00,1,NORMAL_TRANSACTION,Normal Transaction,NORMAL,[],0,0,NORMAL_BASELINE
e1000000-0000-0000-0000-000000001739,tx_norm_001672_f11a31,c1000000-0000-0000-0000-000000000004,c1000000-0000-0000-0000-000000000138,PAYMENT,769.58,0.0,COMPLETED,d1000000-0000-0000-0000-000000000018,b1000000-0000-0000-0000-000000000007,2026-01-27T20:12:00+00:00,1,NORMAL_TRANSACTION,Normal Transaction,NORMAL,[],0,0,NORMAL_BASELINE
e1000000-0000-0000-0000-000000001740,tx_norm_001633_ecb697,c1000000-0000-0000-0000-000000000049,c1000000-0000-0000-0000-000000000061,P2P,3406.23,5.0,COMPLETED,d1000000-0000-0000-0000-000000000024,b1000000-0000-0000-0000-000000000002,2026-01-27T20:33:16+00:00,1,NORMAL_TRANSACTION,Normal Transaction,NORMAL,[],0,0,NORMAL_BASELINE
e1000000-0000-0000-0000-000000001741,tx_norm_001636_a928a5,c1000000-0000-0000-0000-000000000106,c1000000-0000-0000-0000-000000000016,CASH_IN,3762.06,0.0,COMPLETED,d1000000-0000-0000-0000-000000000011,b1000000-0000-0000-0000-000000000006,2026-01-27T20:41:51+00:00,1,NORMAL_TRANSACTION,Normal Transaction,NORMAL,[],0,0,NORMAL_BASELINE
e1000000-0000-0000-0000-000000001742,tx_norm_001610_f2aff8,c1000000-0000-0000-0000-000000000031,c1000000-0000-0000-0000-000000000121,CASH_OUT,1046.84,15.6,COMPLETED,d1000000-0000-0000-0000-000000000004,b1000000-0000-0000-0000-000000000014,2026-01-27T20:42:58+00:00,1,NORMAL_TRANSACTION,Normal Transaction,NORMAL,[],0,0,NORMAL_BASELINE
e1000000-0000-0000-0000-000000001743,tx_norm_001698_6a5658,c1000000-0000-0000-0000-000000000093,c1000000-0000-0000-0000-000000000091,P2P,3478.26,5.0,COMPLETED,d1000000-0000-0000-0000-000000000009,b1000000-0000-0000-0000-000000000006,2026-01-27T21:05:04+00:00,1,NORMAL_TRANSACTION,Normal Transaction,NORMAL,[],0,0,NORMAL_BASELINE
e1000000-0000-0000-0000-000000001744,tx_norm_001729_6fef2c,c1000000-0000-0000-0000-000000000036,c1000000-0000-0000-0000-000000000128,CASH_OUT,1571.63,23.42,COMPLETED,d1000000-0000-0000-0000-000000000027,b1000000-0000-0000-0000-000000000018,2026-01-27T21:13:10+00:00,1,NORMAL_TRANSACTION,Normal Transaction,NORMAL,[],0,0,NORMAL_BASELINE
e1000000-0000-0000-0000-000000001745,tx_norm_001622_de74e1,c1000000-0000-0000-0000-000000000117,c1000000-0000-0000-0000-000000000100,CASH_IN,5962.65,0.0,COMPLETED,d1000000-0000-0000-0000-000000000009,b1000000-0000-0000-0000-000000000009,2026-01-27T21:14:28+00:00,1,NORMAL_TRANSACTION,Normal Transaction,NORMAL,[],0,0,NORMAL_BASELINE
e1000000-0000-0000-0000-000000001746,tx_norm_001637_776894,c1000000-0000-0000-0000-000000000060,c1000000-0000-0000-0000-000000000003,P2P,2091.61,5.0,COMPLETED,d1000000-0000-0000-0000-000000000011,b1000000-0000-0000-0000-000000000002,2026-01-27T21:16:54+00:00,1,NORMAL_TRANSACTION,Normal Transaction,NORMAL,[],0,0,NORMAL_BASELINE
e1000000-0000-0000-0000-000000001747,tx_norm_001671_8a3248,c1000000-0000-0000-0000-000000000077,c1000000-0000-0000-0000-000000000006,P2P,4327.38,5.0,COMPLETED,d1000000-0000-0000-0000-000000000002,b1000000-0000-0000-0000-000000000001,2026-01-27T21:32:48+00:00,1,NORMAL_TRANSACTION,Normal Transaction,NORMAL,[],0,0,NORMAL_BASELINE
e1000000-0000-0000-0000-000000001748,tx_norm_001736_7933ea,c1000000-0000-0000-0000-000000000078,c1000000-0000-0000-0000-000000000140,PAYMENT,1645.42,0.0,COMPLETED,d1000000-0000-0000-0000-000000000009,b1000000-0000-0000-0000-000000000006,2026-01-27T21:45:59+00:00,1,NORMAL_TRANSACTION,Normal Transaction,NORMAL,[],0,0,NORMAL_BASELINE
e1000000-0000-0000-0000-000000001749,tx_norm_001619_2e3b5f,c1000000-0000-0000-0000-000000000010,c1000000-0000-0000-0000-000000000107,CASH_OUT,1450.37,21.61,COMPLETED,d1000000-0000-0000-0000-000000000013,b1000000-0000-0000-0000-000000000011,2026-01-27T21:46:15+00:00,1,NORMAL_TRANSACTION,Normal Transaction,NORMAL,[],0,0,NORMAL_BASELINE
e1000000-0000-0000-0000-000000001750,tx_norm_001738_b5e948,c1000000-0000-0000-0000-000000000016,c1000000-0000-0000-0000-000000000008,P2P,2106.53,5.0,COMPLETED,d1000000-0000-0000-0000-000000000006,b1000000-0000-0000-0000-000000000018,2026-01-27T21:54:08+00:00,1,NORMAL_TRANSACTION,Normal Transaction,NORMAL,[],0,0,NORMAL_BASELINE
e1000000-0000-0000-0000-000000001751,tx_norm_001651_8534bd,c1000000-0000-0000-0000-000000000125,c1000000-0000-0000-0000-000000000061,CASH_IN,6932.78,0.0,COMPLETED,d1000000-0000-0000-0000-000000000011,b1000000-0000-0000-0000-000000000018,2026-01-27T21:56:33+00:00,1,NORMAL_TRANSACTION,Normal Transaction,NORMAL,[],0,0,NORMAL_BASELINE
e1000000-0000-0000-0000-000000001752,tx_norm_001780_afb719,c1000000-0000-0000-0000-000000000047,c1000000-0000-0000-0000-000000000133,PAYMENT,2861.96,0.0,COMPLETED,d1000000-0000-0000-0000-000000000016,b1000000-0000-0000-0000-000000000014,2026-01-28T08:07:55+00:00,1,NORMAL_TRANSACTION,Normal Transaction,NORMAL,[],0,0,NORMAL_BASELINE
e1000000-0000-0000-0000-000000001753,tx_norm_001771_6cfb6a,c1000000-0000-0000-0000-000000000044,c1000000-0000-0000-0000-000000000139,PAYMENT,2144.84,0.0,COMPLETED,d1000000-0000-0000-0000-000000000028,b1000000-0000-0000-0000-000000000011,2026-01-28T08:13:19+00:00,1,NORMAL_TRANSACTION,Normal Transaction,NORMAL,[],0,0,NORMAL_BASELINE
e1000000-0000-0000-0000-000000001754,tx_norm_001824_f1dde1,c1000000-0000-0000-0000-000000000047,c1000000-0000-0000-0000-000000000093,P2P,1452.24,5.0,COMPLETED,d1000000-0000-0000-0000-000000000016,b1000000-0000-0000-0000-000000000014,2026-01-28T08:14:56+00:00,1,NORMAL_TRANSACTION,Normal Transaction,NORMAL,[],0,0,NORMAL_BASELINE
e1000000-0000-0000-0000-000000001755,tx_norm_001765_b2e33a,c1000000-0000-0000-0000-000000000061,c1000000-0000-0000-0000-000000000072,P2P,3153.18,5.0,COMPLETED,d1000000-0000-0000-0000-000000000028,b1000000-0000-0000-0000-000000000017,2026-01-28T08:30:10+00:00,1,NORMAL_TRANSACTION,Normal Transaction,NORMAL,[],0,0,NORMAL_BASELINE
e1000000-0000-0000-0000-000000001756,tx_norm_001857_fca764,c1000000-0000-0000-0000-000000000091,c1000000-0000-0000-0000-000000000063,P2P,1274.34,5.0,COMPLETED,d1000000-0000-0000-0000-000000000009,b1000000-0000-0000-0000-000000000012,2026-01-28T08:49:42+00:00,1,NORMAL_TRANSACTION,Normal Transaction,NORMAL,[],0,0,NORMAL_BASELINE
e1000000-0000-0000-0000-000000001757,tx_norm_001866_f5b4ae,c1000000-0000-0000-0000-000000000073,c1000000-0000-0000-0000-000000000056,P2P,4481.31,5.0,COMPLETED,d1000000-0000-0000-0000-000000000005,b1000000-0000-0000-0000-000000000009,2026-01-28T08:58:32+00:00,1,NORMAL_TRANSACTION,Normal Transaction,NORMAL,[],0,0,NORMAL_BASELINE
e1000000-0000-0000-0000-000000001758,tx_norm_001856_97caee,c1000000-0000-0000-0000-000000000093,c1000000-0000-0000-0000-000000000062,P2P,4248.42,5.0,COMPLETED,d1000000-0000-0000-0000-000000000009,b1000000-0000-0000-0000-000000000006,2026-01-28T09:04:15+00:00,1,NORMAL_TRANSACTION,Normal Transaction,NORMAL,[],0,0,NORMAL_BASELINE
e1000000-0000-0000-0000-000000001759,tx_norm_001786_e1cd2b,c1000000-0000-0000-0000-000000000078,c1000000-0000-0000-0000-000000000094,P2P,2942.6,5.0,COMPLETED,d1000000-0000-0000-0000-000000000009,b1000000-0000-0000-0000-000000000006,2026-01-28T09:20:23+00:00,1,NORMAL_TRANSACTION,Normal Transaction,NORMAL,[],0,0,NORMAL_BASELINE
e1000000-0000-0000-0000-000000001760,tx_norm_001798_fc2059,c1000000-0000-0000-0000-000000000045,c1000000-0000-0000-0000-000000000134,PAYMENT,783.03,0.0,COMPLETED,d1000000-0000-0000-0000-000000000022,b1000000-0000-0000-0000-000000000016,2026-01-28T09:40:31+00:00,1,NORMAL_TRANSACTION,Normal Transaction,NORMAL,[],0,0,NORMAL_BASELINE
e1000000-0000-0000-0000-000000001761,tx_norm_001844_29c2f1,c1000000-0000-0000-0000-000000000041,c1000000-0000-0000-0000-000000000141,PAYMENT,1585.04,0.0,COMPLETED,d1000000-0000-0000-0000-000000000008,b1000000-0000-0000-0000-000000000008,2026-01-28T09:48:11+00:00,1,NORMAL_TRANSACTION,Normal Transaction,NORMAL,[],0,0,NORMAL_BASELINE
e1000000-0000-0000-0000-000000001762,tx_norm_001845_afdc8a,c1000000-0000-0000-0000-000000000109,c1000000-0000-0000-0000-000000000057,CASH_IN,4081.89,0.0,COMPLETED,d1000000-0000-0000-0000-000000000010,b1000000-0000-0000-0000-000000000003,2026-01-28T09:48:27+00:00,1,NORMAL_TRANSACTION,Normal Transaction,NORMAL,[],0,0,NORMAL_BASELINE
e1000000-0000-0000-0000-000000001763,tx_norm_001878_0c994e,c1000000-0000-0000-0000-000000000096,c1000000-0000-0000-0000-000000000095,P2P,1096.91,5.0,COMPLETED,d1000000-0000-0000-0000-000000000023,b1000000-0000-0000-0000-000000000014,2026-01-28T09:53:24+00:00,1,NORMAL_TRANSACTION,Normal Transaction,NORMAL,[],0,0,NORMAL_BASELINE
e1000000-0000-0000-0000-000000001764,tx_norm_001836_bbbbfd,c1000000-0000-0000-0000-000000000036,c1000000-0000-0000-0000-000000000012,P2P,3395.37,5.0,COMPLETED,d1000000-0000-0000-0000-000000000027,b1000000-0000-0000-0000-000000000003,2026-01-28T10:02:38+00:00,1,NORMAL_TRANSACTION,Normal Transaction,NORMAL,[],0,0,NORMAL_BASELINE
e1000000-0000-0000-0000-000000001765,tx_norm_001865_d4e89d,c1000000-0000-0000-0000-000000000051,c1000000-0000-0000-0000-000000000140,PAYMENT,2584.2,0.0,COMPLETED,d1000000-0000-0000-0000-000000000018,b1000000-0000-0000-0000-000000000015,2026-01-28T10:07:41+00:00,1,NORMAL_TRANSACTION,Normal Transaction,NORMAL,[],0,0,NORMAL_BASELINE
e1000000-0000-0000-0000-000000001766,tx_norm_001773_1527ed,c1000000-0000-0000-0000-000000000132,c1000000-0000-0000-0000-000000000014,CASH_IN,5184.3,0.0,COMPLETED,d1000000-0000-0000-0000-000000000010,b1000000-0000-0000-0000-000000000009,2026-01-28T10:10:25+00:00,1,NORMAL_TRANSACTION,Normal Transaction,NORMAL,[],0,0,NORMAL_BASELINE
e1000000-0000-0000-0000-000000001767,tx_norm_001767_487f70,c1000000-0000-0000-0000-000000000052,c1000000-0000-0000-0000-000000000130,CASH_OUT,2953.34,44.0,COMPLETED,d1000000-0000-0000-0000-000000000015,b1000000-0000-0000-0000-000000000006,2026-01-28T10:20:48+00:00,1,NORMAL_TRANSACTION,Normal Transaction,NORMAL,[],0,0,NORMAL_BASELINE
e1000000-0000-0000-0000-000000001768,tx_norm_001877_2326e3,c1000000-0000-0000-0000-000000000028,c1000000-0000-0000-0000-000000000100,P2P,1727.98,5.0,COMPLETED,d1000000-0000-0000-0000-000000000004,b1000000-0000-0000-0000-000000000018,2026-01-28T10:27:17+00:00,1,NORMAL_TRANSACTION,Normal Transaction,NORMAL,[],0,0,NORMAL_BASELINE
e1000000-0000-0000-0000-000000001769,tx_norm_001763_149379,c1000000-0000-0000-0000-000000000112,c1000000-0000-0000-0000-000000000023,CASH_IN,3711.54,0.0,COMPLETED,d1000000-0000-0000-0000-000000000009,b1000000-0000-0000-0000-000000000014,2026-01-28T10:29:00+00:00,1,NORMAL_TRANSACTION,Normal Transaction,NORMAL,[],0,0,NORMAL_BASELINE
e1000000-0000-0000-0000-000000001770,tx_norm_001754_e6b9f3,c1000000-0000-0000-0000-000000000073,c1000000-0000-0000-0000-000000000049,P2P,3030.71,5.0,COMPLETED,d1000000-0000-0000-0000-000000000005,b1000000-0000-0000-0000-000000000009,2026-01-28T10:29:37+00:00,1,NORMAL_TRANSACTION,Normal Transaction,NORMAL,[],0,0,NORMAL_BASELINE
e1000000-0000-0000-0000-000000001771,tx_norm_001830_4f2ed3,c1000000-0000-0000-0000-000000000086,c1000000-0000-0000-0000-000000000009,P2P,1672.18,5.0,COMPLETED,d1000000-0000-0000-0000-000000000030,b1000000-0000-0000-0000-000000000011,2026-01-28T10:30:57+00:00,1,NORMAL_TRANSACTION,Normal Transaction,NORMAL,[],0,0,NORMAL_BASELINE
e1000000-0000-0000-0000-000000001772,tx_norm_001812_109792,c1000000-0000-0000-0000-000000000112,c1000000-0000-0000-0000-000000000042,CASH_IN,2193.85,0.0,COMPLETED,d1000000-0000-0000-0000-000000000009,b1000000-0000-0000-0000-000000000014,2026-01-28T10:30:59+00:00,1,NORMAL_TRANSACTION,Normal Transaction,NORMAL,[],0,0,NORMAL_BASELINE
e1000000-0000-0000-0000-000000001773,tx_norm_001837_94ce23,c1000000-0000-0000-0000-000000000030,c1000000-0000-0000-0000-000000000033,P2P,2718.41,5.0,COMPLETED,d1000000-0000-0000-0000-000000000029,b1000000-0000-0000-0000-000000000009,2026-01-28T10:33:19+00:00,1,NORMAL_TRANSACTION,Normal Transaction,NORMAL,[],0,0,NORMAL_BASELINE
e1000000-0000-0000-0000-000000001774,tx_norm_001775_f5bd62,c1000000-0000-0000-0000-000000000059,c1000000-0000-0000-0000-000000000002,P2P,2290.4,5.0,COMPLETED,d1000000-0000-0000-0000-000000000010,b1000000-0000-0000-0000-000000000007,2026-01-28T10:36:32+00:00,1,NORMAL_TRANSACTION,Normal Transaction,NORMAL,[],0,0,NORMAL_BASELINE
e1000000-0000-0000-0000-000000001775,tx_norm_001826_d9d5d6,c1000000-0000-0000-0000-000000000033,c1000000-0000-0000-0000-000000000126,CASH_OUT,2209.39,32.92,COMPLETED,d1000000-0000-0000-0000-000000000030,b1000000-0000-0000-0000-000000000014,2026-01-28T10:38:18+00:00,1,NORMAL_TRANSACTION,Normal Transaction,NORMAL,[],0,0,NORMAL_BASELINE
e1000000-0000-0000-0000-000000001776,tx_norm_001784_754182,c1000000-0000-0000-0000-000000000056,c1000000-0000-0000-0000-000000000137,PAYMENT,1203.43,0.0,COMPLETED,d1000000-0000-0000-0000-000000000006,b1000000-0000-0000-0000-000000000013,2026-01-28T10:46:09+00:00,1,NORMAL_TRANSACTION,Normal Transaction,NORMAL,[],0,0,NORMAL_BASELINE
e1000000-0000-0000-0000-000000001777,tx_norm_001788_6ef59d,c1000000-0000-0000-0000-000000000129,c1000000-0000-0000-0000-000000000011,CASH_IN,8531.68,0.0,COMPLETED,d1000000-0000-0000-0000-000000000011,b1000000-0000-0000-0000-000000000001,2026-01-28T10:47:16+00:00,1,NORMAL_TRANSACTION,Normal Transaction,NORMAL,[],0,0,NORMAL_BASELINE
e1000000-0000-0000-0000-000000001778,tx_norm_001806_55849e,c1000000-0000-0000-0000-000000000037,c1000000-0000-0000-0000-000000000001,P2P,2490.46,5.0,COMPLETED,d1000000-0000-0000-0000-000000000016,b1000000-0000-0000-0000-000000000018,2026-01-28T10:59:55+00:00,1,NORMAL_TRANSACTION,Normal Transaction,NORMAL,[],0,0,NORMAL_BASELINE
e1000000-0000-0000-0000-000000001779,tx_norm_001831_5b43ae,c1000000-0000-0000-0000-000000000094,c1000000-0000-0000-0000-000000000134,PAYMENT,2132.49,0.0,COMPLETED,d1000000-0000-0000-0000-000000000020,b1000000-0000-0000-0000-000000000014,2026-01-28T11:09:17+00:00,1,NORMAL_TRANSACTION,Normal Transaction,NORMAL,[],0,0,NORMAL_BASELINE
e1000000-0000-0000-0000-000000001780,tx_norm_001835_3a747c,c1000000-0000-0000-0000-000000000128,c1000000-0000-0000-0000-000000000084,CASH_IN,8717.7,0.0,COMPLETED,d1000000-0000-0000-0000-000000000009,b1000000-0000-0000-0000-000000000018,2026-01-28T11:16:51+00:00,1,NORMAL_TRANSACTION,Normal Transaction,NORMAL,[],0,0,NORMAL_BASELINE
e1000000-0000-0000-0000-000000001781,tx_norm_001875_0a1990,c1000000-0000-0000-0000-000000000069,c1000000-0000-0000-0000-000000000079,P2P,4261.33,5.0,COMPLETED,d1000000-0000-0000-0000-000000000009,b1000000-0000-0000-0000-000000000005,2026-01-28T11:19:11+00:00,1,NORMAL_TRANSACTION,Normal Transaction,NORMAL,[],0,0,NORMAL_BASELINE
e1000000-0000-0000-0000-000000001782,tx_norm_001861_d13b3a,c1000000-0000-0000-0000-000000000085,c1000000-0000-0000-0000-000000000137,PAYMENT,1847.86,0.0,COMPLETED,d1000000-0000-0000-0000-000000000026,b1000000-0000-0000-0000-000000000006,2026-01-28T11:20:36+00:00,1,NORMAL_TRANSACTION,Normal Transaction,NORMAL,[],0,0,NORMAL_BASELINE
e1000000-0000-0000-0000-000000001783,tx_norm_001752_8365d2,c1000000-0000-0000-0000-000000000071,c1000000-0000-0000-0000-000000000137,RECHARGE,20.0,0.0,COMPLETED,d1000000-0000-0000-0000-000000000023,b1000000-0000-0000-0000-000000000010,2026-01-28T11:21:44+00:00,1,NORMAL_TRANSACTION,Normal Transaction,NORMAL,[],0,0,NORMAL_BASELINE
e1000000-0000-0000-0000-000000001784,tx_norm_001815_ddf7d2,c1000000-0000-0000-0000-000000000001,c1000000-0000-0000-0000-000000000133,RECHARGE,200.0,0.0,COMPLETED,d1000000-0000-0000-0000-000000000009,b1000000-0000-0000-0000-000000000008,2026-01-28T11:29:46+00:00,1,NORMAL_TRANSACTION,Normal Transaction,NORMAL,[],0,0,NORMAL_BASELINE
e1000000-0000-0000-0000-000000001785,tx_norm_001797_a92389,c1000000-0000-0000-0000-000000000050,c1000000-0000-0000-0000-000000000033,P2P,1932.63,5.0,COMPLETED,d1000000-0000-0000-0000-000000000024,b1000000-0000-0000-0000-000000000011,2026-01-28T11:34:44+00:00,1,NORMAL_TRANSACTION,Normal Transaction,NORMAL,[],0,0,NORMAL_BASELINE
e1000000-0000-0000-0000-000000001786,tx_norm_001813_cbf80a,c1000000-0000-0000-0000-000000000088,c1000000-0000-0000-0000-000000000140,PAYMENT,3168.63,0.0,COMPLETED,d1000000-0000-0000-0000-000000000008,b1000000-0000-0000-0000-000000000007,2026-01-28T11:36:29+00:00,1,NORMAL_TRANSACTION,Normal Transaction,NORMAL,[],0,0,NORMAL_BASELINE
e1000000-0000-0000-0000-000000001787,tx_norm_001854_ca79bb,c1000000-0000-0000-0000-000000000048,c1000000-0000-0000-0000-000000000004,P2P,1583.94,5.0,COMPLETED,d1000000-0000-0000-0000-000000000014,b1000000-0000-0000-0000-000000000012,2026-01-28T11:42:45+00:00,1,NORMAL_TRANSACTION,Normal Transaction,NORMAL,[],0,0,NORMAL_BASELINE
e1000000-0000-0000-0000-000000001788,tx_norm_001764_8e2b4d,c1000000-0000-0000-0000-000000000093,c1000000-0000-0000-0000-000000000136,PAYMENT,620.12,0.0,COMPLETED,d1000000-0000-0000-0000-000000000009,b1000000-0000-0000-0000-000000000006,2026-01-28T11:54:13+00:00,1,NORMAL_TRANSACTION,Normal Transaction,NORMAL,[],0,0,NORMAL_BASELINE
e1000000-0000-0000-0000-000000001789,tx_norm_001769_805f6a,c1000000-0000-0000-0000-000000000031,c1000000-0000-0000-0000-000000000049,P2P,1757.81,5.0,COMPLETED,d1000000-0000-0000-0000-000000000004,b1000000-0000-0000-0000-000000000010,2026-01-28T11:56:38+00:00,1,NORMAL_TRANSACTION,Normal Transaction,NORMAL,[],0,0,NORMAL_BASELINE
e1000000-0000-0000-0000-000000001790,tx_norm_001785_755afc,c1000000-0000-0000-0000-000000000094,c1000000-0000-0000-0000-000000000132,CASH_OUT,4426.69,65.96,COMPLETED,d1000000-0000-0000-0000-000000000020,b1000000-0000-0000-0000-000000000009,2026-01-28T11:58:52+00:00,1,NORMAL_TRANSACTION,Normal Transaction,NORMAL,[],0,0,NORMAL_BASELINE
e1000000-0000-0000-0000-000000001791,tx_norm_001872_6d59ad,c1000000-0000-0000-0000-000000000003,c1000000-0000-0000-0000-000000000106,CASH_OUT,2189.22,32.62,COMPLETED,d1000000-0000-0000-0000-000000000003,b1000000-0000-0000-0000-000000000006,2026-01-28T12:00:39+00:00,1,NORMAL_TRANSACTION,Normal Transaction,NORMAL,[],0,0,NORMAL_BASELINE
e1000000-0000-0000-0000-000000001792,tx_norm_001759_6d0767,c1000000-0000-0000-0000-000000000098,c1000000-0000-0000-0000-000000000122,CASH_OUT,1308.91,19.5,COMPLETED,d1000000-0000-0000-0000-000000000022,b1000000-0000-0000-0000-000000000002,2026-01-28T12:02:59+00:00,1,NORMAL_TRANSACTION,Normal Transaction,NORMAL,[],0,0,NORMAL_BASELINE
e1000000-0000-0000-0000-000000001793,tx_norm_001859_c67651,c1000000-0000-0000-0000-000000000096,c1000000-0000-0000-0000-000000000010,P2P,1595.55,5.0,COMPLETED,d1000000-0000-0000-0000-000000000023,b1000000-0000-0000-0000-000000000014,2026-01-28T12:07:30+00:00,1,NORMAL_TRANSACTION,Normal Transaction,NORMAL,[],0,0,NORMAL_BASELINE
e1000000-0000-0000-0000-000000001794,tx_norm_001779_76fab8,c1000000-0000-0000-0000-000000000094,c1000000-0000-0000-0000-000000000120,CASH_OUT,3761.66,56.05,COMPLETED,d1000000-0000-0000-0000-000000000020,b1000000-0000-0000-0000-000000000013,2026-01-28T12:12:32+00:00,1,NORMAL_TRANSACTION,Normal Transaction,NORMAL,[],0,0,NORMAL_BASELINE
e1000000-0000-0000-0000-000000001795,tx_norm_001753_2fb995,c1000000-0000-0000-0000-000000000015,c1000000-0000-0000-0000-000000000068,P2P,3030.83,5.0,COMPLETED,d1000000-0000-0000-0000-000000000022,b1000000-0000-0000-0000-000000000009,2026-01-28T12:13:29+00:00,1,NORMAL_TRANSACTION,Normal Transaction,NORMAL,[],0,0,NORMAL_BASELINE
e1000000-0000-0000-0000-000000001796,tx_norm_001793_398e1d,c1000000-0000-0000-0000-000000000082,c1000000-0000-0000-0000-000000000138,PAYMENT,446.3,0.0,COMPLETED,d1000000-0000-0000-0000-000000000010,b1000000-0000-0000-0000-000000000012,2026-01-28T12:17:29+00:00,1,NORMAL_TRANSACTION,Normal Transaction,NORMAL,[],0,0,NORMAL_BASELINE
e1000000-0000-0000-0000-000000001797,tx_norm_001772_f47bff,c1000000-0000-0000-0000-000000000121,c1000000-0000-0000-0000-000000000005,CASH_IN,3349.18,0.0,COMPLETED,d1000000-0000-0000-0000-000000000009,b1000000-0000-0000-0000-000000000014,2026-01-28T12:19:24+00:00,1,NORMAL_TRANSACTION,Normal Transaction,NORMAL,[],0,0,NORMAL_BASELINE
e1000000-0000-0000-0000-000000001798,tx_norm_001782_9884f7,c1000000-0000-0000-0000-000000000042,c1000000-0000-0000-0000-000000000039,P2P,2934.73,5.0,COMPLETED,d1000000-0000-0000-0000-000000000018,b1000000-0000-0000-0000-000000000008,2026-01-28T12:22:26+00:00,1,NORMAL_TRANSACTION,Normal Transaction,NORMAL,[],0,0,NORMAL_BASELINE
e1000000-0000-0000-0000-000000001799,tx_norm_001781_44698c,c1000000-0000-0000-0000-000000000130,c1000000-0000-0000-0000-000000000105,CASH_IN,1211.77,0.0,COMPLETED,d1000000-0000-0000-0000-000000000010,b1000000-0000-0000-0000-000000000006,2026-01-28T12:27:21+00:00,1,NORMAL_TRANSACTION,Normal Transaction,NORMAL,[],0,0,NORMAL_BASELINE
e1000000-0000-0000-0000-000000001800,tx_norm_001842_f3914a,c1000000-0000-0000-0000-000000000065,c1000000-0000-0000-0000-000000000062,P2P,2411.06,5.0,COMPLETED,d1000000-0000-0000-0000-000000000009,b1000000-0000-0000-0000-000000000007,2026-01-28T12:31:40+00:00,1,NORMAL_TRANSACTION,Normal Transaction,NORMAL,[],0,0,NORMAL_BASELINE
e1000000-0000-0000-0000-000000001801,tx_norm_001818_664101,c1000000-0000-0000-0000-000000000093,c1000000-0000-0000-0000-000000000130,CASH_OUT,799.3,11.91,COMPLETED,d1000000-0000-0000-0000-000000000009,b1000000-0000-0000-0000-000000000006,2026-01-28T12:51:25+00:00,1,NORMAL_TRANSACTION,Normal Transaction,NORMAL,[],0,0,NORMAL_BASELINE
e1000000-0000-0000-0000-000000001802,tx_norm_001873_a75329,c1000000-0000-0000-0000-000000000099,c1000000-0000-0000-0000-000000000138,PAYMENT,1773.71,0.0,COMPLETED,d1000000-0000-0000-0000-000000000004,b1000000-0000-0000-0000-000000000010,2026-01-28T12:54:14+00:00,1,NORMAL_TRANSACTION,Normal Transaction,NORMAL,[],0,0,NORMAL_BASELINE
e1000000-0000-0000-0000-000000001803,tx_norm_001843_4f0dc7,c1000000-0000-0000-0000-000000000036,c1000000-0000-0000-0000-000000000088,P2P,2613.44,5.0,COMPLETED,d1000000-0000-0000-0000-000000000027,b1000000-0000-0000-0000-000000000003,2026-01-28T12:55:34+00:00,1,NORMAL_TRANSACTION,Normal Transaction,NORMAL,[],0,0,NORMAL_BASELINE
e1000000-0000-0000-0000-000000001804,tx_norm_001851_4eda31,c1000000-0000-0000-0000-000000000046,c1000000-0000-0000-0000-000000000097,P2P,1555.99,5.0,COMPLETED,d1000000-0000-0000-0000-000000000030,b1000000-0000-0000-0000-000000000019,2026-01-28T13:09:19+00:00,1,NORMAL_TRANSACTION,Normal Transaction,NORMAL,[],0,0,NORMAL_BASELINE
e1000000-0000-0000-0000-000000001805,tx_norm_001799_27e918,c1000000-0000-0000-0000-000000000120,c1000000-0000-0000-0000-000000000087,CASH_IN,5206.42,0.0,COMPLETED,d1000000-0000-0000-0000-000000000009,b1000000-0000-0000-0000-000000000013,2026-01-28T13:19:18+00:00,1,NORMAL_TRANSACTION,Normal Transaction,NORMAL,[],0,0,NORMAL_BASELINE
e1000000-0000-0000-0000-000000001806,tx_norm_001796_be1924,c1000000-0000-0000-0000-000000000057,c1000000-0000-0000-0000-000000000020,P2P,2186.37,5.0,COMPLETED,d1000000-0000-0000-0000-000000000026,b1000000-0000-0000-0000-000000000015,2026-01-28T13:21:20+00:00,1,NORMAL_TRANSACTION,Normal Transaction,NORMAL,[],0,0,NORMAL_BASELINE
e1000000-0000-0000-0000-000000001807,tx_norm_001829_8675ec,c1000000-0000-0000-0000-000000000063,c1000000-0000-0000-0000-000000000084,P2P,927.22,5.0,COMPLETED,d1000000-0000-0000-0000-000000000008,b1000000-0000-0000-0000-000000000013,2026-01-28T13:33:23+00:00,1,NORMAL_TRANSACTION,Normal Transaction,NORMAL,[],0,0,NORMAL_BASELINE
e1000000-0000-0000-0000-000000001808,tx_norm_001855_70aa99,c1000000-0000-0000-0000-000000000131,c1000000-0000-0000-0000-000000000028,CASH_IN,6558.0,0.0,COMPLETED,d1000000-0000-0000-0000-000000000009,b1000000-0000-0000-0000-000000000015,2026-01-28T13:35:35+00:00,1,NORMAL_TRANSACTION,Normal Transaction,NORMAL,[],0,0,NORMAL_BASELINE
e1000000-0000-0000-0000-000000001809,tx_norm_001833_457f4a,c1000000-0000-0000-0000-000000000013,c1000000-0000-0000-0000-000000000044,P2P,2381.89,5.0,COMPLETED,d1000000-0000-0000-0000-000000000028,b1000000-0000-0000-0000-000000000004,2026-01-28T13:42:02+00:00,1,NORMAL_TRANSACTION,Normal Transaction,NORMAL,[],0,0,NORMAL_BASELINE
e1000000-0000-0000-0000-000000001810,tx_norm_001755_55afb7,c1000000-0000-0000-0000-000000000002,c1000000-0000-0000-0000-000000000135,PAYMENT,1435.29,0.0,COMPLETED,d1000000-0000-0000-0000-000000000022,b1000000-0000-0000-0000-000000000018,2026-01-28T13:44:06+00:00,1,NORMAL_TRANSACTION,Normal Transaction,NORMAL,[],0,0,NORMAL_BASELINE
e1000000-0000-0000-0000-000000001811,tx_norm_001783_88f4ca,c1000000-0000-0000-0000-000000000051,c1000000-0000-0000-0000-000000000136,PAYMENT,684.46,0.0,COMPLETED,d1000000-0000-0000-0000-000000000018,b1000000-0000-0000-0000-000000000015,2026-01-28T13:46:02+00:00,1,NORMAL_TRANSACTION,Normal Transaction,NORMAL,[],0,0,NORMAL_BASELINE
e1000000-0000-0000-0000-000000001812,tx_norm_001847_35d5b1,c1000000-0000-0000-0000-000000000088,c1000000-0000-0000-0000-000000000137,PAYMENT,2979.03,0.0,COMPLETED,d1000000-0000-0000-0000-000000000008,b1000000-0000-0000-0000-000000000007,2026-01-28T13:49:33+00:00,1,NORMAL_TRANSACTION,Normal Transaction,NORMAL,[],0,0,NORMAL_BASELINE
e1000000-0000-0000-0000-000000001813,tx_norm_001888_ab2dd0,c1000000-0000-0000-0000-000000000020,c1000000-0000-0000-0000-000000000129,CASH_OUT,6570.63,97.9,COMPLETED,d1000000-0000-0000-0000-000000000019,b1000000-0000-0000-0000-000000000001,2026-01-28T14:11:11+00:00,1,NORMAL_TRANSACTION,Normal Transaction,NORMAL,[],0,0,NORMAL_BASELINE
e1000000-0000-0000-0000-000000001814,tx_norm_001808_80dc48,c1000000-0000-0000-0000-000000000029,c1000000-0000-0000-0000-000000000018,P2P,2821.74,5.0,COMPLETED,d1000000-0000-0000-0000-000000000014,b1000000-0000-0000-0000-000000000006,2026-01-28T14:12:40+00:00,1,NORMAL_TRANSACTION,Normal Transaction,NORMAL,[],0,0,NORMAL_BASELINE
e1000000-0000-0000-0000-000000001815,tx_norm_001828_da44ae,c1000000-0000-0000-0000-000000000045,c1000000-0000-0000-0000-000000000126,CASH_OUT,1669.08,24.87,COMPLETED,d1000000-0000-0000-0000-000000000022,b1000000-0000-0000-0000-000000000014,2026-01-28T14:30:39+00:00,1,NORMAL_TRANSACTION,Normal Transaction,NORMAL,[],0,0,NORMAL_BASELINE
e1000000-0000-0000-0000-000000001816,tx_norm_001787_6696de,c1000000-0000-0000-0000-000000000082,c1000000-0000-0000-0000-000000000097,P2P,1498.54,5.0,COMPLETED,d1000000-0000-0000-0000-000000000010,b1000000-0000-0000-0000-000000000012,2026-01-28T14:32:46+00:00,1,NORMAL_TRANSACTION,Normal Transaction,NORMAL,[],0,0,NORMAL_BASELINE
e1000000-0000-0000-0000-000000001817,tx_norm_001778_564d36,c1000000-0000-0000-0000-000000000087,c1000000-0000-0000-0000-000000000011,P2P,846.67,5.0,COMPLETED,d1000000-0000-0000-0000-000000000026,b1000000-0000-0000-0000-000000000004,2026-01-28T14:34:48+00:00,1,NORMAL_TRANSACTION,Normal Transaction,NORMAL,[],0,0,NORMAL_BASELINE
e1000000-0000-0000-0000-000000001818,tx_norm_001776_9a87e4,c1000000-0000-0000-0000-000000000034,c1000000-0000-0000-0000-000000000096,P2P,2926.7,5.0,COMPLETED,d1000000-0000-0000-0000-000000000004,b1000000-0000-0000-0000-000000000012,2026-01-28T14:49:03+00:00,1,NORMAL_TRANSACTION,Normal Transaction,NORMAL,[],0,0,NORMAL_BASELINE
e1000000-0000-0000-0000-000000001819,tx_norm_001883_4f5af6,c1000000-0000-0000-0000-000000000013,c1000000-0000-0000-0000-000000000138,PAYMENT,1249.2,0.0,COMPLETED,d1000000-0000-0000-0000-000000000028,b1000000-0000-0000-0000-000000000004,2026-01-28T14:51:26+00:00,1,NORMAL_TRANSACTION,Normal Transaction,NORMAL,[],0,0,NORMAL_BASELINE
e1000000-0000-0000-0000-000000001820,tx_norm_001884_cf6743,c1000000-0000-0000-0000-000000000090,c1000000-0000-0000-0000-000000000011,P2P,2996.86,5.0,COMPLETED,d1000000-0000-0000-0000-000000000013,b1000000-0000-0000-0000-000000000011,2026-01-28T14:54:41+00:00,1,NORMAL_TRANSACTION,Normal Transaction,NORMAL,[],0,0,NORMAL_BASELINE
e1000000-0000-0000-0000-000000001821,tx_norm_001804_aa0b46,c1000000-0000-0000-0000-000000000099,c1000000-0000-0000-0000-000000000047,P2P,2910.19,5.0,COMPLETED,d1000000-0000-0000-0000-000000000004,b1000000-0000-0000-0000-000000000010,2026-01-28T14:57:38+00:00,1,NORMAL_TRANSACTION,Normal Transaction,NORMAL,[],0,0,NORMAL_BASELINE
e1000000-0000-0000-0000-000000001822,tx_norm_001885_3fbe57,c1000000-0000-0000-0000-000000000116,c1000000-0000-0000-0000-000000000006,CASH_IN,2266.62,0.0,COMPLETED,d1000000-0000-0000-0000-000000000011,b1000000-0000-0000-0000-000000000015,2026-01-28T15:01:17+00:00,1,NORMAL_TRANSACTION,Normal Transaction,NORMAL,[],0,0,NORMAL_BASELINE
e1000000-0000-0000-0000-000000001823,tx_norm_001838_12b3b3,c1000000-0000-0000-0000-000000000007,c1000000-0000-0000-0000-000000000116,CASH_OUT,6425.12,95.73,COMPLETED,d1000000-0000-0000-0000-000000000025,b1000000-0000-0000-0000-000000000015,2026-01-28T15:06:34+00:00,1,NORMAL_TRANSACTION,Normal Transaction,NORMAL,[],0,0,NORMAL_BASELINE
e1000000-0000-0000-0000-000000001824,tx_norm_001839_3709d7,c1000000-0000-0000-0000-000000000026,c1000000-0000-0000-0000-000000000013,P2P,2532.19,5.0,COMPLETED,d1000000-0000-0000-0000-000000000014,b1000000-0000-0000-0000-000000000003,2026-01-28T15:07:28+00:00,1,NORMAL_TRANSACTION,Normal Transaction,NORMAL,[],0,0,NORMAL_BASELINE
e1000000-0000-0000-0000-000000001825,tx_norm_001840_7150f9,c1000000-0000-0000-0000-000000000056,c1000000-0000-0000-0000-000000000015,P2P,3295.92,5.0,COMPLETED,d1000000-0000-0000-0000-000000000006,b1000000-0000-0000-0000-000000000013,2026-01-28T15:19:36+00:00,1,NORMAL_TRANSACTION,Normal Transaction,NORMAL,[],0,0,NORMAL_BASELINE
e1000000-0000-0000-0000-000000001826,tx_norm_001864_bf6602,c1000000-0000-0000-0000-000000000091,c1000000-0000-0000-0000-000000000034,P2P,1298.04,5.0,COMPLETED,d1000000-0000-0000-0000-000000000009,b1000000-0000-0000-0000-000000000012,2026-01-28T15:23:21+00:00,1,NORMAL_TRANSACTION,Normal Transaction,NORMAL,[],0,0,NORMAL_BASELINE
e1000000-0000-0000-0000-000000001827,tx_norm_001879_17c522,c1000000-0000-0000-0000-000000000049,c1000000-0000-0000-0000-000000000077,P2P,3702.35,5.0,COMPLETED,d1000000-0000-0000-0000-000000000024,b1000000-0000-0000-0000-000000000002,2026-01-28T15:25:12+00:00,1,NORMAL_TRANSACTION,Normal Transaction,NORMAL,[],0,0,NORMAL_BASELINE
e1000000-0000-0000-0000-000000001828,tx_norm_001814_e8ac45,c1000000-0000-0000-0000-000000000078,c1000000-0000-0000-0000-000000000043,P2P,3949.97,5.0,COMPLETED,d1000000-0000-0000-0000-000000000009,b1000000-0000-0000-0000-000000000006,2026-01-28T15:32:41+00:00,1,NORMAL_TRANSACTION,Normal Transaction,NORMAL,[],0,0,NORMAL_BASELINE
e1000000-0000-0000-0000-000000001829,tx_norm_001832_bdcaf0,c1000000-0000-0000-0000-000000000002,c1000000-0000-0000-0000-000000000141,PAYMENT,2889.31,0.0,COMPLETED,d1000000-0000-0000-0000-000000000022,b1000000-0000-0000-0000-000000000018,2026-01-28T15:36:58+00:00,1,NORMAL_TRANSACTION,Normal Transaction,NORMAL,[],0,0,NORMAL_BASELINE
e1000000-0000-0000-0000-000000001830,tx_norm_001766_1887fa,c1000000-0000-0000-0000-000000000091,c1000000-0000-0000-0000-000000000113,CASH_OUT,6222.92,92.72,COMPLETED,d1000000-0000-0000-0000-000000000009,b1000000-0000-0000-0000-000000000017,2026-01-28T15:42:24+00:00,1,NORMAL_TRANSACTION,Normal Transaction,NORMAL,[],0,0,NORMAL_BASELINE
e1000000-0000-0000-0000-000000001831,tx_norm_001758_adb5d5,c1000000-0000-0000-0000-000000000048,c1000000-0000-0000-0000-000000000078,P2P,1652.88,5.0,COMPLETED,d1000000-0000-0000-0000-000000000014,b1000000-0000-0000-0000-000000000012,2026-01-28T15:53:15+00:00,1,NORMAL_TRANSACTION,Normal Transaction,NORMAL,[],0,0,NORMAL_BASELINE
e1000000-0000-0000-0000-000000001832,tx_norm_001816_898f35,c1000000-0000-0000-0000-000000000054,c1000000-0000-0000-0000-000000000034,P2P,3998.44,5.0,COMPLETED,d1000000-0000-0000-0000-000000000018,b1000000-0000-0000-0000-000000000001,2026-01-28T15:55:24+00:00,1,NORMAL_TRANSACTION,Normal Transaction,NORMAL,[],0,0,NORMAL_BASELINE
e1000000-0000-0000-0000-000000001833,tx_norm_001876_33a2b4,c1000000-0000-0000-0000-000000000041,c1000000-0000-0000-0000-000000000030,P2P,3030.12,5.0,COMPLETED,d1000000-0000-0000-0000-000000000008,b1000000-0000-0000-0000-000000000008,2026-01-28T16:22:04+00:00,1,NORMAL_TRANSACTION,Normal Transaction,NORMAL,[],0,0,NORMAL_BASELINE
e1000000-0000-0000-0000-000000001834,tx_norm_001777_1c968b,c1000000-0000-0000-0000-000000000043,c1000000-0000-0000-0000-000000000141,PAYMENT,3113.9,0.0,COMPLETED,d1000000-0000-0000-0000-000000000023,b1000000-0000-0000-0000-000000000002,2026-01-28T16:23:49+00:00,1,NORMAL_TRANSACTION,Normal Transaction,NORMAL,[],0,0,NORMAL_BASELINE
e1000000-0000-0000-0000-000000001835,tx_norm_001811_dfe913,c1000000-0000-0000-0000-000000000021,c1000000-0000-0000-0000-000000000060,P2P,1786.98,5.0,COMPLETED,d1000000-0000-0000-0000-000000000030,b1000000-0000-0000-0000-000000000015,2026-01-28T16:32:55+00:00,1,NORMAL_TRANSACTION,Normal Transaction,NORMAL,[],0,0,NORMAL_BASELINE
e1000000-0000-0000-0000-000000001836,tx_norm_001805_4949de,c1000000-0000-0000-0000-000000000052,c1000000-0000-0000-0000-000000000065,P2P,3454.36,5.0,COMPLETED,d1000000-0000-0000-0000-000000000015,b1000000-0000-0000-0000-000000000008,2026-01-28T16:34:34+00:00,1,NORMAL_TRANSACTION,Normal Transaction,NORMAL,[],0,0,NORMAL_BASELINE
e1000000-0000-0000-0000-000000001837,tx_norm_001801_60e0b6,c1000000-0000-0000-0000-000000000049,c1000000-0000-0000-0000-000000000141,RECHARGE,50.0,0.0,COMPLETED,d1000000-0000-0000-0000-000000000024,b1000000-0000-0000-0000-000000000002,2026-01-28T16:47:31+00:00,1,NORMAL_TRANSACTION,Normal Transaction,NORMAL,[],0,0,NORMAL_BASELINE
e1000000-0000-0000-0000-000000001838,tx_norm_001834_85dff8,c1000000-0000-0000-0000-000000000011,c1000000-0000-0000-0000-000000000133,PAYMENT,1512.23,0.0,COMPLETED,d1000000-0000-0000-0000-000000000020,b1000000-0000-0000-0000-000000000012,2026-01-28T16:54:47+00:00,1,NORMAL_TRANSACTION,Normal Transaction,NORMAL,[],0,0,NORMAL_BASELINE
e1000000-0000-0000-0000-000000001839,tx_norm_001880_1ecfcd,c1000000-0000-0000-0000-000000000109,c1000000-0000-0000-0000-000000000021,CASH_IN,7809.46,0.0,COMPLETED,d1000000-0000-0000-0000-000000000010,b1000000-0000-0000-0000-000000000003,2026-01-28T16:58:37+00:00,1,NORMAL_TRANSACTION,Normal Transaction,NORMAL,[],0,0,NORMAL_BASELINE
e1000000-0000-0000-0000-000000001840,tx_norm_001886_0fa996,c1000000-0000-0000-0000-000000000018,c1000000-0000-0000-0000-000000000140,PAYMENT,2474.98,0.0,COMPLETED,d1000000-0000-0000-0000-000000000027,b1000000-0000-0000-0000-000000000002,2026-01-28T17:00:08+00:00,1,NORMAL_TRANSACTION,Normal Transaction,NORMAL,[],0,0,NORMAL_BASELINE
e1000000-0000-0000-0000-000000001841,tx_norm_001800_05fe16,c1000000-0000-0000-0000-000000000056,c1000000-0000-0000-0000-000000000054,P2P,4482.05,5.0,COMPLETED,d1000000-0000-0000-0000-000000000006,b1000000-0000-0000-0000-000000000013,2026-01-28T17:10:39+00:00,1,NORMAL_TRANSACTION,Normal Transaction,NORMAL,[],0,0,NORMAL_BASELINE
e1000000-0000-0000-0000-000000001842,tx_norm_001827_bed649,c1000000-0000-0000-0000-000000000034,c1000000-0000-0000-0000-000000000138,PAYMENT,2349.48,0.0,COMPLETED,d1000000-0000-0000-0000-000000000004,b1000000-0000-0000-0000-000000000012,2026-01-28T17:19:09+00:00,1,NORMAL_TRANSACTION,Normal Transaction,NORMAL,[],0,0,NORMAL_BASELINE
e1000000-0000-0000-0000-000000001843,tx_norm_001858_5e9432,c1000000-0000-0000-0000-000000000082,c1000000-0000-0000-0000-000000000044,P2P,1387.0,5.0,COMPLETED,d1000000-0000-0000-0000-000000000010,b1000000-0000-0000-0000-000000000012,2026-01-28T17:24:03+00:00,1,NORMAL_TRANSACTION,Normal Transaction,NORMAL,[],0,0,NORMAL_BASELINE
e1000000-0000-0000-0000-000000001844,tx_norm_001768_962035,c1000000-0000-0000-0000-000000000063,c1000000-0000-0000-0000-000000000087,P2P,3383.85,5.0,COMPLETED,d1000000-0000-0000-0000-000000000008,b1000000-0000-0000-0000-000000000013,2026-01-28T17:25:34+00:00,1,NORMAL_TRANSACTION,Normal Transaction,NORMAL,[],0,0,NORMAL_BASELINE
e1000000-0000-0000-0000-000000001845,tx_norm_001760_e2f7e7,c1000000-0000-0000-0000-000000000066,c1000000-0000-0000-0000-000000000022,P2P,4166.12,5.0,COMPLETED,d1000000-0000-0000-0000-000000000013,b1000000-0000-0000-0000-000000000005,2026-01-28T17:25:37+00:00,1,NORMAL_TRANSACTION,Normal Transaction,NORMAL,[],0,0,NORMAL_BASELINE
e1000000-0000-0000-0000-000000001846,tx_norm_001852_68a650,c1000000-0000-0000-0000-000000000098,c1000000-0000-0000-0000-000000000139,PAYMENT,318.69,0.0,COMPLETED,d1000000-0000-0000-0000-000000000022,b1000000-0000-0000-0000-000000000011,2026-01-28T17:25:48+00:00,1,NORMAL_TRANSACTION,Normal Transaction,NORMAL,[],0,0,NORMAL_BASELINE
e1000000-0000-0000-0000-000000001847,tx_norm_001795_8ec29e,c1000000-0000-0000-0000-000000000070,c1000000-0000-0000-0000-000000000139,PAYMENT,1600.59,0.0,COMPLETED,d1000000-0000-0000-0000-000000000012,b1000000-0000-0000-0000-000000000010,2026-01-28T17:26:40+00:00,1,NORMAL_TRANSACTION,Normal Transaction,NORMAL,[],0,0,NORMAL_BASELINE
e1000000-0000-0000-0000-000000001848,tx_norm_001809_2a9d0c,c1000000-0000-0000-0000-000000000003,c1000000-0000-0000-0000-000000000138,PAYMENT,2009.93,0.0,COMPLETED,d1000000-0000-0000-0000-000000000003,b1000000-0000-0000-0000-000000000007,2026-01-28T17:36:46+00:00,1,NORMAL_TRANSACTION,Normal Transaction,NORMAL,[],0,0,NORMAL_BASELINE
e1000000-0000-0000-0000-000000001849,tx_norm_001770_7ffcb3,c1000000-0000-0000-0000-000000000010,c1000000-0000-0000-0000-000000000084,P2P,1189.32,5.0,COMPLETED,d1000000-0000-0000-0000-000000000013,b1000000-0000-0000-0000-000000000003,2026-01-28T17:38:48+00:00,1,NORMAL_TRANSACTION,Normal Transaction,NORMAL,[],0,0,NORMAL_BASELINE
e1000000-0000-0000-0000-000000001850,tx_norm_001825_ce217f,c1000000-0000-0000-0000-000000000057,c1000000-0000-0000-0000-000000000137,PAYMENT,621.05,0.0,COMPLETED,d1000000-0000-0000-0000-000000000026,b1000000-0000-0000-0000-000000000015,2026-01-28T17:40:19+00:00,1,NORMAL_TRANSACTION,Normal Transaction,NORMAL,[],0,0,NORMAL_BASELINE
e1000000-0000-0000-0000-000000001851,tx_norm_001849_c9eb6e,c1000000-0000-0000-0000-000000000067,c1000000-0000-0000-0000-000000000061,P2P,3010.01,5.0,COMPLETED,d1000000-0000-0000-0000-000000000030,b1000000-0000-0000-0000-000000000003,2026-01-28T17:42:10+00:00,1,NORMAL_TRANSACTION,Normal Transaction,NORMAL,[],0,0,NORMAL_BASELINE
e1000000-0000-0000-0000-000000001852,tx_norm_001841_683c38,c1000000-0000-0000-0000-000000000059,c1000000-0000-0000-0000-000000000133,PAYMENT,917.83,0.0,COMPLETED,d1000000-0000-0000-0000-000000000010,b1000000-0000-0000-0000-000000000007,2026-01-28T17:51:40+00:00,1,NORMAL_TRANSACTION,Normal Transaction,NORMAL,[],0,0,NORMAL_BASELINE
e1000000-0000-0000-0000-000000001853,tx_norm_001848_da3416,c1000000-0000-0000-0000-000000000099,c1000000-0000-0000-0000-000000000051,P2P,3578.99,5.0,COMPLETED,d1000000-0000-0000-0000-000000000004,b1000000-0000-0000-0000-000000000010,2026-01-28T18:09:20+00:00,1,NORMAL_TRANSACTION,Normal Transaction,NORMAL,[],0,0,NORMAL_BASELINE
e1000000-0000-0000-0000-000000001854,tx_norm_001807_f96846,c1000000-0000-0000-0000-000000000050,c1000000-0000-0000-0000-000000000124,CASH_OUT,5398.28,80.43,COMPLETED,d1000000-0000-0000-0000-000000000024,b1000000-0000-0000-0000-000000000010,2026-01-28T18:11:43+00:00,1,NORMAL_TRANSACTION,Normal Transaction,NORMAL,[],0,0,NORMAL_BASELINE
e1000000-0000-0000-0000-000000001855,tx_norm_001792_a83f18,c1000000-0000-0000-0000-000000000027,c1000000-0000-0000-0000-000000000003,P2P,3562.82,5.0,COMPLETED,d1000000-0000-0000-0000-000000000015,b1000000-0000-0000-0000-000000000017,2026-01-28T18:18:17+00:00,1,NORMAL_TRANSACTION,Normal Transaction,NORMAL,[],0,0,NORMAL_BASELINE
e1000000-0000-0000-0000-000000001856,tx_norm_001810_e22ddf,c1000000-0000-0000-0000-000000000048,c1000000-0000-0000-0000-000000000003,P2P,3394.75,5.0,COMPLETED,d1000000-0000-0000-0000-000000000014,b1000000-0000-0000-0000-000000000012,2026-01-28T18:30:43+00:00,1,NORMAL_TRANSACTION,Normal Transaction,NORMAL,[],0,0,NORMAL_BASELINE
e1000000-0000-0000-0000-000000001857,tx_norm_001871_66c67a,c1000000-0000-0000-0000-000000000100,c1000000-0000-0000-0000-000000000139,PAYMENT,2862.66,0.0,COMPLETED,d1000000-0000-0000-0000-000000000011,b1000000-0000-0000-0000-000000000013,2026-01-28T18:36:21+00:00,1,NORMAL_TRANSACTION,Normal Transaction,NORMAL,[],0,0,NORMAL_BASELINE
e1000000-0000-0000-0000-000000001858,tx_norm_001819_433324,c1000000-0000-0000-0000-000000000016,c1000000-0000-0000-0000-000000000134,PAYMENT,595.25,0.0,COMPLETED,d1000000-0000-0000-0000-000000000006,b1000000-0000-0000-0000-000000000018,2026-01-28T18:41:28+00:00,1,NORMAL_TRANSACTION,Normal Transaction,NORMAL,[],0,0,NORMAL_BASELINE
e1000000-0000-0000-0000-000000001859,tx_norm_001774_292fad,c1000000-0000-0000-0000-000000000118,c1000000-0000-0000-0000-000000000103,CASH_IN,8262.24,0.0,COMPLETED,d1000000-0000-0000-0000-000000000010,b1000000-0000-0000-0000-000000000015,2026-01-28T18:46:06+00:00,1,NORMAL_TRANSACTION,Normal Transaction,NORMAL,[],0,0,NORMAL_BASELINE
e1000000-0000-0000-0000-000000001860,tx_norm_001853_d18b62,c1000000-0000-0000-0000-000000000099,c1000000-0000-0000-0000-000000000137,RECHARGE,20.0,0.0,COMPLETED,d1000000-0000-0000-0000-000000000004,b1000000-0000-0000-0000-000000000010,2026-01-28T18:51:08+00:00,1,NORMAL_TRANSACTION,Normal Transaction,NORMAL,[],0,0,NORMAL_BASELINE
e1000000-0000-0000-0000-000000001861,tx_norm_001756_8bf9a6,c1000000-0000-0000-0000-000000000046,c1000000-0000-0000-0000-000000000040,P2P,899.81,5.0,COMPLETED,d1000000-0000-0000-0000-000000000030,b1000000-0000-0000-0000-000000000019,2026-01-28T18:57:06+00:00,1,NORMAL_TRANSACTION,Normal Transaction,NORMAL,[],0,0,NORMAL_BASELINE
e1000000-0000-0000-0000-000000001862,tx_norm_001862_bd32eb,c1000000-0000-0000-0000-000000000108,c1000000-0000-0000-0000-000000000101,CASH_IN,7293.26,0.0,COMPLETED,d1000000-0000-0000-0000-000000000009,b1000000-0000-0000-0000-000000000007,2026-01-28T19:01:08+00:00,1,NORMAL_TRANSACTION,Normal Transaction,NORMAL,[],0,0,NORMAL_BASELINE
e1000000-0000-0000-0000-000000001863,tx_norm_001868_28815c,c1000000-0000-0000-0000-000000000072,c1000000-0000-0000-0000-000000000101,P2P,683.04,5.0,COMPLETED,d1000000-0000-0000-0000-000000000027,b1000000-0000-0000-0000-000000000018,2026-01-28T19:04:36+00:00,1,NORMAL_TRANSACTION,Normal Transaction,NORMAL,[],0,0,NORMAL_BASELINE
e1000000-0000-0000-0000-000000001864,tx_norm_001823_859353,c1000000-0000-0000-0000-000000000005,c1000000-0000-0000-0000-000000000099,P2P,802.09,5.0,COMPLETED,d1000000-0000-0000-0000-000000000015,b1000000-0000-0000-0000-000000000019,2026-01-28T19:16:36+00:00,1,NORMAL_TRANSACTION,Normal Transaction,NORMAL,[],0,0,NORMAL_BASELINE
e1000000-0000-0000-0000-000000001865,tx_norm_001794_d3b4a1,c1000000-0000-0000-0000-000000000037,c1000000-0000-0000-0000-000000000095,P2P,3261.74,5.0,COMPLETED,d1000000-0000-0000-0000-000000000016,b1000000-0000-0000-0000-000000000018,2026-01-28T19:20:14+00:00,1,NORMAL_TRANSACTION,Normal Transaction,NORMAL,[],0,0,NORMAL_BASELINE
e1000000-0000-0000-0000-000000001866,tx_norm_001761_a9d500,c1000000-0000-0000-0000-000000000073,c1000000-0000-0000-0000-000000000135,RECHARGE,50.0,0.0,COMPLETED,d1000000-0000-0000-0000-000000000005,b1000000-0000-0000-0000-000000000009,2026-01-28T19:33:12+00:00,1,NORMAL_TRANSACTION,Normal Transaction,NORMAL,[],0,0,NORMAL_BASELINE
e1000000-0000-0000-0000-000000001867,tx_norm_001881_fc32ed,c1000000-0000-0000-0000-000000000116,c1000000-0000-0000-0000-000000000054,CASH_IN,2718.83,0.0,COMPLETED,d1000000-0000-0000-0000-000000000011,b1000000-0000-0000-0000-000000000015,2026-01-28T19:38:22+00:00,1,NORMAL_TRANSACTION,Normal Transaction,NORMAL,[],0,0,NORMAL_BASELINE
e1000000-0000-0000-0000-000000001868,tx_norm_001791_660f47,c1000000-0000-0000-0000-000000000065,c1000000-0000-0000-0000-000000000087,P2P,396.69,0.0,COMPLETED,d1000000-0000-0000-0000-000000000009,b1000000-0000-0000-0000-000000000007,2026-01-28T19:44:49+00:00,1,NORMAL_TRANSACTION,Normal Transaction,NORMAL,[],0,0,NORMAL_BASELINE
e1000000-0000-0000-0000-000000001869,tx_norm_001817_d3e7ac,c1000000-0000-0000-0000-000000000069,c1000000-0000-0000-0000-000000000133,PAYMENT,1487.49,0.0,COMPLETED,d1000000-0000-0000-0000-000000000009,b1000000-0000-0000-0000-000000000005,2026-01-28T19:49:38+00:00,1,NORMAL_TRANSACTION,Normal Transaction,NORMAL,[],0,0,NORMAL_BASELINE
e1000000-0000-0000-0000-000000001870,tx_norm_001790_6fdbab,c1000000-0000-0000-0000-000000000061,c1000000-0000-0000-0000-000000000028,P2P,3471.09,5.0,COMPLETED,d1000000-0000-0000-0000-000000000028,b1000000-0000-0000-0000-000000000017,2026-01-28T19:51:03+00:00,1,NORMAL_TRANSACTION,Normal Transaction,NORMAL,[],0,0,NORMAL_BASELINE
e1000000-0000-0000-0000-000000001871,tx_norm_001757_6f5a18,c1000000-0000-0000-0000-000000000059,c1000000-0000-0000-0000-000000000124,CASH_OUT,4819.74,71.81,COMPLETED,d1000000-0000-0000-0000-000000000010,b1000000-0000-0000-0000-000000000010,2026-01-28T20:01:28+00:00,1,NORMAL_TRANSACTION,Normal Transaction,NORMAL,[],0,0,NORMAL_BASELINE
e1000000-0000-0000-0000-000000001872,tx_norm_001762_756e3f,c1000000-0000-0000-0000-000000000099,c1000000-0000-0000-0000-000000000019,P2P,3646.41,5.0,COMPLETED,d1000000-0000-0000-0000-000000000004,b1000000-0000-0000-0000-000000000010,2026-01-28T20:03:05+00:00,1,NORMAL_TRANSACTION,Normal Transaction,NORMAL,[],0,0,NORMAL_BASELINE
e1000000-0000-0000-0000-000000001873,tx_norm_001789_daafb6,c1000000-0000-0000-0000-000000000039,c1000000-0000-0000-0000-000000000080,P2P,2410.37,5.0,COMPLETED,d1000000-0000-0000-0000-000000000023,b1000000-0000-0000-0000-000000000007,2026-01-28T20:12:36+00:00,1,NORMAL_TRANSACTION,Normal Transaction,NORMAL,[],0,0,NORMAL_BASELINE
e1000000-0000-0000-0000-000000001874,tx_norm_001887_d2c08e,c1000000-0000-0000-0000-000000000115,c1000000-0000-0000-0000-000000000048,CASH_IN,6558.0,0.0,COMPLETED,d1000000-0000-0000-0000-000000000011,b1000000-0000-0000-0000-000000000011,2026-01-28T20:13:55+00:00,1,NORMAL_TRANSACTION,Normal Transaction,NORMAL,[],0,0,NORMAL_BASELINE
e1000000-0000-0000-0000-000000001875,tx_norm_001822_c99156,c1000000-0000-0000-0000-000000000038,c1000000-0000-0000-0000-000000000090,P2P,2112.09,5.0,COMPLETED,d1000000-0000-0000-0000-000000000020,b1000000-0000-0000-0000-000000000014,2026-01-28T20:15:48+00:00,1,NORMAL_TRANSACTION,Normal Transaction,NORMAL,[],0,0,NORMAL_BASELINE
e1000000-0000-0000-0000-000000001876,tx_norm_001821_754f59,c1000000-0000-0000-0000-000000000043,c1000000-0000-0000-0000-000000000084,P2P,3182.98,5.0,COMPLETED,d1000000-0000-0000-0000-000000000023,b1000000-0000-0000-0000-000000000002,2026-01-28T20:30:13+00:00,1,NORMAL_TRANSACTION,Normal Transaction,NORMAL,[],0,0,NORMAL_BASELINE
e1000000-0000-0000-0000-000000001877,tx_norm_001882_04221b,c1000000-0000-0000-0000-000000000066,c1000000-0000-0000-0000-000000000134,PAYMENT,3031.94,0.0,COMPLETED,d1000000-0000-0000-0000-000000000013,b1000000-0000-0000-0000-000000000005,2026-01-28T20:32:23+00:00,1,NORMAL_TRANSACTION,Normal Transaction,NORMAL,[],0,0,NORMAL_BASELINE
e1000000-0000-0000-0000-000000001878,tx_norm_001850_d59dcb,c1000000-0000-0000-0000-000000000034,c1000000-0000-0000-0000-000000000062,P2P,4217.62,5.0,COMPLETED,d1000000-0000-0000-0000-000000000004,b1000000-0000-0000-0000-000000000012,2026-01-28T20:46:17+00:00,1,NORMAL_TRANSACTION,Normal Transaction,NORMAL,[],0,0,NORMAL_BASELINE
e1000000-0000-0000-0000-000000001879,tx_norm_001803_c053f2,c1000000-0000-0000-0000-000000000071,c1000000-0000-0000-0000-000000000139,RECHARGE,100.0,0.0,COMPLETED,d1000000-0000-0000-0000-000000000023,b1000000-0000-0000-0000-000000000010,2026-01-28T20:49:47+00:00,1,NORMAL_TRANSACTION,Normal Transaction,NORMAL,[],0,0,NORMAL_BASELINE
e1000000-0000-0000-0000-000000001880,tx_norm_001820_2456d7,c1000000-0000-0000-0000-000000000117,c1000000-0000-0000-0000-000000000053,CASH_IN,6908.83,0.0,COMPLETED,d1000000-0000-0000-0000-000000000009,b1000000-0000-0000-0000-000000000009,2026-01-28T20:50:07+00:00,1,NORMAL_TRANSACTION,Normal Transaction,NORMAL,[],0,0,NORMAL_BASELINE
e1000000-0000-0000-0000-000000001881,tx_norm_001874_c5e2cd,c1000000-0000-0000-0000-000000000092,c1000000-0000-0000-0000-000000000124,CASH_OUT,1644.54,24.5,COMPLETED,d1000000-0000-0000-0000-000000000027,b1000000-0000-0000-0000-000000000010,2026-01-28T20:52:36+00:00,1,NORMAL_TRANSACTION,Normal Transaction,NORMAL,[],0,0,NORMAL_BASELINE
e1000000-0000-0000-0000-000000001882,tx_norm_001802_2dba33,c1000000-0000-0000-0000-000000000028,c1000000-0000-0000-0000-000000000015,P2P,2654.2,5.0,COMPLETED,d1000000-0000-0000-0000-000000000004,b1000000-0000-0000-0000-000000000018,2026-01-28T21:07:06+00:00,1,NORMAL_TRANSACTION,Normal Transaction,NORMAL,[],0,0,NORMAL_BASELINE
e1000000-0000-0000-0000-000000001883,tx_norm_001860_168781,c1000000-0000-0000-0000-000000000039,c1000000-0000-0000-0000-000000000075,P2P,1059.98,5.0,COMPLETED,d1000000-0000-0000-0000-000000000023,b1000000-0000-0000-0000-000000000007,2026-01-28T21:09:55+00:00,1,NORMAL_TRANSACTION,Normal Transaction,NORMAL,[],0,0,NORMAL_BASELINE
e1000000-0000-0000-0000-000000001884,tx_norm_001846_8074a1,c1000000-0000-0000-0000-000000000130,c1000000-0000-0000-0000-000000000030,CASH_IN,2918.95,0.0,COMPLETED,d1000000-0000-0000-0000-000000000010,b1000000-0000-0000-0000-000000000006,2026-01-28T21:11:12+00:00,1,NORMAL_TRANSACTION,Normal Transaction,NORMAL,[],0,0,NORMAL_BASELINE
e1000000-0000-0000-0000-000000001885,tx_norm_001870_12b1d1,c1000000-0000-0000-0000-000000000095,c1000000-0000-0000-0000-000000000135,PAYMENT,2133.85,0.0,COMPLETED,d1000000-0000-0000-0000-000000000017,b1000000-0000-0000-0000-000000000004,2026-01-28T21:17:29+00:00,1,NORMAL_TRANSACTION,Normal Transaction,NORMAL,[],0,0,NORMAL_BASELINE
e1000000-0000-0000-0000-000000001886,tx_norm_001863_77e43d,c1000000-0000-0000-0000-000000000129,c1000000-0000-0000-0000-000000000028,CASH_IN,2657.26,0.0,COMPLETED,d1000000-0000-0000-0000-000000000011,b1000000-0000-0000-0000-000000000001,2026-01-28T21:23:57+00:00,1,NORMAL_TRANSACTION,Normal Transaction,NORMAL,[],0,0,NORMAL_BASELINE
e1000000-0000-0000-0000-000000001887,tx_norm_001867_a26653,c1000000-0000-0000-0000-000000000121,c1000000-0000-0000-0000-000000000037,CASH_IN,6173.34,0.0,COMPLETED,d1000000-0000-0000-0000-000000000009,b1000000-0000-0000-0000-000000000014,2026-01-28T21:51:20+00:00,1,NORMAL_TRANSACTION,Normal Transaction,NORMAL,[],0,0,NORMAL_BASELINE
e1000000-0000-0000-0000-000000001888,tx_norm_001869_c461aa,c1000000-0000-0000-0000-000000000060,c1000000-0000-0000-0000-000000000136,PAYMENT,2443.32,0.0,COMPLETED,d1000000-0000-0000-0000-000000000011,b1000000-0000-0000-0000-000000000002,2026-01-28T21:54:05+00:00,1,NORMAL_TRANSACTION,Normal Transaction,NORMAL,[],0,0,NORMAL_BASELINE
e1000000-0000-0000-0000-000000001889,tx_norm_001987_6c3f48,c1000000-0000-0000-0000-000000000080,c1000000-0000-0000-0000-000000000137,PAYMENT,2839.93,0.0,COMPLETED,d1000000-0000-0000-0000-000000000029,b1000000-0000-0000-0000-000000000005,2026-01-29T08:09:09+00:00,1,NORMAL_TRANSACTION,Normal Transaction,NORMAL,[],0,0,NORMAL_BASELINE
e1000000-0000-0000-0000-000000001890,tx_norm_001913_77cf1e,c1000000-0000-0000-0000-000000000067,c1000000-0000-0000-0000-000000000054,P2P,4043.1,5.0,COMPLETED,d1000000-0000-0000-0000-000000000030,b1000000-0000-0000-0000-000000000003,2026-01-29T08:25:18+00:00,1,NORMAL_TRANSACTION,Normal Transaction,NORMAL,[],0,0,NORMAL_BASELINE
e1000000-0000-0000-0000-000000001891,tx_norm_002016_bef800,c1000000-0000-0000-0000-000000000086,c1000000-0000-0000-0000-000000000023,P2P,1375.28,5.0,COMPLETED,d1000000-0000-0000-0000-000000000030,b1000000-0000-0000-0000-000000000011,2026-01-29T08:44:13+00:00,1,NORMAL_TRANSACTION,Normal Transaction,NORMAL,[],0,0,NORMAL_BASELINE
e1000000-0000-0000-0000-000000001892,tx_norm_001959_9d254d,c1000000-0000-0000-0000-000000000016,c1000000-0000-0000-0000-000000000101,P2P,4402.62,5.0,COMPLETED,d1000000-0000-0000-0000-000000000006,b1000000-0000-0000-0000-000000000018,2026-01-29T08:45:48+00:00,1,NORMAL_TRANSACTION,Normal Transaction,NORMAL,[],0,0,NORMAL_BASELINE
e1000000-0000-0000-0000-000000001893,tx_norm_001982_d96688,c1000000-0000-0000-0000-000000000119,c1000000-0000-0000-0000-000000000095,CASH_IN,5575.37,0.0,COMPLETED,d1000000-0000-0000-0000-000000000010,b1000000-0000-0000-0000-000000000011,2026-01-29T08:52:52+00:00,1,NORMAL_TRANSACTION,Normal Transaction,NORMAL,[],0,0,NORMAL_BASELINE
e1000000-0000-0000-0000-000000001894,tx_norm_001891_60857b,c1000000-0000-0000-0000-000000000019,c1000000-0000-0000-0000-000000000054,P2P,399.95,0.0,COMPLETED,d1000000-0000-0000-0000-000000000013,b1000000-0000-0000-0000-000000000009,2026-01-29T08:56:30+00:00,1,NORMAL_TRANSACTION,Normal Transaction,NORMAL,[],0,0,NORMAL_BASELINE
e1000000-0000-0000-0000-000000001895,tx_norm_002020_e6dc9c,c1000000-0000-0000-0000-000000000043,c1000000-0000-0000-0000-000000000108,CASH_OUT,2849.7,42.46,COMPLETED,d1000000-0000-0000-0000-000000000023,b1000000-0000-0000-0000-000000000007,2026-01-29T08:58:55+00:00,1,NORMAL_TRANSACTION,Normal Transaction,NORMAL,[],0,0,NORMAL_BASELINE
e1000000-0000-0000-0000-000000001896,tx_norm_001985_01368f,c1000000-0000-0000-0000-000000000089,c1000000-0000-0000-0000-000000000015,P2P,4174.54,5.0,COMPLETED,d1000000-0000-0000-0000-000000000026,b1000000-0000-0000-0000-000000000008,2026-01-29T08:59:24+00:00,1,NORMAL_TRANSACTION,Normal Transaction,NORMAL,[],0,0,NORMAL_BASELINE
e1000000-0000-0000-0000-000000001897,tx_norm_001995_b190de,c1000000-0000-0000-0000-000000000050,c1000000-0000-0000-0000-000000000024,P2P,559.51,5.0,COMPLETED,d1000000-0000-0000-0000-000000000024,b1000000-0000-0000-0000-000000000011,2026-01-29T09:07:14+00:00,1,NORMAL_TRANSACTION,Normal Transaction,NORMAL,[],0,0,NORMAL_BASELINE
e1000000-0000-0000-0000-000000001898,tx_norm_001893_db5ed3,c1000000-0000-0000-0000-000000000054,c1000000-0000-0000-0000-000000000141,PAYMENT,1493.27,0.0,COMPLETED,d1000000-0000-0000-0000-000000000018,b1000000-0000-0000-0000-000000000001,2026-01-29T09:07:30+00:00,1,NORMAL_TRANSACTION,Normal Transaction,NORMAL,[],0,0,NORMAL_BASELINE
e1000000-0000-0000-0000-000000001899,tx_norm_001966_53ad13,c1000000-0000-0000-0000-000000000068,c1000000-0000-0000-0000-000000000133,RECHARGE,20.0,0.0,COMPLETED,d1000000-0000-0000-0000-000000000019,b1000000-0000-0000-0000-000000000004,2026-01-29T09:10:00+00:00,1,NORMAL_TRANSACTION,Normal Transaction,NORMAL,[],0,0,NORMAL_BASELINE
e1000000-0000-0000-0000-000000001900,tx_norm_001974_677f33,c1000000-0000-0000-0000-000000000031,c1000000-0000-0000-0000-000000000064,P2P,1009.86,5.0,COMPLETED,d1000000-0000-0000-0000-000000000004,b1000000-0000-0000-0000-000000000010,2026-01-29T09:21:15+00:00,1,NORMAL_TRANSACTION,Normal Transaction,NORMAL,[],0,0,NORMAL_BASELINE
e1000000-0000-0000-0000-000000001901,tx_norm_001994_780d90,c1000000-0000-0000-0000-000000000017,c1000000-0000-0000-0000-000000000141,PAYMENT,3186.45,0.0,COMPLETED,d1000000-0000-0000-0000-000000000013,b1000000-0000-0000-0000-000000000009,2026-01-29T09:35:54+00:00,1,NORMAL_TRANSACTION,Normal Transaction,NORMAL,[],0,0,NORMAL_BASELINE
e1000000-0000-0000-0000-000000001902,tx_norm_001991_8974e1,c1000000-0000-0000-0000-000000000102,c1000000-0000-0000-0000-000000000063,P2P,485.95,0.0,COMPLETED,d1000000-0000-0000-0000-000000000029,b1000000-0000-0000-0000-000000000006,2026-01-29T09:40:07+00:00,1,NORMAL_TRANSACTION,Normal Transaction,NORMAL,[],0,0,NORMAL_BASELINE
e1000000-0000-0000-0000-000000001903,tx_norm_001926_6f0b5b,c1000000-0000-0000-0000-000000000075,c1000000-0000-0000-0000-000000000140,PAYMENT,825.23,0.0,COMPLETED,d1000000-0000-0000-0000-000000000007,b1000000-0000-0000-0000-000000000009,2026-01-29T09:45:51+00:00,1,NORMAL_TRANSACTION,Normal Transaction,NORMAL,[],0,0,NORMAL_BASELINE
e1000000-0000-0000-0000-000000001904,tx_norm_001927_6035e4,c1000000-0000-0000-0000-000000000123,c1000000-0000-0000-0000-000000000078,CASH_IN,8536.71,0.0,COMPLETED,d1000000-0000-0000-0000-000000000011,b1000000-0000-0000-0000-000000000001,2026-01-29T09:49:52+00:00,1,NORMAL_TRANSACTION,Normal Transaction,NORMAL,[],0,0,NORMAL_BASELINE
e1000000-0000-0000-0000-000000001905,tx_norm_002004_05112d,c1000000-0000-0000-0000-000000000107,c1000000-0000-0000-0000-000000000073,CASH_IN,5910.24,0.0,COMPLETED,d1000000-0000-0000-0000-000000000011,b1000000-0000-0000-0000-000000000011,2026-01-29T09:54:14+00:00,1,NORMAL_TRANSACTION,Normal Transaction,NORMAL,[],0,0,NORMAL_BASELINE
e1000000-0000-0000-0000-000000001906,tx_norm_001951_504089,c1000000-0000-0000-0000-000000000091,c1000000-0000-0000-0000-000000000140,RECHARGE,500.0,0.0,COMPLETED,d1000000-0000-0000-0000-000000000009,b1000000-0000-0000-0000-000000000012,2026-01-29T09:58:50+00:00,1,NORMAL_TRANSACTION,Normal Transaction,NORMAL,[],0,0,NORMAL_BASELINE
e1000000-0000-0000-0000-000000001907,tx_norm_001963_7feb25,c1000000-0000-0000-0000-000000000091,c1000000-0000-0000-0000-000000000056,P2P,3979.98,5.0,COMPLETED,d1000000-0000-0000-0000-000000000009,b1000000-0000-0000-0000-000000000012,2026-01-29T10:06:19+00:00,1,NORMAL_TRANSACTION,Normal Transaction,NORMAL,[],0,0,NORMAL_BASELINE
e1000000-0000-0000-0000-000000001908,tx_norm_001964_56f7e6,c1000000-0000-0000-0000-000000000045,c1000000-0000-0000-0000-000000000084,P2P,2921.93,5.0,COMPLETED,d1000000-0000-0000-0000-000000000022,b1000000-0000-0000-0000-000000000016,2026-01-29T10:16:25+00:00,1,NORMAL_TRANSACTION,Normal Transaction,NORMAL,[],0,0,NORMAL_BASELINE
e1000000-0000-0000-0000-000000001909,tx_norm_001911_9e4152,c1000000-0000-0000-0000-000000000022,c1000000-0000-0000-0000-000000000083,P2P,2927.54,5.0,COMPLETED,d1000000-0000-0000-0000-000000000024,b1000000-0000-0000-0000-000000000018,2026-01-29T10:23:10+00:00,1,NORMAL_TRANSACTION,Normal Transaction,NORMAL,[],0,0,NORMAL_BASELINE
e1000000-0000-0000-0000-000000001910,tx_norm_001908_ae3a1f,c1000000-0000-0000-0000-000000000066,c1000000-0000-0000-0000-000000000112,CASH_OUT,1562.81,23.29,COMPLETED,d1000000-0000-0000-0000-000000000013,b1000000-0000-0000-0000-000000000014,2026-01-29T10:25:52+00:00,1,NORMAL_TRANSACTION,Normal Transaction,NORMAL,[],0,0,NORMAL_BASELINE
e1000000-0000-0000-0000-000000001911,tx_norm_001901_02ff97,c1000000-0000-0000-0000-000000000031,c1000000-0000-0000-0000-000000000111,CASH_OUT,3475.73,51.79,COMPLETED,d1000000-0000-0000-0000-000000000004,b1000000-0000-0000-0000-000000000005,2026-01-29T10:40:02+00:00,1,NORMAL_TRANSACTION,Normal Transaction,NORMAL,[],0,0,NORMAL_BASELINE
e1000000-0000-0000-0000-000000001912,tx_norm_001945_3ecf5f,c1000000-0000-0000-0000-000000000029,c1000000-0000-0000-0000-000000000090,P2P,4428.03,5.0,COMPLETED,d1000000-0000-0000-0000-000000000014,b1000000-0000-0000-0000-000000000006,2026-01-29T10:42:17+00:00,1,NORMAL_TRANSACTION,Normal Transaction,NORMAL,[],0,0,NORMAL_BASELINE
e1000000-0000-0000-0000-000000001913,tx_norm_001914_4fc55e,c1000000-0000-0000-0000-000000000033,c1000000-0000-0000-0000-000000000092,P2P,2589.76,5.0,COMPLETED,d1000000-0000-0000-0000-000000000030,b1000000-0000-0000-0000-000000000017,2026-01-29T10:46:19+00:00,1,NORMAL_TRANSACTION,Normal Transaction,NORMAL,[],0,0,NORMAL_BASELINE
e1000000-0000-0000-0000-000000001914,tx_norm_001992_894857,c1000000-0000-0000-0000-000000000092,c1000000-0000-0000-0000-000000000139,RECHARGE,100.0,0.0,COMPLETED,d1000000-0000-0000-0000-000000000027,b1000000-0000-0000-0000-000000000018,2026-01-29T10:47:16+00:00,1,NORMAL_TRANSACTION,Normal Transaction,NORMAL,[],0,0,NORMAL_BASELINE
e1000000-0000-0000-0000-000000001915,tx_norm_001907_153d57,c1000000-0000-0000-0000-000000000056,c1000000-0000-0000-0000-000000000072,P2P,4432.54,5.0,COMPLETED,d1000000-0000-0000-0000-000000000006,b1000000-0000-0000-0000-000000000013,2026-01-29T10:55:22+00:00,1,NORMAL_TRANSACTION,Normal Transaction,NORMAL,[],0,0,NORMAL_BASELINE
e1000000-0000-0000-0000-000000001916,tx_norm_001972_eb8510,c1000000-0000-0000-0000-000000000078,c1000000-0000-0000-0000-000000000135,PAYMENT,3191.89,0.0,COMPLETED,d1000000-0000-0000-0000-000000000009,b1000000-0000-0000-0000-000000000006,2026-01-29T10:57:06+00:00,1,NORMAL_TRANSACTION,Normal Transaction,NORMAL,[],0,0,NORMAL_BASELINE
e1000000-0000-0000-0000-000000001917,tx_norm_001918_26df64,c1000000-0000-0000-0000-000000000095,c1000000-0000-0000-0000-000000000075,P2P,4260.67,5.0,COMPLETED,d1000000-0000-0000-0000-000000000017,b1000000-0000-0000-0000-000000000004,2026-01-29T10:57:25+00:00,1,NORMAL_TRANSACTION,Normal Transaction,NORMAL,[],0,0,NORMAL_BASELINE
e1000000-0000-0000-0000-000000001918,tx_norm_002023_9e482e,c1000000-0000-0000-0000-000000000054,c1000000-0000-0000-0000-000000000016,P2P,2488.91,5.0,COMPLETED,d1000000-0000-0000-0000-000000000018,b1000000-0000-0000-0000-000000000001,2026-01-29T10:57:56+00:00,1,NORMAL_TRANSACTION,Normal Transaction,NORMAL,[],0,0,NORMAL_BASELINE
e1000000-0000-0000-0000-000000001919,tx_norm_001942_2550e2,c1000000-0000-0000-0000-000000000127,c1000000-0000-0000-0000-000000000052,CASH_IN,8669.88,0.0,COMPLETED,d1000000-0000-0000-0000-000000000011,b1000000-0000-0000-0000-000000000013,2026-01-29T11:05:05+00:00,1,NORMAL_TRANSACTION,Normal Transaction,NORMAL,[],0,0,NORMAL_BASELINE
e1000000-0000-0000-0000-000000001920,tx_norm_001980_a41425,c1000000-0000-0000-0000-000000000096,c1000000-0000-0000-0000-000000000124,CASH_OUT,4570.9,68.11,COMPLETED,d1000000-0000-0000-0000-000000000023,b1000000-0000-0000-0000-000000000010,2026-01-29T11:05:19+00:00,1,NORMAL_TRANSACTION,Normal Transaction,NORMAL,[],0,0,NORMAL_BASELINE
e1000000-0000-0000-0000-000000001921,tx_norm_001896_150a56,c1000000-0000-0000-0000-000000000104,c1000000-0000-0000-0000-000000000135,PAYMENT,837.93,0.0,COMPLETED,d1000000-0000-0000-0000-000000000026,b1000000-0000-0000-0000-000000000019,2026-01-29T11:08:14+00:00,1,NORMAL_TRANSACTION,Normal Transaction,NORMAL,[],0,0,NORMAL_BASELINE
e1000000-0000-0000-0000-000000001922,tx_norm_001939_e551da,c1000000-0000-0000-0000-000000000117,c1000000-0000-0000-0000-000000000044,CASH_IN,8253.08,0.0,COMPLETED,d1000000-0000-0000-0000-000000000009,b1000000-0000-0000-0000-000000000009,2026-01-29T11:16:54+00:00,1,NORMAL_TRANSACTION,Normal Transaction,NORMAL,[],0,0,NORMAL_BASELINE
e1000000-0000-0000-0000-000000001923,tx_norm_002010_f3ceca,c1000000-0000-0000-0000-000000000059,c1000000-0000-0000-0000-000000000129,CASH_OUT,3892.34,58.0,COMPLETED,d1000000-0000-0000-0000-000000000010,b1000000-0000-0000-0000-000000000001,2026-01-29T11:25:26+00:00,1,NORMAL_TRANSACTION,Normal Transaction,NORMAL,[],0,0,NORMAL_BASELINE
e1000000-0000-0000-0000-000000001924,tx_norm_001996_c4e57a,c1000000-0000-0000-0000-000000000095,c1000000-0000-0000-0000-000000000019,P2P,2100.7,5.0,COMPLETED,d1000000-0000-0000-0000-000000000017,b1000000-0000-0000-0000-000000000004,2026-01-29T11:27:39+00:00,1,NORMAL_TRANSACTION,Normal Transaction,NORMAL,[],0,0,NORMAL_BASELINE
e1000000-0000-0000-0000-000000001925,tx_norm_001968_18d2bf,c1000000-0000-0000-0000-000000000069,c1000000-0000-0000-0000-000000000136,PAYMENT,3126.11,0.0,COMPLETED,d1000000-0000-0000-0000-000000000009,b1000000-0000-0000-0000-000000000005,2026-01-29T11:40:39+00:00,1,NORMAL_TRANSACTION,Normal Transaction,NORMAL,[],0,0,NORMAL_BASELINE
e1000000-0000-0000-0000-000000001926,tx_norm_002012_8c5732,c1000000-0000-0000-0000-000000000094,c1000000-0000-0000-0000-000000000138,PAYMENT,2896.08,0.0,COMPLETED,d1000000-0000-0000-0000-000000000020,b1000000-0000-0000-0000-000000000014,2026-01-29T11:45:12+00:00,1,NORMAL_TRANSACTION,Normal Transaction,NORMAL,[],0,0,NORMAL_BASELINE
e1000000-0000-0000-0000-000000001927,tx_norm_002021_9f8c1c,c1000000-0000-0000-0000-000000000040,c1000000-0000-0000-0000-000000000134,RECHARGE,100.0,0.0,COMPLETED,d1000000-0000-0000-0000-000000000022,b1000000-0000-0000-0000-000000000012,2026-01-29T11:47:09+00:00,1,NORMAL_TRANSACTION,Normal Transaction,NORMAL,[],0,0,NORMAL_BASELINE
e1000000-0000-0000-0000-000000001928,tx_norm_002018_c36db2,c1000000-0000-0000-0000-000000000063,c1000000-0000-0000-0000-000000000041,P2P,2824.54,5.0,COMPLETED,d1000000-0000-0000-0000-000000000008,b1000000-0000-0000-0000-000000000013,2026-01-29T11:55:47+00:00,1,NORMAL_TRANSACTION,Normal Transaction,NORMAL,[],0,0,NORMAL_BASELINE
e1000000-0000-0000-0000-000000001929,tx_norm_001967_f4a985,c1000000-0000-0000-0000-000000000073,c1000000-0000-0000-0000-000000000117,CASH_OUT,6945.19,103.48,COMPLETED,d1000000-0000-0000-0000-000000000005,b1000000-0000-0000-0000-000000000009,2026-01-29T12:01:51+00:00,1,NORMAL_TRANSACTION,Normal Transaction,NORMAL,[],0,0,NORMAL_BASELINE
e1000000-0000-0000-0000-000000001930,tx_norm_001977_6d2341,c1000000-0000-0000-0000-000000000026,c1000000-0000-0000-0000-000000000137,PAYMENT,3029.95,0.0,COMPLETED,d1000000-0000-0000-0000-000000000014,b1000000-0000-0000-0000-000000000003,2026-01-29T12:20:08+00:00,1,NORMAL_TRANSACTION,Normal Transaction,NORMAL,[],0,0,NORMAL_BASELINE
e1000000-0000-0000-0000-000000001931,tx_norm_002001_10ac72,c1000000-0000-0000-0000-000000000041,c1000000-0000-0000-0000-000000000008,P2P,678.87,5.0,COMPLETED,d1000000-0000-0000-0000-000000000008,b1000000-0000-0000-0000-000000000008,2026-01-29T12:35:10+00:00,1,NORMAL_TRANSACTION,Normal Transaction,NORMAL,[],0,0,NORMAL_BASELINE
e1000000-0000-0000-0000-000000001932,tx_norm_001925_15459b,c1000000-0000-0000-0000-000000000086,c1000000-0000-0000-0000-000000000033,P2P,4427.27,5.0,COMPLETED,d1000000-0000-0000-0000-000000000030,b1000000-0000-0000-0000-000000000011,2026-01-29T12:40:32+00:00,1,NORMAL_TRANSACTION,Normal Transaction,NORMAL,[],0,0,NORMAL_BASELINE
e1000000-0000-0000-0000-000000001933,tx_norm_001993_e2b6a8,c1000000-0000-0000-0000-000000000098,c1000000-0000-0000-0000-000000000016,P2P,1898.1,5.0,COMPLETED,d1000000-0000-0000-0000-000000000022,b1000000-0000-0000-0000-000000000011,2026-01-29T12:54:36+00:00,1,NORMAL_TRANSACTION,Normal Transaction,NORMAL,[],0,0,NORMAL_BASELINE
e1000000-0000-0000-0000-000000001934,tx_norm_002008_24dc1e,c1000000-0000-0000-0000-000000000003,c1000000-0000-0000-0000-000000000057,P2P,3663.44,5.0,COMPLETED,d1000000-0000-0000-0000-000000000003,b1000000-0000-0000-0000-000000000007,2026-01-29T12:56:10+00:00,1,NORMAL_TRANSACTION,Normal Transaction,NORMAL,[],0,0,NORMAL_BASELINE
e1000000-0000-0000-0000-000000001935,tx_norm_002014_330c84,c1000000-0000-0000-0000-000000000080,c1000000-0000-0000-0000-000000000139,RECHARGE,20.0,0.0,COMPLETED,d1000000-0000-0000-0000-000000000029,b1000000-0000-0000-0000-000000000005,2026-01-29T12:57:53+00:00,1,NORMAL_TRANSACTION,Normal Transaction,NORMAL,[],0,0,NORMAL_BASELINE
e1000000-0000-0000-0000-000000001936,tx_norm_001933_40e64e,c1000000-0000-0000-0000-000000000094,c1000000-0000-0000-0000-000000000120,CASH_OUT,6870.73,102.37,COMPLETED,d1000000-0000-0000-0000-000000000020,b1000000-0000-0000-0000-000000000013,2026-01-29T12:58:26+00:00,1,NORMAL_TRANSACTION,Normal Transaction,NORMAL,[],0,0,NORMAL_BASELINE
e1000000-0000-0000-0000-000000001937,tx_norm_001975_1748ba,c1000000-0000-0000-0000-000000000062,c1000000-0000-0000-0000-000000000134,RECHARGE,500.0,0.0,COMPLETED,d1000000-0000-0000-0000-000000000003,b1000000-0000-0000-0000-000000000006,2026-01-29T13:03:58+00:00,1,NORMAL_TRANSACTION,Normal Transaction,NORMAL,[],0,0,NORMAL_BASELINE
e1000000-0000-0000-0000-000000001938,tx_norm_001937_4e4b36,c1000000-0000-0000-0000-000000000104,c1000000-0000-0000-0000-000000000136,PAYMENT,1115.43,0.0,COMPLETED,d1000000-0000-0000-0000-000000000026,b1000000-0000-0000-0000-000000000019,2026-01-29T13:22:39+00:00,1,NORMAL_TRANSACTION,Normal Transaction,NORMAL,[],0,0,NORMAL_BASELINE
e1000000-0000-0000-0000-000000001939,tx_norm_002015_f17582,c1000000-0000-0000-0000-000000000050,c1000000-0000-0000-0000-000000000068,P2P,2056.67,5.0,COMPLETED,d1000000-0000-0000-0000-000000000024,b1000000-0000-0000-0000-000000000011,2026-01-29T13:35:56+00:00,1,NORMAL_TRANSACTION,Normal Transaction,NORMAL,[],0,0,NORMAL_BASELINE
e1000000-0000-0000-0000-000000001940,tx_norm_001895_da1a9b,c1000000-0000-0000-0000-000000000121,c1000000-0000-0000-0000-000000000064,CASH_IN,7738.47,0.0,COMPLETED,d1000000-0000-0000-0000-000000000009,b1000000-0000-0000-0000-000000000014,2026-01-29T13:39:42+00:00,1,NORMAL_TRANSACTION,Normal Transaction,NORMAL,[],0,0,NORMAL_BASELINE
e1000000-0000-0000-0000-000000001941,tx_norm_002013_a6f908,c1000000-0000-0000-0000-000000000019,c1000000-0000-0000-0000-000000000062,P2P,667.2,5.0,COMPLETED,d1000000-0000-0000-0000-000000000013,b1000000-0000-0000-0000-000000000009,2026-01-29T13:41:19+00:00,1,NORMAL_TRANSACTION,Normal Transaction,NORMAL,[],0,0,NORMAL_BASELINE
e1000000-0000-0000-0000-000000001942,tx_norm_002000_9a0664,c1000000-0000-0000-0000-000000000057,c1000000-0000-0000-0000-000000000134,PAYMENT,2722.44,0.0,COMPLETED,d1000000-0000-0000-0000-000000000026,b1000000-0000-0000-0000-000000000015,2026-01-29T13:42:46+00:00,1,NORMAL_TRANSACTION,Normal Transaction,NORMAL,[],0,0,NORMAL_BASELINE
e1000000-0000-0000-0000-000000001943,tx_norm_001898_e2327c,c1000000-0000-0000-0000-000000000122,c1000000-0000-0000-0000-000000000067,CASH_IN,6194.5,0.0,COMPLETED,d1000000-0000-0000-0000-000000000010,b1000000-0000-0000-0000-000000000002,2026-01-29T13:45:29+00:00,1,NORMAL_TRANSACTION,Normal Transaction,NORMAL,[],0,0,NORMAL_BASELINE
e1000000-0000-0000-0000-000000001944,tx_norm_001889_4e5a43,c1000000-0000-0000-0000-000000000021,c1000000-0000-0000-0000-000000000004,P2P,2339.49,5.0,COMPLETED,d1000000-0000-0000-0000-000000000030,b1000000-0000-0000-0000-000000000015,2026-01-29T13:56:59+00:00,1,NORMAL_TRANSACTION,Normal Transaction,NORMAL,[],0,0,NORMAL_BASELINE
e1000000-0000-0000-0000-000000001945,tx_norm_001904_74d120,c1000000-0000-0000-0000-000000000104,c1000000-0000-0000-0000-000000000063,P2P,3519.63,5.0,COMPLETED,d1000000-0000-0000-0000-000000000026,b1000000-0000-0000-0000-000000000019,2026-01-29T13:57:11+00:00,1,NORMAL_TRANSACTION,Normal Transaction,NORMAL,[],0,0,NORMAL_BASELINE
e1000000-0000-0000-0000-000000001946,tx_norm_001954_e555e0,c1000000-0000-0000-0000-000000000058,c1000000-0000-0000-0000-000000000073,P2P,2996.19,5.0,COMPLETED,d1000000-0000-0000-0000-000000000024,b1000000-0000-0000-0000-000000000018,2026-01-29T14:04:10+00:00,1,NORMAL_TRANSACTION,Normal Transaction,NORMAL,[],0,0,NORMAL_BASELINE
e1000000-0000-0000-0000-000000001947,tx_norm_001958_f88c26,c1000000-0000-0000-0000-000000000088,c1000000-0000-0000-0000-000000000138,PAYMENT,2781.34,0.0,COMPLETED,d1000000-0000-0000-0000-000000000008,b1000000-0000-0000-0000-000000000007,2026-01-29T14:09:49+00:00,1,NORMAL_TRANSACTION,Normal Transaction,NORMAL,[],0,0,NORMAL_BASELINE
e1000000-0000-0000-0000-000000001948,tx_norm_001957_91e22c,c1000000-0000-0000-0000-000000000069,c1000000-0000-0000-0000-000000000137,PAYMENT,1158.13,0.0,COMPLETED,d1000000-0000-0000-0000-000000000009,b1000000-0000-0000-0000-000000000005,2026-01-29T14:13:42+00:00,1,NORMAL_TRANSACTION,Normal Transaction,NORMAL,[],0,0,NORMAL_BASELINE
e1000000-0000-0000-0000-000000001949,tx_norm_001979_870d86,c1000000-0000-0000-0000-000000000099,c1000000-0000-0000-0000-000000000137,RECHARGE,20.0,0.0,COMPLETED,d1000000-0000-0000-0000-000000000004,b1000000-0000-0000-0000-000000000010,2026-01-29T14:19:31+00:00,1,NORMAL_TRANSACTION,Normal Transaction,NORMAL,[],0,0,NORMAL_BASELINE
e1000000-0000-0000-0000-000000001950,tx_norm_001978_7bee45,c1000000-0000-0000-0000-000000000063,c1000000-0000-0000-0000-000000000134,PAYMENT,1130.62,0.0,COMPLETED,d1000000-0000-0000-0000-000000000008,b1000000-0000-0000-0000-000000000013,2026-01-29T14:24:05+00:00,1,NORMAL_TRANSACTION,Normal Transaction,NORMAL,[],0,0,NORMAL_BASELINE
e1000000-0000-0000-0000-000000001951,tx_norm_001999_a09112,c1000000-0000-0000-0000-000000000065,c1000000-0000-0000-0000-000000000108,CASH_OUT,2189.27,32.62,COMPLETED,d1000000-0000-0000-0000-000000000009,b1000000-0000-0000-0000-000000000007,2026-01-29T14:24:09+00:00,1,NORMAL_TRANSACTION,Normal Transaction,NORMAL,[],0,0,NORMAL_BASELINE
e1000000-0000-0000-0000-000000001952,tx_norm_001917_f2f4f2,c1000000-0000-0000-0000-000000000045,c1000000-0000-0000-0000-000000000010,P2P,1173.11,5.0,COMPLETED,d1000000-0000-0000-0000-000000000022,b1000000-0000-0000-0000-000000000016,2026-01-29T14:37:12+00:00,1,NORMAL_TRANSACTION,Normal Transaction,NORMAL,[],0,0,NORMAL_BASELINE
e1000000-0000-0000-0000-000000001953,tx_norm_001930_70b3e6,c1000000-0000-0000-0000-000000000107,c1000000-0000-0000-0000-000000000045,CASH_IN,6823.8,0.0,COMPLETED,d1000000-0000-0000-0000-000000000011,b1000000-0000-0000-0000-000000000011,2026-01-29T14:52:25+00:00,1,NORMAL_TRANSACTION,Normal Transaction,NORMAL,[],0,0,NORMAL_BASELINE
e1000000-0000-0000-0000-000000001954,tx_norm_001922_2b1fee,c1000000-0000-0000-0000-000000000081,c1000000-0000-0000-0000-000000000060,P2P,2031.42,5.0,COMPLETED,d1000000-0000-0000-0000-000000000019,b1000000-0000-0000-0000-000000000018,2026-01-29T14:53:57+00:00,1,NORMAL_TRANSACTION,Normal Transaction,NORMAL,[],0,0,NORMAL_BASELINE
e1000000-0000-0000-0000-000000001955,tx_norm_001919_85475e,c1000000-0000-0000-0000-000000000042,c1000000-0000-0000-0000-000000000002,P2P,2938.05,5.0,COMPLETED,d1000000-0000-0000-0000-000000000018,b1000000-0000-0000-0000-000000000008,2026-01-29T15:09:43+00:00,1,NORMAL_TRANSACTION,Normal Transaction,NORMAL,[],0,0,NORMAL_BASELINE
e1000000-0000-0000-0000-000000001956,tx_norm_002011_34b6d9,c1000000-0000-0000-0000-000000000052,c1000000-0000-0000-0000-000000000018,P2P,3310.22,5.0,COMPLETED,d1000000-0000-0000-0000-000000000015,b1000000-0000-0000-0000-000000000008,2026-01-29T15:23:21+00:00,1,NORMAL_TRANSACTION,Normal Transaction,NORMAL,[],0,0,NORMAL_BASELINE
e1000000-0000-0000-0000-000000001957,tx_norm_002009_a0624c,c1000000-0000-0000-0000-000000000030,c1000000-0000-0000-0000-000000000118,CASH_OUT,1437.68,21.42,COMPLETED,d1000000-0000-0000-0000-000000000029,b1000000-0000-0000-0000-000000000015,2026-01-29T15:26:45+00:00,1,NORMAL_TRANSACTION,Normal Transaction,NORMAL,[],0,0,NORMAL_BASELINE
e1000000-0000-0000-0000-000000001958,tx_norm_001902_fe2181,c1000000-0000-0000-0000-000000000081,c1000000-0000-0000-0000-000000000074,P2P,1944.32,5.0,COMPLETED,d1000000-0000-0000-0000-000000000019,b1000000-0000-0000-0000-000000000018,2026-01-29T15:30:54+00:00,1,NORMAL_TRANSACTION,Normal Transaction,NORMAL,[],0,0,NORMAL_BASELINE
e1000000-0000-0000-0000-000000001959,tx_norm_002007_2ca268,c1000000-0000-0000-0000-000000000019,c1000000-0000-0000-0000-000000000038,P2P,2939.5,5.0,COMPLETED,d1000000-0000-0000-0000-000000000013,b1000000-0000-0000-0000-000000000009,2026-01-29T15:34:56+00:00,1,NORMAL_TRANSACTION,Normal Transaction,NORMAL,[],0,0,NORMAL_BASELINE
e1000000-0000-0000-0000-000000001960,tx_norm_001903_83b5ad,c1000000-0000-0000-0000-000000000016,c1000000-0000-0000-0000-000000000137,PAYMENT,2149.15,0.0,COMPLETED,d1000000-0000-0000-0000-000000000006,b1000000-0000-0000-0000-000000000018,2026-01-29T15:39:16+00:00,1,NORMAL_TRANSACTION,Normal Transaction,NORMAL,[],0,0,NORMAL_BASELINE
e1000000-0000-0000-0000-000000001961,tx_norm_001946_055171,c1000000-0000-0000-0000-000000000002,c1000000-0000-0000-0000-000000000039,P2P,1247.82,5.0,COMPLETED,d1000000-0000-0000-0000-000000000022,b1000000-0000-0000-0000-000000000018,2026-01-29T15:41:51+00:00,1,NORMAL_TRANSACTION,Normal Transaction,NORMAL,[],0,0,NORMAL_BASELINE
e1000000-0000-0000-0000-000000001962,tx_norm_001935_c553bb,c1000000-0000-0000-0000-000000000102,c1000000-0000-0000-0000-000000000021,P2P,1100.34,5.0,COMPLETED,d1000000-0000-0000-0000-000000000029,b1000000-0000-0000-0000-000000000006,2026-01-29T15:44:40+00:00,1,NORMAL_TRANSACTION,Normal Transaction,NORMAL,[],0,0,NORMAL_BASELINE
e1000000-0000-0000-0000-000000001963,tx_norm_001947_d91049,c1000000-0000-0000-0000-000000000071,c1000000-0000-0000-0000-000000000136,PAYMENT,1407.59,0.0,COMPLETED,d1000000-0000-0000-0000-000000000023,b1000000-0000-0000-0000-000000000010,2026-01-29T15:53:28+00:00,1,NORMAL_TRANSACTION,Normal Transaction,NORMAL,[],0,0,NORMAL_BASELINE
e1000000-0000-0000-0000-000000001964,tx_norm_001955_b807c9,c1000000-0000-0000-0000-000000000088,c1000000-0000-0000-0000-000000000046,P2P,481.27,0.0,COMPLETED,d1000000-0000-0000-0000-000000000008,b1000000-0000-0000-0000-000000000007,2026-01-29T15:55:45+00:00,1,NORMAL_TRANSACTION,Normal Transaction,NORMAL,[],0,0,NORMAL_BASELINE
e1000000-0000-0000-0000-000000001965,tx_norm_001973_ab3041,c1000000-0000-0000-0000-000000000050,c1000000-0000-0000-0000-000000000140,PAYMENT,3029.23,0.0,COMPLETED,d1000000-0000-0000-0000-000000000024,b1000000-0000-0000-0000-000000000011,2026-01-29T15:59:42+00:00,1,NORMAL_TRANSACTION,Normal Transaction,NORMAL,[],0,0,NORMAL_BASELINE
e1000000-0000-0000-0000-000000001966,tx_norm_001920_4c7f9c,c1000000-0000-0000-0000-000000000061,c1000000-0000-0000-0000-000000000136,PAYMENT,2164.29,0.0,COMPLETED,d1000000-0000-0000-0000-000000000028,b1000000-0000-0000-0000-000000000017,2026-01-29T16:06:49+00:00,1,NORMAL_TRANSACTION,Normal Transaction,NORMAL,[],0,0,NORMAL_BASELINE
e1000000-0000-0000-0000-000000001967,tx_norm_001906_b67333,c1000000-0000-0000-0000-000000000059,c1000000-0000-0000-0000-000000000015,P2P,717.19,5.0,COMPLETED,d1000000-0000-0000-0000-000000000010,b1000000-0000-0000-0000-000000000007,2026-01-29T16:08:06+00:00,1,NORMAL_TRANSACTION,Normal Transaction,NORMAL,[],0,0,NORMAL_BASELINE
e1000000-0000-0000-0000-000000001968,tx_norm_001970_899f7c,c1000000-0000-0000-0000-000000000004,c1000000-0000-0000-0000-000000000125,CASH_OUT,790.81,11.78,COMPLETED,d1000000-0000-0000-0000-000000000018,b1000000-0000-0000-0000-000000000018,2026-01-29T16:09:52+00:00,1,NORMAL_TRANSACTION,Normal Transaction,NORMAL,[],0,0,NORMAL_BASELINE
e1000000-0000-0000-0000-000000001969,tx_norm_001943_bc7d00,c1000000-0000-0000-0000-000000000050,c1000000-0000-0000-0000-000000000014,P2P,3833.54,5.0,COMPLETED,d1000000-0000-0000-0000-000000000024,b1000000-0000-0000-0000-000000000011,2026-01-29T16:22:25+00:00,1,NORMAL_TRANSACTION,Normal Transaction,NORMAL,[],0,0,NORMAL_BASELINE
e1000000-0000-0000-0000-000000001970,tx_norm_001983_2f8a63,c1000000-0000-0000-0000-000000000112,c1000000-0000-0000-0000-000000000013,CASH_IN,5115.1,0.0,COMPLETED,d1000000-0000-0000-0000-000000000009,b1000000-0000-0000-0000-000000000014,2026-01-29T16:23:43+00:00,1,NORMAL_TRANSACTION,Normal Transaction,NORMAL,[],0,0,NORMAL_BASELINE
e1000000-0000-0000-0000-000000001971,tx_norm_001960_c61371,c1000000-0000-0000-0000-000000000025,c1000000-0000-0000-0000-000000000033,P2P,4413.06,5.0,COMPLETED,d1000000-0000-0000-0000-000000000028,b1000000-0000-0000-0000-000000000004,2026-01-29T16:26:46+00:00,1,NORMAL_TRANSACTION,Normal Transaction,NORMAL,[],0,0,NORMAL_BASELINE
e1000000-0000-0000-0000-000000001972,tx_norm_002002_24bb87,c1000000-0000-0000-0000-000000000022,c1000000-0000-0000-0000-000000000138,PAYMENT,1279.64,0.0,COMPLETED,d1000000-0000-0000-0000-000000000024,b1000000-0000-0000-0000-000000000018,2026-01-29T16:34:01+00:00,1,NORMAL_TRANSACTION,Normal Transaction,NORMAL,[],0,0,NORMAL_BASELINE
e1000000-0000-0000-0000-000000001973,tx_norm_001976_a4a8a8,c1000000-0000-0000-0000-000000000122,c1000000-0000-0000-0000-000000000051,CASH_IN,7812.31,0.0,COMPLETED,d1000000-0000-0000-0000-000000000010,b1000000-0000-0000-0000-000000000002,2026-01-29T16:36:36+00:00,1,NORMAL_TRANSACTION,Normal Transaction,NORMAL,[],0,0,NORMAL_BASELINE
e1000000-0000-0000-0000-000000001974,tx_norm_001921_f311a3,c1000000-0000-0000-0000-000000000010,c1000000-0000-0000-0000-000000000138,PAYMENT,2819.47,0.0,COMPLETED,d1000000-0000-0000-0000-000000000013,b1000000-0000-0000-0000-000000000003,2026-01-29T16:47:39+00:00,1,NORMAL_TRANSACTION,Normal Transaction,NORMAL,[],0,0,NORMAL_BASELINE
e1000000-0000-0000-0000-000000001975,tx_norm_002019_15f3b7,c1000000-0000-0000-0000-000000000087,c1000000-0000-0000-0000-000000000109,CASH_OUT,6402.22,95.39,COMPLETED,d1000000-0000-0000-0000-000000000026,b1000000-0000-0000-0000-000000000003,2026-01-29T16:47:40+00:00,1,NORMAL_TRANSACTION,Normal Transaction,NORMAL,[],0,0,NORMAL_BASELINE
e1000000-0000-0000-0000-000000001976,tx_norm_001928_d694a5,c1000000-0000-0000-0000-000000000107,c1000000-0000-0000-0000-000000000078,CASH_IN,1970.18,0.0,COMPLETED,d1000000-0000-0000-0000-000000000011,b1000000-0000-0000-0000-000000000011,2026-01-29T16:55:59+00:00,1,NORMAL_TRANSACTION,Normal Transaction,NORMAL,[],0,0,NORMAL_BASELINE
e1000000-0000-0000-0000-000000001977,tx_norm_001998_335dc0,c1000000-0000-0000-0000-000000000033,c1000000-0000-0000-0000-000000000023,P2P,1705.5,5.0,COMPLETED,d1000000-0000-0000-0000-000000000030,b1000000-0000-0000-0000-000000000017,2026-01-29T17:00:09+00:00,1,NORMAL_TRANSACTION,Normal Transaction,NORMAL,[],0,0,NORMAL_BASELINE
e1000000-0000-0000-0000-000000001978,tx_norm_001929_ac3021,c1000000-0000-0000-0000-000000000031,c1000000-0000-0000-0000-000000000138,RECHARGE,500.0,0.0,COMPLETED,d1000000-0000-0000-0000-000000000004,b1000000-0000-0000-0000-000000000010,2026-01-29T17:06:07+00:00,1,NORMAL_TRANSACTION,Normal Transaction,NORMAL,[],0,0,NORMAL_BASELINE
e1000000-0000-0000-0000-000000001979,tx_norm_001956_b4479e,c1000000-0000-0000-0000-000000000128,c1000000-0000-0000-0000-000000000077,CASH_IN,5417.29,0.0,COMPLETED,d1000000-0000-0000-0000-000000000009,b1000000-0000-0000-0000-000000000018,2026-01-29T17:16:57+00:00,1,NORMAL_TRANSACTION,Normal Transaction,NORMAL,[],0,0,NORMAL_BASELINE
e1000000-0000-0000-0000-000000001980,tx_norm_001969_c5a0b7,c1000000-0000-0000-0000-000000000057,c1000000-0000-0000-0000-000000000092,P2P,3837.68,5.0,COMPLETED,d1000000-0000-0000-0000-000000000026,b1000000-0000-0000-0000-000000000015,2026-01-29T17:23:36+00:00,1,NORMAL_TRANSACTION,Normal Transaction,NORMAL,[],0,0,NORMAL_BASELINE
e1000000-0000-0000-0000-000000001981,tx_norm_001948_fb5edc,c1000000-0000-0000-0000-000000000050,c1000000-0000-0000-0000-000000000137,PAYMENT,2305.58,0.0,COMPLETED,d1000000-0000-0000-0000-000000000024,b1000000-0000-0000-0000-000000000011,2026-01-29T17:25:40+00:00,1,NORMAL_TRANSACTION,Normal Transaction,NORMAL,[],0,0,NORMAL_BASELINE
e1000000-0000-0000-0000-000000001982,tx_norm_001944_3ef389,c1000000-0000-0000-0000-000000000029,c1000000-0000-0000-0000-000000000058,P2P,3752.38,5.0,COMPLETED,d1000000-0000-0000-0000-000000000014,b1000000-0000-0000-0000-000000000006,2026-01-29T17:36:05+00:00,1,NORMAL_TRANSACTION,Normal Transaction,NORMAL,[],0,0,NORMAL_BASELINE
e1000000-0000-0000-0000-000000001983,tx_norm_002005_bf817a,c1000000-0000-0000-0000-000000000079,c1000000-0000-0000-0000-000000000050,P2P,2133.59,5.0,COMPLETED,d1000000-0000-0000-0000-000000000014,b1000000-0000-0000-0000-000000000018,2026-01-29T17:41:24+00:00,1,NORMAL_TRANSACTION,Normal Transaction,NORMAL,[],0,0,NORMAL_BASELINE
e1000000-0000-0000-0000-000000001984,tx_norm_001962_23755b,c1000000-0000-0000-0000-000000000053,c1000000-0000-0000-0000-000000000049,P2P,3194.58,5.0,COMPLETED,d1000000-0000-0000-0000-000000000028,b1000000-0000-0000-0000-000000000018,2026-01-29T17:44:43+00:00,1,NORMAL_TRANSACTION,Normal Transaction,NORMAL,[],0,0,NORMAL_BASELINE
e1000000-0000-0000-0000-000000001985,tx_norm_001931_c712cf,c1000000-0000-0000-0000-000000000052,c1000000-0000-0000-0000-000000000105,P2P,2900.91,5.0,COMPLETED,d1000000-0000-0000-0000-000000000015,b1000000-0000-0000-0000-000000000008,2026-01-29T17:55:33+00:00,1,NORMAL_TRANSACTION,Normal Transaction,NORMAL,[],0,0,NORMAL_BASELINE
e1000000-0000-0000-0000-000000001986,tx_norm_002022_19fbde,c1000000-0000-0000-0000-000000000044,c1000000-0000-0000-0000-000000000135,PAYMENT,1033.71,0.0,COMPLETED,d1000000-0000-0000-0000-000000000028,b1000000-0000-0000-0000-000000000011,2026-01-29T17:57:53+00:00,1,NORMAL_TRANSACTION,Normal Transaction,NORMAL,[],0,0,NORMAL_BASELINE
e1000000-0000-0000-0000-000000001987,tx_norm_002003_c4c939,c1000000-0000-0000-0000-000000000073,c1000000-0000-0000-0000-000000000008,P2P,3698.94,5.0,COMPLETED,d1000000-0000-0000-0000-000000000005,b1000000-0000-0000-0000-000000000009,2026-01-29T18:14:00+00:00,1,NORMAL_TRANSACTION,Normal Transaction,NORMAL,[],0,0,NORMAL_BASELINE
e1000000-0000-0000-0000-000000001988,tx_norm_001936_db4d2d,c1000000-0000-0000-0000-000000000045,c1000000-0000-0000-0000-000000000135,PAYMENT,2726.4,0.0,COMPLETED,d1000000-0000-0000-0000-000000000022,b1000000-0000-0000-0000-000000000016,2026-01-29T18:20:47+00:00,1,NORMAL_TRANSACTION,Normal Transaction,NORMAL,[],0,0,NORMAL_BASELINE
e1000000-0000-0000-0000-000000001989,tx_norm_001890_069ccc,c1000000-0000-0000-0000-000000000080,c1000000-0000-0000-0000-000000000116,CASH_OUT,713.59,10.63,COMPLETED,d1000000-0000-0000-0000-000000000029,b1000000-0000-0000-0000-000000000015,2026-01-29T18:23:58+00:00,1,NORMAL_TRANSACTION,Normal Transaction,NORMAL,[],0,0,NORMAL_BASELINE
e1000000-0000-0000-0000-000000001990,tx_norm_002006_e60920,c1000000-0000-0000-0000-000000000082,c1000000-0000-0000-0000-000000000059,P2P,2260.26,5.0,COMPLETED,d1000000-0000-0000-0000-000000000010,b1000000-0000-0000-0000-000000000012,2026-01-29T18:31:39+00:00,1,NORMAL_TRANSACTION,Normal Transaction,NORMAL,[],0,0,NORMAL_BASELINE
e1000000-0000-0000-0000-000000001991,tx_norm_001990_b08307,c1000000-0000-0000-0000-000000000099,c1000000-0000-0000-0000-000000000058,P2P,754.22,5.0,COMPLETED,d1000000-0000-0000-0000-000000000004,b1000000-0000-0000-0000-000000000010,2026-01-29T18:44:25+00:00,1,NORMAL_TRANSACTION,Normal Transaction,NORMAL,[],0,0,NORMAL_BASELINE
e1000000-0000-0000-0000-000000001992,tx_norm_001986_5f2d38,c1000000-0000-0000-0000-000000000023,c1000000-0000-0000-0000-000000000118,CASH_OUT,6699.29,99.82,COMPLETED,d1000000-0000-0000-0000-000000000014,b1000000-0000-0000-0000-000000000015,2026-01-29T18:52:58+00:00,1,NORMAL_TRANSACTION,Normal Transaction,NORMAL,[],0,0,NORMAL_BASELINE
e1000000-0000-0000-0000-000000001993,tx_norm_001905_6d300e,c1000000-0000-0000-0000-000000000114,c1000000-0000-0000-0000-000000000009,CASH_IN,8037.59,0.0,COMPLETED,d1000000-0000-0000-0000-000000000009,b1000000-0000-0000-0000-000000000015,2026-01-29T18:54:21+00:00,1,NORMAL_TRANSACTION,Normal Transaction,NORMAL,[],0,0,NORMAL_BASELINE
e1000000-0000-0000-0000-000000001994,tx_norm_001932_5436de,c1000000-0000-0000-0000-000000000024,c1000000-0000-0000-0000-000000000004,P2P,2911.24,5.0,COMPLETED,d1000000-0000-0000-0000-000000000005,b1000000-0000-0000-0000-000000000017,2026-01-29T18:58:01+00:00,1,NORMAL_TRANSACTION,Normal Transaction,NORMAL,[],0,0,NORMAL_BASELINE
e1000000-0000-0000-0000-000000001995,tx_norm_001997_51634a,c1000000-0000-0000-0000-000000000112,c1000000-0000-0000-0000-000000000099,CASH_IN,2893.88,0.0,COMPLETED,d1000000-0000-0000-0000-000000000009,b1000000-0000-0000-0000-000000000014,2026-01-29T18:59:32+00:00,1,NORMAL_TRANSACTION,Normal Transaction,NORMAL,[],0,0,NORMAL_BASELINE
e1000000-0000-0000-0000-000000001996,tx_norm_001981_f6d4f7,c1000000-0000-0000-0000-000000000039,c1000000-0000-0000-0000-000000000051,P2P,1009.43,5.0,COMPLETED,d1000000-0000-0000-0000-000000000023,b1000000-0000-0000-0000-000000000007,2026-01-29T19:03:34+00:00,1,NORMAL_TRANSACTION,Normal Transaction,NORMAL,[],0,0,NORMAL_BASELINE
e1000000-0000-0000-0000-000000001997,tx_norm_001938_c1ae35,c1000000-0000-0000-0000-000000000080,c1000000-0000-0000-0000-000000000140,PAYMENT,2100.4,0.0,COMPLETED,d1000000-0000-0000-0000-000000000029,b1000000-0000-0000-0000-000000000005,2026-01-29T19:05:40+00:00,1,NORMAL_TRANSACTION,Normal Transaction,NORMAL,[],0,0,NORMAL_BASELINE
e1000000-0000-0000-0000-000000001998,tx_norm_001950_94369f,c1000000-0000-0000-0000-000000000090,c1000000-0000-0000-0000-000000000113,CASH_OUT,6466.68,96.35,COMPLETED,d1000000-0000-0000-0000-000000000013,b1000000-0000-0000-0000-000000000017,2026-01-29T19:08:20+00:00,1,NORMAL_TRANSACTION,Normal Transaction,NORMAL,[],0,0,NORMAL_BASELINE
e1000000-0000-0000-0000-000000001999,tx_norm_001984_9ceeaf,c1000000-0000-0000-0000-000000000121,c1000000-0000-0000-0000-000000000027,CASH_IN,6140.31,0.0,COMPLETED,d1000000-0000-0000-0000-000000000009,b1000000-0000-0000-0000-000000000014,2026-01-29T19:20:04+00:00,1,NORMAL_TRANSACTION,Normal Transaction,NORMAL,[],0,0,NORMAL_BASELINE
e1000000-0000-0000-0000-000000002000,tx_norm_001897_2f43b2,c1000000-0000-0000-0000-000000000014,c1000000-0000-0000-0000-000000000113,CASH_OUT,2196.68,32.73,COMPLETED,d1000000-0000-0000-0000-000000000027,b1000000-0000-0000-0000-000000000017,2026-01-29T19:25:18+00:00,1,NORMAL_TRANSACTION,Normal Transaction,NORMAL,[],0,0,NORMAL_BASELINE
e1000000-0000-0000-0000-000000002001,tx_norm_001892_17956e,c1000000-0000-0000-0000-000000000002,c1000000-0000-0000-0000-000000000046,P2P,4057.91,5.0,COMPLETED,d1000000-0000-0000-0000-000000000022,b1000000-0000-0000-0000-000000000018,2026-01-29T19:33:10+00:00,1,NORMAL_TRANSACTION,Normal Transaction,NORMAL,[],0,0,NORMAL_BASELINE
e1000000-0000-0000-0000-000000002002,tx_norm_001915_24cf86,c1000000-0000-0000-0000-000000000008,c1000000-0000-0000-0000-000000000139,RECHARGE,50.0,0.0,COMPLETED,d1000000-0000-0000-0000-000000000012,b1000000-0000-0000-0000-000000000012,2026-01-29T19:39:38+00:00,1,NORMAL_TRANSACTION,Normal Transaction,NORMAL,[],0,0,NORMAL_BASELINE
e1000000-0000-0000-0000-000000002003,tx_norm_001941_9e541d,c1000000-0000-0000-0000-000000000072,c1000000-0000-0000-0000-000000000069,P2P,965.0,5.0,COMPLETED,d1000000-0000-0000-0000-000000000027,b1000000-0000-0000-0000-000000000018,2026-01-29T19:41:35+00:00,1,NORMAL_TRANSACTION,Normal Transaction,NORMAL,[],0,0,NORMAL_BASELINE
e1000000-0000-0000-0000-000000002004,tx_norm_001988_029e43,c1000000-0000-0000-0000-000000000027,c1000000-0000-0000-0000-000000000137,PAYMENT,1398.07,0.0,COMPLETED,d1000000-0000-0000-0000-000000000015,b1000000-0000-0000-0000-000000000017,2026-01-29T19:55:57+00:00,1,NORMAL_TRANSACTION,Normal Transaction,NORMAL,[],0,0,NORMAL_BASELINE
e1000000-0000-0000-0000-000000002005,tx_norm_001900_2ea2da,c1000000-0000-0000-0000-000000000007,c1000000-0000-0000-0000-000000000103,P2P,1050.95,5.0,COMPLETED,d1000000-0000-0000-0000-000000000025,b1000000-0000-0000-0000-000000000011,2026-01-29T19:57:51+00:00,1,NORMAL_TRANSACTION,Normal Transaction,NORMAL,[],0,0,NORMAL_BASELINE
e1000000-0000-0000-0000-000000002006,tx_norm_001909_26da7a,c1000000-0000-0000-0000-000000000117,c1000000-0000-0000-0000-000000000068,CASH_IN,6408.43,0.0,COMPLETED,d1000000-0000-0000-0000-000000000009,b1000000-0000-0000-0000-000000000009,2026-01-29T20:01:12+00:00,1,NORMAL_TRANSACTION,Normal Transaction,NORMAL,[],0,0,NORMAL_BASELINE
e1000000-0000-0000-0000-000000002007,tx_norm_001965_0f2434,c1000000-0000-0000-0000-000000000078,c1000000-0000-0000-0000-000000000008,P2P,4422.64,5.0,COMPLETED,d1000000-0000-0000-0000-000000000009,b1000000-0000-0000-0000-000000000006,2026-01-29T20:06:33+00:00,1,NORMAL_TRANSACTION,Normal Transaction,NORMAL,[],0,0,NORMAL_BASELINE
e1000000-0000-0000-0000-000000002008,tx_norm_002017_510588,c1000000-0000-0000-0000-000000000101,c1000000-0000-0000-0000-000000000136,PAYMENT,609.58,0.0,COMPLETED,d1000000-0000-0000-0000-000000000007,b1000000-0000-0000-0000-000000000014,2026-01-29T20:09:41+00:00,1,NORMAL_TRANSACTION,Normal Transaction,NORMAL,[],0,0,NORMAL_BASELINE
e1000000-0000-0000-0000-000000002009,tx_norm_001940_e8a91a,c1000000-0000-0000-0000-000000000015,c1000000-0000-0000-0000-000000000026,P2P,2701.94,5.0,COMPLETED,d1000000-0000-0000-0000-000000000022,b1000000-0000-0000-0000-000000000009,2026-01-29T20:10:10+00:00,1,NORMAL_TRANSACTION,Normal Transaction,NORMAL,[],0,0,NORMAL_BASELINE
e1000000-0000-0000-0000-000000002010,tx_norm_001923_d99755,c1000000-0000-0000-0000-000000000012,c1000000-0000-0000-0000-000000000138,PAYMENT,885.94,0.0,COMPLETED,d1000000-0000-0000-0000-000000000002,b1000000-0000-0000-0000-000000000008,2026-01-29T20:18:14+00:00,1,NORMAL_TRANSACTION,Normal Transaction,NORMAL,[],0,0,NORMAL_BASELINE
e1000000-0000-0000-0000-000000002011,tx_norm_001894_a80824,c1000000-0000-0000-0000-000000000061,c1000000-0000-0000-0000-000000000033,P2P,751.25,5.0,COMPLETED,d1000000-0000-0000-0000-000000000028,b1000000-0000-0000-0000-000000000017,2026-01-29T20:40:00+00:00,1,NORMAL_TRANSACTION,Normal Transaction,NORMAL,[],0,0,NORMAL_BASELINE
e1000000-0000-0000-0000-000000002012,tx_norm_001949_5b6936,c1000000-0000-0000-0000-000000000047,c1000000-0000-0000-0000-000000000136,PAYMENT,1126.47,0.0,COMPLETED,d1000000-0000-0000-0000-000000000016,b1000000-0000-0000-0000-000000000014,2026-01-29T20:51:16+00:00,1,NORMAL_TRANSACTION,Normal Transaction,NORMAL,[],0,0,NORMAL_BASELINE
e1000000-0000-0000-0000-000000002013,tx_norm_001952_f9fb72,c1000000-0000-0000-0000-000000000045,c1000000-0000-0000-0000-000000000093,P2P,3219.22,5.0,COMPLETED,d1000000-0000-0000-0000-000000000022,b1000000-0000-0000-0000-000000000016,2026-01-29T20:52:38+00:00,1,NORMAL_TRANSACTION,Normal Transaction,NORMAL,[],0,0,NORMAL_BASELINE
e1000000-0000-0000-0000-000000002014,tx_norm_001899_bc8563,c1000000-0000-0000-0000-000000000048,c1000000-0000-0000-0000-000000000086,P2P,824.45,5.0,COMPLETED,d1000000-0000-0000-0000-000000000014,b1000000-0000-0000-0000-000000000012,2026-01-29T20:57:08+00:00,1,NORMAL_TRANSACTION,Normal Transaction,NORMAL,[],0,0,NORMAL_BASELINE
e1000000-0000-0000-0000-000000002015,tx_norm_001971_971135,c1000000-0000-0000-0000-000000000014,c1000000-0000-0000-0000-000000000117,CASH_OUT,5622.74,83.78,COMPLETED,d1000000-0000-0000-0000-000000000027,b1000000-0000-0000-0000-000000000009,2026-01-29T20:59:19+00:00,1,NORMAL_TRANSACTION,Normal Transaction,NORMAL,[],0,0,NORMAL_BASELINE
e1000000-0000-0000-0000-000000002016,tx_norm_001916_a565cd,c1000000-0000-0000-0000-000000000032,c1000000-0000-0000-0000-000000000139,RECHARGE,50.0,0.0,COMPLETED,d1000000-0000-0000-0000-000000000005,b1000000-0000-0000-0000-000000000012,2026-01-29T21:10:48+00:00,1,NORMAL_TRANSACTION,Normal Transaction,NORMAL,[],0,0,NORMAL_BASELINE
e1000000-0000-0000-0000-000000002017,tx_norm_001961_181af6,c1000000-0000-0000-0000-000000000064,c1000000-0000-0000-0000-000000000134,PAYMENT,1161.96,0.0,COMPLETED,d1000000-0000-0000-0000-000000000002,b1000000-0000-0000-0000-000000000003,2026-01-29T21:11:01+00:00,1,NORMAL_TRANSACTION,Normal Transaction,NORMAL,[],0,0,NORMAL_BASELINE
e1000000-0000-0000-0000-000000002018,tx_norm_001953_7f441a,c1000000-0000-0000-0000-000000000007,c1000000-0000-0000-0000-000000000060,P2P,2860.87,5.0,COMPLETED,d1000000-0000-0000-0000-000000000025,b1000000-0000-0000-0000-000000000011,2026-01-29T21:14:29+00:00,1,NORMAL_TRANSACTION,Normal Transaction,NORMAL,[],0,0,NORMAL_BASELINE
e1000000-0000-0000-0000-000000002019,tx_norm_001989_99a218,c1000000-0000-0000-0000-000000000025,c1000000-0000-0000-0000-000000000101,P2P,2299.33,5.0,COMPLETED,d1000000-0000-0000-0000-000000000028,b1000000-0000-0000-0000-000000000004,2026-01-29T21:26:24+00:00,1,NORMAL_TRANSACTION,Normal Transaction,NORMAL,[],0,0,NORMAL_BASELINE
e1000000-0000-0000-0000-000000002020,tx_norm_001910_b195fa,c1000000-0000-0000-0000-000000000069,c1000000-0000-0000-0000-000000000047,P2P,2519.67,5.0,COMPLETED,d1000000-0000-0000-0000-000000000009,b1000000-0000-0000-0000-000000000005,2026-01-29T21:33:33+00:00,1,NORMAL_TRANSACTION,Normal Transaction,NORMAL,[],0,0,NORMAL_BASELINE
e1000000-0000-0000-0000-000000002021,tx_norm_001934_0c3c90,c1000000-0000-0000-0000-000000000032,c1000000-0000-0000-0000-000000000037,P2P,2117.83,5.0,COMPLETED,d1000000-0000-0000-0000-000000000005,b1000000-0000-0000-0000-000000000012,2026-01-29T21:43:22+00:00,1,NORMAL_TRANSACTION,Normal Transaction,NORMAL,[],0,0,NORMAL_BASELINE
e1000000-0000-0000-0000-000000002022,tx_norm_001924_47bb6b,c1000000-0000-0000-0000-000000000082,c1000000-0000-0000-0000-000000000134,PAYMENT,2788.76,0.0,COMPLETED,d1000000-0000-0000-0000-000000000010,b1000000-0000-0000-0000-000000000012,2026-01-29T21:44:27+00:00,1,NORMAL_TRANSACTION,Normal Transaction,NORMAL,[],0,0,NORMAL_BASELINE
e1000000-0000-0000-0000-000000002023,tx_norm_001912_33c320,c1000000-0000-0000-0000-000000000123,c1000000-0000-0000-0000-000000000079,CASH_IN,4816.14,0.0,COMPLETED,d1000000-0000-0000-0000-000000000011,b1000000-0000-0000-0000-000000000001,2026-01-29T21:59:48+00:00,1,NORMAL_TRANSACTION,Normal Transaction,NORMAL,[],0,0,NORMAL_BASELINE
e1000000-0000-0000-0000-000000002024,tx_norm_002079_50b573,c1000000-0000-0000-0000-000000000071,c1000000-0000-0000-0000-000000000121,CASH_OUT,3266.16,48.67,COMPLETED,d1000000-0000-0000-0000-000000000023,b1000000-0000-0000-0000-000000000014,2026-01-30T08:07:03+00:00,1,NORMAL_TRANSACTION,Normal Transaction,NORMAL,[],0,0,NORMAL_BASELINE
e1000000-0000-0000-0000-000000002025,tx_norm_002090_94e2a3,c1000000-0000-0000-0000-000000000001,c1000000-0000-0000-0000-000000000138,PAYMENT,2290.56,0.0,COMPLETED,d1000000-0000-0000-0000-000000000009,b1000000-0000-0000-0000-000000000008,2026-01-30T08:13:14+00:00,1,NORMAL_TRANSACTION,Normal Transaction,NORMAL,[],0,0,NORMAL_BASELINE
e1000000-0000-0000-0000-000000002026,tx_norm_002120_c9a84b,c1000000-0000-0000-0000-000000000022,c1000000-0000-0000-0000-000000000136,PAYMENT,2236.23,0.0,COMPLETED,d1000000-0000-0000-0000-000000000024,b1000000-0000-0000-0000-000000000018,2026-01-30T08:16:59+00:00,1,NORMAL_TRANSACTION,Normal Transaction,NORMAL,[],0,0,NORMAL_BASELINE
e1000000-0000-0000-0000-000000002027,tx_norm_002101_5e3882,c1000000-0000-0000-0000-000000000073,c1000000-0000-0000-0000-000000000021,P2P,618.1,5.0,COMPLETED,d1000000-0000-0000-0000-000000000005,b1000000-0000-0000-0000-000000000009,2026-01-30T08:19:28+00:00,1,NORMAL_TRANSACTION,Normal Transaction,NORMAL,[],0,0,NORMAL_BASELINE
e1000000-0000-0000-0000-000000002028,tx_norm_002043_630bf0,c1000000-0000-0000-0000-000000000112,c1000000-0000-0000-0000-000000000007,CASH_IN,7452.81,0.0,COMPLETED,d1000000-0000-0000-0000-000000000009,b1000000-0000-0000-0000-000000000014,2026-01-30T08:27:50+00:00,1,NORMAL_TRANSACTION,Normal Transaction,NORMAL,[],0,0,NORMAL_BASELINE
e1000000-0000-0000-0000-000000002029,tx_norm_002094_346003,c1000000-0000-0000-0000-000000000086,c1000000-0000-0000-0000-000000000141,RECHARGE,200.0,0.0,COMPLETED,d1000000-0000-0000-0000-000000000030,b1000000-0000-0000-0000-000000000011,2026-01-30T08:28:38+00:00,1,NORMAL_TRANSACTION,Normal Transaction,NORMAL,[],0,0,NORMAL_BASELINE
e1000000-0000-0000-0000-000000002030,tx_norm_002057_5d9f2c,c1000000-0000-0000-0000-000000000118,c1000000-0000-0000-0000-000000000081,CASH_IN,2344.46,0.0,COMPLETED,d1000000-0000-0000-0000-000000000010,b1000000-0000-0000-0000-000000000015,2026-01-30T08:55:08+00:00,1,NORMAL_TRANSACTION,Normal Transaction,NORMAL,[],0,0,NORMAL_BASELINE
e1000000-0000-0000-0000-000000002031,tx_norm_002059_7f5085,c1000000-0000-0000-0000-000000000035,c1000000-0000-0000-0000-000000000138,PAYMENT,753.16,0.0,COMPLETED,d1000000-0000-0000-0000-000000000029,b1000000-0000-0000-0000-000000000019,2026-01-30T09:01:25+00:00,1,NORMAL_TRANSACTION,Normal Transaction,NORMAL,[],0,0,NORMAL_BASELINE
e1000000-0000-0000-0000-000000002032,tx_norm_002095_91f915,c1000000-0000-0000-0000-000000000096,c1000000-0000-0000-0000-000000000112,CASH_OUT,2001.07,29.82,COMPLETED,d1000000-0000-0000-0000-000000000023,b1000000-0000-0000-0000-000000000014,2026-01-30T09:02:24+00:00,1,NORMAL_TRANSACTION,Normal Transaction,NORMAL,[],0,0,NORMAL_BASELINE
e1000000-0000-0000-0000-000000002033,tx_norm_002042_b7df85,c1000000-0000-0000-0000-000000000096,c1000000-0000-0000-0000-000000000011,P2P,997.97,5.0,COMPLETED,d1000000-0000-0000-0000-000000000023,b1000000-0000-0000-0000-000000000014,2026-01-30T09:03:45+00:00,1,NORMAL_TRANSACTION,Normal Transaction,NORMAL,[],0,0,NORMAL_BASELINE
e1000000-0000-0000-0000-000000002034,tx_norm_002062_84cda1,c1000000-0000-0000-0000-000000000125,c1000000-0000-0000-0000-000000000038,CASH_IN,2273.3,0.0,COMPLETED,d1000000-0000-0000-0000-000000000011,b1000000-0000-0000-0000-000000000018,2026-01-30T09:04:20+00:00,1,NORMAL_TRANSACTION,Normal Transaction,NORMAL,[],0,0,NORMAL_BASELINE
e1000000-0000-0000-0000-000000002035,tx_norm_002041_1b17da,c1000000-0000-0000-0000-000000000059,c1000000-0000-0000-0000-000000000138,PAYMENT,2547.7,0.0,COMPLETED,d1000000-0000-0000-0000-000000000010,b1000000-0000-0000-0000-000000000007,2026-01-30T09:09:37+00:00,1,NORMAL_TRANSACTION,Normal Transaction,NORMAL,[],0,0,NORMAL_BASELINE
e1000000-0000-0000-0000-000000002036,tx_norm_002107_773838,c1000000-0000-0000-0000-000000000005,c1000000-0000-0000-0000-000000000065,P2P,2059.7,5.0,COMPLETED,d1000000-0000-0000-0000-000000000015,b1000000-0000-0000-0000-000000000019,2026-01-30T09:25:43+00:00,1,NORMAL_TRANSACTION,Normal Transaction,NORMAL,[],0,0,NORMAL_BASELINE
e1000000-0000-0000-0000-000000002037,tx_norm_002100_02dec8,c1000000-0000-0000-0000-000000000004,c1000000-0000-0000-0000-000000000125,CASH_OUT,875.21,13.04,COMPLETED,d1000000-0000-0000-0000-000000000018,b1000000-0000-0000-0000-000000000018,2026-01-30T09:39:06+00:00,1,NORMAL_TRANSACTION,Normal Transaction,NORMAL,[],0,0,NORMAL_BASELINE
e1000000-0000-0000-0000-000000002038,tx_norm_002025_e156df,c1000000-0000-0000-0000-000000000013,c1000000-0000-0000-0000-000000000130,CASH_OUT,795.34,11.85,COMPLETED,d1000000-0000-0000-0000-000000000028,b1000000-0000-0000-0000-000000000006,2026-01-30T09:42:09+00:00,1,NORMAL_TRANSACTION,Normal Transaction,NORMAL,[],0,0,NORMAL_BASELINE
e1000000-0000-0000-0000-000000002039,tx_norm_002083_57f468,c1000000-0000-0000-0000-000000000044,c1000000-0000-0000-0000-000000000134,RECHARGE,200.0,0.0,COMPLETED,d1000000-0000-0000-0000-000000000028,b1000000-0000-0000-0000-000000000011,2026-01-30T09:48:23+00:00,1,NORMAL_TRANSACTION,Normal Transaction,NORMAL,[],0,0,NORMAL_BASELINE
e1000000-0000-0000-0000-000000002040,tx_norm_002119_1a93a3,c1000000-0000-0000-0000-000000000065,c1000000-0000-0000-0000-000000000123,CASH_OUT,814.84,12.14,COMPLETED,d1000000-0000-0000-0000-000000000009,b1000000-0000-0000-0000-000000000001,2026-01-30T09:52:26+00:00,1,NORMAL_TRANSACTION,Normal Transaction,NORMAL,[],0,0,NORMAL_BASELINE
e1000000-0000-0000-0000-000000002041,tx_norm_002104_ee58d6,c1000000-0000-0000-0000-000000000127,c1000000-0000-0000-0000-000000000102,CASH_IN,1273.31,0.0,COMPLETED,d1000000-0000-0000-0000-000000000011,b1000000-0000-0000-0000-000000000013,2026-01-30T09:58:40+00:00,1,NORMAL_TRANSACTION,Normal Transaction,NORMAL,[],0,0,NORMAL_BASELINE
e1000000-0000-0000-0000-000000002042,tx_norm_002105_946c44,c1000000-0000-0000-0000-000000000031,c1000000-0000-0000-0000-000000000060,P2P,3940.1,5.0,COMPLETED,d1000000-0000-0000-0000-000000000004,b1000000-0000-0000-0000-000000000010,2026-01-30T10:00:07+00:00,1,NORMAL_TRANSACTION,Normal Transaction,NORMAL,[],0,0,NORMAL_BASELINE
e1000000-0000-0000-0000-000000002043,tx_norm_002108_e05a2a,c1000000-0000-0000-0000-000000000085,c1000000-0000-0000-0000-000000000108,CASH_OUT,7695.72,114.67,COMPLETED,d1000000-0000-0000-0000-000000000026,b1000000-0000-0000-0000-000000000007,2026-01-30T10:00:36+00:00,1,NORMAL_TRANSACTION,Normal Transaction,NORMAL,[],0,0,NORMAL_BASELINE
e1000000-0000-0000-0000-000000002044,tx_norm_002029_52194d,c1000000-0000-0000-0000-000000000127,c1000000-0000-0000-0000-000000000026,CASH_IN,9654.18,0.0,COMPLETED,d1000000-0000-0000-0000-000000000011,b1000000-0000-0000-0000-000000000013,2026-01-30T10:07:59+00:00,1,NORMAL_TRANSACTION,Normal Transaction,NORMAL,[],0,0,NORMAL_BASELINE
e1000000-0000-0000-0000-000000002045,tx_norm_002046_b33109,c1000000-0000-0000-0000-000000000070,c1000000-0000-0000-0000-000000000075,P2P,4382.71,5.0,COMPLETED,d1000000-0000-0000-0000-000000000012,b1000000-0000-0000-0000-000000000010,2026-01-30T10:12:16+00:00,1,NORMAL_TRANSACTION,Normal Transaction,NORMAL,[],0,0,NORMAL_BASELINE
e1000000-0000-0000-0000-000000002046,tx_norm_002060_30a04e,c1000000-0000-0000-0000-000000000071,c1000000-0000-0000-0000-000000000137,RECHARGE,50.0,0.0,COMPLETED,d1000000-0000-0000-0000-000000000023,b1000000-0000-0000-0000-000000000010,2026-01-30T10:19:53+00:00,1,NORMAL_TRANSACTION,Normal Transaction,NORMAL,[],0,0,NORMAL_BASELINE
e1000000-0000-0000-0000-000000002047,tx_norm_002024_e755b6,c1000000-0000-0000-0000-000000000090,c1000000-0000-0000-0000-000000000137,PAYMENT,2254.39,0.0,COMPLETED,d1000000-0000-0000-0000-000000000013,b1000000-0000-0000-0000-000000000011,2026-01-30T10:35:35+00:00,1,NORMAL_TRANSACTION,Normal Transaction,NORMAL,[],0,0,NORMAL_BASELINE
e1000000-0000-0000-0000-000000002048,tx_norm_002086_d7c7d8,c1000000-0000-0000-0000-000000000072,c1000000-0000-0000-0000-000000000133,PAYMENT,310.07,0.0,COMPLETED,d1000000-0000-0000-0000-000000000027,b1000000-0000-0000-0000-000000000018,2026-01-30T11:15:03+00:00,1,NORMAL_TRANSACTION,Normal Transaction,NORMAL,[],0,0,NORMAL_BASELINE
e1000000-0000-0000-0000-000000002049,tx_norm_002123_e4a7ad,c1000000-0000-0000-0000-000000000089,c1000000-0000-0000-0000-000000000136,PAYMENT,2334.42,0.0,COMPLETED,d1000000-0000-0000-0000-000000000026,b1000000-0000-0000-0000-000000000008,2026-01-30T11:40:41+00:00,1,NORMAL_TRANSACTION,Normal Transaction,NORMAL,[],0,0,NORMAL_BASELINE
e1000000-0000-0000-0000-000000002050,tx_norm_002110_d5dc48,c1000000-0000-0000-0000-000000000084,c1000000-0000-0000-0000-000000000107,CASH_OUT,7051.41,105.07,COMPLETED,d1000000-0000-0000-0000-000000000024,b1000000-0000-0000-0000-000000000011,2026-01-30T11:44:28+00:00,1,NORMAL_TRANSACTION,Normal Transaction,NORMAL,[],0,0,NORMAL_BASELINE
e1000000-0000-0000-0000-000000002051,tx_norm_002076_770646,c1000000-0000-0000-0000-000000000130,c1000000-0000-0000-0000-000000000054,CASH_IN,1708.39,0.0,COMPLETED,d1000000-0000-0000-0000-000000000010,b1000000-0000-0000-0000-000000000006,2026-01-30T12:01:01+00:00,1,NORMAL_TRANSACTION,Normal Transaction,NORMAL,[],0,0,NORMAL_BASELINE
e1000000-0000-0000-0000-000000002052,tx_norm_002075_344913,c1000000-0000-0000-0000-000000000090,c1000000-0000-0000-0000-000000000002,P2P,1482.16,5.0,COMPLETED,d1000000-0000-0000-0000-000000000013,b1000000-0000-0000-0000-000000000011,2026-01-30T12:15:50+00:00,1,NORMAL_TRANSACTION,Normal Transaction,NORMAL,[],0,0,NORMAL_BASELINE
e1000000-0000-0000-0000-000000002053,tx_norm_002106_273e54,c1000000-0000-0000-0000-000000000121,c1000000-0000-0000-0000-000000000009,CASH_IN,7582.91,0.0,COMPLETED,d1000000-0000-0000-0000-000000000009,b1000000-0000-0000-0000-000000000014,2026-01-30T12:17:01+00:00,1,NORMAL_TRANSACTION,Normal Transaction,NORMAL,[],0,0,NORMAL_BASELINE
e1000000-0000-0000-0000-000000002054,tx_norm_002092_c11161,c1000000-0000-0000-0000-000000000050,c1000000-0000-0000-0000-000000000021,P2P,3789.74,5.0,COMPLETED,d1000000-0000-0000-0000-000000000024,b1000000-0000-0000-0000-000000000011,2026-01-30T12:17:35+00:00,1,NORMAL_TRANSACTION,Normal Transaction,NORMAL,[],0,0,NORMAL_BASELINE
e1000000-0000-0000-0000-000000002055,tx_norm_002093_490ec6,c1000000-0000-0000-0000-000000000034,c1000000-0000-0000-0000-000000000052,P2P,712.42,5.0,COMPLETED,d1000000-0000-0000-0000-000000000004,b1000000-0000-0000-0000-000000000012,2026-01-30T12:21:12+00:00,1,NORMAL_TRANSACTION,Normal Transaction,NORMAL,[],0,0,NORMAL_BASELINE
e1000000-0000-0000-0000-000000002056,tx_norm_002045_019dc1,c1000000-0000-0000-0000-000000000008,c1000000-0000-0000-0000-000000000140,PAYMENT,714.03,0.0,COMPLETED,d1000000-0000-0000-0000-000000000012,b1000000-0000-0000-0000-000000000012,2026-01-30T12:46:43+00:00,1,NORMAL_TRANSACTION,Normal Transaction,NORMAL,[],0,0,NORMAL_BASELINE
e1000000-0000-0000-0000-000000002057,tx_norm_002050_bba043,c1000000-0000-0000-0000-000000000009,c1000000-0000-0000-0000-000000000065,P2P,1680.16,5.0,COMPLETED,d1000000-0000-0000-0000-000000000024,b1000000-0000-0000-0000-000000000015,2026-01-30T12:48:10+00:00,1,NORMAL_TRANSACTION,Normal Transaction,NORMAL,[],0,0,NORMAL_BASELINE
e1000000-0000-0000-0000-000000002058,tx_norm_002103_ee1cb8,c1000000-0000-0000-0000-000000000039,c1000000-0000-0000-0000-000000000110,CASH_OUT,2470.44,36.81,COMPLETED,d1000000-0000-0000-0000-000000000023,b1000000-0000-0000-0000-000000000007,2026-01-30T12:49:02+00:00,1,NORMAL_TRANSACTION,Normal Transaction,NORMAL,[],0,0,NORMAL_BASELINE
e1000000-0000-0000-0000-000000002059,tx_norm_002125_07f600,c1000000-0000-0000-0000-000000000013,c1000000-0000-0000-0000-000000000136,PAYMENT,221.69,0.0,COMPLETED,d1000000-0000-0000-0000-000000000028,b1000000-0000-0000-0000-000000000004,2026-01-30T12:52:13+00:00,1,NORMAL_TRANSACTION,Normal Transaction,NORMAL,[],0,0,NORMAL_BASELINE
e1000000-0000-0000-0000-000000002060,tx_norm_002049_f7d7f5,c1000000-0000-0000-0000-000000000122,c1000000-0000-0000-0000-000000000001,CASH_IN,6893.58,0.0,COMPLETED,d1000000-0000-0000-0000-000000000010,b1000000-0000-0000-0000-000000000002,2026-01-30T12:52:22+00:00,1,NORMAL_TRANSACTION,Normal Transaction,NORMAL,[],0,0,NORMAL_BASELINE
e1000000-0000-0000-0000-000000002061,tx_norm_002070_63bb48,c1000000-0000-0000-0000-000000000078,c1000000-0000-0000-0000-000000000137,PAYMENT,354.12,0.0,COMPLETED,d1000000-0000-0000-0000-000000000009,b1000000-0000-0000-0000-000000000006,2026-01-30T13:05:33+00:00,1,NORMAL_TRANSACTION,Normal Transaction,NORMAL,[],0,0,NORMAL_BASELINE
e1000000-0000-0000-0000-000000002062,tx_norm_002028_ad6853,c1000000-0000-0000-0000-000000000023,c1000000-0000-0000-0000-000000000018,P2P,2883.33,5.0,COMPLETED,d1000000-0000-0000-0000-000000000014,b1000000-0000-0000-0000-000000000019,2026-01-30T13:05:56+00:00,1,NORMAL_TRANSACTION,Normal Transaction,NORMAL,[],0,0,NORMAL_BASELINE
e1000000-0000-0000-0000-000000002063,tx_norm_002088_c3fa36,c1000000-0000-0000-0000-000000000127,c1000000-0000-0000-0000-000000000051,CASH_IN,1173.3,0.0,COMPLETED,d1000000-0000-0000-0000-000000000011,b1000000-0000-0000-0000-000000000013,2026-01-30T13:20:24+00:00,1,NORMAL_TRANSACTION,Normal Transaction,NORMAL,[],0,0,NORMAL_BASELINE
e1000000-0000-0000-0000-000000002064,tx_norm_002036_5795be,c1000000-0000-0000-0000-000000000101,c1000000-0000-0000-0000-000000000139,PAYMENT,1391.94,0.0,COMPLETED,d1000000-0000-0000-0000-000000000007,b1000000-0000-0000-0000-000000000014,2026-01-30T13:23:51+00:00,1,NORMAL_TRANSACTION,Normal Transaction,NORMAL,[],0,0,NORMAL_BASELINE
e1000000-0000-0000-0000-000000002065,tx_norm_002073_a555df,c1000000-0000-0000-0000-000000000069,c1000000-0000-0000-0000-000000000136,PAYMENT,2663.62,0.0,COMPLETED,d1000000-0000-0000-0000-000000000009,b1000000-0000-0000-0000-000000000005,2026-01-30T13:31:20+00:00,1,NORMAL_TRANSACTION,Normal Transaction,NORMAL,[],0,0,NORMAL_BASELINE
e1000000-0000-0000-0000-000000002066,tx_norm_002117_8a4b45,c1000000-0000-0000-0000-000000000081,c1000000-0000-0000-0000-000000000110,CASH_OUT,4990.94,74.37,COMPLETED,d1000000-0000-0000-0000-000000000019,b1000000-0000-0000-0000-000000000007,2026-01-30T13:32:58+00:00,1,NORMAL_TRANSACTION,Normal Transaction,NORMAL,[],0,0,NORMAL_BASELINE
e1000000-0000-0000-0000-000000002067,tx_norm_002065_359ee8,c1000000-0000-0000-0000-000000000058,c1000000-0000-0000-0000-000000000048,P2P,1993.1,5.0,COMPLETED,d1000000-0000-0000-0000-000000000024,b1000000-0000-0000-0000-000000000018,2026-01-30T13:36:30+00:00,1,NORMAL_TRANSACTION,Normal Transaction,NORMAL,[],0,0,NORMAL_BASELINE
e1000000-0000-0000-0000-000000002068,tx_norm_002052_ad9e39,c1000000-0000-0000-0000-000000000047,c1000000-0000-0000-0000-000000000128,CASH_OUT,5608.11,83.56,COMPLETED,d1000000-0000-0000-0000-000000000016,b1000000-0000-0000-0000-000000000018,2026-01-30T13:37:49+00:00,1,NORMAL_TRANSACTION,Normal Transaction,NORMAL,[],0,0,NORMAL_BASELINE
e1000000-0000-0000-0000-000000002069,tx_norm_002037_e9d1c9,c1000000-0000-0000-0000-000000000063,c1000000-0000-0000-0000-000000000137,PAYMENT,963.35,0.0,COMPLETED,d1000000-0000-0000-0000-000000000008,b1000000-0000-0000-0000-000000000013,2026-01-30T13:46:16+00:00,1,NORMAL_TRANSACTION,Normal Transaction,NORMAL,[],0,0,NORMAL_BASELINE
e1000000-0000-0000-0000-000000002070,tx_norm_002068_3fc4f4,c1000000-0000-0000-0000-000000000030,c1000000-0000-0000-0000-000000000136,PAYMENT,2630.63,0.0,COMPLETED,d1000000-0000-0000-0000-000000000029,b1000000-0000-0000-0000-000000000009,2026-01-30T13:50:40+00:00,1,NORMAL_TRANSACTION,Normal Transaction,NORMAL,[],0,0,NORMAL_BASELINE
e1000000-0000-0000-0000-000000002071,tx_norm_002116_2a0e00,c1000000-0000-0000-0000-000000000058,c1000000-0000-0000-0000-000000000141,PAYMENT,2778.49,0.0,COMPLETED,d1000000-0000-0000-0000-000000000024,b1000000-0000-0000-0000-000000000018,2026-01-30T13:59:22+00:00,1,NORMAL_TRANSACTION,Normal Transaction,NORMAL,[],0,0,NORMAL_BASELINE
e1000000-0000-0000-0000-000000002072,tx_norm_002031_853b01,c1000000-0000-0000-0000-000000000025,c1000000-0000-0000-0000-000000000122,CASH_OUT,2601.84,38.77,COMPLETED,d1000000-0000-0000-0000-000000000028,b1000000-0000-0000-0000-000000000002,2026-01-30T14:10:23+00:00,1,NORMAL_TRANSACTION,Normal Transaction,NORMAL,[],0,0,NORMAL_BASELINE
e1000000-0000-0000-0000-000000002073,tx_norm_002035_45314f,c1000000-0000-0000-0000-000000000050,c1000000-0000-0000-0000-000000000133,PAYMENT,2270.63,0.0,COMPLETED,d1000000-0000-0000-0000-000000000024,b1000000-0000-0000-0000-000000000011,2026-01-30T14:12:57+00:00,1,NORMAL_TRANSACTION,Normal Transaction,NORMAL,[],0,0,NORMAL_BASELINE
e1000000-0000-0000-0000-000000002074,tx_norm_002033_148ae2,c1000000-0000-0000-0000-000000000098,c1000000-0000-0000-0000-000000000085,P2P,2169.78,5.0,COMPLETED,d1000000-0000-0000-0000-000000000022,b1000000-0000-0000-0000-000000000011,2026-01-30T14:21:02+00:00,1,NORMAL_TRANSACTION,Normal Transaction,NORMAL,[],0,0,NORMAL_BASELINE
e1000000-0000-0000-0000-000000002075,tx_norm_002114_d07136,c1000000-0000-0000-0000-000000000099,c1000000-0000-0000-0000-000000000137,RECHARGE,50.0,0.0,COMPLETED,d1000000-0000-0000-0000-000000000004,b1000000-0000-0000-0000-000000000010,2026-01-30T14:23:29+00:00,1,NORMAL_TRANSACTION,Normal Transaction,NORMAL,[],0,0,NORMAL_BASELINE
e1000000-0000-0000-0000-000000002076,tx_norm_002099_490c34,c1000000-0000-0000-0000-000000000063,c1000000-0000-0000-0000-000000000062,P2P,2611.57,5.0,COMPLETED,d1000000-0000-0000-0000-000000000008,b1000000-0000-0000-0000-000000000013,2026-01-30T14:38:48+00:00,1,NORMAL_TRANSACTION,Normal Transaction,NORMAL,[],0,0,NORMAL_BASELINE
e1000000-0000-0000-0000-000000002077,tx_norm_002064_5f942c,c1000000-0000-0000-0000-000000000068,c1000000-0000-0000-0000-000000000137,PAYMENT,1190.35,0.0,COMPLETED,d1000000-0000-0000-0000-000000000019,b1000000-0000-0000-0000-000000000004,2026-01-30T14:39:07+00:00,1,NORMAL_TRANSACTION,Normal Transaction,NORMAL,[],0,0,NORMAL_BASELINE
e1000000-0000-0000-0000-000000002078,tx_norm_002058_2f14b3,c1000000-0000-0000-0000-000000000111,c1000000-0000-0000-0000-000000000020,CASH_IN,6336.43,0.0,COMPLETED,d1000000-0000-0000-0000-000000000009,b1000000-0000-0000-0000-000000000005,2026-01-30T14:50:52+00:00,1,NORMAL_TRANSACTION,Normal Transaction,NORMAL,[],0,0,NORMAL_BASELINE
e1000000-0000-0000-0000-000000002079,tx_norm_002089_333b5a,c1000000-0000-0000-0000-000000000119,c1000000-0000-0000-0000-000000000071,CASH_IN,1611.65,0.0,COMPLETED,d1000000-0000-0000-0000-000000000010,b1000000-0000-0000-0000-000000000011,2026-01-30T15:01:42+00:00,1,NORMAL_TRANSACTION,Normal Transaction,NORMAL,[],0,0,NORMAL_BASELINE
e1000000-0000-0000-0000-000000002080,tx_norm_002087_233e8b,c1000000-0000-0000-0000-000000000030,c1000000-0000-0000-0000-000000000020,P2P,4304.01,5.0,COMPLETED,d1000000-0000-0000-0000-000000000029,b1000000-0000-0000-0000-000000000009,2026-01-30T15:02:02+00:00,1,NORMAL_TRANSACTION,Normal Transaction,NORMAL,[],0,0,NORMAL_BASELINE
e1000000-0000-0000-0000-000000002081,tx_norm_002082_f0abe3,c1000000-0000-0000-0000-000000000020,c1000000-0000-0000-0000-000000000014,P2P,2447.96,5.0,COMPLETED,d1000000-0000-0000-0000-000000000019,b1000000-0000-0000-0000-000000000011,2026-01-30T15:04:59+00:00,1,NORMAL_TRANSACTION,Normal Transaction,NORMAL,[],0,0,NORMAL_BASELINE
e1000000-0000-0000-0000-000000002082,tx_norm_002121_651c21,c1000000-0000-0000-0000-000000000131,c1000000-0000-0000-0000-000000000048,CASH_IN,5936.06,0.0,COMPLETED,d1000000-0000-0000-0000-000000000009,b1000000-0000-0000-0000-000000000015,2026-01-30T15:07:20+00:00,1,NORMAL_TRANSACTION,Normal Transaction,NORMAL,[],0,0,NORMAL_BASELINE
e1000000-0000-0000-0000-000000002083,tx_norm_002078_20e7b6,c1000000-0000-0000-0000-000000000120,c1000000-0000-0000-0000-000000000037,CASH_IN,2466.11,0.0,COMPLETED,d1000000-0000-0000-0000-000000000009,b1000000-0000-0000-0000-000000000013,2026-01-30T15:17:12+00:00,1,NORMAL_TRANSACTION,Normal Transaction,NORMAL,[],0,0,NORMAL_BASELINE
e1000000-0000-0000-0000-000000002084,tx_norm_002054_2ba95b,c1000000-0000-0000-0000-000000000070,c1000000-0000-0000-0000-000000000136,PAYMENT,845.74,0.0,COMPLETED,d1000000-0000-0000-0000-000000000012,b1000000-0000-0000-0000-000000000010,2026-01-30T15:19:48+00:00,1,NORMAL_TRANSACTION,Normal Transaction,NORMAL,[],0,0,NORMAL_BASELINE
e1000000-0000-0000-0000-000000002085,tx_norm_002032_435b66,c1000000-0000-0000-0000-000000000084,c1000000-0000-0000-0000-000000000031,P2P,3212.21,5.0,COMPLETED,d1000000-0000-0000-0000-000000000024,b1000000-0000-0000-0000-000000000005,2026-01-30T15:20:57+00:00,1,NORMAL_TRANSACTION,Normal Transaction,NORMAL,[],0,0,NORMAL_BASELINE
e1000000-0000-0000-0000-000000002086,tx_norm_002026_d16548,c1000000-0000-0000-0000-000000000003,c1000000-0000-0000-0000-000000000077,P2P,3158.92,5.0,COMPLETED,d1000000-0000-0000-0000-000000000003,b1000000-0000-0000-0000-000000000007,2026-01-30T15:24:30+00:00,1,NORMAL_TRANSACTION,Normal Transaction,NORMAL,[],0,0,NORMAL_BASELINE
e1000000-0000-0000-0000-000000002087,tx_norm_002084_b1d06d,c1000000-0000-0000-0000-000000000054,c1000000-0000-0000-0000-000000000084,P2P,3595.83,5.0,COMPLETED,d1000000-0000-0000-0000-000000000018,b1000000-0000-0000-0000-000000000001,2026-01-30T15:25:34+00:00,1,NORMAL_TRANSACTION,Normal Transaction,NORMAL,[],0,0,NORMAL_BASELINE
e1000000-0000-0000-0000-000000002088,tx_norm_002027_9118b0,c1000000-0000-0000-0000-000000000003,c1000000-0000-0000-0000-000000000064,P2P,4270.4,5.0,COMPLETED,d1000000-0000-0000-0000-000000000003,b1000000-0000-0000-0000-000000000007,2026-01-30T15:37:36+00:00,1,NORMAL_TRANSACTION,Normal Transaction,NORMAL,[],0,0,NORMAL_BASELINE
e1000000-0000-0000-0000-000000002089,tx_norm_002077_1b952a,c1000000-0000-0000-0000-000000000077,c1000000-0000-0000-0000-000000000140,PAYMENT,2463.31,0.0,COMPLETED,d1000000-0000-0000-0000-000000000002,b1000000-0000-0000-0000-000000000001,2026-01-30T15:40:24+00:00,1,NORMAL_TRANSACTION,Normal Transaction,NORMAL,[],0,0,NORMAL_BASELINE
e1000000-0000-0000-0000-000000002090,tx_norm_002056_62b455,c1000000-0000-0000-0000-000000000020,c1000000-0000-0000-0000-000000000135,PAYMENT,2400.47,0.0,COMPLETED,d1000000-0000-0000-0000-000000000019,b1000000-0000-0000-0000-000000000011,2026-01-30T15:55:57+00:00,1,NORMAL_TRANSACTION,Normal Transaction,NORMAL,[],0,0,NORMAL_BASELINE
e1000000-0000-0000-0000-000000002091,tx_norm_002080_9cf2f2,c1000000-0000-0000-0000-000000000042,c1000000-0000-0000-0000-000000000139,PAYMENT,692.9,0.0,COMPLETED,d1000000-0000-0000-0000-000000000018,b1000000-0000-0000-0000-000000000008,2026-01-30T16:01:40+00:00,1,NORMAL_TRANSACTION,Normal Transaction,NORMAL,[],0,0,NORMAL_BASELINE
e1000000-0000-0000-0000-000000002092,tx_norm_002034_04eb16,c1000000-0000-0000-0000-000000000080,c1000000-0000-0000-0000-000000000106,CASH_OUT,6009.81,89.55,COMPLETED,d1000000-0000-0000-0000-000000000029,b1000000-0000-0000-0000-000000000006,2026-01-30T16:02:08+00:00,1,NORMAL_TRANSACTION,Normal Transaction,NORMAL,[],0,0,NORMAL_BASELINE
e1000000-0000-0000-0000-000000002093,tx_norm_002111_5d3162,c1000000-0000-0000-0000-000000000128,c1000000-0000-0000-0000-000000000096,CASH_IN,1425.65,0.0,COMPLETED,d1000000-0000-0000-0000-000000000009,b1000000-0000-0000-0000-000000000018,2026-01-30T16:44:31+00:00,1,NORMAL_TRANSACTION,Normal Transaction,NORMAL,[],0,0,NORMAL_BASELINE
e1000000-0000-0000-0000-000000002094,tx_norm_002085_e9531b,c1000000-0000-0000-0000-000000000058,c1000000-0000-0000-0000-000000000111,CASH_OUT,1364.37,20.33,COMPLETED,d1000000-0000-0000-0000-000000000024,b1000000-0000-0000-0000-000000000005,2026-01-30T16:52:05+00:00,1,NORMAL_TRANSACTION,Normal Transaction,NORMAL,[],0,0,NORMAL_BASELINE
e1000000-0000-0000-0000-000000002095,tx_norm_002091_ea4a97,c1000000-0000-0000-0000-000000000028,c1000000-0000-0000-0000-000000000020,P2P,2505.79,5.0,COMPLETED,d1000000-0000-0000-0000-000000000004,b1000000-0000-0000-0000-000000000018,2026-01-30T16:57:53+00:00,1,NORMAL_TRANSACTION,Normal Transaction,NORMAL,[],0,0,NORMAL_BASELINE
e1000000-0000-0000-0000-000000002096,tx_norm_002053_7afeb1,c1000000-0000-0000-0000-000000000058,c1000000-0000-0000-0000-000000000117,CASH_OUT,6066.44,90.39,COMPLETED,d1000000-0000-0000-0000-000000000024,b1000000-0000-0000-0000-000000000009,2026-01-30T17:16:46+00:00,1,NORMAL_TRANSACTION,Normal Transaction,NORMAL,[],0,0,NORMAL_BASELINE
e1000000-0000-0000-0000-000000002097,tx_norm_002112_e6ddbb,c1000000-0000-0000-0000-000000000070,c1000000-0000-0000-0000-000000000111,CASH_OUT,3299.51,49.16,COMPLETED,d1000000-0000-0000-0000-000000000012,b1000000-0000-0000-0000-000000000005,2026-01-30T17:23:29+00:00,1,NORMAL_TRANSACTION,Normal Transaction,NORMAL,[],0,0,NORMAL_BASELINE
e1000000-0000-0000-0000-000000002098,tx_norm_002069_25fa9f,c1000000-0000-0000-0000-000000000066,c1000000-0000-0000-0000-000000000013,P2P,1851.82,5.0,COMPLETED,d1000000-0000-0000-0000-000000000013,b1000000-0000-0000-0000-000000000005,2026-01-30T17:30:56+00:00,1,NORMAL_TRANSACTION,Normal Transaction,NORMAL,[],0,0,NORMAL_BASELINE
e1000000-0000-0000-0000-000000002099,tx_norm_002074_86043d,c1000000-0000-0000-0000-000000000008,c1000000-0000-0000-0000-000000000096,P2P,4004.52,5.0,COMPLETED,d1000000-0000-0000-0000-000000000012,b1000000-0000-0000-0000-000000000012,2026-01-30T17:38:07+00:00,1,NORMAL_TRANSACTION,Normal Transaction,NORMAL,[],0,0,NORMAL_BASELINE
e1000000-0000-0000-0000-000000002100,tx_norm_002061_0f4c75,c1000000-0000-0000-0000-000000000021,c1000000-0000-0000-0000-000000000140,PAYMENT,3105.75,0.0,COMPLETED,d1000000-0000-0000-0000-000000000030,b1000000-0000-0000-0000-000000000015,2026-01-30T17:46:31+00:00,1,NORMAL_TRANSACTION,Normal Transaction,NORMAL,[],0,0,NORMAL_BASELINE
e1000000-0000-0000-0000-000000002101,tx_norm_002051_be8864,c1000000-0000-0000-0000-000000000087,c1000000-0000-0000-0000-000000000140,PAYMENT,186.6,0.0,COMPLETED,d1000000-0000-0000-0000-000000000026,b1000000-0000-0000-0000-000000000004,2026-01-30T17:48:52+00:00,1,NORMAL_TRANSACTION,Normal Transaction,NORMAL,[],0,0,NORMAL_BASELINE
e1000000-0000-0000-0000-000000002102,tx_norm_002097_032a0c,c1000000-0000-0000-0000-000000000028,c1000000-0000-0000-0000-000000000122,CASH_OUT,678.59,10.11,COMPLETED,d1000000-0000-0000-0000-000000000004,b1000000-0000-0000-0000-000000000002,2026-01-30T17:56:56+00:00,1,NORMAL_TRANSACTION,Normal Transaction,NORMAL,[],0,0,NORMAL_BASELINE
e1000000-0000-0000-0000-000000002103,tx_norm_002072_c89f88,c1000000-0000-0000-0000-000000000080,c1000000-0000-0000-0000-000000000062,P2P,2616.07,5.0,COMPLETED,d1000000-0000-0000-0000-000000000029,b1000000-0000-0000-0000-000000000005,2026-01-30T18:00:20+00:00,1,NORMAL_TRANSACTION,Normal Transaction,NORMAL,[],0,0,NORMAL_BASELINE
e1000000-0000-0000-0000-000000002104,tx_lg_002126_d3e14d,c1000000-0000-0000-0000-000000000038,c1000000-0000-0000-0000-000000000016,P2P,24950.0,5.0,FLAGGED,d1000000-0000-0000-0000-000000000020,b1000000-0000-0000-0000-000000000014,2026-01-30T18:02:00+00:00,2,UNUSUALLY_LARGE,Unusually Large Transaction,RAPID_FUND_MOVEMENT,"['amount_deviation', 'high_transaction_velocity']",1,1,LARGE_TRANSACTION_BURST
e1000000-0000-0000-0000-000000002105,tx_norm_002038_05e3d1,c1000000-0000-0000-0000-000000000116,c1000000-0000-0000-0000-000000000066,CASH_IN,9062.37,0.0,COMPLETED,d1000000-0000-0000-0000-000000000011,b1000000-0000-0000-0000-000000000015,2026-01-30T18:05:51+00:00,1,NORMAL_TRANSACTION,Normal Transaction,NORMAL,[],0,0,NORMAL_BASELINE
e1000000-0000-0000-0000-000000002106,tx_norm_002102_a75408,c1000000-0000-0000-0000-000000000117,c1000000-0000-0000-0000-000000000010,CASH_IN,3519.81,0.0,COMPLETED,d1000000-0000-0000-0000-000000000009,b1000000-0000-0000-0000-000000000009,2026-01-30T18:12:27+00:00,1,NORMAL_TRANSACTION,Normal Transaction,NORMAL,[],0,0,NORMAL_BASELINE
e1000000-0000-0000-0000-000000002107,tx_norm_002081_0e4cc9,c1000000-0000-0000-0000-000000000073,c1000000-0000-0000-0000-000000000133,PAYMENT,2843.94,0.0,COMPLETED,d1000000-0000-0000-0000-000000000005,b1000000-0000-0000-0000-000000000009,2026-01-30T18:18:20+00:00,1,NORMAL_TRANSACTION,Normal Transaction,NORMAL,[],0,0,NORMAL_BASELINE
e1000000-0000-0000-0000-000000002108,tx_lg_002127_40e10b,c1000000-0000-0000-0000-000000000100,c1000000-0000-0000-0000-000000000088,P2P,24800.0,5.0,FLAGGED,d1000000-0000-0000-0000-000000000011,b1000000-0000-0000-0000-000000000013,2026-01-30T18:21:00+00:00,2,UNUSUALLY_LARGE,Unusually Large Transaction,RAPID_FUND_MOVEMENT,"['amount_deviation', 'high_transaction_velocity']",1,1,LARGE_TRANSACTION_BURST
e1000000-0000-0000-0000-000000002109,tx_norm_002044_2fa1f2,c1000000-0000-0000-0000-000000000026,c1000000-0000-0000-0000-000000000140,PAYMENT,1996.65,0.0,COMPLETED,d1000000-0000-0000-0000-000000000014,b1000000-0000-0000-0000-000000000003,2026-01-30T18:33:12+00:00,1,NORMAL_TRANSACTION,Normal Transaction,NORMAL,[],0,0,NORMAL_BASELINE
e1000000-0000-0000-0000-000000002110,tx_norm_002115_e28070,c1000000-0000-0000-0000-000000000056,c1000000-0000-0000-0000-000000000012,P2P,2789.25,5.0,COMPLETED,d1000000-0000-0000-0000-000000000006,b1000000-0000-0000-0000-000000000013,2026-01-30T18:34:26+00:00,1,NORMAL_TRANSACTION,Normal Transaction,NORMAL,[],0,0,NORMAL_BASELINE
e1000000-0000-0000-0000-000000002111,tx_norm_002122_c06698,c1000000-0000-0000-0000-000000000045,c1000000-0000-0000-0000-000000000097,P2P,1954.39,5.0,COMPLETED,d1000000-0000-0000-0000-000000000022,b1000000-0000-0000-0000-000000000016,2026-01-30T18:52:25+00:00,1,NORMAL_TRANSACTION,Normal Transaction,NORMAL,[],0,0,NORMAL_BASELINE
e1000000-0000-0000-0000-000000002112,tx_norm_002048_37dfc5,c1000000-0000-0000-0000-000000000053,c1000000-0000-0000-0000-000000000066,P2P,2954.56,5.0,COMPLETED,d1000000-0000-0000-0000-000000000028,b1000000-0000-0000-0000-000000000018,2026-01-30T18:53:37+00:00,1,NORMAL_TRANSACTION,Normal Transaction,NORMAL,[],0,0,NORMAL_BASELINE
e1000000-0000-0000-0000-000000002113,tx_lg_002128_a95da3,c1000000-0000-0000-0000-000000000058,c1000000-0000-0000-0000-000000000016,P2P,49800.0,5.0,FLAGGED,d1000000-0000-0000-0000-000000000024,b1000000-0000-0000-0000-000000000018,2026-01-30T18:58:00+00:00,2,UNUSUALLY_LARGE,Unusually Large Transaction,RAPID_FUND_MOVEMENT,"['amount_deviation', 'high_transaction_velocity']",1,1,LARGE_TRANSACTION_BURST
e1000000-0000-0000-0000-000000002114,tx_norm_002066_f8f796,c1000000-0000-0000-0000-000000000041,c1000000-0000-0000-0000-000000000126,CASH_OUT,7368.03,109.78,COMPLETED,d1000000-0000-0000-0000-000000000008,b1000000-0000-0000-0000-000000000014,2026-01-30T19:14:58+00:00,1,NORMAL_TRANSACTION,Normal Transaction,NORMAL,[],0,0,NORMAL_BASELINE
e1000000-0000-0000-0000-000000002115,tx_norm_002109_459f54,c1000000-0000-0000-0000-000000000103,c1000000-0000-0000-0000-000000000137,PAYMENT,224.46,0.0,COMPLETED,d1000000-0000-0000-0000-000000000027,b1000000-0000-0000-0000-000000000001,2026-01-30T19:18:46+00:00,1,NORMAL_TRANSACTION,Normal Transaction,NORMAL,[],0,0,NORMAL_BASELINE
e1000000-0000-0000-0000-000000002116,tx_norm_002055_d8b304,c1000000-0000-0000-0000-000000000060,c1000000-0000-0000-0000-000000000138,PAYMENT,2966.51,0.0,COMPLETED,d1000000-0000-0000-0000-000000000011,b1000000-0000-0000-0000-000000000002,2026-01-30T19:22:26+00:00,1,NORMAL_TRANSACTION,Normal Transaction,NORMAL,[],0,0,NORMAL_BASELINE
e1000000-0000-0000-0000-000000002117,tx_lg_002129_57d9f6,c1000000-0000-0000-0000-000000000052,c1000000-0000-0000-0000-000000000002,P2P,98500.0,5.0,FLAGGED,d1000000-0000-0000-0000-000000000015,b1000000-0000-0000-0000-000000000008,2026-01-30T19:32:00+00:00,2,UNUSUALLY_LARGE,Unusually Large Transaction,RAPID_FUND_MOVEMENT,"['amount_deviation', 'high_transaction_velocity']",1,1,LARGE_TRANSACTION_BURST
e1000000-0000-0000-0000-000000002118,tx_norm_002113_2c88d2,c1000000-0000-0000-0000-000000000095,c1000000-0000-0000-0000-000000000082,P2P,1691.19,5.0,COMPLETED,d1000000-0000-0000-0000-000000000017,b1000000-0000-0000-0000-000000000004,2026-01-30T19:35:34+00:00,1,NORMAL_TRANSACTION,Normal Transaction,NORMAL,[],0,0,NORMAL_BASELINE
e1000000-0000-0000-0000-000000002119,tx_norm_002047_299497,c1000000-0000-0000-0000-000000000042,c1000000-0000-0000-0000-000000000098,P2P,4465.52,5.0,COMPLETED,d1000000-0000-0000-0000-000000000018,b1000000-0000-0000-0000-000000000008,2026-01-30T19:48:04+00:00,1,NORMAL_TRANSACTION,Normal Transaction,NORMAL,[],0,0,NORMAL_BASELINE
e1000000-0000-0000-0000-000000002120,tx_norm_002030_9f325c,c1000000-0000-0000-0000-000000000078,c1000000-0000-0000-0000-000000000104,P2P,2327.42,5.0,COMPLETED,d1000000-0000-0000-0000-000000000009,b1000000-0000-0000-0000-000000000006,2026-01-30T19:50:50+00:00,1,NORMAL_TRANSACTION,Normal Transaction,NORMAL,[],0,0,NORMAL_BASELINE
e1000000-0000-0000-0000-000000002121,tx_norm_002040_57549c,c1000000-0000-0000-0000-000000000093,c1000000-0000-0000-0000-000000000002,P2P,3366.97,5.0,COMPLETED,d1000000-0000-0000-0000-000000000009,b1000000-0000-0000-0000-000000000006,2026-01-30T20:05:55+00:00,1,NORMAL_TRANSACTION,Normal Transaction,NORMAL,[],0,0,NORMAL_BASELINE
e1000000-0000-0000-0000-000000002122,tx_lg_002130_6db3bd,c1000000-0000-0000-0000-000000000050,c1000000-0000-0000-0000-000000000048,P2P,24950.0,5.0,FLAGGED,d1000000-0000-0000-0000-000000000024,b1000000-0000-0000-0000-000000000011,2026-01-30T20:06:00+00:00,2,UNUSUALLY_LARGE,Unusually Large Transaction,RAPID_FUND_MOVEMENT,"['amount_deviation', 'high_transaction_velocity']",1,1,LARGE_TRANSACTION_BURST
e1000000-0000-0000-0000-000000002123,tx_norm_002124_3de8ca,c1000000-0000-0000-0000-000000000010,c1000000-0000-0000-0000-000000000090,P2P,4285.48,5.0,COMPLETED,d1000000-0000-0000-0000-000000000013,b1000000-0000-0000-0000-000000000003,2026-01-30T20:06:31+00:00,1,NORMAL_TRANSACTION,Normal Transaction,NORMAL,[],0,0,NORMAL_BASELINE
e1000000-0000-0000-0000-000000002124,tx_norm_002063_4f8443,c1000000-0000-0000-0000-000000000040,c1000000-0000-0000-0000-000000000135,PAYMENT,1182.67,0.0,COMPLETED,d1000000-0000-0000-0000-000000000022,b1000000-0000-0000-0000-000000000012,2026-01-30T20:13:26+00:00,1,NORMAL_TRANSACTION,Normal Transaction,NORMAL,[],0,0,NORMAL_BASELINE
e1000000-0000-0000-0000-000000002125,tx_norm_002067_e6e005,c1000000-0000-0000-0000-000000000102,c1000000-0000-0000-0000-000000000043,P2P,3202.82,5.0,COMPLETED,d1000000-0000-0000-0000-000000000029,b1000000-0000-0000-0000-000000000006,2026-01-30T20:17:35+00:00,1,NORMAL_TRANSACTION,Normal Transaction,NORMAL,[],0,0,NORMAL_BASELINE
e1000000-0000-0000-0000-000000002126,tx_norm_002039_92689d,c1000000-0000-0000-0000-000000000023,c1000000-0000-0000-0000-000000000049,P2P,479.32,0.0,COMPLETED,d1000000-0000-0000-0000-000000000014,b1000000-0000-0000-0000-000000000019,2026-01-30T20:48:06+00:00,1,NORMAL_TRANSACTION,Normal Transaction,NORMAL,[],0,0,NORMAL_BASELINE
e1000000-0000-0000-0000-000000002127,tx_norm_002071_3f203c,c1000000-0000-0000-0000-000000000117,c1000000-0000-0000-0000-000000000100,CASH_IN,1531.19,0.0,COMPLETED,d1000000-0000-0000-0000-000000000009,b1000000-0000-0000-0000-000000000009,2026-01-30T20:49:17+00:00,1,NORMAL_TRANSACTION,Normal Transaction,NORMAL,[],0,0,NORMAL_BASELINE
e1000000-0000-0000-0000-000000002128,tx_lg_002131_9d63bd,c1000000-0000-0000-0000-000000000080,c1000000-0000-0000-0000-000000000076,P2P,49800.0,5.0,FLAGGED,d1000000-0000-0000-0000-000000000029,b1000000-0000-0000-0000-000000000005,2026-01-30T21:01:00+00:00,2,UNUSUALLY_LARGE,Unusually Large Transaction,RAPID_FUND_MOVEMENT,"['amount_deviation', 'high_transaction_velocity']",1,1,LARGE_TRANSACTION_BURST
e1000000-0000-0000-0000-000000002129,tx_norm_002098_53cdc9,c1000000-0000-0000-0000-000000000064,c1000000-0000-0000-0000-000000000094,P2P,1870.86,5.0,COMPLETED,d1000000-0000-0000-0000-000000000002,b1000000-0000-0000-0000-000000000003,2026-01-30T21:11:55+00:00,1,NORMAL_TRANSACTION,Normal Transaction,NORMAL,[],0,0,NORMAL_BASELINE
e1000000-0000-0000-0000-000000002130,tx_lg_002132_7fffa9,c1000000-0000-0000-0000-000000000076,c1000000-0000-0000-0000-000000000006,P2P,49800.0,5.0,FLAGGED,d1000000-0000-0000-0000-000000000030,b1000000-0000-0000-0000-000000000002,2026-01-30T21:18:00+00:00,2,UNUSUALLY_LARGE,Unusually Large Transaction,RAPID_FUND_MOVEMENT,"['amount_deviation', 'high_transaction_velocity']",1,1,LARGE_TRANSACTION_BURST
e1000000-0000-0000-0000-000000002131,tx_norm_002096_0deb08,c1000000-0000-0000-0000-000000000076,c1000000-0000-0000-0000-000000000039,P2P,1752.03,5.0,COMPLETED,d1000000-0000-0000-0000-000000000030,b1000000-0000-0000-0000-000000000002,2026-01-30T21:44:43+00:00,1,NORMAL_TRANSACTION,Normal Transaction,NORMAL,[],0,0,NORMAL_BASELINE
e1000000-0000-0000-0000-000000002132,tx_lg_002133_b35c96,c1000000-0000-0000-0000-000000000041,c1000000-0000-0000-0000-000000000046,P2P,24800.0,5.0,FLAGGED,d1000000-0000-0000-0000-000000000008,b1000000-0000-0000-0000-000000000008,2026-01-30T21:49:00+00:00,2,UNUSUALLY_LARGE,Unusually Large Transaction,RAPID_FUND_MOVEMENT,"['amount_deviation', 'high_transaction_velocity']",1,1,LARGE_TRANSACTION_BURST
e1000000-0000-0000-0000-000000002133,tx_norm_002118_b17686,c1000000-0000-0000-0000-000000000105,c1000000-0000-0000-0000-000000000102,P2P,1084.99,5.0,COMPLETED,d1000000-0000-0000-0000-000000000015,b1000000-0000-0000-0000-000000000007,2026-01-30T21:51:36+00:00,1,NORMAL_TRANSACTION,Normal Transaction,NORMAL,[],0,0,NORMAL_BASELINE
e1000000-0000-0000-0000-000000002134,tx_lg_002134_c510c9,c1000000-0000-0000-0000-000000000061,c1000000-0000-0000-0000-000000000104,P2P,49800.0,5.0,FLAGGED,d1000000-0000-0000-0000-000000000028,b1000000-0000-0000-0000-000000000017,2026-01-30T22:38:00+00:00,2,UNUSUALLY_LARGE,Unusually Large Transaction,RAPID_FUND_MOVEMENT,"['amount_deviation', 'high_transaction_velocity']",1,1,LARGE_TRANSACTION_BURST
e1000000-0000-0000-0000-000000002135,tx_lg_002135_e17158,c1000000-0000-0000-0000-000000000013,c1000000-0000-0000-0000-000000000056,P2P,98500.0,5.0,FLAGGED,d1000000-0000-0000-0000-000000000028,b1000000-0000-0000-0000-000000000004,2026-01-30T23:32:00+00:00,2,UNUSUALLY_LARGE,Unusually Large Transaction,RAPID_FUND_MOVEMENT,"['amount_deviation', 'high_transaction_velocity']",1,1,LARGE_TRANSACTION_BURST
e1000000-0000-0000-0000-000000002136,tx_lg_002136_614589,c1000000-0000-0000-0000-000000000045,c1000000-0000-0000-0000-000000000089,P2P,49800.0,5.0,FLAGGED,d1000000-0000-0000-0000-000000000022,b1000000-0000-0000-0000-000000000016,2026-01-30T23:48:00+00:00,2,UNUSUALLY_LARGE,Unusually Large Transaction,RAPID_FUND_MOVEMENT,"['amount_deviation', 'high_transaction_velocity']",1,1,LARGE_TRANSACTION_BURST
e1000000-0000-0000-0000-000000002137,tx_lg_002137_408d52,c1000000-0000-0000-0000-000000000005,c1000000-0000-0000-0000-000000000064,P2P,24800.0,5.0,FLAGGED,d1000000-0000-0000-0000-000000000015,b1000000-0000-0000-0000-000000000019,2026-01-31T00:33:00+00:00,2,UNUSUALLY_LARGE,Unusually Large Transaction,RAPID_FUND_MOVEMENT,"['amount_deviation', 'high_transaction_velocity']",1,1,LARGE_TRANSACTION_BURST
e1000000-0000-0000-0000-000000002138,tx_lg_002138_b96a53,c1000000-0000-0000-0000-000000000070,c1000000-0000-0000-0000-000000000012,P2P,24800.0,5.0,FLAGGED,d1000000-0000-0000-0000-000000000012,b1000000-0000-0000-0000-000000000010,2026-01-31T01:03:00+00:00,2,UNUSUALLY_LARGE,Unusually Large Transaction,RAPID_FUND_MOVEMENT,"['amount_deviation', 'high_transaction_velocity']",1,1,LARGE_TRANSACTION_BURST
e1000000-0000-0000-0000-000000002139,tx_lg_002139_613dec,c1000000-0000-0000-0000-000000000092,c1000000-0000-0000-0000-000000000081,P2P,24800.0,5.0,FLAGGED,d1000000-0000-0000-0000-000000000027,b1000000-0000-0000-0000-000000000018,2026-01-31T01:47:00+00:00,2,UNUSUALLY_LARGE,Unusually Large Transaction,RAPID_FUND_MOVEMENT,"['amount_deviation', 'high_transaction_velocity']",1,1,LARGE_TRANSACTION_BURST
e1000000-0000-0000-0000-000000002140,tx_lg_002140_fbe770,c1000000-0000-0000-0000-000000000096,c1000000-0000-0000-0000-000000000044,P2P,24950.0,5.0,FLAGGED,d1000000-0000-0000-0000-000000000023,b1000000-0000-0000-0000-000000000014,2026-01-31T02:40:00+00:00,2,UNUSUALLY_LARGE,Unusually Large Transaction,RAPID_FUND_MOVEMENT,"['amount_deviation', 'high_transaction_velocity']",1,1,LARGE_TRANSACTION_BURST
e1000000-0000-0000-0000-000000002141,tx_lg_002141_8d78e1,c1000000-0000-0000-0000-000000000061,c1000000-0000-0000-0000-000000000005,P2P,49500.0,5.0,FLAGGED,d1000000-0000-0000-0000-000000000028,b1000000-0000-0000-0000-000000000017,2026-01-31T03:14:00+00:00,2,UNUSUALLY_LARGE,Unusually Large Transaction,RAPID_FUND_MOVEMENT,"['amount_deviation', 'high_transaction_velocity']",1,1,LARGE_TRANSACTION_BURST
e1000000-0000-0000-0000-000000002142,tx_lg_002142_9d1c92,c1000000-0000-0000-0000-000000000100,c1000000-0000-0000-0000-000000000091,P2P,49800.0,5.0,FLAGGED,d1000000-0000-0000-0000-000000000011,b1000000-0000-0000-0000-000000000013,2026-01-31T03:42:00+00:00,2,UNUSUALLY_LARGE,Unusually Large Transaction,RAPID_FUND_MOVEMENT,"['amount_deviation', 'high_transaction_velocity']",1,1,LARGE_TRANSACTION_BURST
e1000000-0000-0000-0000-000000002143,tx_lg_002143_20ddc8,c1000000-0000-0000-0000-000000000053,c1000000-0000-0000-0000-000000000013,P2P,24800.0,5.0,FLAGGED,d1000000-0000-0000-0000-000000000028,b1000000-0000-0000-0000-000000000018,2026-01-31T04:40:00+00:00,2,UNUSUALLY_LARGE,Unusually Large Transaction,RAPID_FUND_MOVEMENT,"['amount_deviation', 'high_transaction_velocity']",1,1,LARGE_TRANSACTION_BURST
e1000000-0000-0000-0000-000000002144,tx_lg_002144_71c629,c1000000-0000-0000-0000-000000000076,c1000000-0000-0000-0000-000000000088,P2P,24800.0,5.0,FLAGGED,d1000000-0000-0000-0000-000000000030,b1000000-0000-0000-0000-000000000002,2026-01-31T05:27:00+00:00,2,UNUSUALLY_LARGE,Unusually Large Transaction,RAPID_FUND_MOVEMENT,"['amount_deviation', 'high_transaction_velocity']",1,1,LARGE_TRANSACTION_BURST
e1000000-0000-0000-0000-000000002145,tx_lg_002145_46556f,c1000000-0000-0000-0000-000000000009,c1000000-0000-0000-0000-000000000066,P2P,24950.0,5.0,FLAGGED,d1000000-0000-0000-0000-000000000024,b1000000-0000-0000-0000-000000000015,2026-01-31T06:11:00+00:00,2,UNUSUALLY_LARGE,Unusually Large Transaction,RAPID_FUND_MOVEMENT,"['amount_deviation', 'high_transaction_velocity']",1,1,LARGE_TRANSACTION_BURST
e1000000-0000-0000-0000-000000002146,tx_lg_002146_a75908,c1000000-0000-0000-0000-000000000090,c1000000-0000-0000-0000-000000000073,P2P,49800.0,5.0,FLAGGED,d1000000-0000-0000-0000-000000000013,b1000000-0000-0000-0000-000000000011,2026-01-31T07:00:00+00:00,2,UNUSUALLY_LARGE,Unusually Large Transaction,RAPID_FUND_MOVEMENT,"['amount_deviation', 'high_transaction_velocity']",1,1,LARGE_TRANSACTION_BURST
e1000000-0000-0000-0000-000000002147,tx_lg_002147_1e1f86,c1000000-0000-0000-0000-000000000093,c1000000-0000-0000-0000-000000000007,P2P,49500.0,5.0,FLAGGED,d1000000-0000-0000-0000-000000000009,b1000000-0000-0000-0000-000000000006,2026-01-31T07:52:00+00:00,2,UNUSUALLY_LARGE,Unusually Large Transaction,RAPID_FUND_MOVEMENT,"['amount_deviation', 'high_transaction_velocity']",1,1,LARGE_TRANSACTION_BURST
e1000000-0000-0000-0000-000000002148,tx_lg_002148_e6faa0,c1000000-0000-0000-0000-000000000090,c1000000-0000-0000-0000-000000000067,P2P,49800.0,5.0,FLAGGED,d1000000-0000-0000-0000-000000000013,b1000000-0000-0000-0000-000000000011,2026-01-31T08:18:00+00:00,2,UNUSUALLY_LARGE,Unusually Large Transaction,RAPID_FUND_MOVEMENT,"['amount_deviation', 'high_transaction_velocity']",1,1,LARGE_TRANSACTION_BURST
e1000000-0000-0000-0000-000000002149,tx_lg_002149_4a5039,c1000000-0000-0000-0000-000000000058,c1000000-0000-0000-0000-000000000038,P2P,24950.0,5.0,FLAGGED,d1000000-0000-0000-0000-000000000024,b1000000-0000-0000-0000-000000000018,2026-01-31T08:35:00+00:00,2,UNUSUALLY_LARGE,Unusually Large Transaction,RAPID_FUND_MOVEMENT,"['amount_deviation', 'high_transaction_velocity']",1,1,LARGE_TRANSACTION_BURST
e1000000-0000-0000-0000-000000002150,tx_lg_002150_afd29b,c1000000-0000-0000-0000-000000000077,c1000000-0000-0000-0000-000000000043,P2P,49800.0,5.0,FLAGGED,d1000000-0000-0000-0000-000000000002,b1000000-0000-0000-0000-000000000001,2026-01-31T08:57:00+00:00,2,UNUSUALLY_LARGE,Unusually Large Transaction,RAPID_FUND_MOVEMENT,"['amount_deviation', 'high_transaction_velocity']",1,1,LARGE_TRANSACTION_BURST
e1000000-0000-0000-0000-000000002151,tx_lg_002151_7c7ab6,c1000000-0000-0000-0000-000000000020,c1000000-0000-0000-0000-000000000010,P2P,24950.0,5.0,FLAGGED,d1000000-0000-0000-0000-000000000019,b1000000-0000-0000-0000-000000000011,2026-01-31T09:42:00+00:00,2,UNUSUALLY_LARGE,Unusually Large Transaction,RAPID_FUND_MOVEMENT,"['amount_deviation', 'high_transaction_velocity']",1,1,LARGE_TRANSACTION_BURST
e1000000-0000-0000-0000-000000002152,tx_lg_002152_e7c8f2,c1000000-0000-0000-0000-000000000032,c1000000-0000-0000-0000-000000000001,P2P,49800.0,5.0,FLAGGED,d1000000-0000-0000-0000-000000000005,b1000000-0000-0000-0000-000000000012,2026-01-31T10:38:00+00:00,2,UNUSUALLY_LARGE,Unusually Large Transaction,RAPID_FUND_MOVEMENT,"['amount_deviation', 'high_transaction_velocity']",1,1,LARGE_TRANSACTION_BURST
e1000000-0000-0000-0000-000000002153,tx_lg_002153_4d6200,c1000000-0000-0000-0000-000000000023,c1000000-0000-0000-0000-000000000100,P2P,49800.0,5.0,FLAGGED,d1000000-0000-0000-0000-000000000014,b1000000-0000-0000-0000-000000000019,2026-01-31T10:55:00+00:00,2,UNUSUALLY_LARGE,Unusually Large Transaction,RAPID_FUND_MOVEMENT,"['amount_deviation', 'high_transaction_velocity']",1,1,LARGE_TRANSACTION_BURST
e1000000-0000-0000-0000-000000002154,tx_lg_002154_9564d4,c1000000-0000-0000-0000-000000000024,c1000000-0000-0000-0000-000000000030,P2P,49500.0,5.0,FLAGGED,d1000000-0000-0000-0000-000000000005,b1000000-0000-0000-0000-000000000017,2026-01-31T11:53:00+00:00,2,UNUSUALLY_LARGE,Unusually Large Transaction,RAPID_FUND_MOVEMENT,"['amount_deviation', 'high_transaction_velocity']",1,1,LARGE_TRANSACTION_BURST
e1000000-0000-0000-0000-000000002155,tx_lg_002155_f2b2d2,c1000000-0000-0000-0000-000000000064,c1000000-0000-0000-0000-000000000030,P2P,49800.0,5.0,FLAGGED,d1000000-0000-0000-0000-000000000002,b1000000-0000-0000-0000-000000000003,2026-01-31T12:52:00+00:00,2,UNUSUALLY_LARGE,Unusually Large Transaction,RAPID_FUND_MOVEMENT,"['amount_deviation', 'high_transaction_velocity']",1,1,LARGE_TRANSACTION_BURST
e1000000-0000-0000-0000-000000002156,tx_lg_002156_21caaf,c1000000-0000-0000-0000-000000000015,c1000000-0000-0000-0000-000000000013,P2P,24950.0,5.0,FLAGGED,d1000000-0000-0000-0000-000000000022,b1000000-0000-0000-0000-000000000009,2026-01-31T13:15:00+00:00,2,UNUSUALLY_LARGE,Unusually Large Transaction,RAPID_FUND_MOVEMENT,"['amount_deviation', 'high_transaction_velocity']",1,1,LARGE_TRANSACTION_BURST
e1000000-0000-0000-0000-000000002157,tx_lg_002157_702724,c1000000-0000-0000-0000-000000000095,c1000000-0000-0000-0000-000000000078,P2P,98500.0,5.0,FLAGGED,d1000000-0000-0000-0000-000000000017,b1000000-0000-0000-0000-000000000004,2026-01-31T13:31:00+00:00,2,UNUSUALLY_LARGE,Unusually Large Transaction,RAPID_FUND_MOVEMENT,"['amount_deviation', 'high_transaction_velocity']",1,1,LARGE_TRANSACTION_BURST
e1000000-0000-0000-0000-000000002158,tx_lg_002158_b55a47,c1000000-0000-0000-0000-000000000064,c1000000-0000-0000-0000-000000000047,P2P,49800.0,5.0,FLAGGED,d1000000-0000-0000-0000-000000000002,b1000000-0000-0000-0000-000000000003,2026-01-31T13:47:00+00:00,2,UNUSUALLY_LARGE,Unusually Large Transaction,RAPID_FUND_MOVEMENT,"['amount_deviation', 'high_transaction_velocity']",1,1,LARGE_TRANSACTION_BURST
e1000000-0000-0000-0000-000000002159,tx_lg_002159_8b21cf,c1000000-0000-0000-0000-000000000068,c1000000-0000-0000-0000-000000000090,P2P,49500.0,5.0,FLAGGED,d1000000-0000-0000-0000-000000000019,b1000000-0000-0000-0000-000000000004,2026-01-31T14:42:00+00:00,2,UNUSUALLY_LARGE,Unusually Large Transaction,RAPID_FUND_MOVEMENT,"['amount_deviation', 'high_transaction_velocity']",1,1,LARGE_TRANSACTION_BURST
e1000000-0000-0000-0000-000000002160,tx_root_002194_ec677b,c1000000-0000-0000-0000-000000000089,c1000000-0000-0000-0000-000000000076,P2P,13868.39,5.0,FLAGGED,d1000000-0000-0000-0000-000000000038,b1000000-0000-0000-0000-000000000008,2026-01-31T15:37:00+00:00,4,NEW_DEVICE,New Unrecognized Device,ACCOUNT_TAKEOVER,"['new_device', 'amount_deviation']",1,1,NEW_ROOTED_DEVICE
e1000000-0000-0000-0000-000000002161,tx_root_002195_2323f3,c1000000-0000-0000-0000-000000000077,c1000000-0000-0000-0000-000000000085,P2P,11101.27,5.0,FLAGGED,d1000000-0000-0000-0000-000000000039,b1000000-0000-0000-0000-000000000001,2026-01-31T16:33:00+00:00,4,NEW_DEVICE,New Unrecognized Device,ACCOUNT_TAKEOVER,"['new_device', 'amount_deviation']",1,1,NEW_ROOTED_DEVICE
e1000000-0000-0000-0000-000000002162,tx_velo_002160_0895df,c1000000-0000-0000-0000-000000000014,c1000000-0000-0000-0000-000000000055,P2P,2336.71,5.0,FLAGGED,d1000000-0000-0000-0000-000000000027,b1000000-0000-0000-0000-000000000012,2026-01-31T16:42:40+00:00,3,HIGH_VELOCITY,High Transaction Velocity,RAPID_FUND_MOVEMENT,"['high_transaction_velocity', 'amount_deviation']",1,1,VELOCITY_STORM_W-PERS-0014
e1000000-0000-0000-0000-000000002163,tx_velo_002161_1122e2,c1000000-0000-0000-0000-000000000014,c1000000-0000-0000-0000-000000000073,P2P,1695.53,5.0,FLAGGED,d1000000-0000-0000-0000-000000000027,b1000000-0000-0000-0000-000000000012,2026-01-31T16:43:17+00:00,3,HIGH_VELOCITY,High Transaction Velocity,RAPID_FUND_MOVEMENT,"['high_transaction_velocity', 'amount_deviation']",1,1,VELOCITY_STORM_W-PERS-0014
e1000000-0000-0000-0000-000000002164,tx_velo_002162_79810e,c1000000-0000-0000-0000-000000000014,c1000000-0000-0000-0000-000000000035,P2P,2703.98,5.0,FLAGGED,d1000000-0000-0000-0000-000000000027,b1000000-0000-0000-0000-000000000012,2026-01-31T16:43:49+00:00,3,HIGH_VELOCITY,High Transaction Velocity,RAPID_FUND_MOVEMENT,"['high_transaction_velocity', 'amount_deviation']",1,1,VELOCITY_STORM_W-PERS-0014
e1000000-0000-0000-0000-000000002165,tx_velo_002163_1efa91,c1000000-0000-0000-0000-000000000014,c1000000-0000-0000-0000-000000000033,P2P,1572.33,5.0,FLAGGED,d1000000-0000-0000-0000-000000000027,b1000000-0000-0000-0000-000000000012,2026-01-31T16:44:07+00:00,3,HIGH_VELOCITY,High Transaction Velocity,RAPID_FUND_MOVEMENT,"['high_transaction_velocity', 'amount_deviation']",1,1,VELOCITY_STORM_W-PERS-0014
e1000000-0000-0000-0000-000000002166,tx_velo_002164_aa25e8,c1000000-0000-0000-0000-000000000014,c1000000-0000-0000-0000-000000000012,P2P,2089.55,5.0,FLAGGED,d1000000-0000-0000-0000-000000000027,b1000000-0000-0000-0000-000000000012,2026-01-31T16:44:28+00:00,3,HIGH_VELOCITY,High Transaction Velocity,RAPID_FUND_MOVEMENT,"['high_transaction_velocity', 'amount_deviation']",1,1,VELOCITY_STORM_W-PERS-0014
e1000000-0000-0000-0000-000000002167,tx_velo_002165_5f91b1,c1000000-0000-0000-0000-000000000014,c1000000-0000-0000-0000-000000000086,P2P,3172.11,5.0,FLAGGED,d1000000-0000-0000-0000-000000000027,b1000000-0000-0000-0000-000000000012,2026-01-31T16:45:12+00:00,3,HIGH_VELOCITY,High Transaction Velocity,RAPID_FUND_MOVEMENT,"['high_transaction_velocity', 'amount_deviation']",1,1,VELOCITY_STORM_W-PERS-0014
e1000000-0000-0000-0000-000000002168,tx_velo_002166_f88aa2,c1000000-0000-0000-0000-000000000014,c1000000-0000-0000-0000-000000000063,P2P,3869.99,5.0,FLAGGED,d1000000-0000-0000-0000-000000000027,b1000000-0000-0000-0000-000000000012,2026-01-31T16:45:26+00:00,3,HIGH_VELOCITY,High Transaction Velocity,RAPID_FUND_MOVEMENT,"['high_transaction_velocity', 'amount_deviation']",1,1,VELOCITY_STORM_W-PERS-0014
e1000000-0000-0000-0000-000000002169,tx_velo_002167_1da855,c1000000-0000-0000-0000-000000000014,c1000000-0000-0000-0000-000000000025,P2P,3179.0,5.0,FLAGGED,d1000000-0000-0000-0000-000000000027,b1000000-0000-0000-0000-000000000012,2026-01-31T16:46:02+00:00,3,HIGH_VELOCITY,High Transaction Velocity,RAPID_FUND_MOVEMENT,"['high_transaction_velocity', 'amount_deviation']",1,1,VELOCITY_STORM_W-PERS-0014
e1000000-0000-0000-0000-000000002170,tx_velo_002168_25bb2b,c1000000-0000-0000-0000-000000000014,c1000000-0000-0000-0000-000000000031,P2P,2401.03,5.0,FLAGGED,d1000000-0000-0000-0000-000000000027,b1000000-0000-0000-0000-000000000012,2026-01-31T16:46:24+00:00,3,HIGH_VELOCITY,High Transaction Velocity,RAPID_FUND_MOVEMENT,"['high_transaction_velocity', 'amount_deviation']",1,1,VELOCITY_STORM_W-PERS-0014
e1000000-0000-0000-0000-000000002171,tx_velo_002169_02dd95,c1000000-0000-0000-0000-000000000014,c1000000-0000-0000-0000-000000000097,P2P,2615.58,5.0,FLAGGED,d1000000-0000-0000-0000-000000000027,b1000000-0000-0000-0000-000000000012,2026-01-31T16:46:59+00:00,3,HIGH_VELOCITY,High Transaction Velocity,RAPID_FUND_MOVEMENT,"['high_transaction_velocity', 'amount_deviation']",1,1,VELOCITY_STORM_W-PERS-0014
e1000000-0000-0000-0000-000000002172,tx_velo_002170_1cdd5a,c1000000-0000-0000-0000-000000000014,c1000000-0000-0000-0000-000000000067,P2P,3073.69,5.0,FLAGGED,d1000000-0000-0000-0000-000000000027,b1000000-0000-0000-0000-000000000012,2026-01-31T16:47:09+00:00,3,HIGH_VELOCITY,High Transaction Velocity,RAPID_FUND_MOVEMENT,"['high_transaction_velocity', 'amount_deviation']",1,1,VELOCITY_STORM_W-PERS-0014
e1000000-0000-0000-0000-000000002173,tx_velo_002171_02447c,c1000000-0000-0000-0000-000000000014,c1000000-0000-0000-0000-000000000036,P2P,2410.03,5.0,FLAGGED,d1000000-0000-0000-0000-000000000027,b1000000-0000-0000-0000-000000000012,2026-01-31T16:47:52+00:00,3,HIGH_VELOCITY,High Transaction Velocity,RAPID_FUND_MOVEMENT,"['high_transaction_velocity', 'amount_deviation']",1,1,VELOCITY_STORM_W-PERS-0014
e1000000-0000-0000-0000-000000002174,tx_velo_002172_51ccaa,c1000000-0000-0000-0000-000000000014,c1000000-0000-0000-0000-000000000105,P2P,4262.19,5.0,FLAGGED,d1000000-0000-0000-0000-000000000027,b1000000-0000-0000-0000-000000000012,2026-01-31T16:48:10+00:00,3,HIGH_VELOCITY,High Transaction Velocity,RAPID_FUND_MOVEMENT,"['high_transaction_velocity', 'amount_deviation']",1,1,VELOCITY_STORM_W-PERS-0014
e1000000-0000-0000-0000-000000002175,tx_velo_002173_304c7b,c1000000-0000-0000-0000-000000000014,c1000000-0000-0000-0000-000000000063,P2P,3492.11,5.0,FLAGGED,d1000000-0000-0000-0000-000000000027,b1000000-0000-0000-0000-000000000012,2026-01-31T16:48:33+00:00,3,HIGH_VELOCITY,High Transaction Velocity,RAPID_FUND_MOVEMENT,"['high_transaction_velocity', 'amount_deviation']",1,1,VELOCITY_STORM_W-PERS-0014
e1000000-0000-0000-0000-000000002176,tx_velo_002174_36d0bb,c1000000-0000-0000-0000-000000000014,c1000000-0000-0000-0000-000000000063,P2P,1797.14,5.0,FLAGGED,d1000000-0000-0000-0000-000000000027,b1000000-0000-0000-0000-000000000012,2026-01-31T16:49:13+00:00,3,HIGH_VELOCITY,High Transaction Velocity,RAPID_FUND_MOVEMENT,"['high_transaction_velocity', 'amount_deviation']",1,1,VELOCITY_STORM_W-PERS-0014
e1000000-0000-0000-0000-000000002177,tx_velo_002175_a22646,c1000000-0000-0000-0000-000000000014,c1000000-0000-0000-0000-000000000051,P2P,3381.09,5.0,FLAGGED,d1000000-0000-0000-0000-000000000027,b1000000-0000-0000-0000-000000000012,2026-01-31T16:49:58+00:00,3,HIGH_VELOCITY,High Transaction Velocity,RAPID_FUND_MOVEMENT,"['high_transaction_velocity', 'amount_deviation']",1,1,VELOCITY_STORM_W-PERS-0014
e1000000-0000-0000-0000-000000002178,tx_velo_002176_25679f,c1000000-0000-0000-0000-000000000014,c1000000-0000-0000-0000-000000000104,P2P,3501.25,5.0,FLAGGED,d1000000-0000-0000-0000-000000000027,b1000000-0000-0000-0000-000000000012,2026-01-31T16:50:12+00:00,3,HIGH_VELOCITY,High Transaction Velocity,RAPID_FUND_MOVEMENT,"['high_transaction_velocity', 'amount_deviation']",1,1,VELOCITY_STORM_W-PERS-0014
e1000000-0000-0000-0000-000000002179,tx_velo_002177_dc76a6,c1000000-0000-0000-0000-000000000014,c1000000-0000-0000-0000-000000000067,P2P,3781.55,5.0,FLAGGED,d1000000-0000-0000-0000-000000000027,b1000000-0000-0000-0000-000000000012,2026-01-31T16:50:31+00:00,3,HIGH_VELOCITY,High Transaction Velocity,RAPID_FUND_MOVEMENT,"['high_transaction_velocity', 'amount_deviation']",1,1,VELOCITY_STORM_W-PERS-0014
e1000000-0000-0000-0000-000000002180,tx_velo_002178_fd67eb,c1000000-0000-0000-0000-000000000014,c1000000-0000-0000-0000-000000000063,P2P,4462.09,5.0,FLAGGED,d1000000-0000-0000-0000-000000000027,b1000000-0000-0000-0000-000000000012,2026-01-31T16:51:13+00:00,3,HIGH_VELOCITY,High Transaction Velocity,RAPID_FUND_MOVEMENT,"['high_transaction_velocity', 'amount_deviation']",1,1,VELOCITY_STORM_W-PERS-0014
e1000000-0000-0000-0000-000000002181,tx_velo_002179_3f3fd6,c1000000-0000-0000-0000-000000000014,c1000000-0000-0000-0000-000000000074,P2P,3380.82,5.0,FLAGGED,d1000000-0000-0000-0000-000000000027,b1000000-0000-0000-0000-000000000012,2026-01-31T16:51:33+00:00,3,HIGH_VELOCITY,High Transaction Velocity,RAPID_FUND_MOVEMENT,"['high_transaction_velocity', 'amount_deviation']",1,1,VELOCITY_STORM_W-PERS-0014
e1000000-0000-0000-0000-000000002182,tx_velo_002180_f0071d,c1000000-0000-0000-0000-000000000014,c1000000-0000-0000-0000-000000000054,P2P,2176.03,5.0,FLAGGED,d1000000-0000-0000-0000-000000000027,b1000000-0000-0000-0000-000000000012,2026-01-31T16:52:06+00:00,3,HIGH_VELOCITY,High Transaction Velocity,RAPID_FUND_MOVEMENT,"['high_transaction_velocity', 'amount_deviation']",1,1,VELOCITY_STORM_W-PERS-0014
e1000000-0000-0000-0000-000000002183,tx_velo_002181_0f46bb,c1000000-0000-0000-0000-000000000014,c1000000-0000-0000-0000-000000000035,P2P,3757.11,5.0,FLAGGED,d1000000-0000-0000-0000-000000000027,b1000000-0000-0000-0000-000000000012,2026-01-31T16:52:42+00:00,3,HIGH_VELOCITY,High Transaction Velocity,RAPID_FUND_MOVEMENT,"['high_transaction_velocity', 'amount_deviation']",1,1,VELOCITY_STORM_W-PERS-0014
e1000000-0000-0000-0000-000000002184,tx_velo_002182_c7d77f,c1000000-0000-0000-0000-000000000014,c1000000-0000-0000-0000-000000000006,P2P,2683.89,5.0,FLAGGED,d1000000-0000-0000-0000-000000000027,b1000000-0000-0000-0000-000000000012,2026-01-31T16:53:12+00:00,3,HIGH_VELOCITY,High Transaction Velocity,RAPID_FUND_MOVEMENT,"['high_transaction_velocity', 'amount_deviation']",1,1,VELOCITY_STORM_W-PERS-0014
e1000000-0000-0000-0000-000000002185,tx_velo_002183_6409e9,c1000000-0000-0000-0000-000000000014,c1000000-0000-0000-0000-000000000026,P2P,2849.49,5.0,FLAGGED,d1000000-0000-0000-0000-000000000027,b1000000-0000-0000-0000-000000000012,2026-01-31T16:53:45+00:00,3,HIGH_VELOCITY,High Transaction Velocity,RAPID_FUND_MOVEMENT,"['high_transaction_velocity', 'amount_deviation']",1,1,VELOCITY_STORM_W-PERS-0014
e1000000-0000-0000-0000-000000002186,tx_velo_002184_7ab7b7,c1000000-0000-0000-0000-000000000014,c1000000-0000-0000-0000-000000000030,P2P,3344.69,5.0,FLAGGED,d1000000-0000-0000-0000-000000000027,b1000000-0000-0000-0000-000000000012,2026-01-31T16:54:03+00:00,3,HIGH_VELOCITY,High Transaction Velocity,RAPID_FUND_MOVEMENT,"['high_transaction_velocity', 'amount_deviation']",1,1,VELOCITY_STORM_W-PERS-0014
e1000000-0000-0000-0000-000000002187,tx_velo_002185_e384bc,c1000000-0000-0000-0000-000000000014,c1000000-0000-0000-0000-000000000103,P2P,2719.6,5.0,FLAGGED,d1000000-0000-0000-0000-000000000027,b1000000-0000-0000-0000-000000000012,2026-01-31T16:54:45+00:00,3,HIGH_VELOCITY,High Transaction Velocity,RAPID_FUND_MOVEMENT,"['high_transaction_velocity', 'amount_deviation']",1,1,VELOCITY_STORM_W-PERS-0014
e1000000-0000-0000-0000-000000002188,tx_velo_002186_3dc87f,c1000000-0000-0000-0000-000000000014,c1000000-0000-0000-0000-000000000098,P2P,3296.94,5.0,FLAGGED,d1000000-0000-0000-0000-000000000027,b1000000-0000-0000-0000-000000000012,2026-01-31T16:55:05+00:00,3,HIGH_VELOCITY,High Transaction Velocity,RAPID_FUND_MOVEMENT,"['high_transaction_velocity', 'amount_deviation']",1,1,VELOCITY_STORM_W-PERS-0014
e1000000-0000-0000-0000-000000002189,tx_velo_002187_c5e9d3,c1000000-0000-0000-0000-000000000014,c1000000-0000-0000-0000-000000000038,P2P,1725.17,5.0,FLAGGED,d1000000-0000-0000-0000-000000000027,b1000000-0000-0000-0000-000000000012,2026-01-31T16:55:46+00:00,3,HIGH_VELOCITY,High Transaction Velocity,RAPID_FUND_MOVEMENT,"['high_transaction_velocity', 'amount_deviation']",1,1,VELOCITY_STORM_W-PERS-0014
e1000000-0000-0000-0000-000000002190,tx_velo_002188_6ad540,c1000000-0000-0000-0000-000000000014,c1000000-0000-0000-0000-000000000078,P2P,1699.0,5.0,FLAGGED,d1000000-0000-0000-0000-000000000027,b1000000-0000-0000-0000-000000000012,2026-01-31T16:55:57+00:00,3,HIGH_VELOCITY,High Transaction Velocity,RAPID_FUND_MOVEMENT,"['high_transaction_velocity', 'amount_deviation']",1,1,VELOCITY_STORM_W-PERS-0014
e1000000-0000-0000-0000-000000002191,tx_velo_002189_c5ddf5,c1000000-0000-0000-0000-000000000014,c1000000-0000-0000-0000-000000000011,P2P,3424.2,5.0,FLAGGED,d1000000-0000-0000-0000-000000000027,b1000000-0000-0000-0000-000000000012,2026-01-31T16:56:16+00:00,3,HIGH_VELOCITY,High Transaction Velocity,RAPID_FUND_MOVEMENT,"['high_transaction_velocity', 'amount_deviation']",1,1,VELOCITY_STORM_W-PERS-0014
e1000000-0000-0000-0000-000000002192,tx_velo_002190_64ad2b,c1000000-0000-0000-0000-000000000014,c1000000-0000-0000-0000-000000000049,P2P,2342.5,5.0,FLAGGED,d1000000-0000-0000-0000-000000000027,b1000000-0000-0000-0000-000000000012,2026-01-31T16:56:43+00:00,3,HIGH_VELOCITY,High Transaction Velocity,RAPID_FUND_MOVEMENT,"['high_transaction_velocity', 'amount_deviation']",1,1,VELOCITY_STORM_W-PERS-0014
e1000000-0000-0000-0000-000000002193,tx_velo_002191_4db1f8,c1000000-0000-0000-0000-000000000014,c1000000-0000-0000-0000-000000000085,P2P,4008.97,5.0,FLAGGED,d1000000-0000-0000-0000-000000000027,b1000000-0000-0000-0000-000000000012,2026-01-31T16:57:14+00:00,3,HIGH_VELOCITY,High Transaction Velocity,RAPID_FUND_MOVEMENT,"['high_transaction_velocity', 'amount_deviation']",1,1,VELOCITY_STORM_W-PERS-0014
e1000000-0000-0000-0000-000000002194,tx_velo_002192_eb5900,c1000000-0000-0000-0000-000000000014,c1000000-0000-0000-0000-000000000079,P2P,2424.43,5.0,FLAGGED,d1000000-0000-0000-0000-000000000027,b1000000-0000-0000-0000-000000000012,2026-01-31T16:57:44+00:00,3,HIGH_VELOCITY,High Transaction Velocity,RAPID_FUND_MOVEMENT,"['high_transaction_velocity', 'amount_deviation']",1,1,VELOCITY_STORM_W-PERS-0014
e1000000-0000-0000-0000-000000002195,tx_velo_002193_7cdfa4,c1000000-0000-0000-0000-000000000014,c1000000-0000-0000-0000-000000000062,P2P,2658.28,5.0,FLAGGED,d1000000-0000-0000-0000-000000000027,b1000000-0000-0000-0000-000000000012,2026-01-31T16:58:26+00:00,3,HIGH_VELOCITY,High Transaction Velocity,RAPID_FUND_MOVEMENT,"['high_transaction_velocity', 'amount_deviation']",1,1,VELOCITY_STORM_W-PERS-0014
e1000000-0000-0000-0000-000000002196,tx_root_002196_886197,c1000000-0000-0000-0000-000000000012,c1000000-0000-0000-0000-000000000089,P2P,11720.97,5.0,FLAGGED,d1000000-0000-0000-0000-000000000028,b1000000-0000-0000-0000-000000000008,2026-01-31T17:14:00+00:00,4,NEW_DEVICE,New Unrecognized Device,ACCOUNT_TAKEOVER,"['new_device', 'amount_deviation']",1,1,NEW_ROOTED_DEVICE
e1000000-0000-0000-0000-000000002197,tx_root_002197_44a984,c1000000-0000-0000-0000-000000000081,c1000000-0000-0000-0000-000000000009,P2P,17144.09,5.0,FLAGGED,d1000000-0000-0000-0000-000000000021,b1000000-0000-0000-0000-000000000018,2026-01-31T18:14:00+00:00,4,NEW_DEVICE,New Unrecognized Device,ACCOUNT_TAKEOVER,"['new_device', 'amount_deviation']",1,1,NEW_ROOTED_DEVICE
e1000000-0000-0000-0000-000000002198,tx_root_002198_502426,c1000000-0000-0000-0000-000000000037,c1000000-0000-0000-0000-000000000077,P2P,17048.66,5.0,FLAGGED,d1000000-0000-0000-0000-000000000033,b1000000-0000-0000-0000-000000000018,2026-01-31T18:48:00+00:00,4,NEW_DEVICE,New Unrecognized Device,ACCOUNT_TAKEOVER,"['new_device', 'amount_deviation']",1,1,NEW_ROOTED_DEVICE
e1000000-0000-0000-0000-000000002199,tx_root_002199_593829,c1000000-0000-0000-0000-000000000042,c1000000-0000-0000-0000-000000000031,P2P,17640.43,5.0,FLAGGED,d1000000-0000-0000-0000-000000000036,b1000000-0000-0000-0000-000000000008,2026-01-31T19:20:00+00:00,4,NEW_DEVICE,New Unrecognized Device,ACCOUNT_TAKEOVER,"['new_device', 'amount_deviation']",1,1,NEW_ROOTED_DEVICE
e1000000-0000-0000-0000-000000002200,tx_root_002200_474d3a,c1000000-0000-0000-0000-000000000025,c1000000-0000-0000-0000-000000000043,P2P,8430.83,5.0,FLAGGED,d1000000-0000-0000-0000-000000000033,b1000000-0000-0000-0000-000000000004,2026-01-31T20:06:00+00:00,4,NEW_DEVICE,New Unrecognized Device,ACCOUNT_TAKEOVER,"['new_device', 'amount_deviation']",1,1,NEW_ROOTED_DEVICE
e1000000-0000-0000-0000-000000002201,tx_root_002201_c4b03a,c1000000-0000-0000-0000-000000000055,c1000000-0000-0000-0000-000000000086,P2P,12969.7,5.0,FLAGGED,d1000000-0000-0000-0000-000000000037,b1000000-0000-0000-0000-000000000016,2026-01-31T20:38:00+00:00,4,NEW_DEVICE,New Unrecognized Device,ACCOUNT_TAKEOVER,"['new_device', 'amount_deviation']",1,1,NEW_ROOTED_DEVICE
e1000000-0000-0000-0000-000000002202,tx_root_002202_30a19d,c1000000-0000-0000-0000-000000000101,c1000000-0000-0000-0000-000000000018,P2P,13932.34,5.0,FLAGGED,d1000000-0000-0000-0000-000000000039,b1000000-0000-0000-0000-000000000014,2026-01-31T21:16:00+00:00,4,NEW_DEVICE,New Unrecognized Device,ACCOUNT_TAKEOVER,"['new_device', 'amount_deviation']",1,1,NEW_ROOTED_DEVICE
e1000000-0000-0000-0000-000000002203,tx_root_002203_523664,c1000000-0000-0000-0000-000000000047,c1000000-0000-0000-0000-000000000092,P2P,7658.04,5.0,FLAGGED,d1000000-0000-0000-0000-000000000033,b1000000-0000-0000-0000-000000000014,2026-01-31T22:11:00+00:00,4,NEW_DEVICE,New Unrecognized Device,ACCOUNT_TAKEOVER,"['new_device', 'amount_deviation']",1,1,NEW_ROOTED_DEVICE
e1000000-0000-0000-0000-000000002204,tx_root_002204_1e0186,c1000000-0000-0000-0000-000000000060,c1000000-0000-0000-0000-000000000075,P2P,14419.71,5.0,FLAGGED,d1000000-0000-0000-0000-000000000033,b1000000-0000-0000-0000-000000000002,2026-01-31T22:42:00+00:00,4,NEW_DEVICE,New Unrecognized Device,ACCOUNT_TAKEOVER,"['new_device', 'amount_deviation']",1,1,NEW_ROOTED_DEVICE
e1000000-0000-0000-0000-000000002205,tx_root_002205_991f21,c1000000-0000-0000-0000-000000000038,c1000000-0000-0000-0000-000000000082,P2P,15269.29,5.0,FLAGGED,d1000000-0000-0000-0000-000000000017,b1000000-0000-0000-0000-000000000014,2026-01-31T23:15:00+00:00,4,NEW_DEVICE,New Unrecognized Device,ACCOUNT_TAKEOVER,"['new_device', 'amount_deviation']",1,1,NEW_ROOTED_DEVICE
e1000000-0000-0000-0000-000000002206,tx_root_002206_5fffe8,c1000000-0000-0000-0000-000000000044,c1000000-0000-0000-0000-000000000024,P2P,8193.24,5.0,FLAGGED,d1000000-0000-0000-0000-000000000037,b1000000-0000-0000-0000-000000000011,2026-02-01T00:06:00+00:00,4,NEW_DEVICE,New Unrecognized Device,ACCOUNT_TAKEOVER,"['new_device', 'amount_deviation']",1,1,NEW_ROOTED_DEVICE
e1000000-0000-0000-0000-000000002207,tx_root_002207_758637,c1000000-0000-0000-0000-000000000062,c1000000-0000-0000-0000-000000000092,P2P,11986.31,5.0,FLAGGED,d1000000-0000-0000-0000-000000000021,b1000000-0000-0000-0000-000000000006,2026-02-01T01:02:00+00:00,4,NEW_DEVICE,New Unrecognized Device,ACCOUNT_TAKEOVER,"['new_device', 'amount_deviation']",1,1,NEW_ROOTED_DEVICE
e1000000-0000-0000-0000-000000002208,tx_root_002208_40a62d,c1000000-0000-0000-0000-000000000019,c1000000-0000-0000-0000-000000000033,P2P,6617.58,5.0,FLAGGED,d1000000-0000-0000-0000-000000000036,b1000000-0000-0000-0000-000000000009,2026-02-01T01:26:00+00:00,4,NEW_DEVICE,New Unrecognized Device,ACCOUNT_TAKEOVER,"['new_device', 'amount_deviation']",1,1,NEW_ROOTED_DEVICE
e1000000-0000-0000-0000-000000002209,tx_root_002209_00d61c,c1000000-0000-0000-0000-000000000049,c1000000-0000-0000-0000-000000000105,P2P,5865.1,5.0,FLAGGED,d1000000-0000-0000-0000-000000000033,b1000000-0000-0000-0000-000000000002,2026-02-01T02:11:00+00:00,4,NEW_DEVICE,New Unrecognized Device,ACCOUNT_TAKEOVER,"['new_device', 'amount_deviation']",1,1,NEW_ROOTED_DEVICE
e1000000-0000-0000-0000-000000002210,tx_root_002210_ef4bd7,c1000000-0000-0000-0000-000000000104,c1000000-0000-0000-0000-000000000033,P2P,17881.1,5.0,FLAGGED,d1000000-0000-0000-0000-000000000028,b1000000-0000-0000-0000-000000000019,2026-02-01T03:00:00+00:00,4,NEW_DEVICE,New Unrecognized Device,ACCOUNT_TAKEOVER,"['new_device', 'amount_deviation']",1,1,NEW_ROOTED_DEVICE
e1000000-0000-0000-0000-000000002211,tx_root_002211_6ba571,c1000000-0000-0000-0000-000000000075,c1000000-0000-0000-0000-000000000036,P2P,7589.47,5.0,FLAGGED,d1000000-0000-0000-0000-000000000033,b1000000-0000-0000-0000-000000000009,2026-02-01T03:56:00+00:00,4,NEW_DEVICE,New Unrecognized Device,ACCOUNT_TAKEOVER,"['new_device', 'amount_deviation']",1,1,NEW_ROOTED_DEVICE
e1000000-0000-0000-0000-000000002212,tx_root_002212_9863bb,c1000000-0000-0000-0000-000000000007,c1000000-0000-0000-0000-000000000055,P2P,6405.03,5.0,FLAGGED,d1000000-0000-0000-0000-000000000037,b1000000-0000-0000-0000-000000000011,2026-02-01T04:47:00+00:00,4,NEW_DEVICE,New Unrecognized Device,ACCOUNT_TAKEOVER,"['new_device', 'amount_deviation']",1,1,NEW_ROOTED_DEVICE
e1000000-0000-0000-0000-000000002213,tx_root_002213_23c52c,c1000000-0000-0000-0000-000000000056,c1000000-0000-0000-0000-000000000050,P2P,7354.36,5.0,FLAGGED,d1000000-0000-0000-0000-000000000022,b1000000-0000-0000-0000-000000000013,2026-02-01T05:14:00+00:00,4,NEW_DEVICE,New Unrecognized Device,ACCOUNT_TAKEOVER,"['new_device', 'amount_deviation']",1,1,NEW_ROOTED_DEVICE
e1000000-0000-0000-0000-000000002214,tx_root_002214_0a813e,c1000000-0000-0000-0000-000000000047,c1000000-0000-0000-0000-000000000098,P2P,16013.27,5.0,FLAGGED,d1000000-0000-0000-0000-000000000039,b1000000-0000-0000-0000-000000000014,2026-02-01T05:37:00+00:00,4,NEW_DEVICE,New Unrecognized Device,ACCOUNT_TAKEOVER,"['new_device', 'amount_deviation']",1,1,NEW_ROOTED_DEVICE
e1000000-0000-0000-0000-000000002215,tx_root_002215_44b6cc,c1000000-0000-0000-0000-000000000036,c1000000-0000-0000-0000-000000000014,P2P,6656.49,5.0,FLAGGED,d1000000-0000-0000-0000-000000000033,b1000000-0000-0000-0000-000000000003,2026-02-01T06:31:00+00:00,4,NEW_DEVICE,New Unrecognized Device,ACCOUNT_TAKEOVER,"['new_device', 'amount_deviation']",1,1,NEW_ROOTED_DEVICE
e1000000-0000-0000-0000-000000002216,tx_root_002216_3473d9,c1000000-0000-0000-0000-000000000013,c1000000-0000-0000-0000-000000000096,P2P,5519.19,5.0,FLAGGED,d1000000-0000-0000-0000-000000000037,b1000000-0000-0000-0000-000000000004,2026-02-01T07:18:00+00:00,4,NEW_DEVICE,New Unrecognized Device,ACCOUNT_TAKEOVER,"['new_device', 'amount_deviation']",1,1,NEW_ROOTED_DEVICE
e1000000-0000-0000-0000-000000002217,tx_root_002217_1c86cf,c1000000-0000-0000-0000-000000000085,c1000000-0000-0000-0000-000000000073,P2P,9388.88,5.0,FLAGGED,d1000000-0000-0000-0000-000000000006,b1000000-0000-0000-0000-000000000006,2026-02-01T07:38:00+00:00,4,NEW_DEVICE,New Unrecognized Device,ACCOUNT_TAKEOVER,"['new_device', 'amount_deviation']",1,1,NEW_ROOTED_DEVICE
e1000000-0000-0000-0000-000000002218,tx_root_002218_6e078b,c1000000-0000-0000-0000-000000000080,c1000000-0000-0000-0000-000000000093,P2P,8128.84,5.0,FLAGGED,d1000000-0000-0000-0000-000000000021,b1000000-0000-0000-0000-000000000005,2026-02-01T08:16:00+00:00,4,NEW_DEVICE,New Unrecognized Device,ACCOUNT_TAKEOVER,"['new_device', 'amount_deviation']",1,1,NEW_ROOTED_DEVICE
e1000000-0000-0000-0000-000000002219,tx_root_002219_c07126,c1000000-0000-0000-0000-000000000029,c1000000-0000-0000-0000-000000000080,P2P,8467.57,5.0,FLAGGED,d1000000-0000-0000-0000-000000000036,b1000000-0000-0000-0000-000000000006,2026-02-01T09:12:00+00:00,4,NEW_DEVICE,New Unrecognized Device,ACCOUNT_TAKEOVER,"['new_device', 'amount_deviation']",1,1,NEW_ROOTED_DEVICE
e1000000-0000-0000-0000-000000002220,tx_root_002220_05e051,c1000000-0000-0000-0000-000000000071,c1000000-0000-0000-0000-000000000046,P2P,12198.23,5.0,FLAGGED,d1000000-0000-0000-0000-000000000017,b1000000-0000-0000-0000-000000000010,2026-02-01T09:41:00+00:00,4,NEW_DEVICE,New Unrecognized Device,ACCOUNT_TAKEOVER,"['new_device', 'amount_deviation']",1,1,NEW_ROOTED_DEVICE
e1000000-0000-0000-0000-000000002221,tx_root_002221_ce4307,c1000000-0000-0000-0000-000000000041,c1000000-0000-0000-0000-000000000098,P2P,17563.2,5.0,FLAGGED,d1000000-0000-0000-0000-000000000017,b1000000-0000-0000-0000-000000000008,2026-02-01T10:11:00+00:00,4,NEW_DEVICE,New Unrecognized Device,ACCOUNT_TAKEOVER,"['new_device', 'amount_deviation']",1,1,NEW_ROOTED_DEVICE
e1000000-0000-0000-0000-000000002222,tx_root_002222_0476fc,c1000000-0000-0000-0000-000000000050,c1000000-0000-0000-0000-000000000027,P2P,17408.15,5.0,FLAGGED,d1000000-0000-0000-0000-000000000033,b1000000-0000-0000-0000-000000000011,2026-02-01T11:10:00+00:00,4,NEW_DEVICE,New Unrecognized Device,ACCOUNT_TAKEOVER,"['new_device', 'amount_deviation']",1,1,NEW_ROOTED_DEVICE
e1000000-0000-0000-0000-000000002223,tx_root_002223_fa8a47,c1000000-0000-0000-0000-000000000012,c1000000-0000-0000-0000-000000000074,P2P,17663.12,5.0,FLAGGED,d1000000-0000-0000-0000-000000000038,b1000000-0000-0000-0000-000000000008,2026-02-01T12:09:00+00:00,4,NEW_DEVICE,New Unrecognized Device,ACCOUNT_TAKEOVER,"['new_device', 'amount_deviation']",1,1,NEW_ROOTED_DEVICE
e1000000-0000-0000-0000-000000002224,tx_root_002224_3f0680,c1000000-0000-0000-0000-000000000104,c1000000-0000-0000-0000-000000000063,P2P,15989.97,5.0,FLAGGED,d1000000-0000-0000-0000-000000000010,b1000000-0000-0000-0000-000000000019,2026-02-01T12:35:00+00:00,4,NEW_DEVICE,New Unrecognized Device,ACCOUNT_TAKEOVER,"['new_device', 'amount_deviation']",1,1,NEW_ROOTED_DEVICE
e1000000-0000-0000-0000-000000002225,tx_root_002225_2a678c,c1000000-0000-0000-0000-000000000029,c1000000-0000-0000-0000-000000000031,P2P,16594.51,5.0,FLAGGED,d1000000-0000-0000-0000-000000000028,b1000000-0000-0000-0000-000000000006,2026-02-01T13:34:00+00:00,4,NEW_DEVICE,New Unrecognized Device,ACCOUNT_TAKEOVER,"['new_device', 'amount_deviation']",1,1,NEW_ROOTED_DEVICE
e1000000-0000-0000-0000-000000002226,tx_root_002226_3d2014,c1000000-0000-0000-0000-000000000029,c1000000-0000-0000-0000-000000000036,P2P,13725.1,5.0,FLAGGED,d1000000-0000-0000-0000-000000000010,b1000000-0000-0000-0000-000000000006,2026-02-01T13:54:00+00:00,4,NEW_DEVICE,New Unrecognized Device,ACCOUNT_TAKEOVER,"['new_device', 'amount_deviation']",1,1,NEW_ROOTED_DEVICE
e1000000-0000-0000-0000-000000002227,tx_root_002227_7237e2,c1000000-0000-0000-0000-000000000056,c1000000-0000-0000-0000-000000000075,P2P,7774.04,5.0,FLAGGED,d1000000-0000-0000-0000-000000000036,b1000000-0000-0000-0000-000000000013,2026-02-01T14:38:00+00:00,4,NEW_DEVICE,New Unrecognized Device,ACCOUNT_TAKEOVER,"['new_device', 'amount_deviation']",1,1,NEW_ROOTED_DEVICE
e1000000-0000-0000-0000-000000002228,tx_newrec_002228_6895b9,c1000000-0000-0000-0000-000000000013,c1000000-0000-0000-0000-000000000148,P2P,20549.1,5.0,FLAGGED,d1000000-0000-0000-0000-000000000028,b1000000-0000-0000-0000-000000000004,2026-02-01T15:13:00+00:00,5,NEW_RECIPIENT,New High-Risk Recipient,SOCIAL_ENGINEERING,"['new_recipient', 'amount_deviation']",1,1,NEW_RECIPIENT_DISPERSAL
e1000000-0000-0000-0000-000000002229,tx_newrec_002229_e35bba,c1000000-0000-0000-0000-000000000057,c1000000-0000-0000-0000-000000000143,P2P,16613.71,5.0,FLAGGED,d1000000-0000-0000-0000-000000000026,b1000000-0000-0000-0000-000000000015,2026-02-01T16:30:00+00:00,5,NEW_RECIPIENT,New High-Risk Recipient,SOCIAL_ENGINEERING,"['new_recipient', 'amount_deviation']",1,1,NEW_RECIPIENT_DISPERSAL
e1000000-0000-0000-0000-000000002230,tx_newrec_002230_05e512,c1000000-0000-0000-0000-000000000079,c1000000-0000-0000-0000-000000000148,P2P,18495.18,5.0,FLAGGED,d1000000-0000-0000-0000-000000000014,b1000000-0000-0000-0000-000000000018,2026-02-01T17:24:00+00:00,5,NEW_RECIPIENT,New High-Risk Recipient,SOCIAL_ENGINEERING,"['new_recipient', 'amount_deviation']",1,1,NEW_RECIPIENT_DISPERSAL
e1000000-0000-0000-0000-000000002231,tx_newrec_002231_ac5e1e,c1000000-0000-0000-0000-000000000035,c1000000-0000-0000-0000-000000000143,P2P,17898.24,5.0,FLAGGED,d1000000-0000-0000-0000-000000000029,b1000000-0000-0000-0000-000000000019,2026-02-01T18:50:00+00:00,5,NEW_RECIPIENT,New High-Risk Recipient,SOCIAL_ENGINEERING,"['new_recipient', 'amount_deviation']",1,1,NEW_RECIPIENT_DISPERSAL
e1000000-0000-0000-0000-000000002232,tx_newrec_002232_5273d6,c1000000-0000-0000-0000-000000000102,c1000000-0000-0000-0000-000000000146,P2P,12248.59,5.0,FLAGGED,d1000000-0000-0000-0000-000000000029,b1000000-0000-0000-0000-000000000006,2026-02-01T19:41:00+00:00,5,NEW_RECIPIENT,New High-Risk Recipient,SOCIAL_ENGINEERING,"['new_recipient', 'amount_deviation']",1,1,NEW_RECIPIENT_DISPERSAL
e1000000-0000-0000-0000-000000002233,tx_newrec_002233_d69584,c1000000-0000-0000-0000-000000000065,c1000000-0000-0000-0000-000000000146,P2P,17306.27,5.0,FLAGGED,d1000000-0000-0000-0000-000000000009,b1000000-0000-0000-0000-000000000007,2026-02-01T20:35:00+00:00,5,NEW_RECIPIENT,New High-Risk Recipient,SOCIAL_ENGINEERING,"['new_recipient', 'amount_deviation']",1,1,NEW_RECIPIENT_DISPERSAL
e1000000-0000-0000-0000-000000002234,tx_newrec_002234_b415b7,c1000000-0000-0000-0000-000000000027,c1000000-0000-0000-0000-000000000144,P2P,12928.28,5.0,FLAGGED,d1000000-0000-0000-0000-000000000015,b1000000-0000-0000-0000-000000000017,2026-02-01T21:14:00+00:00,5,NEW_RECIPIENT,New High-Risk Recipient,SOCIAL_ENGINEERING,"['new_recipient', 'amount_deviation']",1,1,NEW_RECIPIENT_DISPERSAL
e1000000-0000-0000-0000-000000002235,tx_newrec_002235_2b1b0f,c1000000-0000-0000-0000-000000000090,c1000000-0000-0000-0000-000000000147,P2P,21456.84,5.0,FLAGGED,d1000000-0000-0000-0000-000000000013,b1000000-0000-0000-0000-000000000011,2026-02-01T22:08:00+00:00,5,NEW_RECIPIENT,New High-Risk Recipient,SOCIAL_ENGINEERING,"['new_recipient', 'amount_deviation']",1,1,NEW_RECIPIENT_DISPERSAL
e1000000-0000-0000-0000-000000002236,tx_newrec_002236_5a6f9b,c1000000-0000-0000-0000-000000000027,c1000000-0000-0000-0000-000000000143,P2P,16861.23,5.0,FLAGGED,d1000000-0000-0000-0000-000000000015,b1000000-0000-0000-0000-000000000017,2026-02-01T22:58:00+00:00,5,NEW_RECIPIENT,New High-Risk Recipient,SOCIAL_ENGINEERING,"['new_recipient', 'amount_deviation']",1,1,NEW_RECIPIENT_DISPERSAL
e1000000-0000-0000-0000-000000002237,tx_newrec_002237_e600fd,c1000000-0000-0000-0000-000000000032,c1000000-0000-0000-0000-000000000147,P2P,14770.75,5.0,FLAGGED,d1000000-0000-0000-0000-000000000005,b1000000-0000-0000-0000-000000000012,2026-02-01T23:46:00+00:00,5,NEW_RECIPIENT,New High-Risk Recipient,SOCIAL_ENGINEERING,"['new_recipient', 'amount_deviation']",1,1,NEW_RECIPIENT_DISPERSAL
e1000000-0000-0000-0000-000000002238,tx_newrec_002238_afbdf3,c1000000-0000-0000-0000-000000000077,c1000000-0000-0000-0000-000000000145,P2P,23223.19,5.0,FLAGGED,d1000000-0000-0000-0000-000000000002,b1000000-0000-0000-0000-000000000001,2026-02-02T00:17:00+00:00,5,NEW_RECIPIENT,New High-Risk Recipient,SOCIAL_ENGINEERING,"['new_recipient', 'amount_deviation']",1,1,NEW_RECIPIENT_DISPERSAL
e1000000-0000-0000-0000-000000002239,tx_newrec_002239_108fd9,c1000000-0000-0000-0000-000000000032,c1000000-0000-0000-0000-000000000147,P2P,17426.95,5.0,FLAGGED,d1000000-0000-0000-0000-000000000005,b1000000-0000-0000-0000-000000000012,2026-02-02T01:31:00+00:00,5,NEW_RECIPIENT,New High-Risk Recipient,SOCIAL_ENGINEERING,"['new_recipient', 'amount_deviation']",1,1,NEW_RECIPIENT_DISPERSAL
e1000000-0000-0000-0000-000000002240,tx_newrec_002240_925814,c1000000-0000-0000-0000-000000000103,c1000000-0000-0000-0000-000000000142,P2P,16142.21,5.0,FLAGGED,d1000000-0000-0000-0000-000000000027,b1000000-0000-0000-0000-000000000001,2026-02-02T02:25:00+00:00,5,NEW_RECIPIENT,New High-Risk Recipient,SOCIAL_ENGINEERING,"['new_recipient', 'amount_deviation']",1,1,NEW_RECIPIENT_DISPERSAL
e1000000-0000-0000-0000-000000002241,tx_newrec_002241_6fb0d2,c1000000-0000-0000-0000-000000000049,c1000000-0000-0000-0000-000000000142,P2P,20690.14,5.0,FLAGGED,d1000000-0000-0000-0000-000000000024,b1000000-0000-0000-0000-000000000002,2026-02-02T03:26:00+00:00,5,NEW_RECIPIENT,New High-Risk Recipient,SOCIAL_ENGINEERING,"['new_recipient', 'amount_deviation']",1,1,NEW_RECIPIENT_DISPERSAL
e1000000-0000-0000-0000-000000002242,tx_newrec_002242_4142d0,c1000000-0000-0000-0000-000000000055,c1000000-0000-0000-0000-000000000142,P2P,16178.76,5.0,FLAGGED,d1000000-0000-0000-0000-000000000016,b1000000-0000-0000-0000-000000000016,2026-02-02T04:23:00+00:00,5,NEW_RECIPIENT,New High-Risk Recipient,SOCIAL_ENGINEERING,"['new_recipient', 'amount_deviation']",1,1,NEW_RECIPIENT_DISPERSAL
e1000000-0000-0000-0000-000000002243,tx_newrec_002243_ff41e2,c1000000-0000-0000-0000-000000000035,c1000000-0000-0000-0000-000000000144,P2P,15118.31,5.0,FLAGGED,d1000000-0000-0000-0000-000000000029,b1000000-0000-0000-0000-000000000019,2026-02-02T05:51:00+00:00,5,NEW_RECIPIENT,New High-Risk Recipient,SOCIAL_ENGINEERING,"['new_recipient', 'amount_deviation']",1,1,NEW_RECIPIENT_DISPERSAL
e1000000-0000-0000-0000-000000002244,tx_newrec_002244_da889b,c1000000-0000-0000-0000-000000000021,c1000000-0000-0000-0000-000000000143,P2P,19025.93,5.0,FLAGGED,d1000000-0000-0000-0000-000000000030,b1000000-0000-0000-0000-000000000015,2026-02-02T06:35:00+00:00,5,NEW_RECIPIENT,New High-Risk Recipient,SOCIAL_ENGINEERING,"['new_recipient', 'amount_deviation']",1,1,NEW_RECIPIENT_DISPERSAL
e1000000-0000-0000-0000-000000002245,tx_newrec_002245_cf6579,c1000000-0000-0000-0000-000000000067,c1000000-0000-0000-0000-000000000146,P2P,14348.55,5.0,FLAGGED,d1000000-0000-0000-0000-000000000030,b1000000-0000-0000-0000-000000000003,2026-02-02T07:38:00+00:00,5,NEW_RECIPIENT,New High-Risk Recipient,SOCIAL_ENGINEERING,"['new_recipient', 'amount_deviation']",1,1,NEW_RECIPIENT_DISPERSAL
e1000000-0000-0000-0000-000000002246,tx_newrec_002246_0c4852,c1000000-0000-0000-0000-000000000005,c1000000-0000-0000-0000-000000000145,P2P,21128.52,5.0,FLAGGED,d1000000-0000-0000-0000-000000000015,b1000000-0000-0000-0000-000000000019,2026-02-02T08:31:00+00:00,5,NEW_RECIPIENT,New High-Risk Recipient,SOCIAL_ENGINEERING,"['new_recipient', 'amount_deviation']",1,1,NEW_RECIPIENT_DISPERSAL
e1000000-0000-0000-0000-000000002247,tx_newrec_002247_28a414,c1000000-0000-0000-0000-000000000012,c1000000-0000-0000-0000-000000000147,P2P,13108.52,5.0,FLAGGED,d1000000-0000-0000-0000-000000000002,b1000000-0000-0000-0000-000000000008,2026-02-02T09:59:00+00:00,5,NEW_RECIPIENT,New High-Risk Recipient,SOCIAL_ENGINEERING,"['new_recipient', 'amount_deviation']",1,1,NEW_RECIPIENT_DISPERSAL
e1000000-0000-0000-0000-000000002248,tx_newrec_002248_4019a1,c1000000-0000-0000-0000-000000000090,c1000000-0000-0000-0000-000000000146,P2P,12951.06,5.0,FLAGGED,d1000000-0000-0000-0000-000000000013,b1000000-0000-0000-0000-000000000011,2026-02-02T10:32:00+00:00,5,NEW_RECIPIENT,New High-Risk Recipient,SOCIAL_ENGINEERING,"['new_recipient', 'amount_deviation']",1,1,NEW_RECIPIENT_DISPERSAL
e1000000-0000-0000-0000-000000002249,tx_newrec_002249_4b0c10,c1000000-0000-0000-0000-000000000033,c1000000-0000-0000-0000-000000000145,P2P,13699.61,5.0,FLAGGED,d1000000-0000-0000-0000-000000000030,b1000000-0000-0000-0000-000000000017,2026-02-02T11:11:00+00:00,5,NEW_RECIPIENT,New High-Risk Recipient,SOCIAL_ENGINEERING,"['new_recipient', 'amount_deviation']",1,1,NEW_RECIPIENT_DISPERSAL
e1000000-0000-0000-0000-000000002250,tx_newrec_002250_ea7c8b,c1000000-0000-0000-0000-000000000056,c1000000-0000-0000-0000-000000000144,P2P,14232.24,5.0,FLAGGED,d1000000-0000-0000-0000-000000000006,b1000000-0000-0000-0000-000000000013,2026-02-02T12:36:00+00:00,5,NEW_RECIPIENT,New High-Risk Recipient,SOCIAL_ENGINEERING,"['new_recipient', 'amount_deviation']",1,1,NEW_RECIPIENT_DISPERSAL
e1000000-0000-0000-0000-000000002251,tx_newrec_002251_854002,c1000000-0000-0000-0000-000000000053,c1000000-0000-0000-0000-000000000144,P2P,12801.35,5.0,FLAGGED,d1000000-0000-0000-0000-000000000028,b1000000-0000-0000-0000-000000000018,2026-02-02T13:16:00+00:00,5,NEW_RECIPIENT,New High-Risk Recipient,SOCIAL_ENGINEERING,"['new_recipient', 'amount_deviation']",1,1,NEW_RECIPIENT_DISPERSAL
e1000000-0000-0000-0000-000000002252,tx_newrec_002252_929681,c1000000-0000-0000-0000-000000000012,c1000000-0000-0000-0000-000000000146,P2P,19855.46,5.0,FLAGGED,d1000000-0000-0000-0000-000000000002,b1000000-0000-0000-0000-000000000008,2026-02-02T13:49:00+00:00,5,NEW_RECIPIENT,New High-Risk Recipient,SOCIAL_ENGINEERING,"['new_recipient', 'amount_deviation']",1,1,NEW_RECIPIENT_DISPERSAL
e1000000-0000-0000-0000-000000002253,tx_newrec_002253_f106b8,c1000000-0000-0000-0000-000000000101,c1000000-0000-0000-0000-000000000148,P2P,20893.14,5.0,FLAGGED,d1000000-0000-0000-0000-000000000007,b1000000-0000-0000-0000-000000000014,2026-02-02T15:14:00+00:00,5,NEW_RECIPIENT,New High-Risk Recipient,SOCIAL_ENGINEERING,"['new_recipient', 'amount_deviation']",1,1,NEW_RECIPIENT_DISPERSAL
e1000000-0000-0000-0000-000000002254,tx_newrec_002254_f127f7,c1000000-0000-0000-0000-000000000037,c1000000-0000-0000-0000-000000000146,P2P,17079.17,5.0,FLAGGED,d1000000-0000-0000-0000-000000000016,b1000000-0000-0000-0000-000000000018,2026-02-02T16:14:00+00:00,5,NEW_RECIPIENT,New High-Risk Recipient,SOCIAL_ENGINEERING,"['new_recipient', 'amount_deviation']",1,1,NEW_RECIPIENT_DISPERSAL
e1000000-0000-0000-0000-000000002255,tx_newrec_002255_cec74f,c1000000-0000-0000-0000-000000000022,c1000000-0000-0000-0000-000000000143,P2P,23536.11,5.0,FLAGGED,d1000000-0000-0000-0000-000000000024,b1000000-0000-0000-0000-000000000018,2026-02-02T16:45:00+00:00,5,NEW_RECIPIENT,New High-Risk Recipient,SOCIAL_ENGINEERING,"['new_recipient', 'amount_deviation']",1,1,NEW_RECIPIENT_DISPERSAL
e1000000-0000-0000-0000-000000002256,tx_newrec_002256_113ff4,c1000000-0000-0000-0000-000000000078,c1000000-0000-0000-0000-000000000147,P2P,21274.04,5.0,FLAGGED,d1000000-0000-0000-0000-000000000009,b1000000-0000-0000-0000-000000000006,2026-02-02T17:19:00+00:00,5,NEW_RECIPIENT,New High-Risk Recipient,SOCIAL_ENGINEERING,"['new_recipient', 'amount_deviation']",1,1,NEW_RECIPIENT_DISPERSAL
e1000000-0000-0000-0000-000000002257,tx_newrec_002257_2dc149,c1000000-0000-0000-0000-000000000035,c1000000-0000-0000-0000-000000000148,P2P,18407.44,5.0,FLAGGED,d1000000-0000-0000-0000-000000000029,b1000000-0000-0000-0000-000000000019,2026-02-02T18:39:00+00:00,5,NEW_RECIPIENT,New High-Risk Recipient,SOCIAL_ENGINEERING,"['new_recipient', 'amount_deviation']",1,1,NEW_RECIPIENT_DISPERSAL
e1000000-0000-0000-0000-000000002258,tx_newrec_002258_c2c7bd,c1000000-0000-0000-0000-000000000100,c1000000-0000-0000-0000-000000000145,P2P,16427.17,5.0,FLAGGED,d1000000-0000-0000-0000-000000000011,b1000000-0000-0000-0000-000000000013,2026-02-02T19:44:00+00:00,5,NEW_RECIPIENT,New High-Risk Recipient,SOCIAL_ENGINEERING,"['new_recipient', 'amount_deviation']",1,1,NEW_RECIPIENT_DISPERSAL
e1000000-0000-0000-0000-000000002259,tx_newrec_002259_eea163,c1000000-0000-0000-0000-000000000023,c1000000-0000-0000-0000-000000000143,P2P,14241.68,5.0,FLAGGED,d1000000-0000-0000-0000-000000000014,b1000000-0000-0000-0000-000000000019,2026-02-02T20:48:00+00:00,5,NEW_RECIPIENT,New High-Risk Recipient,SOCIAL_ENGINEERING,"['new_recipient', 'amount_deviation']",1,1,NEW_RECIPIENT_DISPERSAL
e1000000-0000-0000-0000-000000002260,tx_newrec_002260_dafbf9,c1000000-0000-0000-0000-000000000101,c1000000-0000-0000-0000-000000000142,P2P,14061.53,5.0,FLAGGED,d1000000-0000-0000-0000-000000000007,b1000000-0000-0000-0000-000000000014,2026-02-02T21:38:00+00:00,5,NEW_RECIPIENT,New High-Risk Recipient,SOCIAL_ENGINEERING,"['new_recipient', 'amount_deviation']",1,1,NEW_RECIPIENT_DISPERSAL
e1000000-0000-0000-0000-000000002261,tx_newrec_002261_054dc5,c1000000-0000-0000-0000-000000000035,c1000000-0000-0000-0000-000000000146,P2P,18010.96,5.0,FLAGGED,d1000000-0000-0000-0000-000000000029,b1000000-0000-0000-0000-000000000019,2026-02-02T23:00:00+00:00,5,NEW_RECIPIENT,New High-Risk Recipient,SOCIAL_ENGINEERING,"['new_recipient', 'amount_deviation']",1,1,NEW_RECIPIENT_DISPERSAL
e1000000-0000-0000-0000-000000002262,tx_noct_002262_27e9ad,c1000000-0000-0000-0000-000000000008,c1000000-0000-0000-0000-000000000118,CASH_OUT,15966.89,237.91,FLAGGED,d1000000-0000-0000-0000-000000000012,b1000000-0000-0000-0000-000000000012,2026-02-03T02:10:00+00:00,6,UNUSUAL_TIME,Unusual Transaction Time,NOCTURNAL_CASHOUT,"['unusual_hour', 'rapid_cash_out', 'amount_deviation']",1,1,NOCTURNAL_DEAD_HOURS_DRAIN
e1000000-0000-0000-0000-000000002263,tx_noct_002263_766030,c1000000-0000-0000-0000-000000000017,c1000000-0000-0000-0000-000000000113,CASH_OUT,30663.15,456.88,FLAGGED,d1000000-0000-0000-0000-000000000013,b1000000-0000-0000-0000-000000000009,2026-02-04T03:36:00+00:00,6,UNUSUAL_TIME,Unusual Transaction Time,NOCTURNAL_CASHOUT,"['unusual_hour', 'rapid_cash_out', 'amount_deviation']",1,1,NOCTURNAL_DEAD_HOURS_DRAIN
e1000000-0000-0000-0000-000000002264,tx_noct_002264_3f8b01,c1000000-0000-0000-0000-000000000032,c1000000-0000-0000-0000-000000000120,CASH_OUT,17197.52,256.24,FLAGGED,d1000000-0000-0000-0000-000000000005,b1000000-0000-0000-0000-000000000012,2026-02-05T02:45:00+00:00,6,UNUSUAL_TIME,Unusual Transaction Time,NOCTURNAL_CASHOUT,"['unusual_hour', 'rapid_cash_out', 'amount_deviation']",1,1,NOCTURNAL_DEAD_HOURS_DRAIN
e1000000-0000-0000-0000-000000002265,tx_noct_002265_22ca9f,c1000000-0000-0000-0000-000000000021,c1000000-0000-0000-0000-000000000126,CASH_OUT,34657.13,516.39,FLAGGED,d1000000-0000-0000-0000-000000000030,b1000000-0000-0000-0000-000000000015,2026-02-06T01:04:00+00:00,6,UNUSUAL_TIME,Unusual Transaction Time,NOCTURNAL_CASHOUT,"['unusual_hour', 'rapid_cash_out', 'amount_deviation']",1,1,NOCTURNAL_DEAD_HOURS_DRAIN
e1000000-0000-0000-0000-000000002266,tx_noct_002266_ad724e,c1000000-0000-0000-0000-000000000001,c1000000-0000-0000-0000-000000000115,CASH_OUT,30976.76,461.55,FLAGGED,d1000000-0000-0000-0000-000000000009,b1000000-0000-0000-0000-000000000008,2026-02-07T04:33:00+00:00,6,UNUSUAL_TIME,Unusual Transaction Time,NOCTURNAL_CASHOUT,"['unusual_hour', 'rapid_cash_out', 'amount_deviation']",1,1,NOCTURNAL_DEAD_HOURS_DRAIN
e1000000-0000-0000-0000-000000002267,tx_noct_002267_f64c81,c1000000-0000-0000-0000-000000000097,c1000000-0000-0000-0000-000000000118,CASH_OUT,25501.02,379.97,FLAGGED,d1000000-0000-0000-0000-000000000018,b1000000-0000-0000-0000-000000000007,2026-02-08T04:56:00+00:00,6,UNUSUAL_TIME,Unusual Transaction Time,NOCTURNAL_CASHOUT,"['unusual_hour', 'rapid_cash_out', 'amount_deviation']",1,1,NOCTURNAL_DEAD_HOURS_DRAIN
e1000000-0000-0000-0000-000000002268,tx_noct_002268_b7e62b,c1000000-0000-0000-0000-000000000083,c1000000-0000-0000-0000-000000000122,CASH_OUT,27110.34,403.94,FLAGGED,d1000000-0000-0000-0000-000000000008,b1000000-0000-0000-0000-000000000004,2026-02-09T03:50:00+00:00,6,UNUSUAL_TIME,Unusual Transaction Time,NOCTURNAL_CASHOUT,"['unusual_hour', 'rapid_cash_out', 'amount_deviation']",1,1,NOCTURNAL_DEAD_HOURS_DRAIN
e1000000-0000-0000-0000-000000002269,tx_noct_002269_2ab9aa,c1000000-0000-0000-0000-000000000096,c1000000-0000-0000-0000-000000000118,CASH_OUT,33737.4,502.69,FLAGGED,d1000000-0000-0000-0000-000000000023,b1000000-0000-0000-0000-000000000014,2026-02-10T03:33:00+00:00,6,UNUSUAL_TIME,Unusual Transaction Time,NOCTURNAL_CASHOUT,"['unusual_hour', 'rapid_cash_out', 'amount_deviation']",1,1,NOCTURNAL_DEAD_HOURS_DRAIN
e1000000-0000-0000-0000-000000002270,tx_noct_002270_12cb76,c1000000-0000-0000-0000-000000000065,c1000000-0000-0000-0000-000000000121,CASH_OUT,15728.33,234.35,FLAGGED,d1000000-0000-0000-0000-000000000009,b1000000-0000-0000-0000-000000000007,2026-02-11T02:51:00+00:00,6,UNUSUAL_TIME,Unusual Transaction Time,NOCTURNAL_CASHOUT,"['unusual_hour', 'rapid_cash_out', 'amount_deviation']",1,1,NOCTURNAL_DEAD_HOURS_DRAIN
e1000000-0000-0000-0000-000000002271,tx_noct_002271_6993e6,c1000000-0000-0000-0000-000000000077,c1000000-0000-0000-0000-000000000117,CASH_OUT,27087.92,403.61,FLAGGED,d1000000-0000-0000-0000-000000000002,b1000000-0000-0000-0000-000000000001,2026-02-12T03:07:00+00:00,6,UNUSUAL_TIME,Unusual Transaction Time,NOCTURNAL_CASHOUT,"['unusual_hour', 'rapid_cash_out', 'amount_deviation']",1,1,NOCTURNAL_DEAD_HOURS_DRAIN
e1000000-0000-0000-0000-000000002272,tx_noct_002272_7cba8d,c1000000-0000-0000-0000-000000000049,c1000000-0000-0000-0000-000000000118,CASH_OUT,15477.52,230.62,FLAGGED,d1000000-0000-0000-0000-000000000024,b1000000-0000-0000-0000-000000000002,2026-02-13T03:23:00+00:00,6,UNUSUAL_TIME,Unusual Transaction Time,NOCTURNAL_CASHOUT,"['unusual_hour', 'rapid_cash_out', 'amount_deviation']",1,1,NOCTURNAL_DEAD_HOURS_DRAIN
e1000000-0000-0000-0000-000000002273,tx_noct_002273_a371b3,c1000000-0000-0000-0000-000000000026,c1000000-0000-0000-0000-000000000130,CASH_OUT,23710.75,353.29,FLAGGED,d1000000-0000-0000-0000-000000000014,b1000000-0000-0000-0000-000000000003,2026-02-14T01:13:00+00:00,6,UNUSUAL_TIME,Unusual Transaction Time,NOCTURNAL_CASHOUT,"['unusual_hour', 'rapid_cash_out', 'amount_deviation']",1,1,NOCTURNAL_DEAD_HOURS_DRAIN
e1000000-0000-0000-0000-000000002274,tx_noct_002274_c23dd8,c1000000-0000-0000-0000-000000000097,c1000000-0000-0000-0000-000000000110,CASH_OUT,26808.6,399.45,FLAGGED,d1000000-0000-0000-0000-000000000018,b1000000-0000-0000-0000-000000000007,2026-02-15T04:55:00+00:00,6,UNUSUAL_TIME,Unusual Transaction Time,NOCTURNAL_CASHOUT,"['unusual_hour', 'rapid_cash_out', 'amount_deviation']",1,1,NOCTURNAL_DEAD_HOURS_DRAIN
e1000000-0000-0000-0000-000000002275,tx_noct_002275_043159,c1000000-0000-0000-0000-000000000096,c1000000-0000-0000-0000-000000000110,CASH_OUT,19889.84,296.36,FLAGGED,d1000000-0000-0000-0000-000000000023,b1000000-0000-0000-0000-000000000014,2026-02-16T03:25:00+00:00,6,UNUSUAL_TIME,Unusual Transaction Time,NOCTURNAL_CASHOUT,"['unusual_hour', 'rapid_cash_out', 'amount_deviation']",1,1,NOCTURNAL_DEAD_HOURS_DRAIN
e1000000-0000-0000-0000-000000002276,tx_noct_002276_b67ffa,c1000000-0000-0000-0000-000000000030,c1000000-0000-0000-0000-000000000120,CASH_OUT,22984.78,342.47,FLAGGED,d1000000-0000-0000-0000-000000000029,b1000000-0000-0000-0000-000000000009,2026-02-17T03:31:00+00:00,6,UNUSUAL_TIME,Unusual Transaction Time,NOCTURNAL_CASHOUT,"['unusual_hour', 'rapid_cash_out', 'amount_deviation']",1,1,NOCTURNAL_DEAD_HOURS_DRAIN
e1000000-0000-0000-0000-000000002277,tx_noct_002277_f5a98c,c1000000-0000-0000-0000-000000000060,c1000000-0000-0000-0000-000000000117,CASH_OUT,17608.28,262.36,FLAGGED,d1000000-0000-0000-0000-000000000011,b1000000-0000-0000-0000-000000000002,2026-02-18T02:29:00+00:00,6,UNUSUAL_TIME,Unusual Transaction Time,NOCTURNAL_CASHOUT,"['unusual_hour', 'rapid_cash_out', 'amount_deviation']",1,1,NOCTURNAL_DEAD_HOURS_DRAIN
e1000000-0000-0000-0000-000000002278,tx_noct_002278_19edcd,c1000000-0000-0000-0000-000000000007,c1000000-0000-0000-0000-000000000113,CASH_OUT,27800.46,414.23,FLAGGED,d1000000-0000-0000-0000-000000000025,b1000000-0000-0000-0000-000000000011,2026-02-19T02:57:00+00:00,6,UNUSUAL_TIME,Unusual Transaction Time,NOCTURNAL_CASHOUT,"['unusual_hour', 'rapid_cash_out', 'amount_deviation']",1,1,NOCTURNAL_DEAD_HOURS_DRAIN
e1000000-0000-0000-0000-000000002279,tx_noct_002279_62f563,c1000000-0000-0000-0000-000000000038,c1000000-0000-0000-0000-000000000117,CASH_OUT,24301.79,362.1,FLAGGED,d1000000-0000-0000-0000-000000000020,b1000000-0000-0000-0000-000000000014,2026-02-20T01:22:00+00:00,6,UNUSUAL_TIME,Unusual Transaction Time,NOCTURNAL_CASHOUT,"['unusual_hour', 'rapid_cash_out', 'amount_deviation']",1,1,NOCTURNAL_DEAD_HOURS_DRAIN
e1000000-0000-0000-0000-000000002280,tx_noct_002280_d2333b,c1000000-0000-0000-0000-000000000084,c1000000-0000-0000-0000-000000000119,CASH_OUT,20879.02,311.1,FLAGGED,d1000000-0000-0000-0000-000000000024,b1000000-0000-0000-0000-000000000005,2026-02-21T01:38:00+00:00,6,UNUSUAL_TIME,Unusual Transaction Time,NOCTURNAL_CASHOUT,"['unusual_hour', 'rapid_cash_out', 'amount_deviation']",1,1,NOCTURNAL_DEAD_HOURS_DRAIN
e1000000-0000-0000-0000-000000002281,tx_noct_002281_de5e78,c1000000-0000-0000-0000-000000000066,c1000000-0000-0000-0000-000000000123,CASH_OUT,33679.54,501.83,FLAGGED,d1000000-0000-0000-0000-000000000013,b1000000-0000-0000-0000-000000000005,2026-02-22T04:02:00+00:00,6,UNUSUAL_TIME,Unusual Transaction Time,NOCTURNAL_CASHOUT,"['unusual_hour', 'rapid_cash_out', 'amount_deviation']",1,1,NOCTURNAL_DEAD_HOURS_DRAIN
e1000000-0000-0000-0000-000000002282,tx_noct_002282_ec073a,c1000000-0000-0000-0000-000000000062,c1000000-0000-0000-0000-000000000108,CASH_OUT,18869.59,281.16,FLAGGED,d1000000-0000-0000-0000-000000000003,b1000000-0000-0000-0000-000000000006,2026-02-23T03:21:00+00:00,6,UNUSUAL_TIME,Unusual Transaction Time,NOCTURNAL_CASHOUT,"['unusual_hour', 'rapid_cash_out', 'amount_deviation']",1,1,NOCTURNAL_DEAD_HOURS_DRAIN
e1000000-0000-0000-0000-000000002283,tx_noct_002283_b60afa,c1000000-0000-0000-0000-000000000065,c1000000-0000-0000-0000-000000000111,CASH_OUT,17918.78,266.99,FLAGGED,d1000000-0000-0000-0000-000000000009,b1000000-0000-0000-0000-000000000007,2026-02-24T01:06:00+00:00,6,UNUSUAL_TIME,Unusual Transaction Time,NOCTURNAL_CASHOUT,"['unusual_hour', 'rapid_cash_out', 'amount_deviation']",1,1,NOCTURNAL_DEAD_HOURS_DRAIN
e1000000-0000-0000-0000-000000002284,tx_noct_002284_a173e2,c1000000-0000-0000-0000-000000000072,c1000000-0000-0000-0000-000000000114,CASH_OUT,25190.13,375.33,FLAGGED,d1000000-0000-0000-0000-000000000027,b1000000-0000-0000-0000-000000000018,2026-02-25T01:01:00+00:00,6,UNUSUAL_TIME,Unusual Transaction Time,NOCTURNAL_CASHOUT,"['unusual_hour', 'rapid_cash_out', 'amount_deviation']",1,1,NOCTURNAL_DEAD_HOURS_DRAIN
e1000000-0000-0000-0000-000000002285,tx_noct_002285_cc6b3a,c1000000-0000-0000-0000-000000000067,c1000000-0000-0000-0000-000000000117,CASH_OUT,23068.24,343.72,FLAGGED,d1000000-0000-0000-0000-000000000030,b1000000-0000-0000-0000-000000000003,2026-02-26T01:28:00+00:00,6,UNUSUAL_TIME,Unusual Transaction Time,NOCTURNAL_CASHOUT,"['unusual_hour', 'rapid_cash_out', 'amount_deviation']",1,1,NOCTURNAL_DEAD_HOURS_DRAIN
e1000000-0000-0000-0000-000000002286,tx_noct_002286_5e331e,c1000000-0000-0000-0000-000000000079,c1000000-0000-0000-0000-000000000120,CASH_OUT,21530.89,320.81,FLAGGED,d1000000-0000-0000-0000-000000000014,b1000000-0000-0000-0000-000000000018,2026-02-27T03:39:00+00:00,6,UNUSUAL_TIME,Unusual Transaction Time,NOCTURNAL_CASHOUT,"['unusual_hour', 'rapid_cash_out', 'amount_deviation']",1,1,NOCTURNAL_DEAD_HOURS_DRAIN
e1000000-0000-0000-0000-000000002287,tx_noct_002287_7ccde7,c1000000-0000-0000-0000-000000000007,c1000000-0000-0000-0000-000000000131,CASH_OUT,23767.96,354.14,FLAGGED,d1000000-0000-0000-0000-000000000025,b1000000-0000-0000-0000-000000000011,2026-02-28T01:56:00+00:00,6,UNUSUAL_TIME,Unusual Transaction Time,NOCTURNAL_CASHOUT,"['unusual_hour', 'rapid_cash_out', 'amount_deviation']",1,1,NOCTURNAL_DEAD_HOURS_DRAIN
e1000000-0000-0000-0000-000000002288,tx_noct_002288_ba89c0,c1000000-0000-0000-0000-000000000056,c1000000-0000-0000-0000-000000000130,CASH_OUT,30586.16,455.73,FLAGGED,d1000000-0000-0000-0000-000000000006,b1000000-0000-0000-0000-000000000013,2026-03-01T01:42:00+00:00,6,UNUSUAL_TIME,Unusual Transaction Time,NOCTURNAL_CASHOUT,"['unusual_hour', 'rapid_cash_out', 'amount_deviation']",1,1,NOCTURNAL_DEAD_HOURS_DRAIN
e1000000-0000-0000-0000-000000002289,tx_noct_002289_60bfb1,c1000000-0000-0000-0000-000000000096,c1000000-0000-0000-0000-000000000124,CASH_OUT,33658.95,501.52,FLAGGED,d1000000-0000-0000-0000-000000000023,b1000000-0000-0000-0000-000000000014,2026-03-02T01:09:00+00:00,6,UNUSUAL_TIME,Unusual Transaction Time,NOCTURNAL_CASHOUT,"['unusual_hour', 'rapid_cash_out', 'amount_deviation']",1,1,NOCTURNAL_DEAD_HOURS_DRAIN
e1000000-0000-0000-0000-000000002290,tx_noct_002290_44610c,c1000000-0000-0000-0000-000000000043,c1000000-0000-0000-0000-000000000127,CASH_OUT,29450.87,438.82,FLAGGED,d1000000-0000-0000-0000-000000000023,b1000000-0000-0000-0000-000000000002,2026-03-03T04:46:00+00:00,6,UNUSUAL_TIME,Unusual Transaction Time,NOCTURNAL_CASHOUT,"['unusual_hour', 'rapid_cash_out', 'amount_deviation']",1,1,NOCTURNAL_DEAD_HOURS_DRAIN
e1000000-0000-0000-0000-000000002291,tx_noct_002291_469832,c1000000-0000-0000-0000-000000000019,c1000000-0000-0000-0000-000000000110,CASH_OUT,27337.49,407.33,FLAGGED,d1000000-0000-0000-0000-000000000013,b1000000-0000-0000-0000-000000000009,2026-03-04T02:05:00+00:00,6,UNUSUAL_TIME,Unusual Transaction Time,NOCTURNAL_CASHOUT,"['unusual_hour', 'rapid_cash_out', 'amount_deviation']",1,1,NOCTURNAL_DEAD_HOURS_DRAIN
e1000000-0000-0000-0000-000000002292,tx_noct_002292_f41c7c,c1000000-0000-0000-0000-000000000051,c1000000-0000-0000-0000-000000000113,CASH_OUT,21058.21,313.77,FLAGGED,d1000000-0000-0000-0000-000000000018,b1000000-0000-0000-0000-000000000015,2026-03-05T01:02:00+00:00,6,UNUSUAL_TIME,Unusual Transaction Time,NOCTURNAL_CASHOUT,"['unusual_hour', 'rapid_cash_out', 'amount_deviation']",1,1,NOCTURNAL_DEAD_HOURS_DRAIN
e1000000-0000-0000-0000-000000002293,tx_noct_002293_ccaa2c,c1000000-0000-0000-0000-000000000018,c1000000-0000-0000-0000-000000000112,CASH_OUT,18873.29,281.21,FLAGGED,d1000000-0000-0000-0000-000000000027,b1000000-0000-0000-0000-000000000002,2026-03-06T04:36:00+00:00,6,UNUSUAL_TIME,Unusual Transaction Time,NOCTURNAL_CASHOUT,"['unusual_hour', 'rapid_cash_out', 'amount_deviation']",1,1,NOCTURNAL_DEAD_HOURS_DRAIN
e1000000-0000-0000-0000-000000002294,tx_noct_002294_fdb3e9,c1000000-0000-0000-0000-000000000020,c1000000-0000-0000-0000-000000000119,CASH_OUT,19212.32,286.26,FLAGGED,d1000000-0000-0000-0000-000000000019,b1000000-0000-0000-0000-000000000011,2026-03-07T03:58:00+00:00,6,UNUSUAL_TIME,Unusual Transaction Time,NOCTURNAL_CASHOUT,"['unusual_hour', 'rapid_cash_out', 'amount_deviation']",1,1,NOCTURNAL_DEAD_HOURS_DRAIN
e1000000-0000-0000-0000-000000002295,tx_noct_002295_c979a0,c1000000-0000-0000-0000-000000000009,c1000000-0000-0000-0000-000000000111,CASH_OUT,29544.76,440.22,FLAGGED,d1000000-0000-0000-0000-000000000024,b1000000-0000-0000-0000-000000000015,2026-03-08T01:16:00+00:00,6,UNUSUAL_TIME,Unusual Transaction Time,NOCTURNAL_CASHOUT,"['unusual_hour', 'rapid_cash_out', 'amount_deviation']",1,1,NOCTURNAL_DEAD_HOURS_DRAIN
e1000000-0000-0000-0000-000000002296,tx_geo_002296_ea4639,c1000000-0000-0000-0000-000000000009,c1000000-0000-0000-0000-000000000029,P2P,24377.78,5.0,FLAGGED,d1000000-0000-0000-0000-000000000024,b1000000-0000-0000-0000-000000000016,2026-03-09T02:00:00+00:00,7,UNUSUAL_LOCATION,Unusual Location Shift,ACCOUNT_TAKEOVER,"['new_device', 'amount_deviation']",1,1,HIGH_RISK_BORDER_JUMP
e1000000-0000-0000-0000-000000002297,tx_geo_002297_1478e2,c1000000-0000-0000-0000-000000000087,c1000000-0000-0000-0000-000000000064,P2P,22351.21,5.0,FLAGGED,d1000000-0000-0000-0000-000000000026,b1000000-0000-0000-0000-000000000010,2026-03-09T05:00:00+00:00,7,UNUSUAL_LOCATION,Unusual Location Shift,ACCOUNT_TAKEOVER,"['new_device', 'amount_deviation']",1,1,HIGH_RISK_BORDER_JUMP
e1000000-0000-0000-0000-000000002298,tx_geo_002298_d9c084,c1000000-0000-0000-0000-000000000104,c1000000-0000-0000-0000-000000000044,P2P,21048.02,5.0,FLAGGED,d1000000-0000-0000-0000-000000000026,b1000000-0000-0000-0000-000000000016,2026-03-09T08:00:00+00:00,7,UNUSUAL_LOCATION,Unusual Location Shift,ACCOUNT_TAKEOVER,"['new_device', 'amount_deviation']",1,1,HIGH_RISK_BORDER_JUMP
e1000000-0000-0000-0000-000000002299,tx_geo_002299_a1ab97,c1000000-0000-0000-0000-000000000034,c1000000-0000-0000-0000-000000000074,P2P,22322.12,5.0,FLAGGED,d1000000-0000-0000-0000-000000000004,b1000000-0000-0000-0000-000000000016,2026-03-09T11:00:00+00:00,7,UNUSUAL_LOCATION,Unusual Location Shift,ACCOUNT_TAKEOVER,"['new_device', 'amount_deviation']",1,1,HIGH_RISK_BORDER_JUMP
e1000000-0000-0000-0000-000000002300,tx_geo_002300_ce6266,c1000000-0000-0000-0000-000000000068,c1000000-0000-0000-0000-000000000020,P2P,21860.03,5.0,FLAGGED,d1000000-0000-0000-0000-000000000019,b1000000-0000-0000-0000-000000000016,2026-03-09T14:00:00+00:00,7,UNUSUAL_LOCATION,Unusual Location Shift,ACCOUNT_TAKEOVER,"['new_device', 'amount_deviation']",1,1,HIGH_RISK_BORDER_JUMP
e1000000-0000-0000-0000-000000002301,tx_geo_002301_6f1253,c1000000-0000-0000-0000-000000000032,c1000000-0000-0000-0000-000000000029,P2P,21142.07,5.0,FLAGGED,d1000000-0000-0000-0000-000000000005,b1000000-0000-0000-0000-000000000010,2026-03-09T17:00:00+00:00,7,UNUSUAL_LOCATION,Unusual Location Shift,ACCOUNT_TAKEOVER,"['new_device', 'amount_deviation']",1,1,HIGH_RISK_BORDER_JUMP
e1000000-0000-0000-0000-000000002302,tx_geo_002302_7fb63b,c1000000-0000-0000-0000-000000000043,c1000000-0000-0000-0000-000000000066,P2P,24322.95,5.0,FLAGGED,d1000000-0000-0000-0000-000000000023,b1000000-0000-0000-0000-000000000016,2026-03-09T20:00:00+00:00,7,UNUSUAL_LOCATION,Unusual Location Shift,ACCOUNT_TAKEOVER,"['new_device', 'amount_deviation']",1,1,HIGH_RISK_BORDER_JUMP
e1000000-0000-0000-0000-000000002303,tx_geo_002303_cd3a7e,c1000000-0000-0000-0000-000000000052,c1000000-0000-0000-0000-000000000007,P2P,23610.32,5.0,FLAGGED,d1000000-0000-0000-0000-000000000015,b1000000-0000-0000-0000-000000000016,2026-03-09T23:00:00+00:00,7,UNUSUAL_LOCATION,Unusual Location Shift,ACCOUNT_TAKEOVER,"['new_device', 'amount_deviation']",1,1,HIGH_RISK_BORDER_JUMP
e1000000-0000-0000-0000-000000002304,tx_geo_002304_d83060,c1000000-0000-0000-0000-000000000014,c1000000-0000-0000-0000-000000000019,P2P,23092.6,5.0,FLAGGED,d1000000-0000-0000-0000-000000000027,b1000000-0000-0000-0000-000000000010,2026-03-10T02:00:00+00:00,7,UNUSUAL_LOCATION,Unusual Location Shift,ACCOUNT_TAKEOVER,"['new_device', 'amount_deviation']",1,1,HIGH_RISK_BORDER_JUMP
e1000000-0000-0000-0000-000000002305,tx_geo_002305_ed11b8,c1000000-0000-0000-0000-000000000032,c1000000-0000-0000-0000-000000000060,P2P,18640.88,5.0,FLAGGED,d1000000-0000-0000-0000-000000000005,b1000000-0000-0000-0000-000000000010,2026-03-10T05:00:00+00:00,7,UNUSUAL_LOCATION,Unusual Location Shift,ACCOUNT_TAKEOVER,"['new_device', 'amount_deviation']",1,1,HIGH_RISK_BORDER_JUMP
e1000000-0000-0000-0000-000000002306,tx_geo_002306_69a31a,c1000000-0000-0000-0000-000000000070,c1000000-0000-0000-0000-000000000065,P2P,22826.4,5.0,FLAGGED,d1000000-0000-0000-0000-000000000012,b1000000-0000-0000-0000-000000000016,2026-03-10T08:00:00+00:00,7,UNUSUAL_LOCATION,Unusual Location Shift,ACCOUNT_TAKEOVER,"['new_device', 'amount_deviation']",1,1,HIGH_RISK_BORDER_JUMP
e1000000-0000-0000-0000-000000002307,tx_geo_002307_4c90cd,c1000000-0000-0000-0000-000000000054,c1000000-0000-0000-0000-000000000073,P2P,18527.34,5.0,FLAGGED,d1000000-0000-0000-0000-000000000018,b1000000-0000-0000-0000-000000000016,2026-03-10T11:00:00+00:00,7,UNUSUAL_LOCATION,Unusual Location Shift,ACCOUNT_TAKEOVER,"['new_device', 'amount_deviation']",1,1,HIGH_RISK_BORDER_JUMP
e1000000-0000-0000-0000-000000002308,tx_geo_002308_f2d058,c1000000-0000-0000-0000-000000000021,c1000000-0000-0000-0000-000000000080,P2P,24034.66,5.0,FLAGGED,d1000000-0000-0000-0000-000000000030,b1000000-0000-0000-0000-000000000016,2026-03-10T14:00:00+00:00,7,UNUSUAL_LOCATION,Unusual Location Shift,ACCOUNT_TAKEOVER,"['new_device', 'amount_deviation']",1,1,HIGH_RISK_BORDER_JUMP
e1000000-0000-0000-0000-000000002309,tx_geo_002309_ed167e,c1000000-0000-0000-0000-000000000009,c1000000-0000-0000-0000-000000000100,P2P,23780.49,5.0,FLAGGED,d1000000-0000-0000-0000-000000000024,b1000000-0000-0000-0000-000000000016,2026-03-10T17:00:00+00:00,7,UNUSUAL_LOCATION,Unusual Location Shift,ACCOUNT_TAKEOVER,"['new_device', 'amount_deviation']",1,1,HIGH_RISK_BORDER_JUMP
e1000000-0000-0000-0000-000000002310,tx_geo_002310_276f8e,c1000000-0000-0000-0000-000000000056,c1000000-0000-0000-0000-000000000052,P2P,20692.45,5.0,FLAGGED,d1000000-0000-0000-0000-000000000006,b1000000-0000-0000-0000-000000000016,2026-03-10T20:00:00+00:00,7,UNUSUAL_LOCATION,Unusual Location Shift,ACCOUNT_TAKEOVER,"['new_device', 'amount_deviation']",1,1,HIGH_RISK_BORDER_JUMP
e1000000-0000-0000-0000-000000002311,tx_geo_002311_1e4415,c1000000-0000-0000-0000-000000000004,c1000000-0000-0000-0000-000000000043,P2P,20002.05,5.0,FLAGGED,d1000000-0000-0000-0000-000000000018,b1000000-0000-0000-0000-000000000016,2026-03-10T23:00:00+00:00,7,UNUSUAL_LOCATION,Unusual Location Shift,ACCOUNT_TAKEOVER,"['new_device', 'amount_deviation']",1,1,HIGH_RISK_BORDER_JUMP
e1000000-0000-0000-0000-000000002312,tx_geo_002312_96a2e7,c1000000-0000-0000-0000-000000000063,c1000000-0000-0000-0000-000000000003,P2P,19391.19,5.0,FLAGGED,d1000000-0000-0000-0000-000000000008,b1000000-0000-0000-0000-000000000016,2026-03-11T02:00:00+00:00,7,UNUSUAL_LOCATION,Unusual Location Shift,ACCOUNT_TAKEOVER,"['new_device', 'amount_deviation']",1,1,HIGH_RISK_BORDER_JUMP
e1000000-0000-0000-0000-000000002313,tx_geo_002313_3e44b4,c1000000-0000-0000-0000-000000000056,c1000000-0000-0000-0000-000000000031,P2P,21968.72,5.0,FLAGGED,d1000000-0000-0000-0000-000000000006,b1000000-0000-0000-0000-000000000016,2026-03-11T05:00:00+00:00,7,UNUSUAL_LOCATION,Unusual Location Shift,ACCOUNT_TAKEOVER,"['new_device', 'amount_deviation']",1,1,HIGH_RISK_BORDER_JUMP
e1000000-0000-0000-0000-000000002314,tx_geo_002314_99155b,c1000000-0000-0000-0000-000000000022,c1000000-0000-0000-0000-000000000044,P2P,20126.43,5.0,FLAGGED,d1000000-0000-0000-0000-000000000024,b1000000-0000-0000-0000-000000000010,2026-03-11T08:00:00+00:00,7,UNUSUAL_LOCATION,Unusual Location Shift,ACCOUNT_TAKEOVER,"['new_device', 'amount_deviation']",1,1,HIGH_RISK_BORDER_JUMP
e1000000-0000-0000-0000-000000002315,tx_geo_002315_15042b,c1000000-0000-0000-0000-000000000049,c1000000-0000-0000-0000-000000000011,P2P,18535.02,5.0,FLAGGED,d1000000-0000-0000-0000-000000000024,b1000000-0000-0000-0000-000000000010,2026-03-11T11:00:00+00:00,7,UNUSUAL_LOCATION,Unusual Location Shift,ACCOUNT_TAKEOVER,"['new_device', 'amount_deviation']",1,1,HIGH_RISK_BORDER_JUMP
e1000000-0000-0000-0000-000000002316,tx_geo_002316_8a55b7,c1000000-0000-0000-0000-000000000095,c1000000-0000-0000-0000-000000000002,P2P,20785.53,5.0,FLAGGED,d1000000-0000-0000-0000-000000000017,b1000000-0000-0000-0000-000000000010,2026-03-11T14:00:00+00:00,7,UNUSUAL_LOCATION,Unusual Location Shift,ACCOUNT_TAKEOVER,"['new_device', 'amount_deviation']",1,1,HIGH_RISK_BORDER_JUMP
e1000000-0000-0000-0000-000000002317,tx_geo_002317_fde90c,c1000000-0000-0000-0000-000000000012,c1000000-0000-0000-0000-000000000102,P2P,18333.83,5.0,FLAGGED,d1000000-0000-0000-0000-000000000002,b1000000-0000-0000-0000-000000000010,2026-03-11T17:00:00+00:00,7,UNUSUAL_LOCATION,Unusual Location Shift,ACCOUNT_TAKEOVER,"['new_device', 'amount_deviation']",1,1,HIGH_RISK_BORDER_JUMP
e1000000-0000-0000-0000-000000002318,tx_geo_002318_222bf6,c1000000-0000-0000-0000-000000000061,c1000000-0000-0000-0000-000000000023,P2P,19894.25,5.0,FLAGGED,d1000000-0000-0000-0000-000000000028,b1000000-0000-0000-0000-000000000010,2026-03-11T20:00:00+00:00,7,UNUSUAL_LOCATION,Unusual Location Shift,ACCOUNT_TAKEOVER,"['new_device', 'amount_deviation']",1,1,HIGH_RISK_BORDER_JUMP
e1000000-0000-0000-0000-000000002319,tx_geo_002319_aa82ca,c1000000-0000-0000-0000-000000000047,c1000000-0000-0000-0000-000000000087,P2P,21717.98,5.0,FLAGGED,d1000000-0000-0000-0000-000000000016,b1000000-0000-0000-0000-000000000016,2026-03-11T23:00:00+00:00,7,UNUSUAL_LOCATION,Unusual Location Shift,ACCOUNT_TAKEOVER,"['new_device', 'amount_deviation']",1,1,HIGH_RISK_BORDER_JUMP
e1000000-0000-0000-0000-000000002320,tx_geo_002320_54842b,c1000000-0000-0000-0000-000000000006,c1000000-0000-0000-0000-000000000022,P2P,18649.81,5.0,FLAGGED,d1000000-0000-0000-0000-000000000006,b1000000-0000-0000-0000-000000000016,2026-03-12T02:00:00+00:00,7,UNUSUAL_LOCATION,Unusual Location Shift,ACCOUNT_TAKEOVER,"['new_device', 'amount_deviation']",1,1,HIGH_RISK_BORDER_JUMP
e1000000-0000-0000-0000-000000002321,tx_geo_002321_9d46ea,c1000000-0000-0000-0000-000000000075,c1000000-0000-0000-0000-000000000011,P2P,18001.39,5.0,FLAGGED,d1000000-0000-0000-0000-000000000007,b1000000-0000-0000-0000-000000000010,2026-03-12T05:00:00+00:00,7,UNUSUAL_LOCATION,Unusual Location Shift,ACCOUNT_TAKEOVER,"['new_device', 'amount_deviation']",1,1,HIGH_RISK_BORDER_JUMP
e1000000-0000-0000-0000-000000002322,tx_geo_002322_e5a578,c1000000-0000-0000-0000-000000000025,c1000000-0000-0000-0000-000000000102,P2P,20540.62,5.0,FLAGGED,d1000000-0000-0000-0000-000000000028,b1000000-0000-0000-0000-000000000010,2026-03-12T08:00:00+00:00,7,UNUSUAL_LOCATION,Unusual Location Shift,ACCOUNT_TAKEOVER,"['new_device', 'amount_deviation']",1,1,HIGH_RISK_BORDER_JUMP
e1000000-0000-0000-0000-000000002323,tx_geo_002323_97e71b,c1000000-0000-0000-0000-000000000063,c1000000-0000-0000-0000-000000000014,P2P,19894.28,5.0,FLAGGED,d1000000-0000-0000-0000-000000000008,b1000000-0000-0000-0000-000000000016,2026-03-12T11:00:00+00:00,7,UNUSUAL_LOCATION,Unusual Location Shift,ACCOUNT_TAKEOVER,"['new_device', 'amount_deviation']",1,1,HIGH_RISK_BORDER_JUMP
e1000000-0000-0000-0000-000000002324,tx_geo_002324_237c56,c1000000-0000-0000-0000-000000000068,c1000000-0000-0000-0000-000000000010,P2P,18422.13,5.0,FLAGGED,d1000000-0000-0000-0000-000000000019,b1000000-0000-0000-0000-000000000016,2026-03-12T14:00:00+00:00,7,UNUSUAL_LOCATION,Unusual Location Shift,ACCOUNT_TAKEOVER,"['new_device', 'amount_deviation']",1,1,HIGH_RISK_BORDER_JUMP
e1000000-0000-0000-0000-000000002325,tx_geo_002325_a4ba0e,c1000000-0000-0000-0000-000000000078,c1000000-0000-0000-0000-000000000034,P2P,23044.49,5.0,FLAGGED,d1000000-0000-0000-0000-000000000009,b1000000-0000-0000-0000-000000000010,2026-03-12T17:00:00+00:00,7,UNUSUAL_LOCATION,Unusual Location Shift,ACCOUNT_TAKEOVER,"['new_device', 'amount_deviation']",1,1,HIGH_RISK_BORDER_JUMP
e1000000-0000-0000-0000-000000002326,tx_geo_002326_9b4282,c1000000-0000-0000-0000-000000000066,c1000000-0000-0000-0000-000000000013,P2P,19454.65,5.0,FLAGGED,d1000000-0000-0000-0000-000000000013,b1000000-0000-0000-0000-000000000016,2026-03-12T20:00:00+00:00,7,UNUSUAL_LOCATION,Unusual Location Shift,ACCOUNT_TAKEOVER,"['new_device', 'amount_deviation']",1,1,HIGH_RISK_BORDER_JUMP
e1000000-0000-0000-0000-000000002327,tx_geo_002327_da26ec,c1000000-0000-0000-0000-000000000037,c1000000-0000-0000-0000-000000000005,P2P,20201.27,5.0,FLAGGED,d1000000-0000-0000-0000-000000000016,b1000000-0000-0000-0000-000000000016,2026-03-12T23:00:00+00:00,7,UNUSUAL_LOCATION,Unusual Location Shift,ACCOUNT_TAKEOVER,"['new_device', 'amount_deviation']",1,1,HIGH_RISK_BORDER_JUMP
e1000000-0000-0000-0000-000000002328,tx_geo_002328_cf6de8,c1000000-0000-0000-0000-000000000021,c1000000-0000-0000-0000-000000000089,P2P,20941.3,5.0,FLAGGED,d1000000-0000-0000-0000-000000000030,b1000000-0000-0000-0000-000000000016,2026-03-13T02:00:00+00:00,7,UNUSUAL_LOCATION,Unusual Location Shift,ACCOUNT_TAKEOVER,"['new_device', 'amount_deviation']",1,1,HIGH_RISK_BORDER_JUMP
e1000000-0000-0000-0000-000000002329,tx_geo_002329_a74b15,c1000000-0000-0000-0000-000000000066,c1000000-0000-0000-0000-000000000040,P2P,22586.77,5.0,FLAGGED,d1000000-0000-0000-0000-000000000013,b1000000-0000-0000-0000-000000000016,2026-03-13T05:00:00+00:00,7,UNUSUAL_LOCATION,Unusual Location Shift,ACCOUNT_TAKEOVER,"['new_device', 'amount_deviation']",1,1,HIGH_RISK_BORDER_JUMP
e1000000-0000-0000-0000-000000002330,tx_drain_002330_3c3128,c1000000-0000-0000-0000-000000000052,c1000000-0000-0000-0000-000000000119,CASH_OUT,42981.11,640.42,FLAGGED,d1000000-0000-0000-0000-000000000015,b1000000-0000-0000-0000-000000000011,2026-03-15T05:00:00+00:00,8,SUDDEN_BEHAVIORAL_CHANGE,Sudden Behavioral Change,AGENT_CASHOUT_ABUSE,"['rapid_cash_out', 'agent_abnormality', 'amount_deviation']",1,1,DORMANT_COMPLETE_DRAIN
e1000000-0000-0000-0000-000000002331,tx_drain_002331_35e66d,c1000000-0000-0000-0000-000000000102,c1000000-0000-0000-0000-000000000115,CASH_OUT,39322.64,585.91,FLAGGED,d1000000-0000-0000-0000-000000000029,b1000000-0000-0000-0000-000000000011,2026-03-17T05:00:00+00:00,8,SUDDEN_BEHAVIORAL_CHANGE,Sudden Behavioral Change,AGENT_CASHOUT_ABUSE,"['rapid_cash_out', 'agent_abnormality', 'amount_deviation']",1,1,DORMANT_COMPLETE_DRAIN
e1000000-0000-0000-0000-000000002332,tx_drain_002332_27bc70,c1000000-0000-0000-0000-000000000031,c1000000-0000-0000-0000-000000000120,CASH_OUT,25866.74,385.41,FLAGGED,d1000000-0000-0000-0000-000000000004,b1000000-0000-0000-0000-000000000013,2026-03-19T05:00:00+00:00,8,SUDDEN_BEHAVIORAL_CHANGE,Sudden Behavioral Change,AGENT_CASHOUT_ABUSE,"['rapid_cash_out', 'agent_abnormality', 'amount_deviation']",1,1,DORMANT_COMPLETE_DRAIN
e1000000-0000-0000-0000-000000002333,tx_drain_002333_e00948,c1000000-0000-0000-0000-000000000005,c1000000-0000-0000-0000-000000000108,CASH_OUT,23527.45,350.56,FLAGGED,d1000000-0000-0000-0000-000000000015,b1000000-0000-0000-0000-000000000007,2026-03-21T05:00:00+00:00,8,SUDDEN_BEHAVIORAL_CHANGE,Sudden Behavioral Change,AGENT_CASHOUT_ABUSE,"['rapid_cash_out', 'agent_abnormality', 'amount_deviation']",1,1,DORMANT_COMPLETE_DRAIN
e1000000-0000-0000-0000-000000002334,tx_drain_002334_72ec6f,c1000000-0000-0000-0000-000000000016,c1000000-0000-0000-0000-000000000110,CASH_OUT,24799.54,369.51,FLAGGED,d1000000-0000-0000-0000-000000000006,b1000000-0000-0000-0000-000000000007,2026-03-23T05:00:00+00:00,8,SUDDEN_BEHAVIORAL_CHANGE,Sudden Behavioral Change,AGENT_CASHOUT_ABUSE,"['rapid_cash_out', 'agent_abnormality', 'amount_deviation']",1,1,DORMANT_COMPLETE_DRAIN
e1000000-0000-0000-0000-000000002335,tx_drain_002335_48504c,c1000000-0000-0000-0000-000000000017,c1000000-0000-0000-0000-000000000110,CASH_OUT,40792.01,607.8,FLAGGED,d1000000-0000-0000-0000-000000000013,b1000000-0000-0000-0000-000000000007,2026-03-25T05:00:00+00:00,8,SUDDEN_BEHAVIORAL_CHANGE,Sudden Behavioral Change,AGENT_CASHOUT_ABUSE,"['rapid_cash_out', 'agent_abnormality', 'amount_deviation']",1,1,DORMANT_COMPLETE_DRAIN
e1000000-0000-0000-0000-000000002336,tx_drain_002336_944b0f,c1000000-0000-0000-0000-000000000099,c1000000-0000-0000-0000-000000000116,CASH_OUT,39880.87,594.22,FLAGGED,d1000000-0000-0000-0000-000000000004,b1000000-0000-0000-0000-000000000015,2026-03-27T05:00:00+00:00,8,SUDDEN_BEHAVIORAL_CHANGE,Sudden Behavioral Change,AGENT_CASHOUT_ABUSE,"['rapid_cash_out', 'agent_abnormality', 'amount_deviation']",1,1,DORMANT_COMPLETE_DRAIN
e1000000-0000-0000-0000-000000002337,tx_drain_002337_68edee,c1000000-0000-0000-0000-000000000031,c1000000-0000-0000-0000-000000000128,CASH_OUT,34521.52,514.37,FLAGGED,d1000000-0000-0000-0000-000000000004,b1000000-0000-0000-0000-000000000018,2026-03-29T05:00:00+00:00,8,SUDDEN_BEHAVIORAL_CHANGE,Sudden Behavioral Change,AGENT_CASHOUT_ABUSE,"['rapid_cash_out', 'agent_abnormality', 'amount_deviation']",1,1,DORMANT_COMPLETE_DRAIN
e1000000-0000-0000-0000-000000002338,tx_drain_002338_abf0a4,c1000000-0000-0000-0000-000000000016,c1000000-0000-0000-0000-000000000126,CASH_OUT,39375.0,586.69,FLAGGED,d1000000-0000-0000-0000-000000000006,b1000000-0000-0000-0000-000000000014,2026-03-31T05:00:00+00:00,8,SUDDEN_BEHAVIORAL_CHANGE,Sudden Behavioral Change,AGENT_CASHOUT_ABUSE,"['rapid_cash_out', 'agent_abnormality', 'amount_deviation']",1,1,DORMANT_COMPLETE_DRAIN
e1000000-0000-0000-0000-000000002339,tx_drain_002339_effbd1,c1000000-0000-0000-0000-000000000071,c1000000-0000-0000-0000-000000000129,CASH_OUT,37279.44,555.46,FLAGGED,d1000000-0000-0000-0000-000000000023,b1000000-0000-0000-0000-000000000001,2026-04-02T05:00:00+00:00,8,SUDDEN_BEHAVIORAL_CHANGE,Sudden Behavioral Change,AGENT_CASHOUT_ABUSE,"['rapid_cash_out', 'agent_abnormality', 'amount_deviation']",1,1,DORMANT_COMPLETE_DRAIN
e1000000-0000-0000-0000-000000002340,tx_drain_002340_a7fb85,c1000000-0000-0000-0000-000000000091,c1000000-0000-0000-0000-000000000112,CASH_OUT,45285.33,674.75,FLAGGED,d1000000-0000-0000-0000-000000000009,b1000000-0000-0000-0000-000000000014,2026-04-04T05:00:00+00:00,8,SUDDEN_BEHAVIORAL_CHANGE,Sudden Behavioral Change,AGENT_CASHOUT_ABUSE,"['rapid_cash_out', 'agent_abnormality', 'amount_deviation']",1,1,DORMANT_COMPLETE_DRAIN
e1000000-0000-0000-0000-000000002341,tx_drain_002341_310565,c1000000-0000-0000-0000-000000000005,c1000000-0000-0000-0000-000000000117,CASH_OUT,26069.8,388.44,FLAGGED,d1000000-0000-0000-0000-000000000015,b1000000-0000-0000-0000-000000000009,2026-04-06T05:00:00+00:00,8,SUDDEN_BEHAVIORAL_CHANGE,Sudden Behavioral Change,AGENT_CASHOUT_ABUSE,"['rapid_cash_out', 'agent_abnormality', 'amount_deviation']",1,1,DORMANT_COMPLETE_DRAIN
e1000000-0000-0000-0000-000000002342,tx_drain_002342_d753ba,c1000000-0000-0000-0000-000000000045,c1000000-0000-0000-0000-000000000108,CASH_OUT,23271.72,346.75,FLAGGED,d1000000-0000-0000-0000-000000000022,b1000000-0000-0000-0000-000000000007,2026-04-08T05:00:00+00:00,8,SUDDEN_BEHAVIORAL_CHANGE,Sudden Behavioral Change,AGENT_CASHOUT_ABUSE,"['rapid_cash_out', 'agent_abnormality', 'amount_deviation']",1,1,DORMANT_COMPLETE_DRAIN
e1000000-0000-0000-0000-000000002343,tx_drain_002343_d0013b,c1000000-0000-0000-0000-000000000103,c1000000-0000-0000-0000-000000000114,CASH_OUT,32128.54,478.72,FLAGGED,d1000000-0000-0000-0000-000000000027,b1000000-0000-0000-0000-000000000015,2026-04-10T05:00:00+00:00,8,SUDDEN_BEHAVIORAL_CHANGE,Sudden Behavioral Change,AGENT_CASHOUT_ABUSE,"['rapid_cash_out', 'agent_abnormality', 'amount_deviation']",1,1,DORMANT_COMPLETE_DRAIN
e1000000-0000-0000-0000-000000002344,tx_drain_002344_65c1e1,c1000000-0000-0000-0000-000000000064,c1000000-0000-0000-0000-000000000120,CASH_OUT,39116.57,582.84,FLAGGED,d1000000-0000-0000-0000-000000000002,b1000000-0000-0000-0000-000000000013,2026-04-12T05:00:00+00:00,8,SUDDEN_BEHAVIORAL_CHANGE,Sudden Behavioral Change,AGENT_CASHOUT_ABUSE,"['rapid_cash_out', 'agent_abnormality', 'amount_deviation']",1,1,DORMANT_COMPLETE_DRAIN
e1000000-0000-0000-0000-000000002345,tx_drain_002345_7319c9,c1000000-0000-0000-0000-000000000101,c1000000-0000-0000-0000-000000000128,CASH_OUT,44426.93,661.96,FLAGGED,d1000000-0000-0000-0000-000000000007,b1000000-0000-0000-0000-000000000018,2026-04-14T05:00:00+00:00,8,SUDDEN_BEHAVIORAL_CHANGE,Sudden Behavioral Change,AGENT_CASHOUT_ABUSE,"['rapid_cash_out', 'agent_abnormality', 'amount_deviation']",1,1,DORMANT_COMPLETE_DRAIN
e1000000-0000-0000-0000-000000002346,tx_drain_002346_f77976,c1000000-0000-0000-0000-000000000018,c1000000-0000-0000-0000-000000000132,CASH_OUT,30499.61,454.44,FLAGGED,d1000000-0000-0000-0000-000000000027,b1000000-0000-0000-0000-000000000009,2026-04-16T05:00:00+00:00,8,SUDDEN_BEHAVIORAL_CHANGE,Sudden Behavioral Change,AGENT_CASHOUT_ABUSE,"['rapid_cash_out', 'agent_abnormality', 'amount_deviation']",1,1,DORMANT_COMPLETE_DRAIN
e1000000-0000-0000-0000-000000002347,tx_drain_002347_f543c1,c1000000-0000-0000-0000-000000000091,c1000000-0000-0000-0000-000000000119,CASH_OUT,39118.53,582.87,FLAGGED,d1000000-0000-0000-0000-000000000009,b1000000-0000-0000-0000-000000000011,2026-04-18T05:00:00+00:00,8,SUDDEN_BEHAVIORAL_CHANGE,Sudden Behavioral Change,AGENT_CASHOUT_ABUSE,"['rapid_cash_out', 'agent_abnormality', 'amount_deviation']",1,1,DORMANT_COMPLETE_DRAIN
e1000000-0000-0000-0000-000000002348,tx_drain_002348_2f1820,c1000000-0000-0000-0000-000000000097,c1000000-0000-0000-0000-000000000124,CASH_OUT,44571.48,664.12,FLAGGED,d1000000-0000-0000-0000-000000000018,b1000000-0000-0000-0000-000000000010,2026-04-20T05:00:00+00:00,8,SUDDEN_BEHAVIORAL_CHANGE,Sudden Behavioral Change,AGENT_CASHOUT_ABUSE,"['rapid_cash_out', 'agent_abnormality', 'amount_deviation']",1,1,DORMANT_COMPLETE_DRAIN
e1000000-0000-0000-0000-000000002349,tx_drain_002349_402758,c1000000-0000-0000-0000-000000000001,c1000000-0000-0000-0000-000000000131,CASH_OUT,26268.66,391.4,FLAGGED,d1000000-0000-0000-0000-000000000009,b1000000-0000-0000-0000-000000000015,2026-04-22T05:00:00+00:00,8,SUDDEN_BEHAVIORAL_CHANGE,Sudden Behavioral Change,AGENT_CASHOUT_ABUSE,"['rapid_cash_out', 'agent_abnormality', 'amount_deviation']",1,1,DORMANT_COMPLETE_DRAIN
e1000000-0000-0000-0000-000000002350,tx_drain_002350_fd05bd,c1000000-0000-0000-0000-000000000054,c1000000-0000-0000-0000-000000000108,CASH_OUT,34659.25,516.42,FLAGGED,d1000000-0000-0000-0000-000000000018,b1000000-0000-0000-0000-000000000007,2026-04-24T05:00:00+00:00,8,SUDDEN_BEHAVIORAL_CHANGE,Sudden Behavioral Change,AGENT_CASHOUT_ABUSE,"['rapid_cash_out', 'agent_abnormality', 'amount_deviation']",1,1,DORMANT_COMPLETE_DRAIN
e1000000-0000-0000-0000-000000002351,tx_drain_002351_23ed63,c1000000-0000-0000-0000-000000000043,c1000000-0000-0000-0000-000000000110,CASH_OUT,23092.66,344.08,FLAGGED,d1000000-0000-0000-0000-000000000023,b1000000-0000-0000-0000-000000000007,2026-04-26T05:00:00+00:00,8,SUDDEN_BEHAVIORAL_CHANGE,Sudden Behavioral Change,AGENT_CASHOUT_ABUSE,"['rapid_cash_out', 'agent_abnormality', 'amount_deviation']",1,1,DORMANT_COMPLETE_DRAIN
e1000000-0000-0000-0000-000000002352,tx_drain_002352_f5020e,c1000000-0000-0000-0000-000000000031,c1000000-0000-0000-0000-000000000122,CASH_OUT,37701.97,561.76,FLAGGED,d1000000-0000-0000-0000-000000000004,b1000000-0000-0000-0000-000000000002,2026-04-28T05:00:00+00:00,8,SUDDEN_BEHAVIORAL_CHANGE,Sudden Behavioral Change,AGENT_CASHOUT_ABUSE,"['rapid_cash_out', 'agent_abnormality', 'amount_deviation']",1,1,DORMANT_COMPLETE_DRAIN
e1000000-0000-0000-0000-000000002353,tx_drain_002353_6af98a,c1000000-0000-0000-0000-000000000036,c1000000-0000-0000-0000-000000000112,CASH_OUT,40740.39,607.03,FLAGGED,d1000000-0000-0000-0000-000000000027,b1000000-0000-0000-0000-000000000014,2026-04-30T05:00:00+00:00,8,SUDDEN_BEHAVIORAL_CHANGE,Sudden Behavioral Change,AGENT_CASHOUT_ABUSE,"['rapid_cash_out', 'agent_abnormality', 'amount_deviation']",1,1,DORMANT_COMPLETE_DRAIN
e1000000-0000-0000-0000-000000002354,tx_drain_002354_5c58a3,c1000000-0000-0000-0000-000000000005,c1000000-0000-0000-0000-000000000130,CASH_OUT,22239.85,331.37,FLAGGED,d1000000-0000-0000-0000-000000000015,b1000000-0000-0000-0000-000000000006,2026-05-02T05:00:00+00:00,8,SUDDEN_BEHAVIORAL_CHANGE,Sudden Behavioral Change,AGENT_CASHOUT_ABUSE,"['rapid_cash_out', 'agent_abnormality', 'amount_deviation']",1,1,DORMANT_COMPLETE_DRAIN
e1000000-0000-0000-0000-000000002355,tx_drain_002355_5f7e7e,c1000000-0000-0000-0000-000000000092,c1000000-0000-0000-0000-000000000116,CASH_OUT,42805.42,637.8,FLAGGED,d1000000-0000-0000-0000-000000000027,b1000000-0000-0000-0000-000000000015,2026-05-04T05:00:00+00:00,8,SUDDEN_BEHAVIORAL_CHANGE,Sudden Behavioral Change,AGENT_CASHOUT_ABUSE,"['rapid_cash_out', 'agent_abnormality', 'amount_deviation']",1,1,DORMANT_COMPLETE_DRAIN
e1000000-0000-0000-0000-000000002356,tx_drain_002356_c5857b,c1000000-0000-0000-0000-000000000044,c1000000-0000-0000-0000-000000000106,CASH_OUT,24719.53,368.32,FLAGGED,d1000000-0000-0000-0000-000000000028,b1000000-0000-0000-0000-000000000006,2026-05-06T05:00:00+00:00,8,SUDDEN_BEHAVIORAL_CHANGE,Sudden Behavioral Change,AGENT_CASHOUT_ABUSE,"['rapid_cash_out', 'agent_abnormality', 'amount_deviation']",1,1,DORMANT_COMPLETE_DRAIN
e1000000-0000-0000-0000-000000002357,tx_drain_002357_551fe4,c1000000-0000-0000-0000-000000000065,c1000000-0000-0000-0000-000000000112,CASH_OUT,27487.61,409.57,FLAGGED,d1000000-0000-0000-0000-000000000009,b1000000-0000-0000-0000-000000000014,2026-05-08T05:00:00+00:00,8,SUDDEN_BEHAVIORAL_CHANGE,Sudden Behavioral Change,AGENT_CASHOUT_ABUSE,"['rapid_cash_out', 'agent_abnormality', 'amount_deviation']",1,1,DORMANT_COMPLETE_DRAIN
e1000000-0000-0000-0000-000000002358,tx_drain_002358_be7a38,c1000000-0000-0000-0000-000000000088,c1000000-0000-0000-0000-000000000127,CASH_OUT,44302.13,660.1,FLAGGED,d1000000-0000-0000-0000-000000000008,b1000000-0000-0000-0000-000000000013,2026-05-10T05:00:00+00:00,8,SUDDEN_BEHAVIORAL_CHANGE,Sudden Behavioral Change,AGENT_CASHOUT_ABUSE,"['rapid_cash_out', 'agent_abnormality', 'amount_deviation']",1,1,DORMANT_COMPLETE_DRAIN
e1000000-0000-0000-0000-000000002359,tx_drain_002359_e3bbee,c1000000-0000-0000-0000-000000000065,c1000000-0000-0000-0000-000000000114,CASH_OUT,35802.6,533.46,FLAGGED,d1000000-0000-0000-0000-000000000009,b1000000-0000-0000-0000-000000000015,2026-05-12T05:00:00+00:00,8,SUDDEN_BEHAVIORAL_CHANGE,Sudden Behavioral Change,AGENT_CASHOUT_ABUSE,"['rapid_cash_out', 'agent_abnormality', 'amount_deviation']",1,1,DORMANT_COMPLETE_DRAIN
e1000000-0000-0000-0000-000000002360,tx_drain_002360_9cbabe,c1000000-0000-0000-0000-000000000068,c1000000-0000-0000-0000-000000000124,CASH_OUT,37924.06,565.07,FLAGGED,d1000000-0000-0000-0000-000000000019,b1000000-0000-0000-0000-000000000010,2026-05-14T05:00:00+00:00,8,SUDDEN_BEHAVIORAL_CHANGE,Sudden Behavioral Change,AGENT_CASHOUT_ABUSE,"['rapid_cash_out', 'agent_abnormality', 'amount_deviation']",1,1,DORMANT_COMPLETE_DRAIN
e1000000-0000-0000-0000-000000002361,tx_drain_002361_bb3494,c1000000-0000-0000-0000-000000000026,c1000000-0000-0000-0000-000000000119,CASH_OUT,42012.51,625.99,FLAGGED,d1000000-0000-0000-0000-000000000014,b1000000-0000-0000-0000-000000000011,2026-05-16T05:00:00+00:00,8,SUDDEN_BEHAVIORAL_CHANGE,Sudden Behavioral Change,AGENT_CASHOUT_ABUSE,"['rapid_cash_out', 'agent_abnormality', 'amount_deviation']",1,1,DORMANT_COMPLETE_DRAIN
e1000000-0000-0000-0000-000000002362,tx_drain_002362_b81768,c1000000-0000-0000-0000-000000000103,c1000000-0000-0000-0000-000000000107,CASH_OUT,33828.77,504.05,FLAGGED,d1000000-0000-0000-0000-000000000027,b1000000-0000-0000-0000-000000000011,2026-05-18T05:00:00+00:00,8,SUDDEN_BEHAVIORAL_CHANGE,Sudden Behavioral Change,AGENT_CASHOUT_ABUSE,"['rapid_cash_out', 'agent_abnormality', 'amount_deviation']",1,1,DORMANT_COMPLETE_DRAIN
e1000000-0000-0000-0000-000000002363,tx_drain_002363_ff2da3,c1000000-0000-0000-0000-000000000076,c1000000-0000-0000-0000-000000000123,CASH_OUT,29545.03,440.22,FLAGGED,d1000000-0000-0000-0000-000000000030,b1000000-0000-0000-0000-000000000001,2026-05-20T05:00:00+00:00,8,SUDDEN_BEHAVIORAL_CHANGE,Sudden Behavioral Change,AGENT_CASHOUT_ABUSE,"['rapid_cash_out', 'agent_abnormality', 'amount_deviation']",1,1,DORMANT_COMPLETE_DRAIN
e1000000-0000-0000-0000-000000002364,tx_smurf_002364_5525a0,c1000000-0000-0000-0000-000000000001,c1000000-0000-0000-0000-000000000149,P2P,24135.61,5.0,FLAGGED,d1000000-0000-0000-0000-000000000009,b1000000-0000-0000-0000-000000000008,2026-05-20T09:05:00+00:00,9,FAN_IN_MULE,Multiple Wallets Connected to One (Smurfing),SMURFING,"['many_inbound_wallets', 'amount_deviation', 'high_transaction_velocity']",1,1,SMURFING_RING_W-MULE-0008
e1000000-0000-0000-0000-000000002365,tx_smurf_002365_a085df,c1000000-0000-0000-0000-000000000002,c1000000-0000-0000-0000-000000000149,P2P,24425.87,5.0,FLAGGED,d1000000-0000-0000-0000-000000000022,b1000000-0000-0000-0000-000000000018,2026-05-20T09:07:00+00:00,9,FAN_IN_MULE,Multiple Wallets Connected to One (Smurfing),SMURFING,"['many_inbound_wallets', 'amount_deviation', 'high_transaction_velocity']",1,1,SMURFING_RING_W-MULE-0008
e1000000-0000-0000-0000-000000002366,tx_smurf_002366_e0d3f7,c1000000-0000-0000-0000-000000000003,c1000000-0000-0000-0000-000000000149,P2P,24479.61,5.0,FLAGGED,d1000000-0000-0000-0000-000000000003,b1000000-0000-0000-0000-000000000007,2026-05-20T09:09:00+00:00,9,FAN_IN_MULE,Multiple Wallets Connected to One (Smurfing),SMURFING,"['many_inbound_wallets', 'amount_deviation', 'high_transaction_velocity']",1,1,SMURFING_RING_W-MULE-0008
e1000000-0000-0000-0000-000000002367,tx_smurf_002367_ea02cc,c1000000-0000-0000-0000-000000000004,c1000000-0000-0000-0000-000000000149,P2P,24843.24,5.0,FLAGGED,d1000000-0000-0000-0000-000000000018,b1000000-0000-0000-0000-000000000007,2026-05-20T09:14:00+00:00,9,FAN_IN_MULE,Multiple Wallets Connected to One (Smurfing),SMURFING,"['many_inbound_wallets', 'amount_deviation', 'high_transaction_velocity']",1,1,SMURFING_RING_W-MULE-0008
e1000000-0000-0000-0000-000000002368,tx_smurf_002368_ec4f98,c1000000-0000-0000-0000-000000000005,c1000000-0000-0000-0000-000000000149,P2P,24557.52,5.0,FLAGGED,d1000000-0000-0000-0000-000000000015,b1000000-0000-0000-0000-000000000019,2026-05-20T09:20:00+00:00,9,FAN_IN_MULE,Multiple Wallets Connected to One (Smurfing),SMURFING,"['many_inbound_wallets', 'amount_deviation', 'high_transaction_velocity']",1,1,SMURFING_RING_W-MULE-0008
e1000000-0000-0000-0000-000000002369,tx_smurf_002369_390ff1,c1000000-0000-0000-0000-000000000006,c1000000-0000-0000-0000-000000000149,P2P,24767.84,5.0,FLAGGED,d1000000-0000-0000-0000-000000000006,b1000000-0000-0000-0000-000000000014,2026-05-20T09:24:00+00:00,9,FAN_IN_MULE,Multiple Wallets Connected to One (Smurfing),SMURFING,"['many_inbound_wallets', 'amount_deviation', 'high_transaction_velocity']",1,1,SMURFING_RING_W-MULE-0008
e1000000-0000-0000-0000-000000002370,tx_smurf_002370_e43a35,c1000000-0000-0000-0000-000000000007,c1000000-0000-0000-0000-000000000149,P2P,24311.76,5.0,FLAGGED,d1000000-0000-0000-0000-000000000025,b1000000-0000-0000-0000-000000000011,2026-05-20T09:29:00+00:00,9,FAN_IN_MULE,Multiple Wallets Connected to One (Smurfing),SMURFING,"['many_inbound_wallets', 'amount_deviation', 'high_transaction_velocity']",1,1,SMURFING_RING_W-MULE-0008
e1000000-0000-0000-0000-000000002371,tx_smurf_002371_ab1e5f,c1000000-0000-0000-0000-000000000008,c1000000-0000-0000-0000-000000000149,P2P,24753.39,5.0,FLAGGED,d1000000-0000-0000-0000-000000000012,b1000000-0000-0000-0000-000000000012,2026-05-20T09:31:00+00:00,9,FAN_IN_MULE,Multiple Wallets Connected to One (Smurfing),SMURFING,"['many_inbound_wallets', 'amount_deviation', 'high_transaction_velocity']",1,1,SMURFING_RING_W-MULE-0008
e1000000-0000-0000-0000-000000002372,tx_smurf_002372_43ef05,c1000000-0000-0000-0000-000000000009,c1000000-0000-0000-0000-000000000149,P2P,24303.31,5.0,FLAGGED,d1000000-0000-0000-0000-000000000024,b1000000-0000-0000-0000-000000000015,2026-05-20T09:37:00+00:00,9,FAN_IN_MULE,Multiple Wallets Connected to One (Smurfing),SMURFING,"['many_inbound_wallets', 'amount_deviation', 'high_transaction_velocity']",1,1,SMURFING_RING_W-MULE-0008
e1000000-0000-0000-0000-000000002373,tx_smurf_002373_0a6119,c1000000-0000-0000-0000-000000000010,c1000000-0000-0000-0000-000000000149,P2P,24524.59,5.0,FLAGGED,d1000000-0000-0000-0000-000000000013,b1000000-0000-0000-0000-000000000003,2026-05-20T09:39:00+00:00,9,FAN_IN_MULE,Multiple Wallets Connected to One (Smurfing),SMURFING,"['many_inbound_wallets', 'amount_deviation', 'high_transaction_velocity']",1,1,SMURFING_RING_W-MULE-0008
e1000000-0000-0000-0000-000000002374,tx_smurf_002374_73020b,c1000000-0000-0000-0000-000000000011,c1000000-0000-0000-0000-000000000149,P2P,24861.61,5.0,FLAGGED,d1000000-0000-0000-0000-000000000020,b1000000-0000-0000-0000-000000000012,2026-05-20T09:42:00+00:00,9,FAN_IN_MULE,Multiple Wallets Connected to One (Smurfing),SMURFING,"['many_inbound_wallets', 'amount_deviation', 'high_transaction_velocity']",1,1,SMURFING_RING_W-MULE-0008
e1000000-0000-0000-0000-000000002375,tx_smurf_002375_6e152f,c1000000-0000-0000-0000-000000000012,c1000000-0000-0000-0000-000000000149,P2P,24417.58,5.0,FLAGGED,d1000000-0000-0000-0000-000000000002,b1000000-0000-0000-0000-000000000008,2026-05-20T09:45:00+00:00,9,FAN_IN_MULE,Multiple Wallets Connected to One (Smurfing),SMURFING,"['many_inbound_wallets', 'amount_deviation', 'high_transaction_velocity']",1,1,SMURFING_RING_W-MULE-0008
e1000000-0000-0000-0000-000000002376,tx_smurf_002376_cd6982,c1000000-0000-0000-0000-000000000013,c1000000-0000-0000-0000-000000000149,P2P,24866.91,5.0,FLAGGED,d1000000-0000-0000-0000-000000000028,b1000000-0000-0000-0000-000000000004,2026-05-20T09:47:00+00:00,9,FAN_IN_MULE,Multiple Wallets Connected to One (Smurfing),SMURFING,"['many_inbound_wallets', 'amount_deviation', 'high_transaction_velocity']",1,1,SMURFING_RING_W-MULE-0008
e1000000-0000-0000-0000-000000002377,tx_smurf_002377_e6453b,c1000000-0000-0000-0000-000000000014,c1000000-0000-0000-0000-000000000149,P2P,24528.21,5.0,FLAGGED,d1000000-0000-0000-0000-000000000027,b1000000-0000-0000-0000-000000000012,2026-05-20T09:51:00+00:00,9,FAN_IN_MULE,Multiple Wallets Connected to One (Smurfing),SMURFING,"['many_inbound_wallets', 'amount_deviation', 'high_transaction_velocity']",1,1,SMURFING_RING_W-MULE-0008
e1000000-0000-0000-0000-000000002378,tx_smurf_002378_042f14,c1000000-0000-0000-0000-000000000015,c1000000-0000-0000-0000-000000000149,P2P,24851.93,5.0,FLAGGED,d1000000-0000-0000-0000-000000000022,b1000000-0000-0000-0000-000000000009,2026-05-20T09:57:00+00:00,9,FAN_IN_MULE,Multiple Wallets Connected to One (Smurfing),SMURFING,"['many_inbound_wallets', 'amount_deviation', 'high_transaction_velocity']",1,1,SMURFING_RING_W-MULE-0008
e1000000-0000-0000-0000-000000002379,tx_smurf_002379_bb9582,c1000000-0000-0000-0000-000000000016,c1000000-0000-0000-0000-000000000149,P2P,24794.84,5.0,FLAGGED,d1000000-0000-0000-0000-000000000006,b1000000-0000-0000-0000-000000000018,2026-05-20T10:03:00+00:00,9,FAN_IN_MULE,Multiple Wallets Connected to One (Smurfing),SMURFING,"['many_inbound_wallets', 'amount_deviation', 'high_transaction_velocity']",1,1,SMURFING_RING_W-MULE-0008
e1000000-0000-0000-0000-000000002380,tx_smurf_002380_a9cef5,c1000000-0000-0000-0000-000000000017,c1000000-0000-0000-0000-000000000149,P2P,24715.12,5.0,FLAGGED,d1000000-0000-0000-0000-000000000013,b1000000-0000-0000-0000-000000000009,2026-05-20T10:07:00+00:00,9,FAN_IN_MULE,Multiple Wallets Connected to One (Smurfing),SMURFING,"['many_inbound_wallets', 'amount_deviation', 'high_transaction_velocity']",1,1,SMURFING_RING_W-MULE-0008
e1000000-0000-0000-0000-000000002381,tx_smurf_002381_94866e,c1000000-0000-0000-0000-000000000018,c1000000-0000-0000-0000-000000000149,P2P,24497.31,5.0,FLAGGED,d1000000-0000-0000-0000-000000000027,b1000000-0000-0000-0000-000000000002,2026-05-20T10:09:00+00:00,9,FAN_IN_MULE,Multiple Wallets Connected to One (Smurfing),SMURFING,"['many_inbound_wallets', 'amount_deviation', 'high_transaction_velocity']",1,1,SMURFING_RING_W-MULE-0008
e1000000-0000-0000-0000-000000002382,tx_smurf_002382_8d676a,c1000000-0000-0000-0000-000000000019,c1000000-0000-0000-0000-000000000149,P2P,24527.27,5.0,FLAGGED,d1000000-0000-0000-0000-000000000013,b1000000-0000-0000-0000-000000000009,2026-05-20T10:12:00+00:00,9,FAN_IN_MULE,Multiple Wallets Connected to One (Smurfing),SMURFING,"['many_inbound_wallets', 'amount_deviation', 'high_transaction_velocity']",1,1,SMURFING_RING_W-MULE-0008
e1000000-0000-0000-0000-000000002383,tx_smurf_002383_daf09b,c1000000-0000-0000-0000-000000000020,c1000000-0000-0000-0000-000000000149,P2P,24723.74,5.0,FLAGGED,d1000000-0000-0000-0000-000000000019,b1000000-0000-0000-0000-000000000011,2026-05-20T10:16:00+00:00,9,FAN_IN_MULE,Multiple Wallets Connected to One (Smurfing),SMURFING,"['many_inbound_wallets', 'amount_deviation', 'high_transaction_velocity']",1,1,SMURFING_RING_W-MULE-0008
e1000000-0000-0000-0000-000000002384,tx_smurf_002384_63973d,c1000000-0000-0000-0000-000000000021,c1000000-0000-0000-0000-000000000149,P2P,24840.5,5.0,FLAGGED,d1000000-0000-0000-0000-000000000030,b1000000-0000-0000-0000-000000000015,2026-05-20T10:19:00+00:00,9,FAN_IN_MULE,Multiple Wallets Connected to One (Smurfing),SMURFING,"['many_inbound_wallets', 'amount_deviation', 'high_transaction_velocity']",1,1,SMURFING_RING_W-MULE-0008
e1000000-0000-0000-0000-000000002385,tx_smurf_002385_2d5f62,c1000000-0000-0000-0000-000000000022,c1000000-0000-0000-0000-000000000149,P2P,24680.58,5.0,FLAGGED,d1000000-0000-0000-0000-000000000024,b1000000-0000-0000-0000-000000000018,2026-05-20T10:25:00+00:00,9,FAN_IN_MULE,Multiple Wallets Connected to One (Smurfing),SMURFING,"['many_inbound_wallets', 'amount_deviation', 'high_transaction_velocity']",1,1,SMURFING_RING_W-MULE-0008
e1000000-0000-0000-0000-000000002386,tx_smurf_002386_03a35a,c1000000-0000-0000-0000-000000000023,c1000000-0000-0000-0000-000000000149,P2P,24624.88,5.0,FLAGGED,d1000000-0000-0000-0000-000000000014,b1000000-0000-0000-0000-000000000019,2026-05-20T10:31:00+00:00,9,FAN_IN_MULE,Multiple Wallets Connected to One (Smurfing),SMURFING,"['many_inbound_wallets', 'amount_deviation', 'high_transaction_velocity']",1,1,SMURFING_RING_W-MULE-0008
e1000000-0000-0000-0000-000000002387,tx_smurf_002387_a59780,c1000000-0000-0000-0000-000000000024,c1000000-0000-0000-0000-000000000149,P2P,24163.74,5.0,FLAGGED,d1000000-0000-0000-0000-000000000005,b1000000-0000-0000-0000-000000000017,2026-05-20T10:36:00+00:00,9,FAN_IN_MULE,Multiple Wallets Connected to One (Smurfing),SMURFING,"['many_inbound_wallets', 'amount_deviation', 'high_transaction_velocity']",1,1,SMURFING_RING_W-MULE-0008
e1000000-0000-0000-0000-000000002388,tx_smurf_002388_054bff,c1000000-0000-0000-0000-000000000025,c1000000-0000-0000-0000-000000000149,P2P,24857.26,5.0,FLAGGED,d1000000-0000-0000-0000-000000000028,b1000000-0000-0000-0000-000000000004,2026-05-20T10:39:00+00:00,9,FAN_IN_MULE,Multiple Wallets Connected to One (Smurfing),SMURFING,"['many_inbound_wallets', 'amount_deviation', 'high_transaction_velocity']",1,1,SMURFING_RING_W-MULE-0008
e1000000-0000-0000-0000-000000002389,tx_smurf_002389_bfd959,c1000000-0000-0000-0000-000000000026,c1000000-0000-0000-0000-000000000149,P2P,24203.9,5.0,FLAGGED,d1000000-0000-0000-0000-000000000014,b1000000-0000-0000-0000-000000000003,2026-05-20T10:41:00+00:00,9,FAN_IN_MULE,Multiple Wallets Connected to One (Smurfing),SMURFING,"['many_inbound_wallets', 'amount_deviation', 'high_transaction_velocity']",1,1,SMURFING_RING_W-MULE-0008
e1000000-0000-0000-0000-000000002390,tx_smurf_002390_4ad543,c1000000-0000-0000-0000-000000000027,c1000000-0000-0000-0000-000000000149,P2P,24235.22,5.0,FLAGGED,d1000000-0000-0000-0000-000000000015,b1000000-0000-0000-0000-000000000017,2026-05-20T10:45:00+00:00,9,FAN_IN_MULE,Multiple Wallets Connected to One (Smurfing),SMURFING,"['many_inbound_wallets', 'amount_deviation', 'high_transaction_velocity']",1,1,SMURFING_RING_W-MULE-0008
e1000000-0000-0000-0000-000000002391,tx_smurf_002391_e7eca3,c1000000-0000-0000-0000-000000000028,c1000000-0000-0000-0000-000000000149,P2P,24432.46,5.0,FLAGGED,d1000000-0000-0000-0000-000000000004,b1000000-0000-0000-0000-000000000018,2026-05-20T10:49:00+00:00,9,FAN_IN_MULE,Multiple Wallets Connected to One (Smurfing),SMURFING,"['many_inbound_wallets', 'amount_deviation', 'high_transaction_velocity']",1,1,SMURFING_RING_W-MULE-0008
e1000000-0000-0000-0000-000000002392,tx_smurf_002392_29f5d4,c1000000-0000-0000-0000-000000000029,c1000000-0000-0000-0000-000000000149,P2P,24263.27,5.0,FLAGGED,d1000000-0000-0000-0000-000000000014,b1000000-0000-0000-0000-000000000006,2026-05-20T10:54:00+00:00,9,FAN_IN_MULE,Multiple Wallets Connected to One (Smurfing),SMURFING,"['many_inbound_wallets', 'amount_deviation', 'high_transaction_velocity']",1,1,SMURFING_RING_W-MULE-0008
e1000000-0000-0000-0000-000000002393,tx_smurf_002393_ee869b,c1000000-0000-0000-0000-000000000030,c1000000-0000-0000-0000-000000000149,P2P,24178.08,5.0,FLAGGED,d1000000-0000-0000-0000-000000000029,b1000000-0000-0000-0000-000000000009,2026-05-20T10:58:00+00:00,9,FAN_IN_MULE,Multiple Wallets Connected to One (Smurfing),SMURFING,"['many_inbound_wallets', 'amount_deviation', 'high_transaction_velocity']",1,1,SMURFING_RING_W-MULE-0008
e1000000-0000-0000-0000-000000002394,tx_rep_002431_922913,c1000000-0000-0000-0000-000000000007,c1000000-0000-0000-0000-000000000008,P2P,4999.0,5.0,FLAGGED,d1000000-0000-0000-0000-000000000025,b1000000-0000-0000-0000-000000000011,2026-05-20T11:01:00+00:00,11,REPEATED_TRANSFERS,Repeated Identical Transfers,RAPID_FUND_MOVEMENT,"['high_transaction_velocity', 'amount_deviation']",1,1,REPEATED_IDENTICAL_TRANSFERS
e1000000-0000-0000-0000-000000002395,tx_smurf_002394_8ad574,c1000000-0000-0000-0000-000000000031,c1000000-0000-0000-0000-000000000149,P2P,24347.59,5.0,FLAGGED,d1000000-0000-0000-0000-000000000004,b1000000-0000-0000-0000-000000000010,2026-05-20T11:02:00+00:00,9,FAN_IN_MULE,Multiple Wallets Connected to One (Smurfing),SMURFING,"['many_inbound_wallets', 'amount_deviation', 'high_transaction_velocity']",1,1,SMURFING_RING_W-MULE-0008
e1000000-0000-0000-0000-000000002396,tx_rep_002432_046210,c1000000-0000-0000-0000-000000000007,c1000000-0000-0000-0000-000000000008,P2P,4999.0,5.0,FLAGGED,d1000000-0000-0000-0000-000000000025,b1000000-0000-0000-0000-000000000011,2026-05-20T11:03:00+00:00,11,REPEATED_TRANSFERS,Repeated Identical Transfers,RAPID_FUND_MOVEMENT,"['high_transaction_velocity', 'amount_deviation']",1,1,REPEATED_IDENTICAL_TRANSFERS
e1000000-0000-0000-0000-000000002397,tx_rep_002433_ef1562,c1000000-0000-0000-0000-000000000007,c1000000-0000-0000-0000-000000000008,P2P,4999.0,5.0,FLAGGED,d1000000-0000-0000-0000-000000000025,b1000000-0000-0000-0000-000000000011,2026-05-20T11:06:00+00:00,11,REPEATED_TRANSFERS,Repeated Identical Transfers,RAPID_FUND_MOVEMENT,"['high_transaction_velocity', 'amount_deviation']",1,1,REPEATED_IDENTICAL_TRANSFERS
e1000000-0000-0000-0000-000000002398,tx_smurf_002395_138388,c1000000-0000-0000-0000-000000000032,c1000000-0000-0000-0000-000000000149,P2P,24611.22,5.0,FLAGGED,d1000000-0000-0000-0000-000000000005,b1000000-0000-0000-0000-000000000012,2026-05-20T11:08:00+00:00,9,FAN_IN_MULE,Multiple Wallets Connected to One (Smurfing),SMURFING,"['many_inbound_wallets', 'amount_deviation', 'high_transaction_velocity']",1,1,SMURFING_RING_W-MULE-0008
e1000000-0000-0000-0000-000000002399,tx_rep_002434_a6124e,c1000000-0000-0000-0000-000000000007,c1000000-0000-0000-0000-000000000008,P2P,4999.0,5.0,FLAGGED,d1000000-0000-0000-0000-000000000025,b1000000-0000-0000-0000-000000000011,2026-05-20T11:08:00+00:00,11,REPEATED_TRANSFERS,Repeated Identical Transfers,RAPID_FUND_MOVEMENT,"['high_transaction_velocity', 'amount_deviation']",1,1,REPEATED_IDENTICAL_TRANSFERS
e1000000-0000-0000-0000-000000002400,tx_rep_002435_6a606a,c1000000-0000-0000-0000-000000000007,c1000000-0000-0000-0000-000000000008,P2P,4999.0,5.0,FLAGGED,d1000000-0000-0000-0000-000000000025,b1000000-0000-0000-0000-000000000011,2026-05-20T11:10:00+00:00,11,REPEATED_TRANSFERS,Repeated Identical Transfers,RAPID_FUND_MOVEMENT,"['high_transaction_velocity', 'amount_deviation']",1,1,REPEATED_IDENTICAL_TRANSFERS
e1000000-0000-0000-0000-000000002401,tx_smurf_002396_da6031,c1000000-0000-0000-0000-000000000033,c1000000-0000-0000-0000-000000000149,P2P,24798.58,5.0,FLAGGED,d1000000-0000-0000-0000-000000000030,b1000000-0000-0000-0000-000000000017,2026-05-20T11:11:00+00:00,9,FAN_IN_MULE,Multiple Wallets Connected to One (Smurfing),SMURFING,"['many_inbound_wallets', 'amount_deviation', 'high_transaction_velocity']",1,1,SMURFING_RING_W-MULE-0008
e1000000-0000-0000-0000-000000002402,tx_smurf_002397_10e436,c1000000-0000-0000-0000-000000000034,c1000000-0000-0000-0000-000000000149,P2P,24862.87,5.0,FLAGGED,d1000000-0000-0000-0000-000000000004,b1000000-0000-0000-0000-000000000012,2026-05-20T11:13:00+00:00,9,FAN_IN_MULE,Multiple Wallets Connected to One (Smurfing),SMURFING,"['many_inbound_wallets', 'amount_deviation', 'high_transaction_velocity']",1,1,SMURFING_RING_W-MULE-0008
e1000000-0000-0000-0000-000000002403,tx_rep_002436_d667a7,c1000000-0000-0000-0000-000000000007,c1000000-0000-0000-0000-000000000008,P2P,4999.0,5.0,FLAGGED,d1000000-0000-0000-0000-000000000025,b1000000-0000-0000-0000-000000000011,2026-05-20T11:13:00+00:00,11,REPEATED_TRANSFERS,Repeated Identical Transfers,RAPID_FUND_MOVEMENT,"['high_transaction_velocity', 'amount_deviation']",1,1,REPEATED_IDENTICAL_TRANSFERS
e1000000-0000-0000-0000-000000002404,tx_rep_002437_f836a3,c1000000-0000-0000-0000-000000000007,c1000000-0000-0000-0000-000000000008,P2P,4999.0,5.0,FLAGGED,d1000000-0000-0000-0000-000000000025,b1000000-0000-0000-0000-000000000011,2026-05-20T11:14:00+00:00,11,REPEATED_TRANSFERS,Repeated Identical Transfers,RAPID_FUND_MOVEMENT,"['high_transaction_velocity', 'amount_deviation']",1,1,REPEATED_IDENTICAL_TRANSFERS
e1000000-0000-0000-0000-000000002405,tx_rep_002438_dcac7b,c1000000-0000-0000-0000-000000000007,c1000000-0000-0000-0000-000000000008,P2P,4999.0,5.0,FLAGGED,d1000000-0000-0000-0000-000000000025,b1000000-0000-0000-0000-000000000011,2026-05-20T11:16:00+00:00,11,REPEATED_TRANSFERS,Repeated Identical Transfers,RAPID_FUND_MOVEMENT,"['high_transaction_velocity', 'amount_deviation']",1,1,REPEATED_IDENTICAL_TRANSFERS
e1000000-0000-0000-0000-000000002406,tx_rep_002439_15d152,c1000000-0000-0000-0000-000000000007,c1000000-0000-0000-0000-000000000008,P2P,4999.0,5.0,FLAGGED,d1000000-0000-0000-0000-000000000025,b1000000-0000-0000-0000-000000000011,2026-05-20T11:18:00+00:00,11,REPEATED_TRANSFERS,Repeated Identical Transfers,RAPID_FUND_MOVEMENT,"['high_transaction_velocity', 'amount_deviation']",1,1,REPEATED_IDENTICAL_TRANSFERS
e1000000-0000-0000-0000-000000002407,tx_rep_002440_d7d050,c1000000-0000-0000-0000-000000000007,c1000000-0000-0000-0000-000000000008,P2P,4999.0,5.0,FLAGGED,d1000000-0000-0000-0000-000000000025,b1000000-0000-0000-0000-000000000011,2026-05-20T11:19:00+00:00,11,REPEATED_TRANSFERS,Repeated Identical Transfers,RAPID_FUND_MOVEMENT,"['high_transaction_velocity', 'amount_deviation']",1,1,REPEATED_IDENTICAL_TRANSFERS
e1000000-0000-0000-0000-000000002408,tx_rep_002441_983ae2,c1000000-0000-0000-0000-000000000007,c1000000-0000-0000-0000-000000000008,P2P,4999.0,5.0,FLAGGED,d1000000-0000-0000-0000-000000000025,b1000000-0000-0000-0000-000000000011,2026-05-20T11:20:00+00:00,11,REPEATED_TRANSFERS,Repeated Identical Transfers,RAPID_FUND_MOVEMENT,"['high_transaction_velocity', 'amount_deviation']",1,1,REPEATED_IDENTICAL_TRANSFERS
e1000000-0000-0000-0000-000000002409,tx_rep_002442_8fb8b7,c1000000-0000-0000-0000-000000000007,c1000000-0000-0000-0000-000000000008,P2P,4999.0,5.0,FLAGGED,d1000000-0000-0000-0000-000000000025,b1000000-0000-0000-0000-000000000011,2026-05-20T11:23:00+00:00,11,REPEATED_TRANSFERS,Repeated Identical Transfers,RAPID_FUND_MOVEMENT,"['high_transaction_velocity', 'amount_deviation']",1,1,REPEATED_IDENTICAL_TRANSFERS
e1000000-0000-0000-0000-000000002410,tx_rep_002443_97c758,c1000000-0000-0000-0000-000000000007,c1000000-0000-0000-0000-000000000008,P2P,4999.0,5.0,FLAGGED,d1000000-0000-0000-0000-000000000025,b1000000-0000-0000-0000-000000000011,2026-05-20T11:24:00+00:00,11,REPEATED_TRANSFERS,Repeated Identical Transfers,RAPID_FUND_MOVEMENT,"['high_transaction_velocity', 'amount_deviation']",1,1,REPEATED_IDENTICAL_TRANSFERS
e1000000-0000-0000-0000-000000002411,tx_rep_002444_7932b2,c1000000-0000-0000-0000-000000000007,c1000000-0000-0000-0000-000000000008,P2P,4999.0,5.0,FLAGGED,d1000000-0000-0000-0000-000000000025,b1000000-0000-0000-0000-000000000011,2026-05-20T11:25:00+00:00,11,REPEATED_TRANSFERS,Repeated Identical Transfers,RAPID_FUND_MOVEMENT,"['high_transaction_velocity', 'amount_deviation']",1,1,REPEATED_IDENTICAL_TRANSFERS
e1000000-0000-0000-0000-000000002412,tx_rep_002445_8db7c0,c1000000-0000-0000-0000-000000000007,c1000000-0000-0000-0000-000000000008,P2P,4999.0,5.0,FLAGGED,d1000000-0000-0000-0000-000000000025,b1000000-0000-0000-0000-000000000011,2026-05-20T11:27:00+00:00,11,REPEATED_TRANSFERS,Repeated Identical Transfers,RAPID_FUND_MOVEMENT,"['high_transaction_velocity', 'amount_deviation']",1,1,REPEATED_IDENTICAL_TRANSFERS
e1000000-0000-0000-0000-000000002413,tx_rep_002446_b9d4d2,c1000000-0000-0000-0000-000000000007,c1000000-0000-0000-0000-000000000008,P2P,4999.0,5.0,FLAGGED,d1000000-0000-0000-0000-000000000025,b1000000-0000-0000-0000-000000000011,2026-05-20T11:30:00+00:00,11,REPEATED_TRANSFERS,Repeated Identical Transfers,RAPID_FUND_MOVEMENT,"['high_transaction_velocity', 'amount_deviation']",1,1,REPEATED_IDENTICAL_TRANSFERS
e1000000-0000-0000-0000-000000002414,tx_rep_002447_1ea822,c1000000-0000-0000-0000-000000000007,c1000000-0000-0000-0000-000000000008,P2P,4999.0,5.0,FLAGGED,d1000000-0000-0000-0000-000000000025,b1000000-0000-0000-0000-000000000011,2026-05-20T11:32:00+00:00,11,REPEATED_TRANSFERS,Repeated Identical Transfers,RAPID_FUND_MOVEMENT,"['high_transaction_velocity', 'amount_deviation']",1,1,REPEATED_IDENTICAL_TRANSFERS
e1000000-0000-0000-0000-000000002415,tx_rep_002448_cf9282,c1000000-0000-0000-0000-000000000007,c1000000-0000-0000-0000-000000000008,P2P,4999.0,5.0,FLAGGED,d1000000-0000-0000-0000-000000000025,b1000000-0000-0000-0000-000000000011,2026-05-20T11:35:00+00:00,11,REPEATED_TRANSFERS,Repeated Identical Transfers,RAPID_FUND_MOVEMENT,"['high_transaction_velocity', 'amount_deviation']",1,1,REPEATED_IDENTICAL_TRANSFERS
e1000000-0000-0000-0000-000000002416,tx_rep_002449_c940e0,c1000000-0000-0000-0000-000000000007,c1000000-0000-0000-0000-000000000008,P2P,4999.0,5.0,FLAGGED,d1000000-0000-0000-0000-000000000025,b1000000-0000-0000-0000-000000000011,2026-05-20T11:36:00+00:00,11,REPEATED_TRANSFERS,Repeated Identical Transfers,RAPID_FUND_MOVEMENT,"['high_transaction_velocity', 'amount_deviation']",1,1,REPEATED_IDENTICAL_TRANSFERS
e1000000-0000-0000-0000-000000002417,tx_rep_002450_512b4c,c1000000-0000-0000-0000-000000000007,c1000000-0000-0000-0000-000000000008,P2P,4999.0,5.0,FLAGGED,d1000000-0000-0000-0000-000000000025,b1000000-0000-0000-0000-000000000011,2026-05-20T11:39:00+00:00,11,REPEATED_TRANSFERS,Repeated Identical Transfers,RAPID_FUND_MOVEMENT,"['high_transaction_velocity', 'amount_deviation']",1,1,REPEATED_IDENTICAL_TRANSFERS
e1000000-0000-0000-0000-000000002418,tx_rep_002451_4fe30b,c1000000-0000-0000-0000-000000000007,c1000000-0000-0000-0000-000000000008,P2P,4999.0,5.0,FLAGGED,d1000000-0000-0000-0000-000000000025,b1000000-0000-0000-0000-000000000011,2026-05-20T11:40:00+00:00,11,REPEATED_TRANSFERS,Repeated Identical Transfers,RAPID_FUND_MOVEMENT,"['high_transaction_velocity', 'amount_deviation']",1,1,REPEATED_IDENTICAL_TRANSFERS
e1000000-0000-0000-0000-000000002419,tx_rep_002452_d27960,c1000000-0000-0000-0000-000000000007,c1000000-0000-0000-0000-000000000008,P2P,4999.0,5.0,FLAGGED,d1000000-0000-0000-0000-000000000025,b1000000-0000-0000-0000-000000000011,2026-05-20T11:43:00+00:00,11,REPEATED_TRANSFERS,Repeated Identical Transfers,RAPID_FUND_MOVEMENT,"['high_transaction_velocity', 'amount_deviation']",1,1,REPEATED_IDENTICAL_TRANSFERS
e1000000-0000-0000-0000-000000002420,tx_rep_002453_4b1fa0,c1000000-0000-0000-0000-000000000007,c1000000-0000-0000-0000-000000000008,P2P,4999.0,5.0,FLAGGED,d1000000-0000-0000-0000-000000000025,b1000000-0000-0000-0000-000000000011,2026-05-20T11:45:00+00:00,11,REPEATED_TRANSFERS,Repeated Identical Transfers,RAPID_FUND_MOVEMENT,"['high_transaction_velocity', 'amount_deviation']",1,1,REPEATED_IDENTICAL_TRANSFERS
e1000000-0000-0000-0000-000000002421,tx_rep_002454_dbd0f0,c1000000-0000-0000-0000-000000000007,c1000000-0000-0000-0000-000000000008,P2P,4999.0,5.0,FLAGGED,d1000000-0000-0000-0000-000000000025,b1000000-0000-0000-0000-000000000011,2026-05-20T11:46:00+00:00,11,REPEATED_TRANSFERS,Repeated Identical Transfers,RAPID_FUND_MOVEMENT,"['high_transaction_velocity', 'amount_deviation']",1,1,REPEATED_IDENTICAL_TRANSFERS
e1000000-0000-0000-0000-000000002422,tx_rep_002455_0e0ec7,c1000000-0000-0000-0000-000000000007,c1000000-0000-0000-0000-000000000008,P2P,4999.0,5.0,FLAGGED,d1000000-0000-0000-0000-000000000025,b1000000-0000-0000-0000-000000000011,2026-05-20T11:47:00+00:00,11,REPEATED_TRANSFERS,Repeated Identical Transfers,RAPID_FUND_MOVEMENT,"['high_transaction_velocity', 'amount_deviation']",1,1,REPEATED_IDENTICAL_TRANSFERS
e1000000-0000-0000-0000-000000002423,tx_rep_002456_aa31e2,c1000000-0000-0000-0000-000000000007,c1000000-0000-0000-0000-000000000008,P2P,4999.0,5.0,FLAGGED,d1000000-0000-0000-0000-000000000025,b1000000-0000-0000-0000-000000000011,2026-05-20T11:49:00+00:00,11,REPEATED_TRANSFERS,Repeated Identical Transfers,RAPID_FUND_MOVEMENT,"['high_transaction_velocity', 'amount_deviation']",1,1,REPEATED_IDENTICAL_TRANSFERS
e1000000-0000-0000-0000-000000002424,tx_rep_002457_b226f2,c1000000-0000-0000-0000-000000000007,c1000000-0000-0000-0000-000000000008,P2P,4999.0,5.0,FLAGGED,d1000000-0000-0000-0000-000000000025,b1000000-0000-0000-0000-000000000011,2026-05-20T11:50:00+00:00,11,REPEATED_TRANSFERS,Repeated Identical Transfers,RAPID_FUND_MOVEMENT,"['high_transaction_velocity', 'amount_deviation']",1,1,REPEATED_IDENTICAL_TRANSFERS
e1000000-0000-0000-0000-000000002425,tx_rep_002458_d0d147,c1000000-0000-0000-0000-000000000007,c1000000-0000-0000-0000-000000000008,P2P,4999.0,5.0,FLAGGED,d1000000-0000-0000-0000-000000000025,b1000000-0000-0000-0000-000000000011,2026-05-20T11:52:00+00:00,11,REPEATED_TRANSFERS,Repeated Identical Transfers,RAPID_FUND_MOVEMENT,"['high_transaction_velocity', 'amount_deviation']",1,1,REPEATED_IDENTICAL_TRANSFERS
e1000000-0000-0000-0000-000000002426,tx_rep_002459_ffd0dc,c1000000-0000-0000-0000-000000000007,c1000000-0000-0000-0000-000000000008,P2P,4999.0,5.0,FLAGGED,d1000000-0000-0000-0000-000000000025,b1000000-0000-0000-0000-000000000011,2026-05-20T11:54:00+00:00,11,REPEATED_TRANSFERS,Repeated Identical Transfers,RAPID_FUND_MOVEMENT,"['high_transaction_velocity', 'amount_deviation']",1,1,REPEATED_IDENTICAL_TRANSFERS
e1000000-0000-0000-0000-000000002427,tx_rep_002460_47d9dd,c1000000-0000-0000-0000-000000000007,c1000000-0000-0000-0000-000000000008,P2P,4999.0,5.0,FLAGGED,d1000000-0000-0000-0000-000000000025,b1000000-0000-0000-0000-000000000011,2026-05-20T11:55:00+00:00,11,REPEATED_TRANSFERS,Repeated Identical Transfers,RAPID_FUND_MOVEMENT,"['high_transaction_velocity', 'amount_deviation']",1,1,REPEATED_IDENTICAL_TRANSFERS
e1000000-0000-0000-0000-000000002428,tx_rep_002461_d9885d,c1000000-0000-0000-0000-000000000007,c1000000-0000-0000-0000-000000000008,P2P,4999.0,5.0,FLAGGED,d1000000-0000-0000-0000-000000000025,b1000000-0000-0000-0000-000000000011,2026-05-20T11:57:00+00:00,11,REPEATED_TRANSFERS,Repeated Identical Transfers,RAPID_FUND_MOVEMENT,"['high_transaction_velocity', 'amount_deviation']",1,1,REPEATED_IDENTICAL_TRANSFERS
e1000000-0000-0000-0000-000000002429,tx_rep_002462_fb3726,c1000000-0000-0000-0000-000000000007,c1000000-0000-0000-0000-000000000008,P2P,4999.0,5.0,FLAGGED,d1000000-0000-0000-0000-000000000025,b1000000-0000-0000-0000-000000000011,2026-05-20T11:59:00+00:00,11,REPEATED_TRANSFERS,Repeated Identical Transfers,RAPID_FUND_MOVEMENT,"['high_transaction_velocity', 'amount_deviation']",1,1,REPEATED_IDENTICAL_TRANSFERS
e1000000-0000-0000-0000-000000002430,tx_rep_002463_f9a217,c1000000-0000-0000-0000-000000000007,c1000000-0000-0000-0000-000000000008,P2P,4999.0,5.0,FLAGGED,d1000000-0000-0000-0000-000000000025,b1000000-0000-0000-0000-000000000011,2026-05-20T12:00:00+00:00,11,REPEATED_TRANSFERS,Repeated Identical Transfers,RAPID_FUND_MOVEMENT,"['high_transaction_velocity', 'amount_deviation']",1,1,REPEATED_IDENTICAL_TRANSFERS
e1000000-0000-0000-0000-000000002431,tx_rep_002464_5d2107,c1000000-0000-0000-0000-000000000007,c1000000-0000-0000-0000-000000000008,P2P,4999.0,5.0,FLAGGED,d1000000-0000-0000-0000-000000000025,b1000000-0000-0000-0000-000000000011,2026-05-20T12:03:00+00:00,11,REPEATED_TRANSFERS,Repeated Identical Transfers,RAPID_FUND_MOVEMENT,"['high_transaction_velocity', 'amount_deviation']",1,1,REPEATED_IDENTICAL_TRANSFERS
e1000000-0000-0000-0000-000000002432,tx_chain_002398_f713a7,c1000000-0000-0000-0000-000000000004,c1000000-0000-0000-0000-000000000005,P2P,19500.0,5.0,FLAGGED,d1000000-0000-0000-0000-000000000018,b1000000-0000-0000-0000-000000000007,2026-05-21T05:12:00+00:00,10,SUSPICIOUS_CHAIN,Suspicious Transaction Chain / Circular Layering,MULE_NETWORK,"['many_outbound_wallets', 'many_inbound_wallets', 'high_transaction_velocity']",1,1,TRIANGULAR_CIRCULAR_LOOP
e1000000-0000-0000-0000-000000002433,tx_chain_002399_1d05dd,c1000000-0000-0000-0000-000000000005,c1000000-0000-0000-0000-000000000006,P2P,19400.0,5.0,FLAGGED,d1000000-0000-0000-0000-000000000015,b1000000-0000-0000-0000-000000000019,2026-05-21T05:22:00+00:00,10,SUSPICIOUS_CHAIN,Suspicious Transaction Chain / Circular Layering,MULE_NETWORK,"['many_outbound_wallets', 'many_inbound_wallets', 'high_transaction_velocity']",1,1,TRIANGULAR_CIRCULAR_LOOP
e1000000-0000-0000-0000-000000002434,tx_chain_002400_56685b,c1000000-0000-0000-0000-000000000006,c1000000-0000-0000-0000-000000000004,P2P,19300.0,5.0,FLAGGED,d1000000-0000-0000-0000-000000000006,b1000000-0000-0000-0000-000000000014,2026-05-21T05:37:00+00:00,10,SUSPICIOUS_CHAIN,Suspicious Transaction Chain / Circular Layering,MULE_NETWORK,"['many_outbound_wallets', 'many_inbound_wallets', 'high_transaction_velocity']",1,1,TRIANGULAR_CIRCULAR_LOOP
e1000000-0000-0000-0000-000000002435,tx_chain_002401_801e59,c1000000-0000-0000-0000-000000000004,c1000000-0000-0000-0000-000000000005,P2P,19500.0,5.0,FLAGGED,d1000000-0000-0000-0000-000000000018,b1000000-0000-0000-0000-000000000007,2026-05-21T05:46:00+00:00,10,SUSPICIOUS_CHAIN,Suspicious Transaction Chain / Circular Layering,MULE_NETWORK,"['many_outbound_wallets', 'many_inbound_wallets', 'high_transaction_velocity']",1,1,TRIANGULAR_CIRCULAR_LOOP
e1000000-0000-0000-0000-000000002436,tx_chain_002402_82c273,c1000000-0000-0000-0000-000000000005,c1000000-0000-0000-0000-000000000006,P2P,19400.0,5.0,FLAGGED,d1000000-0000-0000-0000-000000000015,b1000000-0000-0000-0000-000000000019,2026-05-21T06:01:00+00:00,10,SUSPICIOUS_CHAIN,Suspicious Transaction Chain / Circular Layering,MULE_NETWORK,"['many_outbound_wallets', 'many_inbound_wallets', 'high_transaction_velocity']",1,1,TRIANGULAR_CIRCULAR_LOOP
e1000000-0000-0000-0000-000000002437,tx_chain_002403_7b32aa,c1000000-0000-0000-0000-000000000006,c1000000-0000-0000-0000-000000000004,P2P,19300.0,5.0,FLAGGED,d1000000-0000-0000-0000-000000000006,b1000000-0000-0000-0000-000000000014,2026-05-21T06:10:00+00:00,10,SUSPICIOUS_CHAIN,Suspicious Transaction Chain / Circular Layering,MULE_NETWORK,"['many_outbound_wallets', 'many_inbound_wallets', 'high_transaction_velocity']",1,1,TRIANGULAR_CIRCULAR_LOOP
e1000000-0000-0000-0000-000000002438,tx_chain_002404_c91654,c1000000-0000-0000-0000-000000000004,c1000000-0000-0000-0000-000000000005,P2P,19500.0,5.0,FLAGGED,d1000000-0000-0000-0000-000000000018,b1000000-0000-0000-0000-000000000007,2026-05-21T06:22:00+00:00,10,SUSPICIOUS_CHAIN,Suspicious Transaction Chain / Circular Layering,MULE_NETWORK,"['many_outbound_wallets', 'many_inbound_wallets', 'high_transaction_velocity']",1,1,TRIANGULAR_CIRCULAR_LOOP
e1000000-0000-0000-0000-000000002439,tx_chain_002405_5b33cb,c1000000-0000-0000-0000-000000000005,c1000000-0000-0000-0000-000000000006,P2P,19400.0,5.0,FLAGGED,d1000000-0000-0000-0000-000000000015,b1000000-0000-0000-0000-000000000019,2026-05-21T06:31:00+00:00,10,SUSPICIOUS_CHAIN,Suspicious Transaction Chain / Circular Layering,MULE_NETWORK,"['many_outbound_wallets', 'many_inbound_wallets', 'high_transaction_velocity']",1,1,TRIANGULAR_CIRCULAR_LOOP
e1000000-0000-0000-0000-000000002440,tx_chain_002406_5a6df2,c1000000-0000-0000-0000-000000000006,c1000000-0000-0000-0000-000000000004,P2P,19300.0,5.0,FLAGGED,d1000000-0000-0000-0000-000000000006,b1000000-0000-0000-0000-000000000014,2026-05-21T06:40:00+00:00,10,SUSPICIOUS_CHAIN,Suspicious Transaction Chain / Circular Layering,MULE_NETWORK,"['many_outbound_wallets', 'many_inbound_wallets', 'high_transaction_velocity']",1,1,TRIANGULAR_CIRCULAR_LOOP
e1000000-0000-0000-0000-000000002441,tx_chain_002407_634c25,c1000000-0000-0000-0000-000000000004,c1000000-0000-0000-0000-000000000005,P2P,19500.0,5.0,FLAGGED,d1000000-0000-0000-0000-000000000018,b1000000-0000-0000-0000-000000000007,2026-05-21T06:50:00+00:00,10,SUSPICIOUS_CHAIN,Suspicious Transaction Chain / Circular Layering,MULE_NETWORK,"['many_outbound_wallets', 'many_inbound_wallets', 'high_transaction_velocity']",1,1,TRIANGULAR_CIRCULAR_LOOP
e1000000-0000-0000-0000-000000002442,tx_chain_002408_8b9912,c1000000-0000-0000-0000-000000000005,c1000000-0000-0000-0000-000000000006,P2P,19400.0,5.0,FLAGGED,d1000000-0000-0000-0000-000000000015,b1000000-0000-0000-0000-000000000019,2026-05-21T07:01:00+00:00,10,SUSPICIOUS_CHAIN,Suspicious Transaction Chain / Circular Layering,MULE_NETWORK,"['many_outbound_wallets', 'many_inbound_wallets', 'high_transaction_velocity']",1,1,TRIANGULAR_CIRCULAR_LOOP
e1000000-0000-0000-0000-000000002443,tx_chain_002409_b9ae42,c1000000-0000-0000-0000-000000000006,c1000000-0000-0000-0000-000000000004,P2P,19300.0,5.0,FLAGGED,d1000000-0000-0000-0000-000000000006,b1000000-0000-0000-0000-000000000014,2026-05-21T07:13:00+00:00,10,SUSPICIOUS_CHAIN,Suspicious Transaction Chain / Circular Layering,MULE_NETWORK,"['many_outbound_wallets', 'many_inbound_wallets', 'high_transaction_velocity']",1,1,TRIANGULAR_CIRCULAR_LOOP
e1000000-0000-0000-0000-000000002444,tx_chain_002410_e9320c,c1000000-0000-0000-0000-000000000004,c1000000-0000-0000-0000-000000000005,P2P,19500.0,5.0,FLAGGED,d1000000-0000-0000-0000-000000000018,b1000000-0000-0000-0000-000000000007,2026-05-21T07:21:00+00:00,10,SUSPICIOUS_CHAIN,Suspicious Transaction Chain / Circular Layering,MULE_NETWORK,"['many_outbound_wallets', 'many_inbound_wallets', 'high_transaction_velocity']",1,1,TRIANGULAR_CIRCULAR_LOOP
e1000000-0000-0000-0000-000000002445,tx_chain_002411_fdfbc5,c1000000-0000-0000-0000-000000000005,c1000000-0000-0000-0000-000000000006,P2P,19400.0,5.0,FLAGGED,d1000000-0000-0000-0000-000000000015,b1000000-0000-0000-0000-000000000019,2026-05-21T07:30:00+00:00,10,SUSPICIOUS_CHAIN,Suspicious Transaction Chain / Circular Layering,MULE_NETWORK,"['many_outbound_wallets', 'many_inbound_wallets', 'high_transaction_velocity']",1,1,TRIANGULAR_CIRCULAR_LOOP
e1000000-0000-0000-0000-000000002446,tx_chain_002412_298bfa,c1000000-0000-0000-0000-000000000006,c1000000-0000-0000-0000-000000000004,P2P,19300.0,5.0,FLAGGED,d1000000-0000-0000-0000-000000000006,b1000000-0000-0000-0000-000000000014,2026-05-21T07:39:00+00:00,10,SUSPICIOUS_CHAIN,Suspicious Transaction Chain / Circular Layering,MULE_NETWORK,"['many_outbound_wallets', 'many_inbound_wallets', 'high_transaction_velocity']",1,1,TRIANGULAR_CIRCULAR_LOOP
e1000000-0000-0000-0000-000000002447,tx_chain_002413_5793f1,c1000000-0000-0000-0000-000000000004,c1000000-0000-0000-0000-000000000005,P2P,19500.0,5.0,FLAGGED,d1000000-0000-0000-0000-000000000018,b1000000-0000-0000-0000-000000000007,2026-05-21T07:49:00+00:00,10,SUSPICIOUS_CHAIN,Suspicious Transaction Chain / Circular Layering,MULE_NETWORK,"['many_outbound_wallets', 'many_inbound_wallets', 'high_transaction_velocity']",1,1,TRIANGULAR_CIRCULAR_LOOP
e1000000-0000-0000-0000-000000002448,tx_chain_002414_85a779,c1000000-0000-0000-0000-000000000005,c1000000-0000-0000-0000-000000000006,P2P,19400.0,5.0,FLAGGED,d1000000-0000-0000-0000-000000000015,b1000000-0000-0000-0000-000000000019,2026-05-21T07:59:00+00:00,10,SUSPICIOUS_CHAIN,Suspicious Transaction Chain / Circular Layering,MULE_NETWORK,"['many_outbound_wallets', 'many_inbound_wallets', 'high_transaction_velocity']",1,1,TRIANGULAR_CIRCULAR_LOOP
e1000000-0000-0000-0000-000000002449,tx_chain_002415_7a8b73,c1000000-0000-0000-0000-000000000006,c1000000-0000-0000-0000-000000000004,P2P,19300.0,5.0,FLAGGED,d1000000-0000-0000-0000-000000000006,b1000000-0000-0000-0000-000000000014,2026-05-21T08:10:00+00:00,10,SUSPICIOUS_CHAIN,Suspicious Transaction Chain / Circular Layering,MULE_NETWORK,"['many_outbound_wallets', 'many_inbound_wallets', 'high_transaction_velocity']",1,1,TRIANGULAR_CIRCULAR_LOOP
e1000000-0000-0000-0000-000000002450,tx_chain_002416_07a042,c1000000-0000-0000-0000-000000000004,c1000000-0000-0000-0000-000000000005,P2P,19500.0,5.0,FLAGGED,d1000000-0000-0000-0000-000000000018,b1000000-0000-0000-0000-000000000007,2026-05-21T08:23:00+00:00,10,SUSPICIOUS_CHAIN,Suspicious Transaction Chain / Circular Layering,MULE_NETWORK,"['many_outbound_wallets', 'many_inbound_wallets', 'high_transaction_velocity']",1,1,TRIANGULAR_CIRCULAR_LOOP
e1000000-0000-0000-0000-000000002451,tx_chain_002417_da7f62,c1000000-0000-0000-0000-000000000005,c1000000-0000-0000-0000-000000000006,P2P,19400.0,5.0,FLAGGED,d1000000-0000-0000-0000-000000000015,b1000000-0000-0000-0000-000000000019,2026-05-21T08:36:00+00:00,10,SUSPICIOUS_CHAIN,Suspicious Transaction Chain / Circular Layering,MULE_NETWORK,"['many_outbound_wallets', 'many_inbound_wallets', 'high_transaction_velocity']",1,1,TRIANGULAR_CIRCULAR_LOOP
e1000000-0000-0000-0000-000000002452,tx_chain_002418_caec1d,c1000000-0000-0000-0000-000000000006,c1000000-0000-0000-0000-000000000004,P2P,19300.0,5.0,FLAGGED,d1000000-0000-0000-0000-000000000006,b1000000-0000-0000-0000-000000000014,2026-05-21T08:50:00+00:00,10,SUSPICIOUS_CHAIN,Suspicious Transaction Chain / Circular Layering,MULE_NETWORK,"['many_outbound_wallets', 'many_inbound_wallets', 'high_transaction_velocity']",1,1,TRIANGULAR_CIRCULAR_LOOP
e1000000-0000-0000-0000-000000002453,tx_chain_002419_1a8385,c1000000-0000-0000-0000-000000000004,c1000000-0000-0000-0000-000000000005,P2P,19500.0,5.0,FLAGGED,d1000000-0000-0000-0000-000000000018,b1000000-0000-0000-0000-000000000007,2026-05-21T09:04:00+00:00,10,SUSPICIOUS_CHAIN,Suspicious Transaction Chain / Circular Layering,MULE_NETWORK,"['many_outbound_wallets', 'many_inbound_wallets', 'high_transaction_velocity']",1,1,TRIANGULAR_CIRCULAR_LOOP
e1000000-0000-0000-0000-000000002454,tx_chain_002420_365d39,c1000000-0000-0000-0000-000000000005,c1000000-0000-0000-0000-000000000006,P2P,19400.0,5.0,FLAGGED,d1000000-0000-0000-0000-000000000015,b1000000-0000-0000-0000-000000000019,2026-05-21T09:18:00+00:00,10,SUSPICIOUS_CHAIN,Suspicious Transaction Chain / Circular Layering,MULE_NETWORK,"['many_outbound_wallets', 'many_inbound_wallets', 'high_transaction_velocity']",1,1,TRIANGULAR_CIRCULAR_LOOP
e1000000-0000-0000-0000-000000002455,tx_chain_002421_30ad41,c1000000-0000-0000-0000-000000000006,c1000000-0000-0000-0000-000000000004,P2P,19300.0,5.0,FLAGGED,d1000000-0000-0000-0000-000000000006,b1000000-0000-0000-0000-000000000014,2026-05-21T09:28:00+00:00,10,SUSPICIOUS_CHAIN,Suspicious Transaction Chain / Circular Layering,MULE_NETWORK,"['many_outbound_wallets', 'many_inbound_wallets', 'high_transaction_velocity']",1,1,TRIANGULAR_CIRCULAR_LOOP
e1000000-0000-0000-0000-000000002456,tx_chain_002422_c601b2,c1000000-0000-0000-0000-000000000004,c1000000-0000-0000-0000-000000000005,P2P,19500.0,5.0,FLAGGED,d1000000-0000-0000-0000-000000000018,b1000000-0000-0000-0000-000000000007,2026-05-21T09:43:00+00:00,10,SUSPICIOUS_CHAIN,Suspicious Transaction Chain / Circular Layering,MULE_NETWORK,"['many_outbound_wallets', 'many_inbound_wallets', 'high_transaction_velocity']",1,1,TRIANGULAR_CIRCULAR_LOOP
e1000000-0000-0000-0000-000000002457,tx_chain_002423_f9e421,c1000000-0000-0000-0000-000000000005,c1000000-0000-0000-0000-000000000006,P2P,19400.0,5.0,FLAGGED,d1000000-0000-0000-0000-000000000015,b1000000-0000-0000-0000-000000000019,2026-05-21T09:52:00+00:00,10,SUSPICIOUS_CHAIN,Suspicious Transaction Chain / Circular Layering,MULE_NETWORK,"['many_outbound_wallets', 'many_inbound_wallets', 'high_transaction_velocity']",1,1,TRIANGULAR_CIRCULAR_LOOP
e1000000-0000-0000-0000-000000002458,tx_chain_002424_d5a286,c1000000-0000-0000-0000-000000000006,c1000000-0000-0000-0000-000000000004,P2P,19300.0,5.0,FLAGGED,d1000000-0000-0000-0000-000000000006,b1000000-0000-0000-0000-000000000014,2026-05-21T10:03:00+00:00,10,SUSPICIOUS_CHAIN,Suspicious Transaction Chain / Circular Layering,MULE_NETWORK,"['many_outbound_wallets', 'many_inbound_wallets', 'high_transaction_velocity']",1,1,TRIANGULAR_CIRCULAR_LOOP
e1000000-0000-0000-0000-000000002459,tx_chain_002425_8eb58d,c1000000-0000-0000-0000-000000000004,c1000000-0000-0000-0000-000000000005,P2P,19500.0,5.0,FLAGGED,d1000000-0000-0000-0000-000000000018,b1000000-0000-0000-0000-000000000007,2026-05-21T10:18:00+00:00,10,SUSPICIOUS_CHAIN,Suspicious Transaction Chain / Circular Layering,MULE_NETWORK,"['many_outbound_wallets', 'many_inbound_wallets', 'high_transaction_velocity']",1,1,TRIANGULAR_CIRCULAR_LOOP
e1000000-0000-0000-0000-000000002460,tx_chain_002426_63247e,c1000000-0000-0000-0000-000000000005,c1000000-0000-0000-0000-000000000006,P2P,19400.0,5.0,FLAGGED,d1000000-0000-0000-0000-000000000015,b1000000-0000-0000-0000-000000000019,2026-05-21T10:33:00+00:00,10,SUSPICIOUS_CHAIN,Suspicious Transaction Chain / Circular Layering,MULE_NETWORK,"['many_outbound_wallets', 'many_inbound_wallets', 'high_transaction_velocity']",1,1,TRIANGULAR_CIRCULAR_LOOP
e1000000-0000-0000-0000-000000002461,tx_chain_002427_a47cac,c1000000-0000-0000-0000-000000000006,c1000000-0000-0000-0000-000000000004,P2P,19300.0,5.0,FLAGGED,d1000000-0000-0000-0000-000000000006,b1000000-0000-0000-0000-000000000014,2026-05-21T10:46:00+00:00,10,SUSPICIOUS_CHAIN,Suspicious Transaction Chain / Circular Layering,MULE_NETWORK,"['many_outbound_wallets', 'many_inbound_wallets', 'high_transaction_velocity']",1,1,TRIANGULAR_CIRCULAR_LOOP
e1000000-0000-0000-0000-000000002462,tx_chain_002428_32f913,c1000000-0000-0000-0000-000000000004,c1000000-0000-0000-0000-000000000005,P2P,19500.0,5.0,FLAGGED,d1000000-0000-0000-0000-000000000018,b1000000-0000-0000-0000-000000000007,2026-05-21T10:59:00+00:00,10,SUSPICIOUS_CHAIN,Suspicious Transaction Chain / Circular Layering,MULE_NETWORK,"['many_outbound_wallets', 'many_inbound_wallets', 'high_transaction_velocity']",1,1,TRIANGULAR_CIRCULAR_LOOP
e1000000-0000-0000-0000-000000002463,tx_chain_002429_09502a,c1000000-0000-0000-0000-000000000005,c1000000-0000-0000-0000-000000000006,P2P,19400.0,5.0,FLAGGED,d1000000-0000-0000-0000-000000000015,b1000000-0000-0000-0000-000000000019,2026-05-21T11:07:00+00:00,10,SUSPICIOUS_CHAIN,Suspicious Transaction Chain / Circular Layering,MULE_NETWORK,"['many_outbound_wallets', 'many_inbound_wallets', 'high_transaction_velocity']",1,1,TRIANGULAR_CIRCULAR_LOOP
e1000000-0000-0000-0000-000000002464,tx_chain_002430_30260b,c1000000-0000-0000-0000-000000000006,c1000000-0000-0000-0000-000000000004,P2P,19300.0,5.0,FLAGGED,d1000000-0000-0000-0000-000000000006,b1000000-0000-0000-0000-000000000014,2026-05-21T11:22:00+00:00,10,SUSPICIOUS_CHAIN,Suspicious Transaction Chain / Circular Layering,MULE_NETWORK,"['many_outbound_wallets', 'many_inbound_wallets', 'high_transaction_velocity']",1,1,TRIANGULAR_CIRCULAR_LOOP
e1000000-0000-0000-0000-000000002465,tx_scam_002465_7f8fbd,c1000000-0000-0000-0000-000000000009,c1000000-0000-0000-0000-000000000142,P2P,35000.0,5.0,FLAGGED,d1000000-0000-0000-0000-000000000024,b1000000-0000-0000-0000-000000000015,2026-05-22T05:06:00+00:00,12,SCAM_SYNDICATE,Synthetic Scam-Like Pattern (Lottery/Impersonation),SOCIAL_ENGINEERING,"['new_recipient', 'amount_deviation']",1,1,SCAM_SYNDICATE_STAGE_1_VICTIM_TRANSFER
e1000000-0000-0000-0000-000000002466,tx_scam_002466_bd16c0,c1000000-0000-0000-0000-000000000142,c1000000-0000-0000-0000-000000000149,P2P,34500.0,5.0,FLAGGED,d1000000-0000-0000-0000-000000000038,b1000000-0000-0000-0000-000000000010,2026-05-22T05:15:00+00:00,12,SCAM_SYNDICATE,Synthetic Scam-Like Pattern (Lottery/Impersonation),MULE_NETWORK,"['many_inbound_wallets', 'many_outbound_wallets', 'high_transaction_velocity']",1,1,SCAM_SYNDICATE_STAGE_2_MULE_LAYERING
e1000000-0000-0000-0000-000000002467,tx_scam_002467_6828b0,c1000000-0000-0000-0000-000000000149,c1000000-0000-0000-0000-000000000106,CASH_OUT,34000.0,506.6,FLAGGED,d1000000-0000-0000-0000-000000000039,b1000000-0000-0000-0000-000000000010,2026-05-22T05:24:00+00:00,12,SCAM_SYNDICATE,Synthetic Scam-Like Pattern (Lottery/Impersonation),AGENT_CASHOUT_ABUSE,"['rapid_cash_out', 'agent_abnormality', 'amount_deviation']",1,1,SCAM_SYNDICATE_STAGE_3_AGENT_CASHOUT
e1000000-0000-0000-0000-000000002468,tx_scam_002468_06b19e,c1000000-0000-0000-0000-000000000009,c1000000-0000-0000-0000-000000000142,P2P,35000.0,5.0,FLAGGED,d1000000-0000-0000-0000-000000000024,b1000000-0000-0000-0000-000000000015,2026-05-22T05:29:00+00:00,12,SCAM_SYNDICATE,Synthetic Scam-Like Pattern (Lottery/Impersonation),SOCIAL_ENGINEERING,"['new_recipient', 'amount_deviation']",1,1,SCAM_SYNDICATE_STAGE_1_VICTIM_TRANSFER
e1000000-0000-0000-0000-000000002469,tx_scam_002469_53e7ad,c1000000-0000-0000-0000-000000000142,c1000000-0000-0000-0000-000000000149,P2P,34500.0,5.0,FLAGGED,d1000000-0000-0000-0000-000000000038,b1000000-0000-0000-0000-000000000010,2026-05-22T05:38:00+00:00,12,SCAM_SYNDICATE,Synthetic Scam-Like Pattern (Lottery/Impersonation),MULE_NETWORK,"['many_inbound_wallets', 'many_outbound_wallets', 'high_transaction_velocity']",1,1,SCAM_SYNDICATE_STAGE_2_MULE_LAYERING
e1000000-0000-0000-0000-000000002470,tx_scam_002470_b6388b,c1000000-0000-0000-0000-000000000149,c1000000-0000-0000-0000-000000000106,CASH_OUT,34000.0,506.6,FLAGGED,d1000000-0000-0000-0000-000000000039,b1000000-0000-0000-0000-000000000010,2026-05-22T05:45:00+00:00,12,SCAM_SYNDICATE,Synthetic Scam-Like Pattern (Lottery/Impersonation),AGENT_CASHOUT_ABUSE,"['rapid_cash_out', 'agent_abnormality', 'amount_deviation']",1,1,SCAM_SYNDICATE_STAGE_3_AGENT_CASHOUT
e1000000-0000-0000-0000-000000002471,tx_scam_002471_de97df,c1000000-0000-0000-0000-000000000009,c1000000-0000-0000-0000-000000000142,P2P,35000.0,5.0,FLAGGED,d1000000-0000-0000-0000-000000000024,b1000000-0000-0000-0000-000000000015,2026-05-22T05:51:00+00:00,12,SCAM_SYNDICATE,Synthetic Scam-Like Pattern (Lottery/Impersonation),SOCIAL_ENGINEERING,"['new_recipient', 'amount_deviation']",1,1,SCAM_SYNDICATE_STAGE_1_VICTIM_TRANSFER
e1000000-0000-0000-0000-000000002472,tx_scam_002472_ee70e8,c1000000-0000-0000-0000-000000000142,c1000000-0000-0000-0000-000000000149,P2P,34500.0,5.0,FLAGGED,d1000000-0000-0000-0000-000000000038,b1000000-0000-0000-0000-000000000010,2026-05-22T05:58:00+00:00,12,SCAM_SYNDICATE,Synthetic Scam-Like Pattern (Lottery/Impersonation),MULE_NETWORK,"['many_inbound_wallets', 'many_outbound_wallets', 'high_transaction_velocity']",1,1,SCAM_SYNDICATE_STAGE_2_MULE_LAYERING
e1000000-0000-0000-0000-000000002473,tx_scam_002473_5ccee8,c1000000-0000-0000-0000-000000000149,c1000000-0000-0000-0000-000000000106,CASH_OUT,34000.0,506.6,FLAGGED,d1000000-0000-0000-0000-000000000039,b1000000-0000-0000-0000-000000000010,2026-05-22T06:04:00+00:00,12,SCAM_SYNDICATE,Synthetic Scam-Like Pattern (Lottery/Impersonation),AGENT_CASHOUT_ABUSE,"['rapid_cash_out', 'agent_abnormality', 'amount_deviation']",1,1,SCAM_SYNDICATE_STAGE_3_AGENT_CASHOUT
e1000000-0000-0000-0000-000000002474,tx_scam_002474_185c39,c1000000-0000-0000-0000-000000000009,c1000000-0000-0000-0000-000000000142,P2P,35000.0,5.0,FLAGGED,d1000000-0000-0000-0000-000000000024,b1000000-0000-0000-0000-000000000015,2026-05-22T06:10:00+00:00,12,SCAM_SYNDICATE,Synthetic Scam-Like Pattern (Lottery/Impersonation),SOCIAL_ENGINEERING,"['new_recipient', 'amount_deviation']",1,1,SCAM_SYNDICATE_STAGE_1_VICTIM_TRANSFER
e1000000-0000-0000-0000-000000002475,tx_scam_002475_c49b91,c1000000-0000-0000-0000-000000000142,c1000000-0000-0000-0000-000000000149,P2P,34500.0,5.0,FLAGGED,d1000000-0000-0000-0000-000000000038,b1000000-0000-0000-0000-000000000010,2026-05-22T06:19:00+00:00,12,SCAM_SYNDICATE,Synthetic Scam-Like Pattern (Lottery/Impersonation),MULE_NETWORK,"['many_inbound_wallets', 'many_outbound_wallets', 'high_transaction_velocity']",1,1,SCAM_SYNDICATE_STAGE_2_MULE_LAYERING
e1000000-0000-0000-0000-000000002476,tx_scam_002476_517ce0,c1000000-0000-0000-0000-000000000149,c1000000-0000-0000-0000-000000000106,CASH_OUT,34000.0,506.6,FLAGGED,d1000000-0000-0000-0000-000000000039,b1000000-0000-0000-0000-000000000010,2026-05-22T06:29:00+00:00,12,SCAM_SYNDICATE,Synthetic Scam-Like Pattern (Lottery/Impersonation),AGENT_CASHOUT_ABUSE,"['rapid_cash_out', 'agent_abnormality', 'amount_deviation']",1,1,SCAM_SYNDICATE_STAGE_3_AGENT_CASHOUT
e1000000-0000-0000-0000-000000002477,tx_scam_002477_2ec01d,c1000000-0000-0000-0000-000000000009,c1000000-0000-0000-0000-000000000142,P2P,35000.0,5.0,FLAGGED,d1000000-0000-0000-0000-000000000024,b1000000-0000-0000-0000-000000000015,2026-05-22T06:35:00+00:00,12,SCAM_SYNDICATE,Synthetic Scam-Like Pattern (Lottery/Impersonation),SOCIAL_ENGINEERING,"['new_recipient', 'amount_deviation']",1,1,SCAM_SYNDICATE_STAGE_1_VICTIM_TRANSFER
e1000000-0000-0000-0000-000000002478,tx_scam_002478_950ce8,c1000000-0000-0000-0000-000000000142,c1000000-0000-0000-0000-000000000149,P2P,34500.0,5.0,FLAGGED,d1000000-0000-0000-0000-000000000038,b1000000-0000-0000-0000-000000000010,2026-05-22T06:43:00+00:00,12,SCAM_SYNDICATE,Synthetic Scam-Like Pattern (Lottery/Impersonation),MULE_NETWORK,"['many_inbound_wallets', 'many_outbound_wallets', 'high_transaction_velocity']",1,1,SCAM_SYNDICATE_STAGE_2_MULE_LAYERING
e1000000-0000-0000-0000-000000002479,tx_scam_002479_3b44da,c1000000-0000-0000-0000-000000000149,c1000000-0000-0000-0000-000000000106,CASH_OUT,34000.0,506.6,FLAGGED,d1000000-0000-0000-0000-000000000039,b1000000-0000-0000-0000-000000000010,2026-05-22T06:49:00+00:00,12,SCAM_SYNDICATE,Synthetic Scam-Like Pattern (Lottery/Impersonation),AGENT_CASHOUT_ABUSE,"['rapid_cash_out', 'agent_abnormality', 'amount_deviation']",1,1,SCAM_SYNDICATE_STAGE_3_AGENT_CASHOUT
e1000000-0000-0000-0000-000000002480,tx_scam_002480_46c9ae,c1000000-0000-0000-0000-000000000009,c1000000-0000-0000-0000-000000000142,P2P,35000.0,5.0,FLAGGED,d1000000-0000-0000-0000-000000000024,b1000000-0000-0000-0000-000000000015,2026-05-22T06:54:00+00:00,12,SCAM_SYNDICATE,Synthetic Scam-Like Pattern (Lottery/Impersonation),SOCIAL_ENGINEERING,"['new_recipient', 'amount_deviation']",1,1,SCAM_SYNDICATE_STAGE_1_VICTIM_TRANSFER
e1000000-0000-0000-0000-000000002481,tx_scam_002481_d76a64,c1000000-0000-0000-0000-000000000142,c1000000-0000-0000-0000-000000000149,P2P,34500.0,5.0,FLAGGED,d1000000-0000-0000-0000-000000000038,b1000000-0000-0000-0000-000000000010,2026-05-22T07:03:00+00:00,12,SCAM_SYNDICATE,Synthetic Scam-Like Pattern (Lottery/Impersonation),MULE_NETWORK,"['many_inbound_wallets', 'many_outbound_wallets', 'high_transaction_velocity']",1,1,SCAM_SYNDICATE_STAGE_2_MULE_LAYERING
e1000000-0000-0000-0000-000000002482,tx_scam_002482_cfc384,c1000000-0000-0000-0000-000000000149,c1000000-0000-0000-0000-000000000106,CASH_OUT,34000.0,506.6,FLAGGED,d1000000-0000-0000-0000-000000000039,b1000000-0000-0000-0000-000000000010,2026-05-22T07:09:00+00:00,12,SCAM_SYNDICATE,Synthetic Scam-Like Pattern (Lottery/Impersonation),AGENT_CASHOUT_ABUSE,"['rapid_cash_out', 'agent_abnormality', 'amount_deviation']",1,1,SCAM_SYNDICATE_STAGE_3_AGENT_CASHOUT
e1000000-0000-0000-0000-000000002483,tx_scam_002483_e8048c,c1000000-0000-0000-0000-000000000009,c1000000-0000-0000-0000-000000000142,P2P,35000.0,5.0,FLAGGED,d1000000-0000-0000-0000-000000000024,b1000000-0000-0000-0000-000000000015,2026-05-22T07:18:00+00:00,12,SCAM_SYNDICATE,Synthetic Scam-Like Pattern (Lottery/Impersonation),SOCIAL_ENGINEERING,"['new_recipient', 'amount_deviation']",1,1,SCAM_SYNDICATE_STAGE_1_VICTIM_TRANSFER
e1000000-0000-0000-0000-000000002484,tx_scam_002484_19b627,c1000000-0000-0000-0000-000000000142,c1000000-0000-0000-0000-000000000149,P2P,34500.0,5.0,FLAGGED,d1000000-0000-0000-0000-000000000038,b1000000-0000-0000-0000-000000000010,2026-05-22T07:27:00+00:00,12,SCAM_SYNDICATE,Synthetic Scam-Like Pattern (Lottery/Impersonation),MULE_NETWORK,"['many_inbound_wallets', 'many_outbound_wallets', 'high_transaction_velocity']",1,1,SCAM_SYNDICATE_STAGE_2_MULE_LAYERING
e1000000-0000-0000-0000-000000002485,tx_scam_002485_c096db,c1000000-0000-0000-0000-000000000149,c1000000-0000-0000-0000-000000000106,CASH_OUT,34000.0,506.6,FLAGGED,d1000000-0000-0000-0000-000000000039,b1000000-0000-0000-0000-000000000010,2026-05-22T07:38:00+00:00,12,SCAM_SYNDICATE,Synthetic Scam-Like Pattern (Lottery/Impersonation),AGENT_CASHOUT_ABUSE,"['rapid_cash_out', 'agent_abnormality', 'amount_deviation']",1,1,SCAM_SYNDICATE_STAGE_3_AGENT_CASHOUT
e1000000-0000-0000-0000-000000002486,tx_scam_002486_4fd82a,c1000000-0000-0000-0000-000000000009,c1000000-0000-0000-0000-000000000142,P2P,35000.0,5.0,FLAGGED,d1000000-0000-0000-0000-000000000024,b1000000-0000-0000-0000-000000000015,2026-05-22T07:43:00+00:00,12,SCAM_SYNDICATE,Synthetic Scam-Like Pattern (Lottery/Impersonation),SOCIAL_ENGINEERING,"['new_recipient', 'amount_deviation']",1,1,SCAM_SYNDICATE_STAGE_1_VICTIM_TRANSFER
e1000000-0000-0000-0000-000000002487,tx_scam_002487_17ccb7,c1000000-0000-0000-0000-000000000142,c1000000-0000-0000-0000-000000000149,P2P,34500.0,5.0,FLAGGED,d1000000-0000-0000-0000-000000000038,b1000000-0000-0000-0000-000000000010,2026-05-22T07:54:00+00:00,12,SCAM_SYNDICATE,Synthetic Scam-Like Pattern (Lottery/Impersonation),MULE_NETWORK,"['many_inbound_wallets', 'many_outbound_wallets', 'high_transaction_velocity']",1,1,SCAM_SYNDICATE_STAGE_2_MULE_LAYERING
e1000000-0000-0000-0000-000000002488,tx_scam_002488_44e057,c1000000-0000-0000-0000-000000000149,c1000000-0000-0000-0000-000000000106,CASH_OUT,34000.0,506.6,FLAGGED,d1000000-0000-0000-0000-000000000039,b1000000-0000-0000-0000-000000000010,2026-05-22T08:04:00+00:00,12,SCAM_SYNDICATE,Synthetic Scam-Like Pattern (Lottery/Impersonation),AGENT_CASHOUT_ABUSE,"['rapid_cash_out', 'agent_abnormality', 'amount_deviation']",1,1,SCAM_SYNDICATE_STAGE_3_AGENT_CASHOUT
e1000000-0000-0000-0000-000000002489,tx_scam_002489_230b54,c1000000-0000-0000-0000-000000000009,c1000000-0000-0000-0000-000000000142,P2P,35000.0,5.0,FLAGGED,d1000000-0000-0000-0000-000000000024,b1000000-0000-0000-0000-000000000015,2026-05-22T08:09:00+00:00,12,SCAM_SYNDICATE,Synthetic Scam-Like Pattern (Lottery/Impersonation),SOCIAL_ENGINEERING,"['new_recipient', 'amount_deviation']",1,1,SCAM_SYNDICATE_STAGE_1_VICTIM_TRANSFER
e1000000-0000-0000-0000-000000002490,tx_scam_002490_182506,c1000000-0000-0000-0000-000000000142,c1000000-0000-0000-0000-000000000149,P2P,34500.0,5.0,FLAGGED,d1000000-0000-0000-0000-000000000038,b1000000-0000-0000-0000-000000000010,2026-05-22T08:15:00+00:00,12,SCAM_SYNDICATE,Synthetic Scam-Like Pattern (Lottery/Impersonation),MULE_NETWORK,"['many_inbound_wallets', 'many_outbound_wallets', 'high_transaction_velocity']",1,1,SCAM_SYNDICATE_STAGE_2_MULE_LAYERING
e1000000-0000-0000-0000-000000002491,tx_scam_002491_1b5920,c1000000-0000-0000-0000-000000000149,c1000000-0000-0000-0000-000000000106,CASH_OUT,34000.0,506.6,FLAGGED,d1000000-0000-0000-0000-000000000039,b1000000-0000-0000-0000-000000000010,2026-05-22T08:20:00+00:00,12,SCAM_SYNDICATE,Synthetic Scam-Like Pattern (Lottery/Impersonation),AGENT_CASHOUT_ABUSE,"['rapid_cash_out', 'agent_abnormality', 'amount_deviation']",1,1,SCAM_SYNDICATE_STAGE_3_AGENT_CASHOUT
e1000000-0000-0000-0000-000000002492,tx_scam_002492_0ae2e8,c1000000-0000-0000-0000-000000000009,c1000000-0000-0000-0000-000000000142,P2P,35000.0,5.0,FLAGGED,d1000000-0000-0000-0000-000000000024,b1000000-0000-0000-0000-000000000015,2026-05-22T08:32:00+00:00,12,SCAM_SYNDICATE,Synthetic Scam-Like Pattern (Lottery/Impersonation),SOCIAL_ENGINEERING,"['new_recipient', 'amount_deviation']",1,1,SCAM_SYNDICATE_STAGE_1_VICTIM_TRANSFER
e1000000-0000-0000-0000-000000002493,tx_scam_002493_cf3b6e,c1000000-0000-0000-0000-000000000142,c1000000-0000-0000-0000-000000000149,P2P,34500.0,5.0,FLAGGED,d1000000-0000-0000-0000-000000000038,b1000000-0000-0000-0000-000000000010,2026-05-22T08:44:00+00:00,12,SCAM_SYNDICATE,Synthetic Scam-Like Pattern (Lottery/Impersonation),MULE_NETWORK,"['many_inbound_wallets', 'many_outbound_wallets', 'high_transaction_velocity']",1,1,SCAM_SYNDICATE_STAGE_2_MULE_LAYERING
e1000000-0000-0000-0000-000000002494,tx_scam_002494_67eedf,c1000000-0000-0000-0000-000000000149,c1000000-0000-0000-0000-000000000106,CASH_OUT,34000.0,506.6,FLAGGED,d1000000-0000-0000-0000-000000000039,b1000000-0000-0000-0000-000000000010,2026-05-22T08:54:00+00:00,12,SCAM_SYNDICATE,Synthetic Scam-Like Pattern (Lottery/Impersonation),AGENT_CASHOUT_ABUSE,"['rapid_cash_out', 'agent_abnormality', 'amount_deviation']",1,1,SCAM_SYNDICATE_STAGE_3_AGENT_CASHOUT
e1000000-0000-0000-0000-000000002495,tx_scam_002495_43a800,c1000000-0000-0000-0000-000000000009,c1000000-0000-0000-0000-000000000142,P2P,35000.0,5.0,FLAGGED,d1000000-0000-0000-0000-000000000024,b1000000-0000-0000-0000-000000000015,2026-05-22T09:00:00+00:00,12,SCAM_SYNDICATE,Synthetic Scam-Like Pattern (Lottery/Impersonation),SOCIAL_ENGINEERING,"['new_recipient', 'amount_deviation']",1,1,SCAM_SYNDICATE_STAGE_1_VICTIM_TRANSFER
e1000000-0000-0000-0000-000000002496,tx_scam_002496_974232,c1000000-0000-0000-0000-000000000142,c1000000-0000-0000-0000-000000000149,P2P,34500.0,5.0,FLAGGED,d1000000-0000-0000-0000-000000000038,b1000000-0000-0000-0000-000000000010,2026-05-22T09:07:00+00:00,12,SCAM_SYNDICATE,Synthetic Scam-Like Pattern (Lottery/Impersonation),MULE_NETWORK,"['many_inbound_wallets', 'many_outbound_wallets', 'high_transaction_velocity']",1,1,SCAM_SYNDICATE_STAGE_2_MULE_LAYERING
e1000000-0000-0000-0000-000000002497,tx_scam_002497_14fe88,c1000000-0000-0000-0000-000000000149,c1000000-0000-0000-0000-000000000106,CASH_OUT,34000.0,506.6,FLAGGED,d1000000-0000-0000-0000-000000000039,b1000000-0000-0000-0000-000000000010,2026-05-22T09:15:00+00:00,12,SCAM_SYNDICATE,Synthetic Scam-Like Pattern (Lottery/Impersonation),AGENT_CASHOUT_ABUSE,"['rapid_cash_out', 'agent_abnormality', 'amount_deviation']",1,1,SCAM_SYNDICATE_STAGE_3_AGENT_CASHOUT
